timestamp,ax,ay,az,gx,gy,gz,dt
0.0,0.0,0.3,9.81,0.0,0.03,0.0,0.009999999999999787
0.01,0.0039999573334698,0.2999946000162,9.812999800004,0.0001999966666833,0.0299985000124999,0.0002499989583346,0.01
0.02,0.0079996586710357,0.2999784002591987,9.815998400127995,0.0003999733338666,0.0299940001999973,0.0004999916667083,0.01
0.03,0.0119988480331771,0.2999514013121858,9.818994600971918,0.0005999100040499,0.0299865010124696,0.0007499718753164,0.009999999999999998
0.04,0.01599726947314,0.2999136041471203,9.821987204095375,0.0007997866837326,0.0299760031998293,0.0009999333346666,0.010000000000000002
0.05,0.019994667093317,0.2998650101246962,9.824975012497024,0.0009995833854135,0.0299625078118489,0.0012498697957356,0.010000000000000002
0.06,0.0239907850616249,0.299805620994293,9.82795683109334,0.0011992801295888,0.0299460161980561,0.0014997750101247,0.009999999999999995
0.07,0.0279853676278777,0.2997354388939129,9.830931467196637,0.0013988569467506,0.0299265300075983,0.0017496427302168,0.010000000000000009
0.08,0.0319781591401546,0.2996544663501041,9.833897730992138,0.0015982938793834,0.0299040511890785,0.0019994667093317,0.009999999999999995
0.09,0.0359689040611617,0.2995627062778693,9.836854436013876,0.0017975709839602,0.0298785819903598,0.002249240701883,0.009999999999999995
0.1,0.0399573469845863,0.2994601619805612,9.83980039961926,0.0019966683329365,0.0298501249583407,0.0024989584635339,0.010000000000000009
0.11,0.0439432326514426,0.2993468371497635,9.842734443462133,0.0021955660167434,0.0298186829387009,0.0027486137513533,0.009999999999999995
0.12,0.0479263059664085,0.2992227358651578,9.845655393964073,0.0023942441457783,0.0297842590756159,0.0029982003239722,0.009999999999999995
0.13,0.0519063120141513,0.299087862594377,9.848562082783824,0.0025926828523938,0.0297468568114436,0.0032477119417391,0.010000000000000009
0.14,0.0558829960756426,0.2989422221928442,9.851453347284618,0.0027908622928847,0.0297064798863791,0.0034971423668766,0.010000000000000009
0.15,0.0598561036444596,0.2987858199035982,9.854328030999202,0.0029887626494719,0.0296631323380812,0.0037464853636371,0.009999999999999981
0.16,0.0638253804430743,0.2986186613571046,9.857184984092418,0.0031863641322849,0.0296168185012688,0.0039957346984586,0.010000000000000009
0.17,0.0677905724391263,0.2984407525710528,9.860023063821124,0.0033836469813399,0.0295675430072868,0.0042448841401208,0.010000000000000009
0.18,0.0717514258616814,0.29825209995014,9.862841134991264,0.0035805914685164,0.0295153107836436,0.0044939274599005,0.009999999999999981
0.19,0.0757076872174724,0.2980527102858403,9.865638070411949,0.00377717789953,0.0294601270535181,0.0047428584317278,0.010000000000000009
0.2,0.079659103307123,0.2978425907561599,9.868412751346298,0.0039733866159012,0.0294019973352372,0.0049916708323414,0.010000000000000009
0.21,0.0836054212413521,0.2976217489253792,9.871164067958937,0.0041691979969219,0.0293409274417244,0.0052403584414441,0.009999999999999981
0.22,0.0875463884571591,0.2973901927437803,9.8738909197599,0.0043645924616173,0.0292769234799181,0.0054889150418587,0.010000000000000009
0.23,0.0914817527339873,0.2971479305473608,9.876592216044829,0.0045595504707037,0.0292099918501612,0.0057373344196831,0.010000000000000009
0.24,0.0954112622098661,0.2968949710575334,9.879266876331222,0.0047540525285426,0.0291401392455608,0.0059856103644459,0.009999999999999981
0.25,0.0993346653975306,0.2966313233808126,9.881913830790632,0.0049480791850904,0.0290673726513193,0.0062337366692613,0.010000000000000009
0.26,0.1032517112005157,0.2963569970084863,9.88453202067656,0.0051416110378431,0.0289916993440353,0.0064817071309847,0.010000000000000009
0.27,0.1071621489292272,0.2960720018162742,9.887120398747967,0.0053346287337766,0.0289131268909767,0.0067295155503674,0.010000000000000009
0.28,0.1110657283169852,0.2957763480639724,9.889677929688132,0.0055271129712822,0.0288316631493231,0.0069771557322118,0.010000000000000009
0.29,0.1149621995360412,0.2954700463950842,9.89220359051878,0.0057190445020967,0.0287473162653809,0.0072246214855263,0.009999999999999953
0.3,0.1188513132135672,0.2951531078364364,9.894696371009257,0.0059104041332267,0.0286600946737681,0.0074719066236799,0.010000000000000009
0.31,0.1227328204476155,0.294825543797783,9.897155274080596,0.0061011727288688,0.0285700070965714,0.0077190049645571,0.010000000000000009
0.32,0.1266064728230478,0.294487366071394,9.89957931620436,0.0062913312123223,0.0284770625424732,0.0079659103307123,0.010000000000000009
0.33,0.1304720224274343,0.2941385868316311,9.901967527796016,0.0064808605678973,0.0283812703058516,0.008212616549524,0.010000000000000009
0.34,0.1343292218669199,0.2937792186345091,9.90431895360277,0.0066697418428162,0.0282826399658503,0.0084591174533498,0.010000000000000009
0.35,0.1381778242820568,0.2934092744172444,9.906632653085657,0.006857956149109,0.0281811813854213,0.0087054068796797,0.009999999999999953
0.36,0.1420175833636044,0.2930287674977889,9.90890770079572,0.0070454846655017,0.028076904710338,0.0089514786712912,0.010000000000000009
0.37,0.1458482533682919,0.2926377115743505,9.911143186744225,0.0072323086392992,0.027969820368181,0.009197326676402,0.010000000000000009
0.38,0.1496695891345466,0.2922361207249003,9.913338216766585,0.0074184093882596,0.0278599390672953,0.009442944748825,0.010000000000000009
0.39,0.1534813460981838,0.2918240094066654,9.915491912880062,0.0076037683024632,0.0277472717957193,0.009688326748121,0.010000000000000009
0.4,0.1572832803080589,0.2914013924556088,9.917603413634929,0.007788366846173,0.0276318298200865,0.009933466539753,0.010000000000000009
0.41,0.1610751484416802,0.2909682850858952,9.919671874459034,0.0079721865596884,0.0275136246844981,0.0101783579952389,0.009999999999999953
0.42,0.1648567078207814,0.290524702889343,9.921696467995629,0.0081552090611914,0.0273926682093692,0.0104229949923049,0.010000000000000009
0.43,0.168627716426853,0.2900706618348634,9.923676384434293,0.0083374160485842,0.0272689724902465,0.0106673714150391,0.010000000000000009
0.44,0.1723879329166315,0.2896061782678854,9.925610831834843,0.0085187893013199,0.0271425498965989,0.0109114811540434,0.010000000000000009
0.45,0.176137116637545,0.2891312689097671,9.927499036444123,0.0086993106822246,0.0270134130705803,0.0111553181065872,0.010000000000000009
0.46,0.179875027643115,0.2886459508571942,9.929340243005456,0.0088789621393103,0.0268815749257657,0.0113988761767594,0.010000000000000009
0.47,0.183601426708313,0.2881502415815642,9.931133715060769,0.0090577257075813,0.0267470486458598,0.0116421492756208,0.009999999999999953
0.48,0.1873160753448708,0.2876441589283575,9.93287873524515,0.0092355835108296,0.0266098476833785,0.0118851313213567,0.010000000000000009
0.49,0.1910187358165437,0.2871277211164948,9.934574605573795,0.0094125177634231,0.0264699857583036,0.0121278162394286,0.010000000000000009
0.5,0.1947091711543252,0.2866009467376817,9.936220647721186,0.009588510772084,0.0263274768567111,0.0123701979627261,0.010000000000000009
0.51,0.1983871451716135,0.286063854755739,9.937816203292403,0.0097635449376581,0.0261823352293725,0.0126122704317189,0.010000000000000009
0.52,0.2020524224793267,0.2855164645059199,9.9393606340865,0.0099376027568747,0.0260345753903294,0.0128540275946077,0.010000000000000009
0.53,0.2057047685009684,0.2849587956942143,9.940853322351748,0.0101106668240969,0.0258842121154428,0.0130954634074762,0.010000000000000009
0.54,0.2093439494876397,0.2843908683966392,9.942293671032743,0.0102827198330622,0.0257312604409147,0.0133365718344415,0.010000000000000009
0.55,0.2129697325329998,0.2838127030585161,9.943681104009215,0.0104537445786131,0.0255757356617851,0.0135773468478056,0.010000000000000009
0.56,0.2165818855881713,0.2832243204937345,9.945015066326476,0.0106237239584176,0.0254176533304024,0.0138177824282056,0.010000000000000009
0.5700000000000001,0.2201801774765915,0.2826257418840034,9.946295024417385,0.0107926409746793,0.025257029254868,0.0140578725647647,0.010000000000000009
0.58,0.2237643779088079,0.282016988778088,9.947520466315764,0.0109604787358374,0.0250938794974556,0.0142976112552417,0.009999999999999898
0.59,0.2273342574972163,0.2813980830910343,9.948690901861204,0.0111272204582556,0.0249282203730049,0.0145369925061821,0.010000000000000009
0.6,0.2308895877707414,0.2807690471033804,9.949805862895085,0.0112928494679007,0.0247600684472903,0.0147760103330669,0.010000000000000009
0.61,0.2344301411894593,0.2801299034603538,9.95086490344786,0.0114573492020096,0.0245894405353643,0.015014658760463,0.010000000000000009
0.62,0.2379556911591598,0.2794806751710565,9.951867599917431,0.0116207032107461,0.024416353699876,0.0152529318221721,0.010000000000000009
0.63,0.2414660120458481,0.2788213856076371,9.952813551238576,0.0117828951588453,0.0242408252493645,0.0154908235613801,0.010000000000000009
0.64,0.2449608791901857,0.2781520585044483,9.953702379043383,0.0119439088272478,0.0240628727365287,0.0157283280308058,0.010000000000000009
0.65,0.2484400689218683,0.2774727179571938,9.95453372781258,0.0121037281147207,0.0238825139564716,0.01596543929285,0.010000000000000009
0.66,0.2519033585739406,0.2767833884220599,9.95530726501774,0.0122623370394686,0.0236997669449209,0.0162021514197434,0.010000000000000009
0.67,0.255350526497047,0.2760840947148354,9.956022681254298,0.0124197197407311,0.0235146499764254,0.0164384584936951,0.010000000000000009
0.68,0.258781352073617,0.2753748620100182,9.9566796903653,0.0125758604803693,0.0233271815625278,0.0166743546070407,0.010000000000000009
0.6900000000000001,0.2621956157319848,0.274655715839909,9.957278029555855,0.0127307436444393,0.0231373804499131,0.0169098338623895,0.010000000000000009
0.7000000000000001,0.2655930989604417,0.2739266820936925,9.95781745949827,0.0128843537447538,0.0229452656185346,0.0171448903727725,0.010000000000000009
0.71,0.2689735843212206,0.2731877870165045,9.958297764427758,0.0130366754204307,0.0227508562797152,0.0173795182617892,0.009999999999999898
0.72,0.2723368554644125,0.2724390572084882,9.958718752228751,0.0131876934394294,0.0225541718742268,0.0176137116637544,0.010000000000000009
0.73,0.2756826971418122,0.2716805196238359,9.959080254511749,0.0133373927000739,0.0223552320703461,0.0178474647238455,0.010000000000000009
0.74,0.2790108952206942,0.2709122015698185,9.959382126680646,0.0134857582325629,0.0221540567618876,0.0180807715982481,0.010000000000000009
0.75,0.2823212366975177,0.2701341307058031,9.95962424799061,0.0136327752004666,0.0219506660662146,0.0183136264543023,0.010000000000000009
0.76,0.2856135097115579,0.2693463350422567,9.959806521596338,0.013778428902211,0.0217450803222271,0.0185460234706491,0.010000000000000009
0.77,0.2888875035584658,0.2685488429397381,9.959928874590824,0.0139227047725471,0.0215373200883283,0.018777956837375,0.010000000000000009
0.78,0.2921430087037527,0.267741683107877,9.959991258034496,0.0140655883840082,0.0213274061403683,0.019009420756158,0.010000000000000009
0.79,0.2953798167962005,0.2669248846043401,9.959993646974812,0.0142070654483521,0.021115359469567,0.0192404094404122,0.010000000000000009
0.8,0.298597720681196,0.2660984768337852,9.959936040456226,0.0143471218179904,0.0209012012804149,0.0194709171154325,0.010000000000000009
0.81,0.3017965144139892,0.265262489546803,9.959818461520578,0.0144857434874028,0.0206849529885524,0.019700938018539,0.010000000000000009
0.8200000000000001,0.3049759932728728,0.2644169528388453,9.959640957197877,0.0146229165945379,0.0204666362186284,0.0199304663992211,0.010000000000000009
0.8300000000000001,0.3081359537722852,0.2635618971491425,9.959403598487482,0.0147586274221992,0.020246272802138,0.0201594965192813,0.010000000000000009
0.84,0.311276193675833,0.2626973532596069,9.959106480329712,0.0148928623994171,0.0200238847752392,0.0203880226529785,0.009999999999999898
0.85,0.3143965120092343,0.2618233522937254,9.958749721567871,0.0150256081028058,0.0197994943765494,0.0206160390871712,0.010000000000000009
0.86,0.3174967090731807,0.260939925715438,9.958333464900706,0.0151568512579055,0.0195731240449215,0.0208435401214605,0.010000000000000009
0.87,0.3205765864561185,0.2600471053280065,9.957857876825331,0.0152865787405101,0.0193447964172,0.0210705200683324,0.010000000000000009
0.88,0.3236359470469463,0.2591449232728681,9.957323147570644,0.0154147775779793,0.0191145343259574,0.0212969732532999,0.010000000000000009
0.89,0.3266745950476306,0.2582334120284796,9.956729491021209,0.0155414349505364,0.0188823607972109,0.0215228940150454,0.010000000000000009
0.9,0.3296923359857366,0.2573126044091472,9.95607714463173,0.0156665381925496,0.0186482990481199,0.0217482767055615,0.010000000000000009
0.91,0.3326889767268742,0.2563825335638458,9.955366369332069,0.015790074793799,0.0184123724846643,0.0219731156902926,0.010000000000000009
0.92,0.3356643254870589,0.2554432329750254,9.954597449422868,0.0159120324007273,0.0181746046993038,0.0221974053482759,0.010000000000000009
0.93,0.3386181918449856,0.2544947364574058,9.953770692461838,0.0160323988176755,0.0179350194686189,0.0224211400722817,0.010000000000000009
0.94,0.3415503867542157,0.253537078156759,9.95288642914074,0.0161511620081022,0.0176936407509329,0.0226443142689534,0.009999999999999898
0.95,0.3444607225552757,0.2525702925486806,9.951945013153113,0.0162683100957874,0.0174504926839165,0.0228669223589477,0.010000000000000009
0.96,0.3473490129876678,0.251594414437348,9.9509468210528,0.0163838313660199,0.0172055995821737,0.0230889587770741,0.010000000000000009
0.97,0.3502150732017904,0.2506094789542678,9.94989225210333,0.016497714266769,0.0169589859348106,0.0233104179724336,0.010000000000000009
0.98,0.3530587197707678,0.249615521557011,9.948781728118226,0.0166099474098394,0.0167106764029865,0.0235312944085579,0.010000000000000009
0.99,0.3558797707021904,0.2486125780279367,9.947615693292272,0.0167205195720104,0.0164606958174476,0.0237515825635475,0.010000000000000009
1.0,0.3586780454497614,0.2476006844729034,9.946394614023852,0.0168294196961579,0.0162090691760441,0.0239712769302101,0.010000000000000009
1.01,0.3614533649248521,0.24657987731997,9.945118978728395,0.0169366368923603,0.0159558216412306,0.024190372016198,0.010000000000000009
1.02,0.3642055515079634,0.2455501933180837,9.943789297643008,0.0170421604389872,0.0157009785375494,0.0244088623441453,0.010000000000000009
1.03,0.3669344290600935,0.2445116695357573,9.942406102622396,0.017145979783772,0.0154445653490986,0.0246267424518054,0.010000000000000009
1.04,0.3696398229340104,0.2434643433597348,9.940969946926128,0.0172480845448667,0.0151866077169833,0.0248440068921868,0.010000000000000009
1.05,0.3723215599854297,0.2424082524936455,9.939481404997332,0.0173484645118803,0.0149271314367518,0.0250606502336898,0.010000000000000009
1.06,0.3749794685840953,0.2413434349566465,9.937941072232933,0.0174471096468997,0.0146661624558158,0.0252766670602423,0.010000000000000009
1.07,0.3776133786247643,0.2402699290820541,9.936349564745498,0.0175440100854936,0.014403726870856,0.0254920519714347,0.010000000000000009
1.08,0.3802231215380932,0.2391877735159639,9.934707519116802,0.0176391561376989,0.0141398509252122,0.0257067995826556,0.010000000000000009
1.09,0.382808530301426,0.2380970072158593,9.933015592143208,0.0177325382889897,0.013874561006259,0.0259209045252258,0.010000000000000009
1.1,0.3853694394494847,0.2369976694492095,9.931274460572938,0.0178241472012287,0.0136078836427673,0.0261343614465329,0.010000000000000009
1.11,0.3879056850849577,0.2358897997920552,9.929484820835414,0.0179139737136009,0.0133398455022512,0.026347165010165,0.010000000000000009
1.12,0.3904171048889902,0.2347734381275844,9.927647388762663,0.0180020088435301,0.0130704733883013,0.0265593098960441,0.010000000000000009
1.13,0.3929035381315718,0.2336486246446965,9.925762899303018,0.0180882437875765,0.0127997942379047,0.0267707908005591,0.009999999999999787
1.14,0.3953648256818238,0.2325153998365555,9.923832106227138,0.0181726699223176,0.0125278351187507,0.0269816024366984,0.010000000000000009
1.15,0.397800810018183,0.2313738044991319,9.921855781826508,0.0182552788052104,0.0122546232265247,0.0271917395341821,0.010000000000000009
1.16,0.4002113352384835,0.2302238797297348,9.91983471660454,0.0183360621754353,0.0119801858821881,0.0274011968395936,0.010000000000000009
1.17,0.4025962470699339,0.2290656669255315,9.91776971896037,0.0184150119547227,0.0117045505292469,0.0276099691165113,0.010000000000000009
1.18,0.404955392878991,0.227899207782058,9.915661614865527,0.0184921202481604,0.0114277447310064,0.0278180511456391,0.010000000000000009
1.19,0.4072886216811284,0.2267245442917174,9.913511247533542,0.0185673793449833,0.0111497961678159,0.0280254377249372,0.010000000000000009
1.2,0.4095957841504991,0.2255417187422685,9.911319477082673,0.0186407817193445,0.0108707326343002,0.0282321236697517,0.010000000000000009
1.21,0.4118767326294925,0.2243507737153033,9.90908718019188,0.0187123200310677,0.0105905820365799,0.028438103812945,0.010000000000000009
1.22,0.4141313211381847,0.2231517520847143,9.906815249750156,0.0187819871263813,0.0103093723894814,0.028643373005024,0.010000000000000009
1.23,0.4163594053836805,0.2219446970151506,9.904504594499384,0.0188497760386339,0.010027131813735,0.0288479261142698,0.010000000000000009
1.24,0.4185608427693487,0.2207296519604643,9.902156138670858,0.0189156799889907,0.0097438885331632,0.0290517580268652,0.010000000000000009
1.25,0.4207354924039482,0.2195066606621462,9.899770821615594,0.0189796923871117,0.009459670871858,0.0292548636470231,0.010000000000000009
1.26,0.4228832151106446,0.218275767147751,9.897349597428612,0.0190418068318103,0.0091745072513486,0.0294572378971134,0.010000000000000009
1.27,0.4250038734359178,0.2170370157293122,9.894893434567306,0.0191020171116938,0.0088884261877595,0.0296588757177906,0.010000000000000009
1.28,0.4270973316583587,0.2157904510017471,9.892403315464067,0.0191603172057845,0.0086014562889586,0.0298597720681196,0.010000000000000009
1.29,0.4291634557973557,0.2145361178412513,9.889880236133344,0.0192167012841214,0.0083136262516967,0.030059921925702,0.010000000000000009
1.3,0.4312021136216692,0.2132740614036831,9.88732520577322,0.0192711637083438,0.0080249648587376,0.0302593202868019,0.010000000000000009
1.31,0.4332131746578942,0.212004327122938,9.884739246361775,0.0193236990322546,0.00773550097598,0.0304579621664707,0.010000000000000009
1.32,0.4351965101988109,0.2107269607093128,9.882123392248298,0.0193743020023653,0.0074452635495711,0.0306558425986716,0.010000000000000009
1.33,0.4371519933116217,0.2094420081478606,9.879478689739551,0.0194229675584208,0.0071542816030116,0.0308529566364043,0.010000000000000009
1.34,0.4390794988460747,0.2081495156967348,9.87680619668128,0.0194696908339063,0.0068625842342537,0.0310492993518279,0.010000000000000009
1.35,0.4409789034424737,0.206849529885524,9.874106982035077,0.0195144671565331,0.0065702006127912,0.0312448658363849,0.010000000000000009
1.36,0.4428500855395729,0.2055420975135771,9.871382125450802,0.0195572920487063,0.0062771599767425,0.0314396512009234,0.010000000000000009
1.37,0.4446929253823568,0.2042272656483182,9.86863271683477,0.0195981612279722,0.0059834916299271,0.0316336505758193,0.010000000000000009
1.38,0.4465073050297043,0.2029050816235525,9.865859855913758,0.0196370706074471,0.005689224938935,0.0318268591110984,0.009999999999999787
1.39,0.4482931083619375,0.201575593037762,9.863064651795172,0.0196740162962255,0.0053943893301899,0.0320192719765573,0.010000000000000009
1.4,0.4500502210882525,0.2002388477523924,9.860248222523389,0.0197089945997692,0.0050990142870072,0.0322108843618845,0.010000000000000009
1.41,0.4517785307540347,0.1988948938901294,9.85741169463256,0.019742002020277,0.0048031293466449,0.0324016914767803,0.010000000000000009
1.42,0.4534779267480553,0.197543779833167,9.854556202696026,0.0197730352570343,0.0045067640973505,0.0325916885510768,0.010000000000000009
1.43,0.455148300309551,0.1961855542214653,9.851682888872489,0.0198020912067435,0.0042099481754021,0.032780870834857,0.010000000000000009
1.44,0.4567895445351838,0.1948202659509997,9.848792902449167,0.0198291669638337,0.0039127112621443,0.0329692335985736,0.010000000000000009
1.45,0.4584015543858834,0.1934479641720003,9.845887399382098,0.0198542598207517,0.0036150830810209,0.0331567721331674,0.010000000000000009
1.46,0.4599842266935698,0.1920686982871831,9.842967541833769,0.0198773672682328,0.003317093394602,0.0333434817501848,0.010000000000000009
1.47,0.4615374601677554,0.190682517949971,9.840034497708269,0.0198984869955516,0.0030187720016079,0.0335293577818951,0.010000000000000009
1.48,0.4630611554020281,0.1892894730627064,9.837089440184135,0.0199176168907528,0.0027201487339292,0.0337143955814072,0.010000000000000009
1.49,0.4645552148804129,0.1878896137748548,9.834133547245118,0.0199347550408628,0.002421253453644,0.0338985905227857,0.010000000000000009
1.5,0.4660195429836132,0.1864829904811993,9.83116800120898,0.019949899732081,0.002122116050031,0.0340819380011667,0.010000000000000009
1.51,0.4674540459951302,0.1850696538200266,9.828193988254595,0.0199630494499509,0.0018227664365815,0.0342644334328727,0.010000000000000009
1.52,0.4688586321072608,0.1836496546713039,9.82521269794749,0.0199742028795116,0.0015232345480073,0.0344460722555275,0.010000000000000009
1.53,0.4702332114269733,0.1822230441548472,9.82222532276404,0.0199833589054295,0.0012235503372477,0.03462684992817,0.010000000000000009
1.54,0.4715776959816604,0.180789873628481,9.819233057614488,0.0199905166121095,0.0009237437724739,0.0348067619313678,0.010000000000000009
1.55,0.4728919997247695,0.1793501946861894,9.816237099364994,0.0199956752837871,0.0006238448340927,0.0349858037673301,0.010000000000000009
1.56,0.4741760385413097,0.177904059156259,9.813238646358917,0.0199988344045993,0.000323883511748,0.0351639709600205,0.010000000000000009
1.57,0.475429730253235,0.1764515190994125,9.810238897937474,0.0199999936586366,2.38898013219979e-05,0.0353412590552683,0.010000000000000009
1.58,0.4766529946247037,0.1749926268069352,9.807239053960044,0.0199991529299748,-0.0002761062980642,0.0355176636208803,0.010000000000000009
1.59,0.4778457533672137,0.173527434798792,9.804240314324216,0.0199963123026858,-0.0005760747870507,0.0356931802467518,0.010000000000000009
1.6,0.4790079301446125,0.172055995821737,9.801243878485865,0.0199914720608301,-0.0008759856690386,0.0358678045449761,0.010000000000000009
1.61,0.4801394505779831,0.1705783628474144,9.79825094497937,0.0199846326884278,-0.0011758089531896,0.0360415321499549,0.010000000000000009
1.62,0.4812402422504039,0.1690945890704518,9.795262710938234,0.0199757948694104,-0.0014755146574251,0.0362143587185071,0.010000000000000009
1.63,0.4823102347115837,0.1676047279065448,9.792280371616227,0.0199649594875526,-0.0017750728114244,0.0363862799299775,0.009999999999999787
1.64,0.4833493594823702,0.1661088329905345,9.789305119909317,0.0199521276263834,-0.0020744534596218,0.0365572914863447,0.010000000000000009
1.65,0.4843575500591326,0.1646069581744762,9.786338145878512,0.0199373005690783,-0.002373626664202,0.0367273891123289,0.010000000000000009
1.66,0.4853347419180184,0.1630991575257012,9.783380636273872,0.0199204797983307,-0.0026725625080937,0.0368965685554981,0.010000000000000009
1.67,0.4862808725190819,0.16158548532487,9.7804337740598,0.0199016669962036,-0.0029712310979618,0.0370648255863751,0.010000000000000009
1.68,0.4871958813102877,0.1600659960640183,9.777498737941894,0.0198808640439615,-0.0032696025671961,0.0372321559985429,0.010000000000000009
1.69,0.4880797097313856,0.1585407444445954,9.774576701895466,0.0198580730218823,-0.0035676470788983,0.0373985556087499,0.010000000000000009
1.7,0.4889323012176581,0.1570097853754948,9.771668834695976,0.0198332962090493,-0.0038653348288657,0.0375640202570146,0.010000000000000009
1.71,0.4897536012035412,0.1554731739710778,9.768776299451533,0.0198065360831231,-0.0041626360485713,0.0377285458067293,0.010000000000000009
1.72,0.4905435571261162,0.1539309655491889,9.765900253137666,0.019777795320094,-0.0044595210081409,0.0378921281447638,0.010000000000000009
1.73,0.4913021184284736,0.1523832156291647,9.763041846134556,0.0197470767940143,-0.0047559600193259,0.0380547631815683,0.010000000000000009
1.74,0.492029236562949,0.1508299799298353,9.76020222176689,0.019714383576711,-0.0050519234384723,0.0382164468512752,0.010000000000000009
1.75,0.4927248649942301,0.1492713143675181,9.757382515846558,0.0196797189374787,-0.0053473816694847,0.0383771751118013,0.010000000000000009
1.76,0.4933889592023345,0.1477072750540048,9.754583856218328,0.0196430863427523,-0.0056423051667864,0.0385369439449484,0.010000000000000009
1.77,0.4940214766854598,0.146137918294542,9.75180736230874,0.0196044894557609,-0.0059366644382732,0.038695749356504,0.010000000000000009
1.78,0.4946223769627028,0.1445633005858035,9.749054144678338,0.0195639321361608,-0.0062304300482635,0.0388535873763411,0.010000000000000009
1.79,0.495191621576651,0.1429834786138566,9.746325304577462,0.0195214184396504,-0.0065235726204409,0.0390104540585175,0.010000000000000009
1.8,0.4957291740958432,0.141398509252122,9.743621933505771,0.0194769526175639,-0.0068160628407926,0.0391663454813741,0.010000000000000009
1.81,0.4962350001171019,0.1398084495593252,9.74094511277565,0.0194305391164463,-0.0071078714605402,0.0393212577476337,0.010000000000000009
1.82,0.4967090672677343,0.1382133567774436,9.7382959130797,0.0193821825776091,-0.007398969299065,0.0394751869844975,0.010000000000000009
1.83,0.4971513452076045,0.136613288329645,9.735675394062474,0.0193318878366659,-0.0076893272468256,0.0396281293437427,0.010000000000000009
1.84,0.4975618056310754,0.1350083018182208,9.733084603896645,0.0192796599230489,-0.0079789162682694,0.0397800810018183,0.010000000000000009
1.85,0.49794042226882,0.133398455022512,9.730524578863726,0.0192255040595059,-0.0082677074047353,0.0399310381599407,0.010000000000000009
1.86,0.4982871708895027,0.1317838058968294,9.727996342939608,0.0191694256615782,-0.0085556717773506,0.0400809970441888,0.010000000000000009
1.87,0.4986020293013301,0.1301644125683672,9.725500907384944,0.0191114303370588,-0.0088427805899178,0.0402299539055984,0.010000000000000009
1.88,0.4988849773534714,0.1285403333351102,9.723039270340688,0.0190515238854319,-0.009129005131795,0.0403779050202557,0.009999999999999787
1.89,0.4991359969373478,0.1269116266637355,9.720612416428835,0.0189897122972926,-0.0094143167807664,0.0405248466893904,0.010000000000000009
1.9,0.4993550719877915,0.1252783511875073,9.718221316358592,0.0189260017537482,-0.0096986870059051,0.0406707752394686,0.010000000000000009
1.91,0.4995421884840742,0.1236405657041665,9.715866926538109,0.0188603986258002,-0.0099820873704253,0.0408156870222841,0.010000000000000009
1.92,0.4996973344508039,0.1219983291738135,9.713550188691912,0.0187929094737064,-0.0102644895345269,0.0409595784150499,0.010000000000000009
1.93,0.4998204999586919,0.120351700716786,9.711272029484263,0.0187235410463261,-0.0105458652582287,0.0411024458204885,0.010000000000000009
1.94,0.4999116771251874,0.1187007396115307,9.709033360148466,0.018652300280444,-0.010826186404193,0.0412442856669225,0.010000000000000009
1.95,0.4999708601149831,0.117045505292469,9.706835076122404,0.0185791943000773,-0.0111054249405386,0.0413850944083628,0.010000000000000009
1.96,0.4999980451403878,0.1153860573478577,9.70467805669038,0.0185042304157633,-0.0113835529436446,0.0415248685245985,0.010000000000000009
1.97,0.4999932304615692,0.1137224555176436,9.702563164631403,0.0184274161238279,-0.0116605426009425,0.0416636045212838,0.010000000000000009
1.98,0.499956416386665,0.1120547596913128,9.700491245874106,0.0183487591056361,-0.0119363662136974,0.041801298930026,0.010000000000000009
1.99,0.4998876052717635,0.1103830299057351,9.69846312915836,0.0182682672268245,-0.0122109961997779,0.0419379483084721,0.010000000000000009
2.0,0.4997868015207525,0.108707326343002,9.69647962570381,0.0181859485365136,-0.0124844050964142,0.0420735492403948,0.010000000000000009
2.01,0.4996540115850378,0.107027709328261,9.694541528885397,0.018101811266504,-0.0127565655629445,0.0422080983357778,0.009999999999999787
2.02,0.4994892439631298,0.1053442393275432,9.692649613916002,0.0180158638304525,-0.013027450383549,0.0423415922309007,0.010000000000000231
2.03,0.4992925092001001,0.1036569769455867,9.690804637536392,0.0179281148230311,-0.0132970324699712,0.0424740275884232,0.009999999999999787
2.04,0.4990638198869065,0.1019659829236552,9.689007337712514,0.0178385730190675,-0.0135652848642273,0.0426054010974681,0.010000000000000231
2.05,0.4988031906595868,0.1002713181373508,9.68725843334034,0.0177472473726675,-0.0138321807413013,0.0427357094737046,0.009999999999999787
2.06,0.4985106381983227,0.0985730435944226,9.685558623958295,0.0176541470163194,-0.014097693411828,0.0428649494594301,0.010000000000000231
2.07,0.4981861812263719,0.096871220432571,9.683908589467473,0.0175592812599815,-0.0143617963247615,0.0429931178236517,0.009999999999999787
2.08,0.4978298405088697,0.0951659099172458,9.682308989859663,0.0174626595901503,-0.0146244630700307,0.0431202113621669,0.010000000000000231
2.09,0.4974416388515006,0.0934571734394415,9.680760464953387,0.0173642916689122,-0.0148856673811799,0.0432462268976439,0.009999999999999787
2.1,0.497021601099038,0.0917450725134868,9.679263634137962,0.0172641873329774,-0.0151453831379957,0.0433711612797008,0.010000000000000231
2.11,0.4965697541337547,0.0900296687748301,9.677819096125752,0.0171623565926961,-0.0154035843691187,0.0434950113849847,0.009999999999999787
2.12,0.4960861268737023,0.0883110239778205,9.676427428712705,0.0170588096310575,-0.0156602452546412,0.0436177741172493,0.010000000000000231
2.13,0.4955707502708604,0.0865891999934855,9.675089188547224,0.0169535568026713,-0.0159153401286883,0.0437394464074327,0.009999999999999787
2.14,0.4950236573091556,0.0848642588073022,9.67380491090754,0.0168466086327329,-0.0161688434819853,0.043860025213734,0.010000000000000231
2.15,0.4944448830023507,0.0831362625169673,9.672575109487582,0.0167379758159699,-0.0164207299644081,0.0439795075216894,0.009999999999999787
2.16,0.4938344643918038,0.0814052733301604,9.671400276191523,0.0166276692155736,-0.0166709743875183,0.0440978903442473,0.010000000000000231
2.17,0.4931924405440977,0.0796713535623054,9.670280880937014,0.0165156998621121,-0.0169195517270823,0.0442151707218434,0.009999999999999787
2.18,0.4925188525485394,0.0779345656343266,9.669217371467234,0.0164020789524274,-0.0171664371255731,0.0443313457224743,0.010000000000000231
2.19,0.4918137435145308,0.076194972070402,9.668210173171792,0.0162868178485159,-0.0174116058946566,0.0444464124417711,0.009999999999999787
2.2,0.4910771585688092,0.0744526354957118,9.667259688916571,0.0161699280763918,-0.0176550335176603,0.0445603680030717,0.010000000000000231
2.21,0.4903091448525599,0.0727076186341848,9.66636629888261,0.0160514213249349,-0.0178966956520247,0.0446732095574931,0.009999999999999787
2.22,0.4895097515183986,0.0709599843062392,9.665530360414005,0.0159313094447217,-0.0181365681317378,0.0447849342840023,0.010000000000000231
2.23,0.4886790297272257,0.0692097954265223,9.664752207874994,0.01580960444684,-0.0183746269697515,0.044895539389487,0.009999999999999787
2.24,0.4878170326449523,0.0674571150016447,9.664032152516224,0.0156863185016883,-0.0186108483603803,0.0450050221088252,0.010000000000000231
2.25,0.4869238154390976,0.0657020061279125,9.663370482350237,0.0155614639377584,-0.0188452086816821,0.0451133797049547,0.009999999999999787
2.26,0.4859994352752577,0.0639445319890553,9.662767462036271,0.0154350532404025,-0.01907768449782,0.0452206094689413,0.009999999999999787
2.27,0.4850439513134476,0.0621847558539527,9.662223332774422,0.015307099050585,-0.0193082525614062,0.0453267087200463,0.010000000000000231
2.28,0.4840574247043148,0.0604227410743551,9.661738312209131,0.0151776141636184,-0.0195368898158263,0.0454316748057941,0.009999999999999787
2.29,0.4830399185852255,0.0586585510826047,9.66131259434216,0.0150466115278834,-0.0197635733975456,0.045535505102038,0.010000000000000231
2.3000000000000003,0.481991498076224,0.0568922493893502,9.66094634945498,0.0149141042435344,-0.0199882806383947,0.045638197013026,0.010000000000000231
2.31,0.4809122302758651,0.0551238995812623,9.660639724040664,0.0147801055611894,-0.0202109890678368,0.0457397479714657,0.009999999999999787
2.32,0.4798021842569195,0.0533535653187427,9.660392840745288,0.014644628880605,-0.0204316764152145,0.0458401554385883,0.009999999999999787
2.33,0.4786614310619537,0.0515813103336338,9.660205798318875,0.0145076877493363,-0.0206503206119771,0.0459394169042125,0.010000000000000231
2.34,0.4774900436987826,0.0498071984269236,9.660078671575908,0.0143692958613825,-0.020866899793887,0.0460375298868067,0.009999999999999787
2.35,0.4762880971357977,0.0480312934664493,9.660011511365385,0.0142294670558168,-0.0210813923032066,0.0461344919335516,0.010000000000000231
2.36,0.4750556682971688,0.0462536593845976,9.660004344550496,0.0140882153154035,-0.0212937766908636,0.046230300620401,0.009999999999999787
2.37,0.4737928360579208,0.0444743601760034,9.660057173997872,0.0139455547651987,-0.0215040317185962,0.0463249535521427,0.010000000000000231
2.38,0.4724996812388861,0.0426934598952461,9.66016997857644,0.0138014996711387,-0.021712136361077,0.0464184483624583,0.009999999999999787
2.39,0.4711762866015315,0.0409110226545434,9.660342713165866,0.0136560644386127,-0.0219180698080151,0.0465107827139825,0.010000000000000231
2.4,0.4698227368426624,0.0391271126214436,9.660575308674623,0.013509263611023,-0.0221218114662373,0.0466019542983613,0.009999999999999787
2.41,0.4684391185890011,0.0373417940165151,9.66086767206761,0.0133611118683298,-0.0223233409617477,0.0466919608363098,0.010000000000000231
2.42,0.4670255203916438,0.035555131111035,9.661219686403363,0.013211624025584,-0.0225226381417647,0.0467808000776693,0.009999999999999787
2.43,0.4655820327203923,0.0337671882246748,9.661631210880843,0.0130608150314452,-0.0227196830767363,0.0468684698014633,0.010000000000000231
2.44,0.4641087479579652,0.0319780297231853,9.66210208089575,0.0129086999666874,-0.0229144560623332,0.0469549678159533,0.009999999999999787
2.45,0.4626057603940841,0.0301877200160795,9.66263210810635,0.01275529404269,-0.0231069376214192,0.0470402919586936,0.010000000000000231
2.46,0.4610731662194403,0.0283963235543133,9.66322108050883,0.0126006125999178,-0.0232971085059987,0.0471244400965848,0.009999999999999787
2.47,0.4595110635195376,0.026603904827966,9.663868762522078,0.012444671106386,-0.0234849496991419,0.0472074101259281,0.010000000000000231
2.48,0.4579195522684159,0.0248105283639181,9.664574895081929,0.0122874851561142,-0.0236704424168859,0.0472891999724769,0.009999999999999787
2.49,0.4562987343222518,0.0230162587235286,9.665339195744773,0.0121290704675662,-0.0238535681101135,0.0473698075914894,0.010000000000000231
2.5,0.4546487134128408,0.0212211605003108,9.66616135880053,0.0119694428820791,-0.024034308466408,0.0474492309677793,0.009999999999999787
2.51,0.4529695951409577,0.0194252983176069,9.667041055394945,0.0118086183622782,-0.0242126454118843,0.0475274681157663,0.009999999999999787
2.52,0.451261486969599,0.0176287368262615,9.66797793366111,0.0116466129904816,-0.0243885611129967,0.0476045170795257,0.010000000000000231
2.53,0.4495244982171044,0.0158315407022943,9.668971618860208,0.0114834429670914,-0.0245620379783214,0.0476803759328376,0.009999999999999787
2.54,0.4477587400501614,0.0140337746445715,9.670021713531408,0.011319124608974,-0.0247330586603166,0.0477550427792346,0.010000000000000231
2.5500000000000003,0.4459643254766897,0.0122355033724773,9.67112779765084,0.0111536743478283,-0.0249016060570566,0.0478285157520493,0.010000000000000231
2.56,0.4441413693386098,0.010436791623583,9.67228942879961,0.0109871087285425,-0.0250676633139422,0.0479007930144612,0.009999999999999787
2.57,0.4422899883044921,0.0086377041513175,9.673506142340743,0.0108194444075397,-0.025231213825386,0.0479718727595426,0.009999999999999787
2.58,0.4404103008620909,0.0068383057226353,9.674777451605047,0.0106506981511124,-0.0253922412364732,0.0480417532103036,0.010000000000000231
2.59,0.4385024273107609,0.0050386611156858,9.676102848085764,0.0104808868337455,-0.0255507294445969,0.0481104326197365,0.009999999999999787
2.6,0.4365664897537582,0.0032388351174802,9.677481801641978,0.0103100274364292,-0.0257066626010684,0.0481779092708596,0.010000000000000231
2.61,0.4346026120904256,0.0014388925215602,9.678913760710648,0.010138137044961,-0.0258600251127019,0.0482441814767602,0.009999999999999787
2.62,0.4326109200082633,-0.0003611018743351,9.68039815252724,0.0099652328482367,-0.026010801643374,0.0483092475806367,0.010000000000000231
2.63,0.4305915409748847,-0.002161083270602,9.681934383354818,0.0097913321365319,-0.0261589771155574,0.0483731059558397,0.009999999999999787
2.64,0.4285446042298586,-0.0039609868681046,9.683521838721536,0.0096164522997729,-0.0263045367118284,0.0484357550059132,0.010000000000000231
2.65,0.4264702407764381,-0.0057607478705077,9.685159883666415,0.0094406108257976,-0.0264474658763485,0.0484971931646343,0.009999999999999787
2.66,0.424368583373176,-0.0075603014866097,9.686847862993313,0.0092638252986069,-0.0265877503163205,0.0485574188960522,0.010000000000000231
2.67,0.4222397665254289,-0.0093595829326745,9.688585101533008,0.0090861133966061,-0.0267253760034172,0.0486164306945267,0.009999999999999787
2.68,0.4200839264767484,-0.0111585274347648,9.690370904413244,0.0089074928908374,-0.0268603291751847,0.0486742270847659,0.010000000000000231
2.69,0.4179012012001618,-0.0129570702310724,9.692204557336684,0.0087279816432025,-0.0269925963364182,0.0487308066218632,0.009999999999999787
2.7,0.4156917303893415,-0.0147551465742511,9.694085326866604,0.0085475976046765,-0.0271221642605118,0.0487861678913329,0.010000000000000231
2.71,0.4134556554496655,-0.0165526917337466,9.696012460720269,0.0083663588135131,-0.0272490199907811,0.0488403095091463,0.009999999999999787
2.72,0.4111931194891667,-0.0183496409981275,9.69798518806983,0.0081842833934403,-0.0273731508417587,0.0488932301217658,0.010000000000000231
2.73,0.4089042673093742,-0.0201459296774141,9.700002719850652,0.0080013895518483,-0.027494544400463,0.0489449284061787,0.009999999999999787
2.74,0.4065892453960462,-0.0219414931054082,9.702064249076924,0.007817695577969,-0.0276131885276394,0.0489954030699307,0.010000000000000231
2.75,0.404248201909795,-0.0237362666420201,9.704168951164442,0.0076332198410466,-0.0277290713589739,0.0490446528511577,0.009999999999999787
2.76,0.4018812866766047,-0.0255301856755965,9.706315984260431,0.0074479807885011,-0.0278421813062799,0.0490926765186179,0.009999999999999787
2.77,0.3994886511782423,-0.0273231856252457,9.708504489580282,0.0072619969440833,-0.0279525070586571,0.0491394728717221,0.010000000000000231
2.78,0.397070448542563,-0.0291152019431634,9.710733591751046,0.0070752869060228,-0.0280600375836221,0.0491850407405638,0.009999999999999787
2.79,0.39462683353371,-0.0309061701169555,9.713002399161573,0.0068878693451678,-0.028164762128212,0.0492293789859487,0.010000000000000231
2.8000000000000003,0.3921579625422099,-0.0326960256719614,9.715310004319152,0.006699763003118,-0.0282666702200597,0.049272486499423,0.010000000000000231
2.81,0.3896639935749634,-0.0344847041735741,9.717655484212488,0.0065109866903512,-0.0283657516684408,0.049314362203301,0.009999999999999787
2.82,0.3871450862451333,-0.0362721412295609,9.720037900680897,0.006321559284341,-0.0284619965652932,0.0493550050506925,0.009999999999999787
2.83,0.3846014017619284,-0.0380582724923809,9.722456300789547,0.0061314997276704,-0.0285553952862072,0.0493944140255282,0.010000000000000231
2.84,0.3820331029202881,-0.0398430336615014,9.724909717210656,0.0059408270261366,-0.0286459384913887,0.0494325881425859,0.009999999999999787
2.85,0.3794403540904609,-0.0416263604857132,9.727397168610356,0.0057495602468508,-0.0287336171265927,0.0494695264475147,0.010000000000000231
2.86,0.3768233212074875,-0.0434081887654432,9.729917660041254,0.0055577185163317,-0.0288184224240285,0.0495052280168588,0.009999999999999787
2.87,0.3741821717605788,-0.0451884543550656,9.732470183340386,0.0053653210185923,-0.0289003459032373,0.0495396919580809,0.010000000000000231
2.88,0.3715170747823981,-0.0469670931652116,9.735053717532464,0.0051723869932222,-0.0289793793719392,0.0495729174095843,0.009999999999999787
2.89,0.3688282008382421,-0.0487440411650761,9.73766722923826,0.004978935733463,-0.0290555149268533,0.0496049035407343,0.010000000000000231
2.9,0.3661157220151257,-0.0505192343847231,9.740309673087935,0.0047849865842796,-0.0291287449544877,0.0496356495518794,0.009999999999999787
2.91,0.3633798119107673,-0.0522926089173882,9.742979992139189,0.0045905589404252,-0.0291990621319004,0.0496651546743709,0.010000000000000231
2.92,0.3606206456224803,-0.0540641009217799,9.74567711829999,0.0043956722445023,-0.0292664594274324,0.0496934181705822,0.009999999999999787
2.93,0.3578383997359647,-0.0558336466243773,9.74839997275585,0.0042003459850179,-0.0293309301014103,0.0497204393339275,0.010000000000000231
2.94,0.3550332523140083,-0.0576011823217263,9.751147466401282,0.0040045996944354,-0.0293924677068205,0.049746217488879,0.009999999999999787
2.95,0.3522053828850879,-0.0593666443827327,9.753918500275464,0.0038084529472205,-0.0294510660899536,0.0497707519909843,0.010000000000000231
2.96,0.3493549724318824,-0.0611299692509528,9.756711966001792,0.0036119253578846,-0.0295067193910201,0.049794042226882,0.009999999999999787
2.97,0.3464822033796871,-0.0628910934468819,9.759526746231224,0.0034150365790229,-0.0295594220447365,0.0498160876143174,0.010000000000000231
2.98,0.3435872595847415,-0.0646499535702392,9.762361715089195,0.0032178062993491,-0.0296091687808811,0.0498368876021571,0.009999999999999787
2.99,0.3406703263224597,-0.0664064863022501,9.765215738625962,0.0030202542417268,-0.0296559546248218,0.0498564416704024,0.010000000000000231
3.0,0.3377315902755753,-0.068160628407926,9.76808767527016,0.0028224001611973,-0.0296997748980133,0.0498747493302027,0.009999999999999787
3.01,0.3347712395221921,-0.0699123167383407,9.77097637628543,0.0026242638430036,-0.0297406252184647,0.0498918101238673,0.009999999999999787
3.02,0.3317894635237478,-0.0716614882329031,9.773880686229877,0.0024258651006125,-0.0297785015011781,0.0499076236248774,0.010000000000000231
3.03,0.3287864531128885,-0.0734080799216288,9.776799443418248,0.0022272237737329,-0.0298133999585566,0.0499221894378962,0.009999999999999787
3.04,0.3257624004812556,-0.0751520289274052,9.779731480386582,0.002028359726332,-0.0298453171007837,0.0499355071987791,0.010000000000000231
3.0500000000000003,0.3227174991671852,-0.0768932724682568,9.782675624359186,0.0018292928446487,-0.0298742497361718,0.0499475765745829,0.010000000000000231
3.06,0.3196519440433221,-0.0786317478596038,9.785630697717728,0.0016300430352053,-0.0299001949714813,0.0499583972635738,0.009999999999999787
3.0700000000000003,0.3165659313041478,-0.0803673925165203,9.788595518472262,0.0014306302228168,-0.0299231502122105,0.049967968995235,0.010000000000000231
3.08,0.3134596584534244,-0.0821001439559856,9.79156890073402,0.0012310743485982,-0.0299431131628543,0.0499762915302739,0.009999999999999787
3.09,0.3103333242915541,-0.0838299397991355,9.794549655189735,0.0010313953679706,-0.0299600818271344,0.0499833646606275,0.009999999999999787
3.1,0.3071871289028557,-0.0855567177735062,9.797536589577376,0.0008316132486658,-0.0299740545081983,0.0499891882094678,0.010000000000000231
3.11,0.3040212736427608,-0.0872804157152771,9.800528509163009,0.000631747968729,-0.0299850298087898,0.0499937620312065,0.009999999999999787
3.12,0.3008359611249248,-0.0890009715715086,9.80352421721869,0.0004318195145219,-0.0299930066313878,0.0499970860114983,0.010000000000000231
3.13,0.2976313952082623,-0.0907183234023756,9.806522515501143,0.0002318478787231,-0.0299979841783168,0.0499991600672438,0.009999999999999787
3.14,0.2944077809838974,-0.0924324093833977,9.80952220473103,3.1853058329736564e-05,-0.0299999619518261,0.0499999841465917,0.010000000000000231
3.15,0.2911653247620409,-0.0941431678076646,9.812522085072652,-0.0001681449473429,-0.0299989397541402,0.0499995582289401,0.009999999999999787
3.16,0.2879042340587835,-0.095850537088058,9.815520956613874,-0.000368126138661,-0.0299949176874779,0.049997882324937,0.010000000000000231
3.17,0.2846247175828177,-0.097554455759468,9.818517619846062,-0.000568070517672,-0.0299878961540425,0.0499949564764797,0.009999999999999787
3.18,0.2813269852220781,-0.0992548624810065,9.82151087614388,-0.0007679580901047,-0.0299778758559816,0.0499907807567145,0.010000000000000231
3.19,0.2780112480303106,-0.1009516960382153,9.824499528244711,-0.0009677688673682,-0.0299648577953165,0.049985355270034,0.009999999999999787
3.2,0.2746777182135631,-0.1026448953452694,9.827482380727574,-0.0011674828685516,-0.0299488432738425,0.0499786801520752,0.010000000000000231
3.21,0.2713266091166068,-0.1043343994471767,9.83045824049124,-0.0013670801224209,-0.0299298338929985,0.0499707555697157,0.009999999999999787
3.22,0.2679581352092793,-0.1060201475219721,9.833425917231482,-0.0015665406694173,-0.0299078315537066,0.0499615817210695,0.010000000000000231
3.23,0.2645725120727615,-0.1077020788829068,9.836384223917172,-0.0017658445636521,-0.0298828384561824,0.0499511588354825,0.009999999999999787
3.24,0.261169956385778,-0.1093801329806335,9.839331977265084,-0.0019649718749021,-0.0298548570997149,0.0499394871735262,0.010000000000000231
3.25,0.2577506859107321,-0.111054249405386,9.842267998213172,-0.0021639026906021,-0.0298238902824163,0.0499265670269915,0.009999999999999787
3.26,0.2543149194797661,-0.1127243678891537,9.845191112392213,-0.0023626171178363,-0.0297899411009427,0.0499123987188816,0.009999999999999787
3.27,0.2508628769807598,-0.1143904283078517,9.848100150595505,-0.0025610952853275,-0.0297530129501839,0.0498969826034033,0.010000000000000231
3.28,0.247394779343254,-0.1160523706834847,9.850993949246552,-0.0027593173454245,-0.0297131095229241,0.0498803190659586,0.009999999999999787
3.29,0.2439108485243146,-0.1177101351863067,9.85387135086448,-0.0029572634760863,-0.0296702348094729,0.0498624085231353,0.010000000000000231
3.3000000000000003,0.2404113074943239,-0.1193636621369747,9.856731204527009,-0.0031549138828649,-0.0296243930972659,0.0498432514226959,0.010000000000000231
3.31,0.2368963802227142,-0.1210128920086971,9.859572366330797,-0.0033522488008843,-0.029575588970436,0.0498228482435669,0.009999999999999787
3.3200000000000003,0.2333662916636303,-0.1226577654293765,9.862393699849012,-0.0035492484968172,-0.0295238273093554,0.0498011994958268,0.010000000000000231
3.33,0.2298212677415358,-0.1242982231837475,9.865194076585858,-0.003745893270858,-0.0294691132901469,0.0497783057206931,0.009999999999999787
3.34,0.2262615353367512,-0.125934206215508,9.867972376427982,-0.0039421634586933,-0.0294114523841669,0.049754167490509,0.009999999999999787
3.35,0.2226873222709355,-0.1275656556294456,9.87072748809249,-0.0041380394334679,-0.029350850357458,0.0497287854087289,0.010000000000000231
3.36,0.2190988572925049,-0.1291925126935578,9.87345830957145,-0.0043335016077475,-0.0292873132701722,0.0497021601099038,0.009999999999999787
3.37,0.2154963700619932,-0.1308147188411656,9.87616374857268,-0.0045285304354776,-0.0292208474759655,0.0496742922596645,0.010000000000000231
3.38,0.2118800911373534,-0.1324322156730232,9.878842722956652,-0.0047231064139379,-0.0291514596213618,0.0496451825547059,0.009999999999999787
3.39,0.2082502519592024,-0.1340449449594192,9.881494161169336,-0.0049172100856927,-0.0290791566450888,0.0496148317227691,0.010000000000000231
3.4,0.2046070848360086,-0.1356528486422736,9.884117002670791,-0.0051108220405366,-0.0290039457773838,0.0495832405226234,0.009999999999999787
3.41,0.2009508229292244,-0.1372558688372272,9.886710198359394,-0.0053039229174354,-0.0289258345392709,0.049550409744047,0.010000000000000231
3.42,0.1972817002383638,-0.1388539478357264,9.88927271099144,-0.0054964934064624,-0.0288448307418089,0.0495163402078079,0.009999999999999787
3.43,0.1935999515860266,-0.1404470281070996,9.891803515596044,-0.0056885142507292,-0.02876094248531,0.0494810327656424,0.010000000000000231
3.44,0.1899058126028699,-0.1420350523006293,9.894301599885113,-0.0058799662483113,-0.0286741781585299,0.049444488300235,0.009999999999999787
3.45,0.1861995197125276,-0.1436179632476159,9.89676596465823,-0.0060708302541685,-0.0285845464378291,0.0494067077251953,0.010000000000000231
3.46,0.1824813101164797,-0.1451957039634364,9.899195624202347,-0.0062610871820594,-0.0284920562863048,0.0493676919850358,0.009999999999999787
3.47,0.1787514217788712,-0.1467682176495952,9.901589606686048,-0.0064507180064495,-0.0283967169528952,0.0493274420551478,0.010000000000000231
3.48,0.1750100934112825,-0.1483354476957697,9.90394695454825,-0.0066397037644146,-0.0282985379714542,0.0492859589417776,0.009999999999999787
3.49,0.1712575644574522,-0.1498973376818472,9.90626672488124,-0.0068280255575364,-0.0281975291597981,0.0492432436820009,0.010000000000000231
3.5,0.1674940750779523,-0.1514538313799572,9.908547989807818,-0.0070156645537923,-0.0280937006187238,0.0491992973436968,0.009999999999999787
3.51,0.1637198661348186,-0.1530048727564944,9.91078983685243,-0.0072026019894393,-0.0279870627309991,0.0491541210255216,0.009999999999999787
3.52,0.1599351791761353,-0.154550405974137,9.912991369306146,-0.0073888191708895,-0.0278776261603236,0.0491077158568809,0.010000000000000231
3.53,0.1561402564205758,-0.1560903753938558,9.91515170658534,-0.0075742974765799,-0.0277654018502635,0.0490600829979014,0.009999999999999787
3.54,0.1523353407419011,-0.1576247255769183,9.917269984583903,-0.0077590183588346,-0.0276504010231561,0.0490112236394022,0.010000000000000231
3.5500000000000003,0.1485206756534159,-0.1591534012868834,9.919345356018882,-0.0079429633457192,-0.0275326351789882,0.0489611390028647,0.010000000000000231
3.56,0.1446965052923839,-0.1606763474915908,9.921376990769373,-0.0081261140428883,-0.0274121160942463,0.0489098303404022,0.009999999999999787
3.5700000000000003,0.1408630744044028,-0.1621935093651414,9.92336407620856,-0.0083084521354249,-0.0272888558207383,0.0488572989347285,0.010000000000000231
3.58,0.137020628327741,-0.1637048322898719,9.925305817528765,-0.0084899593896716,-0.0271628666843888,0.0488035460991262,0.009999999999999787
3.59,0.1331694129776361,-0.1652102618583199,9.927201438059347,-0.0086706176550543,-0.0270341612840066,0.0487485731774132,0.009999999999999787
3.6,0.1293096748305552,-0.1667097438751838,9.929050179577374,-0.008850408865897,-0.0269027524900244,0.0486923815439097,0.010000000000000231
3.61,0.1254416609084231,-0.1682032243592727,9.930851302610884,-0.0090293150432284,-0.026768653443212,0.0486349726034037,0.009999999999999787
3.62,0.1215656187628099,-0.1696906495454507,9.932604086734676,-0.0092073182965799,-0.0266318775533625,0.0485763477911157,0.010000000000000231
3.63,0.1176817964590905,-0.1711719658865716,9.934307830858476,-0.0093844008257745,-0.0264924384979507,0.048516508572663,0.009999999999999787
3.64,0.113790442560566,-0.1726471200554072,9.935961853507347,-0.0095605449227068,-0.0263503502207662,0.0484554564440228,0.010000000000000231
3.65,0.1098918061125584,-0.1741160589465665,9.937565493094285,-0.0097357329731139,-0.0262056269305181,0.0483931929314952,0.009999999999999787
3.66,0.1059861366264689,-0.1755787296784084,9.939118108184836,-0.0099099474583368,-0.0260582830994149,0.0483297195916648,0.010000000000000231
3.67,0.1020736840638122,-0.1770350795949442,9.940619077753665,-0.0100831709570722,-0.0259083334617169,0.0482650380113618,0.009999999999999787
3.68,0.098154698820216,-0.1784850562677346,9.942067801432955,-0.0102553861471144,-0.025755793012263,0.0481991498076224,0.010000000000000231
3.69,0.0942294317093992,-0.1799286074977755,9.943463699752554,-0.0104265758070881,-0.0256006770049709,0.0481320566276481,0.009999999999999787
3.7,0.0902981339471162,-0.1813656813173788,9.944806214371743,-0.0105967228181698,-0.0254430009513122,0.048063760148765,0.010000000000000231
3.71,0.0863610571350827,-0.1827962259920422,9.946094808302576,-0.0107658101658003,-0.0252827806187608,0.0479942620783814,0.009999999999999787
3.72,0.0824184532448699,-0.1842201900223118,9.947328966124664,-0.0109338209413857,-0.0251200320292164,0.0479235641539457,0.010000000000000231
3.73,0.078470574601782,-0.1856375221456364,9.948508194191328,-0.0111007383439884,-0.0249547714574023,0.0478516681429021,0.009999999999999787
3.74,0.0745176738687037,-0.1870481713382126,9.949632020827067,-0.0112665456820074,-0.0247870154292381,0.0477785758426472,0.010000000000000231
3.75,0.0705600040299336,-0.1884520868168217,9.950699996516212,-0.0114312263748468,-0.0246167807201868,0.0477042890804846,0.009999999999999787
3.76,0.0665978183749895,-0.1898492180406583,9.951711694082723,-0.0115947639545748,-0.0244440843535773,0.0476288097135797,0.009999999999999787
3.77,0.0626313704824019,-0.191239514713149,9.952666708861068,-0.0117571420675696,-0.0242689435989025,0.0475521396289126,0.010000000000000231
3.78,0.0586609142034811,-0.192622926783764,9.953564658858063,-0.0119183444761552,-0.0240913759700919,0.0474742807432315,0.009999999999999787
3.79,0.0546867036460746,-0.193999404449818,9.954405184905688,-0.0120783550602252,-0.0239113992237603,0.0473952350030044,0.010000000000000231
3.8,0.0507089931583007,-0.1953688981582637,9.955187950804724,-0.0122371578188543,-0.0237290313574324,0.0473150043843707,0.009999999999999787
3.81,0.0467280373122737,-0.1967313586074755,9.955912643459252,-0.0123947368718992,-0.023544290607743,0.0472335908930917,0.010000000000000231
3.82,0.0427440908878081,-0.1980867367490245,9.956578973001871,-0.0125510764615858,-0.0233571954486129,0.0471509965645005,0.009999999999999787
3.83,0.038757408856116,-0.1994349837894437,9.957186672909655,-0.0127061609540855,-0.0231677645894023,0.0470672234634509,0.010000000000000231
3.84,0.0347682463634861,-0.2007760511919855,9.957735500110736,-0.0128599748410781,-0.0229760169730391,0.0469822736842662,0.009999999999999787
3.85,0.0307768587149565,-0.2021098906783682,9.958225235081551,-0.0130125027413033,-0.0227819717741252,0.0468961493506864,0.010000000000000231
3.86,0.0267835013579743,-0.2034364542305143,9.958655681934644,-0.013163729402098,-0.0225856483970188,0.0468088526158153,0.009999999999999787
3.87,0.0227884298660473,-0.2047556940922793,9.959026668497012,-0.0133136397009223,-0.022387066473894,0.0467203856620667,0.010000000000000231
3.88,0.0187918999223872,-0.2060675627711704,9.95933804637898,-0.0134622186468712,-0.0221862458627777,0.04663075070111,0.009999999999999787
3.89,0.0147941673035464,-0.2073720130400572,9.95958969103354,-0.0136094513821738,-0.0219832066455636,0.0465399499738144,0.010000000000000231
3.9,0.0107954878630479,-0.2086689979388706,9.95978150180619,-0.0137553231836794,-0.0217779691260042,0.0464479857501934,0.009999999999999787
3.91,0.0067961175150111,-0.2099584707762944,9.95991340197518,-0.0138998194643294,-0.0215705538276804,0.0463548603293479,0.010000000000000231
3.92,0.002796312217773,-0.2112403851314458,9.959985338782197,-0.0140429257746161,-0.0213609814919493,0.0462605760394084,0.009999999999999787
3.93,-0.0012036720424925,-0.2125146948555464,9.95999728345348,-0.0141846278040277,-0.0211492730758697,0.0461651352374773,0.010000000000000231
3.94,-0.0052035792681582,-0.2137813540735837,9.959949231211317,-0.0143249113824794,-0.0209354497501069,0.0460685403095697,0.009999999999999787
3.95,-0.0092031534665269,-0.2150403171859628,9.959841201275966,-0.0144637624817302,-0.0207195328968152,0.0459707936705538,0.010000000000000231
3.96,-0.013202138666215,-0.2162915388701475,9.95967323685796,-0.0146011672167859,-0.0205015441075,0.0458718977640904,0.009999999999999787
3.97,-0.0172002789335349,-0.2175349740822923,9.95944540514083,-0.0147371118472876,-0.0202815051808587,0.0457718550625721,0.010000000000000231
3.98,-0.021197318388874,-0.2187705780588639,9.95915779725422,-0.0148715827788854,-0.0200594381206005,0.0456706680670612,0.009999999999999787
3.99,-0.0251930012230715,-0.2199983063182526,9.958810528237455,-0.0150045665645983,-0.0198353651332463,0.0455683393072273,0.010000000000000231
4.0,-0.02918707171379,-0.2212181146623736,9.958403736993509,-0.0151360499061585,-0.0196093086259083,0.045464871341284,0.009999999999999787
4.01,-0.0331792742418813,-0.2224299591782582,9.957937586233452,-0.0152660196553414,-0.0193812912040487,0.0453602667559252,0.009999999999999787
4.0200000000000005,-0.0371693533077465,-0.223633796239635,9.95741226241138,-0.0153944628152804,-0.0191513356692197,0.04525452816626,0.010000000000000675
4.03,-0.0411570535476867,-0.2248295825084995,9.956827975649812,-0.0155213665417666,-0.0189194650167832,0.0451476582157476,0.009999999999999787
4.04,-0.0451421197502482,-0.2260172749366752,9.956184959655666,-0.015646718144533,-0.0186857024336112,0.0450396595761313,0.009999999999999787
4.05,-0.0491242968725543,-0.227196830767363,9.955483471626764,-0.0157705050885239,-0.0184500712957672,0.0449305349473714,0.009999999999999787
4.0600000000000005,-0.0531033300566284,-0.2283682075366806,9.954723792148965,-0.0158927149951479,-0.0182125951661686,0.0448202870575779,0.010000000000000675
4.07,-0.0570789646457044,-0.2295313630751904,9.95390622508393,-0.0160133356435163,-0.0179732977922305,0.0447089186629424,0.009999999999999787
4.08,-0.0610509462005262,-0.2306862555094189,9.953031097447589,-0.0161323549716648,-0.0177322031034909,0.0445964325476689,0.009999999999999787
4.09,-0.0650190205156299,-0.2318328432633631,9.95209875927932,-0.0162497610777596,-0.0174893352092177,0.0444828315239045,0.009999999999999787
4.1,-0.0689829336356134,-0.2329710850599878,9.951109583501966,-0.0163655422212882,-0.017244718395998,0.0443681184316687,0.009999999999999787
4.11,-0.0729424318713908,-0.2341009399227113,9.950063965772648,-0.0164796868242325,-0.0169983771253093,0.044252296138783,0.010000000000000675
4.12,-0.0768972618164259,-0.2352223671768803,9.948962324324516,-0.0165921834722274,-0.0167503360310733,0.0441353675407987,0.009999999999999787
4.13,-0.0808471703629522,-0.2363353264512349,9.94780509979946,-0.0167030209157018,-0.0165006199171927,0.0440173355609245,0.009999999999999787
4.14,-0.0847919047181709,-0.2374397776793615,9.94659275507186,-0.0168121880710038,-0.0162492537550709,0.0438982031499539,0.009999999999999787
4.15,-0.0887312124204302,-0.2385356811011353,9.945325775063443,-0.0169196740215089,-0.0159962626811146,0.0437779732861908,0.010000000000000675
4.16,-0.0926648413553814,-0.239622997264151,9.944004666549324,-0.0170254680187114,-0.0157416719942203,0.0436566489753758,0.009999999999999787
4.17,-0.0965925397721153,-0.2407016870251445,9.942629957955289,-0.0171295594833,-0.0154855071532447,0.0435342332506101,0.009999999999999787
4.18,-0.1005140562992737,-0.2417717115514008,9.941202199146446,-0.0172319380062148,-0.0152277937744583,0.0434107291722806,0.009999999999999787
4.19,-0.1044291399611382,-0.2428330323221528,9.939721961207283,-0.0173325933496888,-0.0149685576289842,0.0432861398279827,0.010000000000000675
4.2,-0.10833754019369,-0.2438856111299669,9.938189836213242,-0.0174315154482717,-0.0147078246402209,0.0431604683324436,0.009999999999999787
4.21,-0.1122390068606485,-0.24492941008212,9.936606436993891,-0.017528694409836,-0.0144456208812502,0.0430337178274442,0.009999999999999787
4.22,-0.1161332902694786,-0.2459643916019625,9.934972396887805,-0.0176241205165665,-0.0141819725722292,0.0429058914817404,0.009999999999999787
4.23,-0.1200201411873719,-0.2469905184302716,9.93328836948924,-0.017717784225932,-0.0139169060777694,0.0427769924909842,0.010000000000000675
4.24,-0.1238993108571959,-0.248007753626592,9.931555028386704,-0.0178096761716397,-0.0136504479042991,0.0426470240776438,0.009999999999999787
4.25,-0.1277705510134158,-0.2490160605705666,9.929773066893524,-0.0178997871645716,-0.0133826246974137,0.0425159894909226,0.009999999999999787
4.26,-0.1316336138979829,-0.2500154029632544,9.92794319777054,-0.0179881081937035,-0.0131134632392108,0.0423838920066785,0.009999999999999787
4.2700000000000005,-0.1354882522761918,-0.2510057448284373,9.926066152941004,-0.0180746304270061,-0.0128429904456117,0.0422507349273416,0.010000000000000675
4.28,-0.1393342194525014,-0.2519870505139148,9.924142683197816,-0.0181593452123281,-0.0125712333636706,0.0421165215818322,0.009999999999999787
4.29,-0.1431712692863253,-0.2529592846927884,9.922173557903234,-0.0182422440782616,-0.0122982191688691,0.0419812553254769,0.009999999999999787
4.3,-0.1469991562077838,-0.2539224123647326,9.920159564681118,-0.0183233187349891,-0.0120239751623992,0.0418449395399248,0.009999999999999787
4.3100000000000005,-0.1508176352334209,-0.2548763988572554,9.918101509101904,-0.0184025610751124,-0.011748528768433,0.0417075776330638,0.010000000000000675
4.32,-0.1546264619818819,-0.2558212098269458,9.916000214360382,-0.0184799631744637,-0.0114719075313804,0.0415691730389341,0.009999999999999787
4.33,-0.1584253926895551,-0.2567568112607111,9.913856520946435,-0.0185555172928975,-0.0111941391131345,0.0414297292176436,0.009999999999999787
4.34,-0.1622141842261717,-0.2576831694770007,9.911671286308843,-0.0186292158750648,-0.0109152512903057,0.0412892496552804,0.009999999999999787
4.3500000000000005,-0.1659925941103672,-0.2586002511270191,9.909445384512328,-0.0187010515511689,-0.0106352719514439,0.0411477378638263,0.010000000000000675
4.36,-0.1697603805251982,-0.2595080231959255,9.907179705887929,-0.0187710171377021,-0.0103542290942496,0.0410051973810687,0.009999999999999787
4.37,-0.1735173023336202,-0.2604064530040237,9.904875156676884,-0.018839105638164,-0.0100721508227745,0.0408616317705122,0.009999999999999787
4.38,-0.1772631190939199,-0.2612955082079376,9.902532658668155,-0.0189053102437612,-0.0097890653446105,0.0407170446212898,0.009999999999999787
4.39,-0.1809975910751034,-0.262175156801776,9.900153148829714,-0.0189696243340885,-0.0095050009680695,0.0405714395480724,0.009999999999999787
4.4,-0.1847204792722387,-0.2630453671182844,9.897737578933764,-0.0190320414777903,-0.0092199860993525,0.0404248201909795,0.010000000000000675
4.41,-0.1884315454217515,-0.2639061078299853,9.895286915176062,-0.0190925554332043,-0.0089340492397089,0.0402771902154872,0.009999999999999787
4.42,-0.1921305520166749,-0.2647573479503062,9.892802137789433,-0.0191511601489854,-0.0086472189825864,0.0401285533123373,0.009999999999999787
4.43,-0.1958172623218499,-0.2655990568346947,9.890284240651695,-0.0192078497647108,-0.0083595240107716,0.0399789131974447,0.009999999999999787
4.44,-0.1994914403890753,-0.2664312041817219,9.887734230888146,-0.0192626186114663,-0.0080709930935219,0.0398282736118043,0.010000000000000675
4.45,-0.2031528510722086,-0.2672537600341729,9.885153128468684,-0.0193154612124127,-0.0077816550836887,0.039676638321398,0.009999999999999787
4.46,-0.2068012600422157,-0.2680666947801261,9.88254196579986,-0.0193663722833341,-0.0074915389148319,0.0395240111171002,0.009999999999999787
4.47,-0.2104364338021683,-0.2688699791540184,9.879901787311931,-0.0194153467331657,-0.0072006735983264,0.039370395814583,0.009999999999999787
4.48,-0.2140581397021866,-0.2696635842376991,9.877233649041088,-0.0194623796645034,-0.0069090882204617,0.0392157962542209,0.010000000000000675
4.49,-0.2176661459543288,-0.2704474814614709,9.874538618207064,-0.0195074663740933,-0.0066168119395325,0.0390602163009951,0.009999999999999787
4.5,-0.2212602216474262,-0.2712216426051183,9.871817772786263,-0.0195506023533019,-0.0063238739829233,0.038903659844396,0.009999999999999787
4.51,-0.2248401367618617,-0.2719860397989239,9.869072201080574,-0.0195917832885673,-0.0060303036441858,0.0387461307983271,0.009999999999999787
4.5200000000000005,-0.22840566218429,-0.2727406455246712,9.86630300128207,-0.0196310050618303,-0.005736130280109,0.0385876331010062,0.010000000000000675
4.53,-0.2319565697223005,-0.2734854326166354,9.86351128103375,-0.0196682637509462,-0.0054413833077843,0.0384281707148676,0.009999999999999787
4.54,-0.235492632119023,-0.2742203742625619,9.86069815698649,-0.0197035556300771,-0.0051460922016633,0.0382677476264626,0.009999999999999787
4.55,-0.2390136230676714,-0.2749454440046308,9.857864754352404,-0.0197368771700647,-0.0048502864906105,0.0381063678463601,0.009999999999999787
4.5600000000000005,-0.2425193172260268,-0.2756606157404095,9.855012206454765,-0.0197682250387826,-0.0045539957549506,0.037944035409046,0.010000000000000675
4.57,-0.2460094902308592,-0.2763658637237929,9.852141654274696,-0.01979759610147,-0.0042572496235102,0.0377807543728231,0.009999999999999787
4.58,-0.2494839187122878,-0.2770611625659296,9.8492542459948,-0.0198249874210453,-0.0039600777706551,0.0376165288197085,0.009999999999999787
4.59,-0.252942380308076,-0.2777464872361367,9.846351136539887,-0.0198503962583992,-0.003662509913323,0.0374513628553326,0.009999999999999787
4.6000000000000005,-0.2563846536778621,-0.2784218130627998,9.843433487115036,-0.0198738200726692,-0.0033645758080516,0.037285260608836,0.010000000000000675
4.61,-0.259810518517325,-0.2790871157342621,9.840502464741114,-0.0198952565214935,-0.0030663052480032,0.037118226232766,0.009999999999999787
4.62,-0.2632197555722845,-0.2797423712996993,9.837559241787988,-0.0199147034612449,-0.0027677280599853,0.0369502639029735,0.009999999999999787
4.63,-0.2666121466527331,-0.280387556169982,9.8346049955056,-0.0199321589472457,-0.0024688741014678,0.0367813778185079,0.009999999999999787
4.64,-0.2699874746467991,-0.2810226471185243,9.83164090755307,-0.0199476212339618,-0.0021697732575976,0.0366115722015125,0.009999999999999787
4.65,-0.2733455235346437,-0.2816476212821208,9.82866816352606,-0.0199610887751775,-0.0018704554382097,0.036440851297119,0.010000000000000675
4.66,-0.2766860784022834,-0.282262456161769,9.825687952482546,-0.0199725602241499,-0.0015709505748367,0.0362692193733409,0.009999999999999787
4.67,-0.2800089254553475,-0.2828671296234798,9.822701466467208,-0.0199820344337436,-0.0012712886177154,0.0360966807209676,0.009999999999999787
4.68,-0.2833138520327584,-0.2834616198990736,9.819709900034637,-0.0199895104565456,-0.0009714995327917,0.0359232396534563,0.009999999999999787
4.69,-0.286600646620344,-0.284045905586965,9.816714449771512,-0.0199949875449598,-0.0006716132987243,0.0357489005068246,0.010000000000000675
4.7,-0.2898690988643715,-0.284619965652932,9.813716313818004,-0.019998465151282,-0.0003716599038867,0.0355736676395422,0.009999999999999787
4.71,-0.2931189995850137,-0.2851837794308746,9.81071669138852,-0.0199999429277543,-7.166934336844615e-05,0.0353975454324216,0.009999999999999787
4.72,-0.2963501407897333,-0.2857373266235575,9.807716782292037,-0.0199994207266004,0.0002283283840244,0.0352205382885088,0.009999999999999787
4.73,-0.2995623156865969,-0.2862805873033414,9.804717786452192,-0.01999689860004,0.0005283032787692,0.0350426506329731,0.010000000000000675
4.74,-0.3027553186975064,-0.2868135419129007,9.80172090342734,-0.0199923768002837,0.0008282253436263,0.0348638869129968,0.009999999999999787
4.75,-0.3059289454713596,-0.2873361712659271,9.79872733193073,-0.0199858557795075,0.0011280645866392,0.0346842515976635,0.009999999999999787
4.76,-0.3090829928971261,-0.28784845654782,9.795738269351046,-0.0199773361898082,0.0014277910241336,0.0345037491778468,0.009999999999999787
4.7700000000000005,-0.3122172591168478,-0.2883503793163649,9.79275491127347,-0.0199668188831377,0.0017273746837154,0.0343223841660976,0.010000000000000675
4.78,-0.3153315435385553,-0.2888419215023962,9.789778451001451,-0.0199543049112178,0.0020267856072682,0.0341401610965319,0.009999999999999787
4.79,-0.3184256468491096,-0.2893230654104483,9.786810079079416,-0.0199397955254353,0.0023259938539493,0.033957084524717,0.009999999999999787
4.8,-0.3214993710269544,-0.2897937937193924,9.783850982816553,-0.0199232921767168,0.0026249695031833,0.0337731590275575,0.009999999999999787
4.8100000000000005,-0.3245525193547922,-0.2902540894830603,9.780902345811915,-0.0199047965153832,0.0029236826576545,0.0335883892031813,0.010000000000000675
4.82,-0.3275848964321711,-0.2907039361308543,9.77796534748099,-0.0198843103909854,0.0032221034462964,0.0334027796708245,0.009999999999999787
4.83,-0.3305963081879939,-0.2911433174683435,9.775041162583948,-0.0198618358521187,0.0035202020272786,0.0332163350707156,0.009999999999999787
4.84,-0.3335865618929359,-0.2915722176778473,9.772130960755762,-0.0198373751462182,0.0038179485909916,0.03302906006396,0.009999999999999787
4.8500000000000005,-0.3365554661717811,-0.2919906213190046,9.76923590603836,-0.0198109307193342,0.0041153133630272,0.032840959332423,0.010000000000000675
4.86,-0.3395028310156683,-0.2923985133293292,9.766357156415026,-0.0197825052158873,0.0044122666071558,0.0326520375786132,0.009999999999999787
4.87,-0.3424284677942539,-0.292795879024753,9.763495863347233,-0.0197521014784043,0.0047087786283007,0.0324622995255645,0.009999999999999787
4.88,-0.3453321892677826,-0.2931827041001538,9.760653171314052,-0.0197197225472334,0.0050048197755066,0.0322717499167185,0.009999999999999787
4.89,-0.3482138095990715,-0.2935589746298707,9.757830217354396,-0.0196853716602408,0.0053003604449057,0.0320803935158053,0.009999999999999787
4.9,-0.3510731443654029,-0.2939246770682052,9.755028130612212,-0.0196490522524866,0.0055953710826772,0.0318882351067251,0.010000000000000675
4.91,-0.3539100105703274,-0.2942797982499092,9.752248031884832,-0.0196107679558813,0.0058898221880033,0.0316952794934281,0.009999999999999787
4.92,-0.3567242266553763,-0.2946243253906583,9.749491033174683,-0.0195705225988227,0.0061836843160187,0.0315015314997946,0.009999999999999787
4.93,-0.3595156125116811,-0.2949582460875127,9.746758237244492,-0.0195283202058129,0.0064769280807556,0.0313069959695142,0.009999999999999787
4.94,-0.3622839894914996,-0.2952815483193635,9.744050737176188,-0.0194841649970561,0.0067695241580818,0.0311116777659652,0.010000000000000675
4.95,-0.3650291804196499,-0.2955942204473651,9.741369615933705,-0.0194380613880364,0.0070614432886335,0.0309155817720924,0.009999999999999787
4.96,-0.3677510096048496,-0.2958962512153548,9.738715945929783,-0.0193900139890761,0.0073526562807408,0.0307187128902855,0.009999999999999787
4.97,-0.37044930285096,-0.2961876297502574,9.736090788597052,-0.0193400276048753,0.0076431340133472,0.0305210760422563,0.009999999999999787
4.98,-0.3731238874681346,-0.2964683455624772,9.733495193963437,-0.0192881072340306,0.0079328474389216,0.0303226761689157,0.010000000000000675
4.99,-0.3757745922838705,-0.2967383885462754,9.730930200232187,-0.0192342580685358,0.0082217675863628,0.0301235182302501,0.009999999999999787
5.0,-0.3784012476539641,-0.2969977489801336,9.728396833366595,-0.0191784854932627,0.0085098655638967,0.0299236072051978,0.009999999999999787
5.01,-0.3810036854733687,-0.2972464175271042,9.725896106679627,-0.0191207950854223,0.0087971125619658,0.0297229480915238,0.009999999999999787
5.0200000000000005,-0.3835817391869523,-0.2974843852351465,9.723429020428618,-0.0190611926140073,0.0090834798561097,0.0295215459056956,0.010000000000000675
5.03,-0.3861352438001563,-0.2977116435374485,9.720996561415172,-0.0189996840392152,0.0093689388098374,0.0293194056827573,0.009999999999999787
5.04,-0.388664035889558,-0.297928184252736,9.718599702590469,-0.0189362755118521,0.0096534608774916,0.029116532476204,0.009999999999999787
5.05,-0.3911679536133264,-0.2981339995855667,9.716239402666067,-0.0188709733727181,0.0099370176071026,0.0289129313578554,0.009999999999999787
5.0600000000000005,-0.3936468367215822,-0.2983290821266106,9.713916605730478,-0.0188037841519725,0.0102195806432337,0.0287086074177286,0.010000000000000675
5.07,-0.3961005265666518,-0.2985134248529175,9.711632240871502,-0.0187347145684815,0.0105011217298167,0.0285035657639116,0.009999999999999787
5.08,-0.3985288661132233,-0.2986870211281692,9.709387221804626,-0.0186637715291459,0.0107816127129776,0.0282978115224351,0.009999999999999787
5.09,-0.4009316999483946,-0.2988498647029183,9.70718244650754,-0.0185909621282105,0.0110610255438519,0.0280913498371444,0.009999999999999787
5.1000000000000005,-0.4033088742916205,-0.299001949714814,9.70501879686097,-0.0185162936465546,0.0113393322813894,0.0278841858695708,0.010000000000000675
5.11,-0.4056602370045536,-0.299143270688812,9.702897138295922,-0.0184397735509643,0.0116165050951481,0.0276763247988028,0.009999999999999787
5.12,-0.4079856376007839,-0.2992738225373727,9.70081831944754,-0.0183614094933853,0.0118925162680776,0.0274677718213563,0.009999999999999787
5.13,-0.4102849272554664,-0.2993936005606435,9.69878317181564,-0.0182812093101581,0.0121673381992908,0.0272585321510449,0.009999999999999787
5.14,-0.4125579588148482,-0.2995026004466287,9.696792509432145,-0.0181991810212342,0.0124409434068234,0.0270486110188494,0.009999999999999787
5.15,-0.4148045868056854,-0.2996008182713441,9.694847128535462,-0.018115332829374,0.0127133045303828,0.0268380136727872,0.010000000000000675
5.16,-0.4170246674445533,-0.2996882504989585,9.692947807252017,-0.018029673119327,0.0129843943340835,0.026626745377781,0.009999999999999787
5.17,-0.4192180586470489,-0.2997648939819212,9.691095305284993,-0.0179422104569928,0.0132541857091711,0.0264148114155272,0.009999999999999787
5.18,-0.4213846200368839,-0.2998307459610752,9.68929036361048,-0.0178529535885646,0.0135226516767329,0.0262022170843638,0.009999999999999787
5.19,-0.4235242129548688,-0.2998858040657562,9.687533704181083,-0.017761911439655,0.0137897653903959,0.0259889676991379,0.010000000000000675
5.2,-0.4256367004677872,-0.2999300663138785,9.685826029637152,-0.017669093114403,0.0140555001390113,0.0257750685910732,0.009999999999999787
5.21,-0.4277219473771594,-0.2999635311120059,9.684168023025736,-0.0175745078945637,0.0143198293493256,0.0255605251076361,0.009999999999999787
5.22,-0.4297798202278949,-0.2999861972554093,9.682560347527373,-0.0174781652385804,0.0145827265886382,0.0253453426124026,0.009999999999999787
5.23,-0.4318101873168337,-0.2999980639281099,9.681003646190822,-0.0173800747806383,0.0148441655674441,0.0251295264849239,0.010000000000000675
5.24,-0.433812918701175,-0.299999130702909,9.67949854167587,-0.0172802463297014,0.0151041201420634,0.0249130821205919,0.009999999999999787
5.25,-0.4357878862067941,-0.2999893975414026,9.67804563600425,-0.0171786898685318,0.0153625643172552,0.0246960149305044,0.009999999999999787
5.26,-0.4377349634364444,-0.2999688647939835,9.67664551031886,-0.0170754155526908,0.0156194722488173,0.0244783303413299,0.009999999999999787
5.2700000000000005,-0.4396540257778481,-0.2999375331998284,9.675298724651308,-0.016970433709524,0.0158748182461708,0.0242600337951718,0.010000000000000675
5.28,-0.4415449504116702,-0.2998954038868713,9.674005817697902,-0.0168637548371283,0.0161285767749286,0.0240411307494324,0.009999999999999787
5.29,-0.4434076163193797,-0.299842478371763,9.672767306604184,-0.0167553896033019,0.0163807224594494,0.0238216266766763,0.009999999999999787
5.3,-0.4452419042909942,-0.2997787585598163,9.67158368675808,-0.016645348844478,0.0166312300853748,0.0236015270644941,0.009999999999999787
5.3100000000000005,-0.4470476969327097,-0.2997042467449374,9.670455431591746,-0.0165336435646407,0.0168800746021509,0.0233808374153645,0.010000000000000675
5.32,-0.4488248786744134,-0.2996189456095438,9.669382992392206,-0.0164202849342249,0.0171272311255336,0.0231595632465172,0.009999999999999787
5.33,-0.4505733357770806,-0.299522858224467,9.66836679812084,-0.0163052842889992,0.0173726749400763,0.022937710089795,0.009999999999999787
5.34,-0.4522929563400533,-0.2994159880488425,9.66740725524181,-0.0161886531289323,0.0176163815016021,0.0227152834915153,0.009999999999999787
5.3500000000000005,-0.4539836303082027,-0.2992983389299852,9.666504747559472,-0.0160704031170431,0.0178583264396582,0.0224922890123313,0.010000000000000675
5.36,-0.4556452494789717,-0.2991699151032506,9.665659636064865,-0.015950546078234,0.0180984855599521,0.0222687322270935,0.009999999999999787
5.37,-0.4572777075093007,-0.2990307211918827,9.66487225879132,-0.0158290939981093,0.018336834846772,0.0220446187247099,0.009999999999999787
5.38,-0.4588808999224328,-0.298880762206847,9.664142930679247,-0.0157060590217756,0.0185733504653879,0.0218199541080063,0.009999999999999787
5.39,-0.460454724114601,-0.298720043546651,9.663471943450167,-0.015581453452628,0.018808008764435,0.0215947439935864,0.009999999999999787
5.4,-0.4619990793615939,-0.2985485709971491,9.662859565490027,-0.0154552897511197,0.019040786278279,0.0213689940116914,0.010000000000000675
5.41,-0.4635138668252032,-0.2983663507313344,9.662306041741845,-0.0153275805335156,0.0192716597293624,0.0211427098060592,0.009999999999999787
5.42,-0.464998989559548,-0.298173389309117,9.661811593607736,-0.0151983385706312,0.0195006060305325,0.0209158970337829,0.009999999999999787
5.43,-0.4664543525172803,-0.2979696936770871,9.66137641886037,-0.0150675767865549,0.01972760228735,0.0206885613651702,0.009999999999999787
5.44,-0.4678798625556675,-0.2977552711682655,9.661000691563835,-0.0149353082573562,0.0199526258003784,0.0204607084836008,0.010000000000000675
5.45,-0.4692754284425539,-0.2975301295018395,9.660684562004043,-0.0148015462097778,0.0201756540674539,0.0202323440853851,0.009999999999999787
5.46,-0.470640960862199,-0.2972942767828845,9.660428156628608,-0.0146663040199131,0.0203966647859357,0.0200034738796209,0.009999999999999787
5.47,-0.4719763724209939,-0.2970477215020731,9.660231577996251,-0.0145295952118682,0.020615635854936,0.0197741035880517,0.009999999999999787
5.48,-0.4732815776530549,-0.2967904725353688,9.660094904735812,-0.0143914334564101,0.0208325453775304,0.0195442389449226,0.010000000000000675
5.49,-0.4745564930256924,-0.2965225391437065,9.660018191514771,-0.0142518325695992,0.0210473716629475,0.0193138856968378,0.009999999999999787
5.5,-0.475801036944758,-0.2962439309726594,9.660001469017397,-0.0141108065114078,0.0212600932287378,0.0190830496026165,0.009999999999999787
5.51,-0.4770151297598655,-0.2959546580520917,9.660044743932456,-0.0139683693843242,0.0214706888029218,0.0188517364331491,0.009999999999999787
5.5200000000000005,-0.4781986937694892,-0.295654730795797,9.660147998950569,-0.0138245354319425,0.0216791373261177,0.0186199519712527,0.010000000000000675
5.53,-0.4793516532259364,-0.2953441600011245,9.6603111927711,-0.013679319037538,0.0218854179536469,0.0183877020115268,0.009999999999999787
5.54,-0.4804739343401956,-0.2950229568485891,9.6605342601187,-0.0135327347226291,0.0220895100576185,0.0181549923602084,0.009999999999999787
5.55,-0.4815654652866583,-0.2946911329014695,9.660817111769402,-0.0133847971455252,0.0222913932289922,0.0179218288350265,0.009999999999999787
5.5600000000000005,-0.4826261762077167,-0.294348700105392,9.661159634586316,-0.0132355210998607,0.0224910472796192,0.0176882172650571,0.010000000000000675
5.57,-0.4836559992182339,-0.2939956707879004,9.661561691564886,-0.0130849215131158,0.0226884522442606,0.0174541634905774,0.009999999999999787
5.58,-0.4846548684098887,-0.293632057658012,9.662023121887678,-0.0129330134451236,0.0228835883825846,0.0172196733629195,0.009999999999999787
5.59,-0.4856227198553937,-0.29325787380576,9.662543740988715,-0.0127798120865644,0.0230764361811399,0.0169847527443243,0.009999999999999787
5.6000000000000005,-0.4865594916125869,-0.2928731327017229,9.663123340627305,-0.0126253327574464,0.0232669763553075,0.0167494075077952,0.010000000000000675
5.61,-0.4874651237283955,-0.2924778481965388,9.663761688971308,-0.0124695909055737,0.0234551898512285,0.0165136435369507,0.009999999999999787
5.62,-0.4883395582426732,-0.2920720345204072,9.664458530689908,-0.0123126021050017,0.0236410578477104,0.016277466725878,0.009999999999999787
5.63,-0.4891827391919096,-0.2916557062825766,9.665213587055703,-0.0121543820544797,0.0238245617581083,0.0160408829789848,0.009999999999999787
5.64,-0.4899946126128116,-0.2912288784708185,9.666026556056217,-0.0119949465758808,0.0240056832321841,0.0158038982108526,0.009999999999999787
5.65,-0.4907751265457578,-0.2907915664508882,9.666897112514688,-0.0118343116126201,0.0241844041579414,0.0155665183460883,0.010000000000000675
5.66,-0.4915242310381224,-0.2903437859659711,9.66782490822014,-0.0116724932280601,0.0243607066634365,0.0153287493191761,0.009999999999999787
5.67,-0.4922418781474739,-0.2898855531361164,9.66880957206666,-0.0115095076039043,0.0245345731185658,0.0150905970743293,0.009999999999999787
5.68,-0.4929280219446421,-0.2894168844576564,9.66985071020184,-0.0113453710385793,0.0247059861368286,0.0148520675653416,0.009999999999999787
5.69,-0.4935826185166583,-0.2889377968026128,9.670947906184308,-0.0111800999456049,0.024874928577066,0.0146131667554383,0.010000000000000675
5.7,-0.4942056259695653,-0.2884483074180896,9.6721007211503,-0.0110137108519527,0.0250413835451747,0.0143739006171272,0.009999999999999787
5.71,-0.4947970044310987,-0.2879484339256518,9.673308693989195,-0.0108462203963933,0.0252053343957967,0.0141342751320493,0.009999999999999787
5.72,-0.4953567160532388,-0.287438194320691,9.674571341527972,-0.0106776453278328,0.0253667647339835,0.0138942962908293,0.009999999999999787
5.73,-0.495884725014633,-0.2869176069717779,9.675888158724446,-0.0105080025036375,0.0255256584168357,0.0136539700929256,0.010000000000000675
5.74,-0.4963809975228878,-0.286386690620001,9.677258618869296,-0.0103373088879485,0.0256819995551176,0.0134133025464808,0.009999999999999787
5.75,-0.4968455018167322,-0.2858454643782914,9.678682173796735,-0.0101655815499851,0.0258357725148456,0.013172299668171,0.009999999999999787
5.76,-0.4972782081680499,-0.2852939477307354,9.680158254103777,-0.009992837662338,0.0259869619188518,0.0129309674830555,0.009999999999999787
5.7700000000000005,-0.4976790888837821,-0.284732160531873,9.681686269377977,-0.009819094499252,0.0261355526483219,0.0126893120244264,0.010000000000000675
5.78,-0.4980481183076999,-0.2841601230059823,9.683265608433596,-0.0096443694348986,0.0262815298443067,0.0124473393336576,0.009999999999999787
5.79,-0.498385272822046,-0.2835778557463528,9.684895639556077,-0.0094686799416387,0.0264248789092082,0.0122050554600537,0.009999999999999787
5.8,-0.4986905308490466,-0.2829853797145427,9.686575710754694,-0.0092920435882751,0.0265655855082395,0.0119624664606991,0.009999999999999787
5.8100000000000005,-0.4989638728522923,-0.2823827162396253,9.688305150023377,-0.009114478038296,0.0267036355708579,0.0117195784003059,0.010000000000000675
5.82,-0.499205281337988,-0.2817698870174205,9.690083265609474,-0.0089360010481086,0.0268390152921722,0.0114763973510632,0.009999999999999787
5.83,-0.4994147408560732,-0.2811469141097143,9.691909346290458,-0.0087566304652629,0.026971711134323,0.0112329293924844,0.009999999999999787
5.84,-0.49959223800121,-0.2805138199434639,9.693782661658403,-0.0085763842266679,0.0271017098278367,0.0109891806112558,0.009999999999999787
5.8500000000000005,-0.499737761413642,-0.279870627309991,9.695702462412145,-0.0083952803567971,0.0272289983729524,0.0107451571010843,0.010000000000000675
5.86,-0.4998513017799202,-0.279217359364161,9.697667980656972,-0.0082133369658868,0.0273535640409214,0.0105008649625449,0.009999999999999787
5.87,-0.4999328518335001,-0.2785540396235493,9.6996784302118,-0.0080305722481242,0.027475394375281,0.0102563103029284,0.009999999999999787
5.88,-0.4999824063552061,-0.2778806919675949,9.701733006923606,-0.007847004479829,0.0275944771930991,0.0100114992360885,0.009999999999999787
5.89,-0.4999999621735655,-0.2771973406367408,9.7038308889891,-0.007662652017625,0.0277108005861933,0.0097664378822891,0.009999999999999787
5.9,-0.4999855181650122,-0.276504010231561,9.705971237283432,-0.0074775332966047,0.027824352922321,0.0095211323680513,0.010000000000000675
5.91,-0.4999390752539577,-0.2758007257118753,9.708153195695818,-0.007291666828486,0.0279351228463434,0.0092755888260002,0.009999999999999787
5.92,-0.4998606364127324,-0.2750875123958504,9.710375891471989,-0.0071050711997608,0.0280430992813604,0.0090298133947116,0.009999999999999787
5.93,-0.4997502066613954,-0.2743643959590887,9.712638435563262,-0.0069177650698365,0.0281482714298184,0.0087838122185584,0.009999999999999787
5.94,-0.4996077930674132,-0.2736314024337037,9.714939922982175,-0.00672976716917,0.0282506287745903,0.0085375914475572,0.010000000000000675
5.95,-0.4994334047452071,-0.2728885582073833,9.717279433164446,-0.0065410962973948,0.0283501610800268,0.0082911572372145,0.009999999999999787
5.96,-0.4992270528555702,-0.2721358900224394,9.719656030337193,-0.0063517713214406,0.0284468583929803,0.0080445157483727,0.009999999999999787
5.97,-0.4989887506049529,-0.2713734249748453,9.722068763893231,-0.0061618111736475,0.0285407110438002,0.0077976731470562,0.009999999999999787
5.98,-0.4987185132446181,-0.2706011905132603,9.724516668771315,-0.0059712348498718,0.0286317096472996,0.0075506356043171,0.010000000000000675
5.99,-0.4984163580696645,-0.2698192144380419,9.72699876584213,-0.0057800614075872,0.0287198451036939,0.0073034092960812,0.009999999999999787
6.0,-0.4980823044179203,-0.2690275249002442,9.729514062299936,-0.0055883099639785,0.0288051085995109,0.0070560004029933,0.009999999999999787
6.01,-0.4977163736687051,-0.2682261504006048,9.73206155205969,-0.0053959996940303,0.0288874916084722,0.0068084151102628,0.009999999999999787
6.0200000000000005,-0.4973185892414618,-0.2674151197885195,9.734640216159455,-0.0052031498286093,0.0289669858923455,0.0065606596075091,0.010000000000000675
6.03,-0.4968889765942581,-0.2665944622610026,9.737249023167974,-0.0050097796525414,0.0290435835017686,0.006312740088607,0.009999999999999787
6.04,-0.4964275632221568,-0.2657642073616365,9.739886929597226,-0.0048159085026831,0.0291172767770444,0.0060646627515314,0.009999999999999787
6.05,-0.4959343786554563,-0.2649243849795078,9.74255288031981,-0.0046215557659878,0.0291880583489069,0.005816433798203,0.009999999999999787
6.0600000000000005,-0.4954094544578002,-0.2640750253481316,9.745245808990983,-0.0044267408775671,0.0292559211392577,0.0055680594343324,0.010000000000000675
6.07,-0.4948528242241584,-0.2632161590443631,9.747964638475182,-0.0042314833187477,0.0293208583618745,0.0053195458692661,0.009999999999999787
6.08,-0.4942645235786756,-0.2623478169872962,9.750708281276864,-0.0040358026151225,0.0293828635230891,0.00507089931583,0.009999999999999787
6.09,-0.4936445901723924,-0.2614700304371514,9.75347563997549,-0.0038397183345991,0.029441930422437,0.0048221259901752,0.009999999999999787
6.1000000000000005,-0.492993063680835,-0.2605828309941494,9.756265607664476,-0.0036432500854419,0.0294980531532775,0.0045732321116218,0.010000000000000675
6.11,-0.4923099858014768,-0.2596862505973747,9.759077068393948,-0.0034464175143122,0.0295512261033843,0.0043242239025038,0.009999999999999787
6.12,-0.4915954002510687,-0.2587803215236245,9.7619088976171,-0.003249240304303,0.0296014439555067,0.0040751075880134,0.009999999999999787
6.13,-0.4908493527628422,-0.2578650763862477,9.764759962639998,-0.0030517381729712,0.0296487016879014,0.0038258893960456,0.009999999999999787
6.140000000000001,-0.4900718910835815,-0.2569405481339704,9.767629123074649,-0.0028539308703651,0.0296929945748344,0.0035765755570421,0.010000000000000675
6.15,-0.4892630649705691,-0.2560067700497098,9.77051523129513,-0.0026558381770503,0.029734318187054,0.003327172303836,0.009999999999999787
6.16,-0.4884229261884001,-0.2550637757493762,9.773417132896638,-0.002457479902131,0.0297726683922335,0.0030776858714956,0.009999999999999787
6.17,-0.4875515285056697,-0.2541115991806624,9.776333667157225,-0.0022588758812693,0.0298080413553841,0.0028281224971687,0.009999999999999787
6.18,-0.4866489276915322,-0.2531502746218221,9.779263667502065,-0.0020600459747019,0.0298404335392392,0.0025784884199267,0.009999999999999787
6.19,-0.4857151815121313,-0.2521798366804356,9.782205961970094,-0.0018610100652537,0.0298698417046074,0.0023287898806084,0.010000000000000675
6.2,-0.4847503497269043,-0.251200320292164,9.785159373682754,-0.0016617880563499,0.0298962629106965,0.0020790331216645,0.009999999999999787
6.21,-0.4837544940847559,-0.2502117607194915,9.788122721314735,-0.0014623998700252,0.029919694515408,0.0018292243870008,0.009999999999999787
6.22,-0.4827276783201072,-0.249214193550456,9.7910948195665,-0.0012628654449322,0.029940134175601,0.0015793699218226,0.009999999999999787
6.23,-0.4816699681488166,-0.2482076546973677,9.79407447963837,-0.0010632047343471,0.0299575798473264,0.0013294759724787,0.010000000000000675
6.24,-0.4805814312639742,-0.2471921803955167,9.797060509706048,-0.0008634377041745,0.0299720297860317,0.0010795487863047,0.009999999999999787
6.25,-0.4794621373315692,-0.2461678072018682,9.80005171539732,-0.0006635843309511,0.0299834825467349,0.0008295946114673,0.009999999999999787
6.26,-0.4783121579860309,-0.2451345719937465,9.803046900269791,-0.0004636645998475,0.0299919369841697,0.0005796196968079,0.009999999999999787
6.2700000000000005,-0.4771315668256449,-0.2440925119675075,9.806044866289447,-0.0002636985026704,0.0299973922528992,0.0003296302916861,0.010000000000000675
6.28,-0.4759204394078428,-0.2430416646371997,9.809044414309852,-6.370603586275981e-05,0.0299998478074012,7.963264582434142e-05,0.009999999999999787
6.29,-0.4746788532443658,-0.2419820678332134,9.812044344551794,0.0001362928014954,0.0299993034021222,-0.0001703669908494,0.009999999999999787
6.3,-0.4734068877963044,-0.2409137597009192,9.81504345708317,0.0003362780096869,0.0299957590915024,-0.0004203623683574,0.009999999999999787
6.3100000000000005,-0.4721046244690132,-0.2398367786992943,9.81804055229896,0.0005362295903578,0.0299892152299698,-0.000670347236828,0.010000000000000675
6.32,-0.4707721466069007,-0.2387511635995387,9.821034431401037,0.0007361275485165,0.0299796724719051,-0.0009203153466526,0.009999999999999787
6.33,-0.4694095394880955,-0.2376569534836785,9.824023896877677,0.0009359518945337,0.0299671317715762,-0.0011702604486415,0.009999999999999787
6.34,-0.4680168903189876,-0.2365541877431599,9.827007752982547,0.0011356826461415,0.0299515943830427,-0.0014201762941801,0.009999999999999787
6.3500000000000005,-0.4665942882286486,-0.2354429060774303,9.829984806212993,0.0013352998304311,0.0299330618600305,-0.0016700566353854,0.010000000000000675
6.36,-0.465141824263127,-0.2343231484925098,9.832953865787411,0.0015347834858503,0.0299115360557764,-0.0019198952252617,0.009999999999999787
6.37,-0.4636595913796207,-0.2331949552995503,9.835913744121566,0.0017341136642,0.0298870191228429,-0.0021696858178574,0.009999999999999787
6.38,-0.4621476844405282,-0.2320583671133851,9.83886325730358,0.0019332704326283,0.0298595135129029,-0.0024194221684207,0.009999999999999787
6.390000000000001,-0.4606062002073773,-0.2309134248510662,9.841801225567515,0.0021322338756244,0.0298290219764944,-0.0026690980335557,0.010000000000000675
6.4,-0.4590352373346333,-0.2297601697303912,9.844726473765231,0.0023309840970098,0.0297955475627457,-0.002918707171379,0.009999999999999787
6.41,-0.4574348963633837,-0.2285986432684199,9.847637831836456,0.002529501221928,0.0297590936190703,-0.0031682433416749,0.009999999999999787
6.42,-0.4558052797149041,-0.2274288872799797,9.850534135276776,0.0027277653988319,0.0297196637908322,-0.0034177003060523,0.009999999999999787
6.43,-0.454146491684104,-0.2262509438761596,9.853414225603434,0.002925756801469,0.0296772620209812,-0.0036670718281001,0.009999999999999787
6.44,-0.4524586384328509,-0.2250648554627951,9.8562769508187,0.0031234556308642,0.0296318925496592,-0.0039163516735432,0.010000000000000675
6.45,-0.4507418279831774,-0.2238706647389408,9.859121165870654,0.0033208421172991,0.0295835599137753,-0.0041655336103984,0.009999999999999787
6.46,-0.4489961702103656,-0.222668414695334,9.861945733111202,0.0035178965222896,0.029532268946553,-0.0044146114091303,0.009999999999999787
6.47,-0.4472217768359174,-0.2214581486128464,9.864749522751104,0.0037145991405595,0.0294780247770461,-0.0046635788428069,0.009999999999999787
6.48,-0.4454187614204029,-0.2202399100609261,9.867531413311893,0.0039109303020108,0.0294208328296265,-0.0049124296872554,0.010000000000000675
6.49,-0.4435872393561939,-0.2190137428960294,9.87029029207443,0.004106870373691,0.0293606988234411,-0.0051611577212175,0.009999999999999787
6.5,-0.4417273278600765,-0.217779691260042,9.873025055523996,0.0043023997617563,0.0292976287718407,-0.0054097567265054,0.009999999999999787
6.51,-0.4398391459657522,-0.2165377995786895,9.875734609791678,0.0044974989134306,0.0292316289817776,-0.0056582204881568,0.009999999999999787
6.5200000000000005,-0.4379228145162172,-0.2152881125599381,9.87841787109189,0.0046921483189616,0.0291627060531759,-0.0059065427945908,0.010000000000000675
6.53,-0.435978456156031,-0.2140306751923855,9.881073766155897,0.0048863285135707,0.0290908668782712,-0.0061547174377626,0.009999999999999787
6.54,-0.4340061953234642,-0.2127655327436415,9.883701232661071,0.0050800200794004,0.0290161186409209,-0.0064027382133189,0.009999999999999787
6.55,-0.4320061582425372,-0.2114927307586973,9.886299219655855,0.0052732036474555,0.0289384688158865,-0.0066505989207534,0.009999999999999787
6.5600000000000005,-0.4299784729149402,-0.210212315058287,9.888866687980087,0.0054658598995402,0.0288579251680858,-0.0068982933635613,0.010000000000000675
6.57,-0.4279232691118428,-0.2089243317372374,9.891402610680668,0.0056579695701898,0.0287744957518166,-0.0071458153493944,0.009999999999999787
6.58,-0.4258406783655861,-0.2076288271628092,9.893905973422331,0.0058495134485973,0.0286881889099508,-0.0073931586902159,0.009999999999999787
6.59,-0.4237308339612674,-0.206325847973027,9.896375774893356,0.0060404723805346,0.0285990132731008,-0.0076403172024552,0.009999999999999787
6.6000000000000005,-0.4215938709282081,-0.2050154410750008,9.898811027206085,0.0062308272702675,0.0285069777587558,-0.0078872847071624,0.010000000000000675
6.61,-0.4194299260313135,-0.2036976536432376,9.901210756292064,0.0064205590824657,0.0284120915703908,-0.0081340550301627,0.009999999999999787
6.62,-0.4172391377623179,-0.2023725331179427,9.90357400229165,0.0066096488441062,0.0283143641965454,-0.0083806220022109,0.009999999999999787
6.63,-0.4150216463309228,-0.2010401272033117,9.905899819937956,0.0067980776463702,0.0282138054098755,-0.0086269794591455,0.009999999999999787
6.640000000000001,-0.4127775936558226,-0.1997004838658136,9.90818727893494,0.0069858266465347,0.0281104252661761,-0.008873121242043,0.010000000000000675
6.65,-0.4105071233556235,-0.198353651332464,9.91043546432949,0.007172877069856,0.0280042341033753,-0.0091190411973715,0.009999999999999787
6.66,-0.4082103807396488,-0.1969996780890886,9.912643476877433,0.0073592102114476,0.027895242540501,-0.0093647331771451,0.009999999999999787
6.67,-0.4058875127986422,-0.195638612878578,9.914810433403186,0.0075448074381508,0.0277834614766186,-0.009610191039077,0.009999999999999787
6.68,-0.4035386681953593,-0.1942705046991326,9.916935467153031,0.0077296501903975,0.0276689020897413,-0.0098554086467334,0.009999999999999787
6.69,-0.4011639972550527,-0.1928954028024992,9.919017728141805,0.0079137199840666,0.0275515758357124,-0.010100379869687,0.010000000000000675
6.7,-0.3987636519558521,-0.1915133566921978,9.921056383492868,0.0080969984123319,0.0274314944470595,-0.0103450985836699,0.009999999999999787
6.71,-0.3963377859190374,-0.1901244161217387,9.923050617771269,0.0082794671475035,0.0273086699318214,-0.0105895586707271,0.009999999999999787
6.72,-0.3938865543992069,-0.1887286310928327,9.92499963330988,0.0084611079428599,0.0271831145723473,-0.0108337540193689,0.009999999999999787
6.73,-0.3914101142743412,-0.1873260518535899,9.926902650528476,0.0086419026344729,0.0270548409240685,-0.0110776785247246,0.010000000000000675
6.74,-0.3889086240357629,-0.1859167288967119,9.928758908245545,0.008821833143024,0.0269238618142428,-0.0113213260886941,0.009999999999999787
6.75,-0.3863822437779936,-0.1845007129576723,9.930567663982744,0.0090008814756123,0.0267901903406723,-0.011564690620101,0.009999999999999787
6.76,-0.3838311351885072,-0.1830780550128923,9.932328194261896,0.0091790297275538,0.0266538398703927,-0.0118077660348448,0.009999999999999787
6.7700000000000005,-0.381255461537383,-0.1816488062779042,9.934039794894368,0.0093562600841716,0.0265148240383375,-0.0120505462560527,0.010000000000000675
6.78,-0.3786553876668552,-0.1802130182055084,9.935701781262722,0.0095325548225779,0.0263731567459742,-0.0122930252142318,0.009999999999999787
6.79,-0.3760310799807642,-0.17877074248392,9.937313488594572,0.0097078963134458,0.0262288521599138,-0.0125351968474208,0.009999999999999787
6.8,-0.3733827064339061,-0.1773220310349094,9.938874272228476,0.0098822670227721,0.0260819247104947,-0.0127770551013415,0.009999999999999787
6.8100000000000005,-0.370710436521284,-0.1758669360119323,9.940383507871788,0.0100556495136314,0.0259323890903394,-0.0130185939295502,0.010000000000000675
6.82,-0.36801444126726,-0.1744055097982525,9.941840591850374,0.010228026447919,0.0257802602528854,-0.0132598072935886,0.009999999999999787
6.83,-0.3652948932146103,-0.1729378050050556,9.943244941350072,0.0103993805880851,0.0256255534108895,-0.0135006891631353,0.009999999999999787
6.84,-0.3625519664134818,-0.1714638744695557,9.944595994649807,0.0105696947988586,0.0254682840349071,-0.0137412335161562,0.009999999999999787
6.8500000000000005,-0.3597858364102537,-0.1699837712530931,9.94589321134627,0.0107389520489602,0.0253084678517447,-0.0139814343390548,0.010000000000000675
6.86,-0.356996680236302,-0.1684975486392237,9.94713607257008,0.010907135412806,0.0251461208428875,-0.0142212856268231,0.009999999999999787
6.87,-0.3541846763966698,-0.1670052601318009,9.948324081193318,0.0110742280721998,0.024981259242901,-0.0144607813831914,0.009999999999999787
6.88,-0.351350004858643,-0.1655069594530498,9.949456762028376,0.0112402133180148,0.0248138995378079,-0.0146999156207783,0.009999999999999787
6.890000000000001,-0.3484928470402324,-0.1640027005416332,9.95053366201802,0.0114050745518649,0.0246440584634391,-0.0149386823612404,0.010000000000000675
6.9,-0.3456133857985632,-0.1624925375507095,9.951554350416616,0.011568795287764,0.0244717530037607,-0.0151770756354214,0.009999999999999787
6.91,-0.342711805418172,-0.160976524845983,9.952518418962413,0.0117313591537749,0.0242970003891749,-0.0154150894835021,0.009999999999999787
6.92,-0.3397882915992128,-0.1594547170037475,9.95342548204084,0.0118927498936465,0.0241198180947977,-0.0156527179551485,0.009999999999999787
6.93,-0.3368430314455721,-0.1579271688089212,9.954275176838769,0.0120529513684394,0.0239402238387107,-0.0158899551096612,0.009999999999999787
6.94,-0.3338762134528943,-0.1563939352530736,9.955067163489604,0.0122119475581395,0.02375823558019,-0.0161267950161239,0.010000000000000675
6.95,-0.3308880274965184,-0.1548550715324474,9.955801125209248,0.0123697225632604,0.0235738715179098,-0.0163632317535511,0.009999999999999787
6.96,-0.3278786648193256,-0.1533106330459704,9.956476768422796,0.0125262606064331,0.0233871500881226,-0.0165992594110367,0.009999999999999787
6.97,-0.3248483180195001,-0.1517606753932615,9.957093822881973,0.0126815460339836,0.0231980899628158,-0.0168348720879015,0.009999999999999787
6.98,-0.3217971810382026,-0.1502052543726283,9.95765204177322,0.0128355633174986,0.0230067100478444,-0.017070063893841,0.010000000000000675
6.99,-0.3187254491471585,-0.1486444259790599,9.958151201816428,0.0129882970553782,0.0228130294810404,-0.0173048289490722,0.009999999999999787
7.0,-0.3156333189361604,-0.1470782464022098,9.95859110335423,0.0131397319743757,0.0226170676302991,-0.0175391613844809,0.009999999999999787
7.01,-0.3125209883004864,-0.1455067720243739,9.95897157043188,0.0132898529311256,0.0224188440916423,-0.0177730553417686,0.009999999999999787
7.0200000000000005,-0.3093886564282347,-0.1439300594184596,9.95929245086762,0.0134386449136572,0.0222183786872586,-0.0180065049735984,0.010000000000000675
7.03,-0.306236523787576,-0.1423481653459506,9.959553616313553,0.0135860930428962,0.0220156914635214,-0.0182395044437417,0.009999999999999787
7.04,-0.3030647921139234,-0.1407611467548628,9.959754962306976,0.0137321825741527,0.0218108026889842,-0.0184720479272238,0.009999999999999787
7.05,-0.2998736643970215,-0.1391690607776942,9.959896408312188,0.0138768988985952,0.0216037328523538,-0.0187041296104699,0.009999999999999787
7.0600000000000005,-0.2966633448679548,-0.1375719647293677,9.959977897752664,0.0140202275447119,0.0213945026604411,-0.0189357436914499,0.010000000000000675
7.07,-0.2934340389860774,-0.1359699161051686,9.95999939803372,0.0141621541797576,0.0211831330360911,-0.0191668843798238,0.009999999999999787
7.08,-0.2901859534258635,-0.1343629725786745,9.959960900555528,0.0143026646111871,0.0209696451160901,-0.0193975458970865,0.009999999999999787
7.09,-0.2869192960636803,-0.132751191999679,9.959862420716563,0.0144417447880743,0.0207540602490521,-0.019627722476712,0.009999999999999787
7.1000000000000005,-0.283634275964484,-0.1311346323921083,9.959703997907456,0.0145793808025175,0.0205363999932841,-0.019857408364298,0.010000000000000675
7.11,-0.2803311033684394,-0.1295133519519341,9.959485695495207,0.0147155588910298,0.0203166861146305,-0.020086597817709,0.009999999999999787
7.12,-0.2770099896774656,-0.127887409045077,9.959207600797878,0.014850265435916,0.0200949405842959,-0.0203152851072208,0.009999999999999787
7.13,-0.2736711474417048,-0.1262568622053063,9.95886982504964,0.0149834869666337,0.0198711855766486,-0.020543464515663,0.009999999999999787
7.140000000000001,-0.2703147903459207,-0.1246217701321318,9.958472503356283,0.015115210161141,0.0196454434670029,-0.0207711303385623,0.010000000000000675
7.15,-0.2669411331958217,-0.1229821916886916,9.958015794641192,0.0152454218472282,0.0194177368293817,-0.0209982768842849,0.009999999999999787
7.16,-0.2635503919043139,-0.1213381858996327,9.957499881581764,0.0153741090038351,0.0191880884342589,-0.0212248984741791,0.009999999999999787
7.17,-0.2601427834776825,-0.1196898119489862,9.95692497053634,0.0155012587623533,0.0189565212462827,-0.0214509894427169,0.009999999999999787
7.18,-0.2567185260017042,-0.1180371291780357,9.956291291461676,0.015626858407913,0.0187230584219789,-0.0216765441376358,0.009999999999999787
7.19,-0.2532778386276874,-0.1163801970831829,9.955599097820947,0.0157508953806542,0.0184877233074354,-0.0219015569200804,0.010000000000000675
7.2,-0.2498209415584508,-0.114719075313804,9.954848666482391,0.015873357276983,0.0182505394359676,-0.0221260221647426,0.009999999999999787
7.21,-0.2463480560342265,-0.1130538236701038,9.95404029760853,0.0159942318508119,0.0180115305257649,-0.0223499342600031,0.009999999999999787
7.22,-0.242859404318503,-0.111384502100961,9.953174314536138,0.0161135070147842,0.0177707204775192,-0.0225732876080711,0.009999999999999787
7.23,-0.2393552096837982,-0.1097111707017721,9.952251063646896,0.0162311708414829,0.0175281333720346,-0.0227960766251247,0.010000000000000675
7.24,-0.2358356963973737,-0.1080338897122867,9.951270914228852,0.0163472115646234,0.0172837934678195,-0.0230182957414499,0.009999999999999787
7.25,-0.2323010897068783,-0.1063527195144395,9.950234258328702,0.0164616175802301,0.0170377251986608,-0.0232399394015804,0.009999999999999787
7.26,-0.2287516158259339,-0.1046677206301757,9.949141510594988,0.0165743774477967,0.0167899531711803,-0.0234610020644363,0.009999999999999787
7.27,-0.2251875019196562,-0.1029789537192733,9.947993108112229,0.0166854798914304,0.0165405021623742,-0.0236814782034626,0.009999999999999787
7.28,-0.2216089760901199,-0.1012864795771587,9.94678951022611,0.0167949138009796,0.0162893971171356,-0.0239013623067671,0.010000000000000675
7.29,-0.2180162673617563,-0.0995903591327185,9.945531198359737,0.0169026682331443,0.0160366631457597,-0.0241206488772588,0.009999999999999787
7.3,-0.2144096056666979,-0.097890653446105,9.944218675821077,0.0170087324125712,0.0157823255214331,-0.0243393324327849,0.009999999999999787
7.31,-0.2107892218300611,-0.0961874237065397,9.942852467601648,0.0171130957329308,0.0155264096777062,-0.0245574075062679,0.009999999999999787
7.32,-0.2071553475551767,-0.0944807312301091,9.941433120166518,0.017215747757978,0.0152689412059503,-0.0247748686458422,0.010000000000000675
7.33,-0.2035082154087577,-0.0927706374575584,9.939961201235745,0.0173166782225957,0.0150099458527978,-0.0249917104149907,0.009999999999999787
7.34,-0.199848058806017,-0.0910572039520782,9.938437299557268,0.0174158770338218,0.0147494495175682,-0.0252079273926805,0.009999999999999787
7.35,-0.1961751119957265,-0.0893404923970899,9.93686202467144,0.0175133342718576,0.0144874782496781,-0.0254235141734984,0.009999999999999787
7.36,-0.1924896100452296,-0.087620564594024,9.935236006667218,0.0176090401910606,0.0142240582460358,-0.0256384653677861,0.010000000000000675
7.37,-0.1887917888253929,-0.0858974824600961,9.933559895930118,0.0177029852209187,0.0139592158484223,-0.025852775601775,0.009999999999999787
7.38,-0.1850818849955125,-0.0841713080260762,9.93183436288209,0.0177951599670071,0.0136929775408566,-0.0260664395177203,0.009999999999999787
7.390000000000001,-0.181360135988166,-0.0824421034340579,9.930060097713348,0.0178855552119281,0.0134253699469476,-0.0262794517740353,0.010000000000000675
7.4,-0.1776267799940209,-0.0807099309352197,9.928237810106298,0.0179741619162325,0.0131564198272317,-0.0264918070454246,0.009999999999999787
7.41,-0.1738820559465859,-0.0789748528875847,9.92636822895169,0.0180609712193236,0.0128861540764967,-0.0267035000230176,0.009999999999999787
7.42,-0.1701262035069224,-0.0772369317537748,9.924452102057057,0.0181459744403436,0.0126145997210924,-0.0269145254145008,0.009999999999999787
7.43,-0.1663594630483037,-0.0754962300987636,9.922490195847606,0.0182291630790412,0.0123417839162282,-0.0271248779442505,0.009999999999999787
7.44,-0.1625820756408333,-0.073752810587622,9.920483295059668,0.0183105288166217,0.0120677339432571,-0.0273345523534643,0.010000000000000675
7.45,-0.158794283036017,-0.0720067359832649,9.918432202426796,0.0183900635165794,0.0117924772069482,-0.0275435434002929,0.009999999999999787
7.46,-0.1549963276512884,-0.070258069144189,9.9163377383587,0.0184677592255103,0.0115160412327455,-0.0277518458599711,0.009999999999999787
7.47,-0.151188452554495,-0.0685068730222119,9.914200740613074,0.0185436081739085,0.0112384536640163,-0.0279594545249482,0.009999999999999787
7.48,-0.1473709014483432,-0.0667532106602043,9.912022063960528,0.0186176027769422,0.010959742259286,-0.0281663642050185,0.010000000000000675
7.49,-0.1435439186548017,-0.0649971451898228,9.909802579842674,0.0186897356352129,0.0106799348894629,-0.0283725697274505,0.009999999999999787
7.5,-0.1397077490994629,-0.0632387398292339,9.907543176023568,0.0187599995354947,0.0103990595350507,-0.0285780659371171,0.009999999999999787
7.51,-0.1358626382958681,-0.0614780578808411,9.90524475623461,0.0188283874514563,0.0101171442833509,-0.0287828476966238,0.009999999999999787
7.52,-0.1320088323297963,-0.0597151627290038,9.90290823981307,0.018894892544363,0.0098342173256537,-0.0289869098864371,0.009999999999999787
7.53,-0.1281465778435148,-0.0579501178377579,9.900534561334366,0.018959508163761,0.009550306954419,-0.029190247405013,0.010000000000000675
7.54,-0.1242761220199923,-0.0561829867485282,9.89812467023824,0.0190222278481421,0.0092654415604475,-0.0293928551689241,0.009999999999999787
7.55,-0.1203977125670796,-0.0544138330778436,9.895679530448998,0.0190830453255902,0.0089796496300412,-0.0295947281129868,0.009999999999999787
7.56,-0.1165115977016578,-0.0526427205150444,9.893200119989956,0.0191419545144083,0.0086929597421548,-0.0297958611903882,0.009999999999999787
7.57,-0.1126180261337527,-0.0508697128199925,9.890687430592235,0.0191989495237265,0.0084054005655383,-0.0299962493728116,0.010000000000000675
7.58,-0.1087172470506157,-0.0490948738207728,9.8881424672981,0.0192540246540914,0.0081170008558698,-0.030195887650563,0.009999999999999787
7.59,-0.1048095101007759,-0.0473182674113981,9.885566248058929,0.0193071743980358,0.0078277894528798,-0.0303947710326958,0.009999999999999787
7.6,-0.100895065378064,-0.0455399575495064,9.88295980332807,0.0193583934406297,0.0075377952774676,-0.0305928945471359,0.009999999999999787
7.61,-0.0969741634056071,-0.0437600082540617,9.880324175648663,0.0194076766600115,0.0072470473288092,-0.0307902532408057,0.010000000000000675
7.62,-0.0930470551197931,-0.0419784836030457,9.877660419236644,0.0194550191279002,0.0069555746814571,-0.0309868421797481,0.009999999999999787
7.63,-0.0891139918542111,-0.0401954477311539,9.874969599559057,0.0195004161100887,0.0066634064824331,-0.0311826564492499,0.009999999999999787
7.640000000000001,-0.0851752253235674,-0.0384109648274844,9.872252792907892,0.0195438630669164,0.0063705719483137,-0.0313776911539646,0.010000000000000675
7.65,-0.0812310076075766,-0.03662509913323,9.869511085969592,0.019585355653724,0.0060771003623083,-0.0315719414180347,0.009999999999999787
7.66,-0.0772815911348261,-0.034837914939362,9.866745575390375,0.0196248897212872,0.0057830210713309,-0.0317654023852137,0.009999999999999787
7.67,-0.0733272286666213,-0.033049476584319,9.8639573673376,0.0196624613162323,0.0054883634830655,-0.0319580692189876,0.009999999999999787
7.68,-0.0693681732808108,-0.031259848451688,9.861147577057311,0.0196980666814312,0.0051931570630254,-0.0321499371026954,0.009999999999999787
7.69,-0.0654046783555874,-0.0294690949678888,9.858317328428155,0.0197317022563769,0.0048974313316066,-0.0323410012396502,0.010000000000000675
7.7,-0.061436997553275,-0.0276772805998535,9.855467753511856,0.01976336467754,0.0046012158611359,-0.0325312568532583,0.009999999999999787
7.71,-0.0574653848040891,-0.0258844698527059,9.852599992100378,0.0197930507787047,0.0043045402729134,-0.0327206991871395,0.009999999999999787
7.72,-0.0534900942898906,-0.0240907272674389,9.849715191260051,0.0198207575912857,0.0040074342342507,-0.0329093235052452,0.009999999999999787
7.73,-0.0495113804279151,-0.0222961174185921,9.846814504872752,0.0198464823446249,0.003709927455504,-0.0330971250919773,0.010000000000000675
7.74,-0.0455294978544928,-0.0205007049119261,9.843899093174354,0.0198702224662683,0.0034120496871035,-0.0332840992523059,0.009999999999999787
7.75,-0.0415447014087482,-0.0187045543820977,9.84097012229067,0.0198919755822235,0.0031138307165775,-0.0334702413118868,0.009999999999999787
7.76,-0.0375572461162939,-0.0169077304903314,9.838028763770998,0.019911739517197,0.0028153003655748,-0.033655546617178,0.009999999999999787
7.77,-0.0335673871729073,-0.0151102979220934,9.83507619411953,0.019929512294812,0.0025164884868816,-0.0338400105355568,0.009999999999999787
7.78,-0.0295753799282001,-0.0133123213847621,9.83211359432476,0.0199452921378053,0.0022174249614368,-0.0340236284554347,0.010000000000000675
7.79,-0.0255814798692721,-0.011513865605299,9.829142149387105,0.0199590774682058,0.0019181396953437,-0.0342063957863732,0.009999999999999787
7.8,-0.0215859426043643,-0.0097149953279174,9.826163047844917,0.0199708669074921,0.0016186626168794,-0.0343883079591986,0.009999999999999787
7.81,-0.0175890238464973,-0.0079157753117531,9.823177481299098,0.0199806592767299,0.0013190236735024,-0.0345693604261162,0.009999999999999787
7.82,-0.0135909793971088,-0.0061162703285325,9.820186643936456,0.0199884535966905,0.0010192528288572,-0.0347495486608236,0.010000000000000675
7.83,-0.0095920651296775,-0.004316545160241,9.81719173205206,0.0199942490879485,0.0007193800597785,-0.0349288681586243,0.009999999999999787
7.84,-0.0055925369733519,-0.0025166645967895,9.81419394357073,0.0199980451709595,0.0004194353532933,-0.0351073144365402,0.009999999999999787
7.85,-0.0015926508965685,-0.0007166934336844,9.811194477567891,0.0199998414661183,0.0001194487036223,-0.0352848830334238,0.009999999999999787
7.86,0.0024073371093277,0.0010833035303068,9.808194533789951,0.0199996377937971,-0.0001805498908194,-0.0354615695100693,0.010000000000000675
7.87,0.0064071710464711,0.0028832614954878,9.805195312174424,0.0199974341743627,-0.0004805304304226,-0.0356373694493239,0.009999999999999787
7.88,0.0104065949268545,0.0046831156635666,9.802198012369963,0.0199932308281754,-0.0007804629173832,-0.0358122784561985,0.009999999999999787
7.890000000000001,0.0144053527887151,0.0064828012399872,9.79920383325653,0.0199870281755663,-0.0010803173587024,-0.0359862921579769,0.010000000000000675
7.9,0.0184031887129134,0.0082822534362634,9.796213972465848,0.0199788268367954,-0.0013800637691861,-0.0361594062043256,0.009999999999999787
7.91,0.0223998468393161,0.0100814074723101,9.793229625902368,0.0199686276319898,-0.0016796721744428,-0.0363316162674025,0.009999999999999787
7.92,0.0263950713831669,0.0118801985787768,9.790251987264924,0.0199564315810614,-0.0019791126138818,-0.0365029180419649,0.009999999999999787
7.930000000000001,0.0303886066514592,0.0136785619993778,9.787282247569271,0.0199422399036053,-0.0022783551437088,-0.0366733072454776,0.010000000000000675
7.94,0.0343801970592974,0.0154764329932241,9.784321594671692,0.0199260540187773,-0.0025773698399199,-0.0368427796182191,0.009999999999999787
7.95,0.0383695871462594,0.0172737468371538,9.781371212793871,0.0199078755451523,-0.0028761268012949,-0.0370113309233891,0.009999999999999787
7.96,0.0423565215927408,0.0190704388280631,9.77843228204922,0.0198877063005628,-0.0031745961523865,-0.0371789569472137,0.009999999999999787
7.97,0.046340745236298,0.0208664442852343,9.775505977970852,0.0198655483019161,-0.0034727480465083,-0.037345653499051,0.009999999999999787
7.98,0.0503220030879776,0.0226616985526648,9.77259347104138,0.0198414037649939,-0.0037705526687195,-0.0375114164114959,0.010000000000000675
7.99,0.0543000403486362,0.0244561370013946,9.769695926224744,0.0198152751042296,-0.0040679802388059,-0.0376762415404842,0.009999999999999787
8.0,0.0582746024252468,0.0262496950318339,9.76681450250024,0.0197871649324676,-0.0043650010142584,-0.0378401247653964,0.009999999999999787
8.01,0.0622454349471932,0.0280423080760869,9.763950352398936,0.0197570760607016,-0.0046615852932469,-0.0380030619891602,0.009999999999999787
8.02,0.0662122837825494,0.0298339116002776,9.761104621542684,0.0197250114977936,-0.0049577034175908,-0.0381650491383536,0.009999999999999787
8.03,0.0701748950543435,0.0316244411068729,9.758278448185887,0.0196909744501734,-0.0052533257757243,-0.0383260821633064,0.009999999999999787
8.040000000000001,0.0741330151568084,0.0334138321370042,9.755472962760203,0.0196549683215172,-0.005548422805658,-0.0384861570382012,0.010000000000001563
8.05,0.0780863907716064,0.0352020202727866,9.7526892874224,0.0196169967124079,-0.0058429649979348,-0.0386452697611745,0.009999999999999787
8.06,0.082034768884048,0.0369889411396413,9.749928535605491,0.0195770634199749,-0.0061369228985809,-0.0388034163544166,0.009999999999999787
8.07,0.0859778967992826,0.0387745304086095,9.7471918115734,0.019535172437514,-0.0064302671120513,-0.0389605928642708,0.009999999999999787
8.08,0.0899155221584691,0.0405587237986709,9.74448020997925,0.0194913279540887,-0.0067229683041689,-0.0391167953613326,0.009999999999999787
8.09,0.0938473929549286,0.0423414570790559,9.741794815427522,0.0194455343541106,-0.0070149972050587,-0.0392720199405477,0.009999999999999787
8.1,0.0977732575502721,0.0441226660715586,9.73913670204023,0.0193977962169017,-0.0073063246120737,-0.0394262627213097,0.009999999999999787
8.11,0.1016928646905052,0.0459022866528483,9.736506933027291,0.0193481183162359,-0.0075969213927161,-0.0395795198475571,0.009999999999999787
8.120000000000001,0.1056059635221104,0.0476802547567762,9.73390656026125,0.0192965056198618,-0.00788675848755,-0.0397317874878698,0.010000000000001563
8.13,0.1095123036080962,0.0494565063766818,9.731336623856537,0.0192429632890061,-0.0081758069131074,-0.0398830618355647,0.009999999999999787
8.14,0.1134116349440307,0.0512309775676993,9.728798151753448,0.0191874966778572,-0.0084640377647866,-0.0400333391087908,0.009999999999999787
8.15,0.1173037079740404,0.0530036044490571,9.726292159306984,0.0191301113330301,-0.0087514222197427,-0.0401826155506244,0.009999999999999787
8.16,0.1211882736067792,0.0547743232063794,9.723819648880706,0.0190708129930114,-0.0090379315397697,-0.040330887429162,0.009999999999999787
8.17,0.1250650832313728,0.0565430700939819,9.72138160944582,0.0190096075875857,-0.0093235370741743,-0.0404781510376144,0.009999999999999787
8.18,0.1289338887333283,0.0583097814371674,9.718979016185592,0.0189465012372425,-0.009608210262641,-0.0406244026943992,0.009999999999999787
8.19,0.1327944425104138,0.0600743936345188,9.716612830105294,0.0188815002525643,-0.0098919226380883,-0.0407696387432324,0.009999999999999787
8.2,0.1366464974885061,0.0618368431601872,9.714283997647808,0.0188146111335954,-0.010174645829515,-0.0409138555532205,0.009999999999999787
8.21,0.140489807137402,0.0635970665661807,9.711993450315068,0.0187458405691919,-0.0104563515648376,-0.0410570495189507,0.010000000000001563
8.22,0.1443241254865935,0.065355000484646,9.70974210429546,0.018675195436353,-0.0107370116737174,-0.0411992170605812,0.009999999999999787
8.23,0.1481492071410168,0.067110581630152,9.707530860097386,0.018602682799533,-0.0110165980903772,-0.0413403546239311,0.009999999999999787
8.24,0.1519648072967513,0.0688637468019674,9.705360602189034,0.0185283099099353,-0.0112950828564085,-0.0414804586805685,0.009999999999999787
8.25,0.1557706817566893,0.0706144328863353,9.703232198644631,0.0184520842047868,-0.0115724381235666,-0.0416195257278993,0.009999999999999787
8.26,0.1595665869461645,0.0723625768587453,9.701146500797222,0.0183740133065944,-0.0118486361565561,-0.0417575522892546,0.009999999999999787
8.27,0.16335227992854,0.0741081157862039,9.699104342898131,0.0182941050223831,-0.0121236493358037,-0.0418945349139776,0.009999999999999787
8.28,0.167127518420758,0.0758509868294975,9.697106541783292,0.0182123673429146,-0.0123974501602208,-0.0420304701775097,0.009999999999999787
8.290000000000001,0.1708920608088439,0.0775911272454577,9.695153896546511,0.0181288084418886,-0.012670011249953,-0.0421653546814765,0.010000000000001563
8.3,0.1746456661633678,0.0793284743892167,9.693247188219855,0.0180434366751258,-0.0129413053491186,-0.0422991850537723,0.009999999999999787
8.31,0.17838809425487,0.0810629657164648,9.691387179461229,0.0179562605797316,-0.0132113053285336,-0.0424319579486448,0.009999999999999787
8.32,0.1821191055692295,0.0827945387857022,9.68957461424933,0.017867288873243,-0.0134799841884251,-0.0425636700467787,0.009999999999999787
8.33,0.1858384613229958,0.0845231312604851,9.687810217586083,0.0177765304527564,-0.0137473150611311,-0.0426943180553782,0.009999999999999787
8.34,0.1895459234786701,0.0862486809116708,9.686094695206627,0.0176839943940382,-0.014013271213787,-0.04282389870825,0.009999999999999787
8.35,0.1932412547599396,0.0879711256196589,9.684428733297038,0.0175896899506173,-0.0142778260509992,-0.0429524087658845,0.009999999999999787
8.36,0.1969242186668645,0.0896904033766252,9.68281299821987,0.0174936265528593,-0.0145409531175045,-0.043079845015537,0.009999999999999787
8.370000000000001,0.2005945794910121,0.0914064522887571,9.68124813624761,0.0173958138070239,-0.0148026261008155,-0.0432062042713078,0.010000000000001563
8.38,0.2042521023305405,0.0931192105784782,9.679734773304183,0.0172962614943044,-0.0150628188338519,-0.0433314833742222,0.009999999999999787
8.39,0.2078965531052381,0.094828616586675,9.678273514714586,0.0171949795698489,-0.0153215052975571,-0.043455679192309,0.009999999999999787
8.4,0.2115276985714988,0.0965346087749165,9.676864944962777,0.0170919781617656,-0.0155786596235005,-0.0435787886206794,0.009999999999999787
8.41,0.2151453063372522,0.0982371257276678,9.675509627457869,0.0169872675701093,-0.0158342560964637,-0.0437008085816039,0.009999999999999787
8.42,0.2187491448768362,0.0999361061545023,9.674208104308796,0.016880858265852,-0.0160882691570125,-0.04382173602459,0.009999999999999787
8.43,0.2223389835458138,0.1016314888923085,9.672960896107467,0.0167727608898355,-0.0163406734040524,-0.0439415679264579,0.009999999999999787
8.44,0.2259145925957365,0.1033232129074905,9.671768501720532,0.0166629862517073,-0.016591443597369,-0.0440603012914162,0.009999999999999787
8.45,0.2294757431888451,0.105011217298167,9.670631398089846,0.0165515453288396,-0.0168405546601521,-0.0441779331511371,0.009999999999999787
8.46,0.2330222074127175,0.1066954412963623,9.6695500400417,0.016438449265232,-0.017087981681503,-0.0442944605648301,0.010000000000001563
8.47,0.2365537582948532,0.1083758242701934,9.668524860104895,0.0163237093703965,-0.0173336999189256,-0.044409880619316,0.009999999999999787
8.48,0.2400701698172016,0.1100523057260557,9.66755626833774,0.016207337118227,-0.017577684800801,-0.0445241904290994,0.009999999999999787
8.49,0.2435712169306254,0.1117248253107974,9.666644652164026,0.0160893441458518,-0.0178199119288443,-0.044637387136441,0.009999999999999787
8.5,0.2470566755693044,0.113393322813894,9.665790376218068,0.0159697422524698,-0.0180603570805447,-0.0447494679114291,0.009999999999999787
8.51,0.2505263226650752,0.115057738169616,9.66499378219885,0.0158485433981705,-0.0182989962115872,-0.0448604299520501,0.009999999999999787
8.52,0.2539799361617085,0.1167180114591899,9.664255188733366,0.0157257597027385,-0.0185358054582577,-0.0449702704842588,0.009999999999999787
8.53,0.2574172950291192,0.118374082912957,9.663574891249148,0.015601403444441,-0.0187707611398288,-0.0450789867620476,0.009999999999999787
8.540000000000001,0.2608381792775132,0.1200258929125238,9.66295316185612,0.0154754870588002,-0.0190038397609282,-0.0451865760675152,0.010000000000001563
8.55,0.2642423699714658,0.1216733819929082,9.662390249237754,0.0153480231373497,-0.019235018013888,-0.0452930357109346,0.009999999999999787
8.56,0.2676296492439346,0.1233164908446817,9.661886378551587,0.0152190244263754,-0.0194642727810755,-0.0453983630308202,0.009999999999999787
8.57,0.2709998003102026,0.124955160316103,9.66144175133918,0.015088503825641,-0.0196915811372051,-0.0455025553939946,0.009999999999999787
8.58,0.2743526074817518,0.1265893314152478,9.661056545445486,0.0149564743870977,-0.0199169203516305,-0.045605610195654,0.009999999999999787
8.59,0.2776878561800672,0.1282189453121335,9.660730914947727,0.0148229493135795,-0.0201402678906182,-0.0457075248594338,0.009999999999999787
8.6,0.2810053329503715,0.1298439433408353,9.66046499009376,0.0146879419574822,-0.0203616014196003,-0.0458082968374727,0.009999999999999787
8.61,0.2843048254752832,0.1314642670016003,9.660258877249984,0.0145514658194291,-0.0205808988054084,-0.0459079236104765,0.009999999999999787
8.620000000000001,0.2875861225884074,0.1330798579629516,9.660112658858786,0.0144135345469203,-0.0207981381184867,-0.0460064026877812,0.010000000000001563
8.63,0.290849014287848,0.1346906580637883,9.660026393405571,0.014274161932968,-0.0210132976350848,-0.0461037316074147,0.009999999999999787
8.64,0.2940932917496505,0.1362966093154816,9.660000115395375,0.0141333619147175,-0.0212263558394304,-0.0461999079361594,0.009999999999999787
8.65,0.2973187473411646,0.1378976539039595,9.660033835339048,0.0139911485720533,-0.0214372914258807,-0.0462949292696118,0.009999999999999787
8.66,0.3005251746343335,0.1394937341917896,9.660127539749064,0.0138475361261912,-0.0216460833010527,-0.0463887932322437,0.009999999999999787
8.67,0.3037123684189045,0.1410847927202543,9.660281191144907,0.013702538938256,-0.021852710585933,-0.0464814974774609,0.009999999999999787
8.68,0.306880124715564,0.1426707722114179,9.660494728068068,0.0135561715078457,-0.0220571526179652,-0.0465730396876621,0.009999999999999787
8.69,0.3100282407889898,0.1442516155701907,9.660768065106623,0.0134084484715814,-0.0222593889531165,-0.0466634175742967,0.009999999999999787
8.700000000000001,0.3131565151608282,0.1458272658863822,9.661101092929403,0.0132593846016436,-0.0224593993679219,-0.0467526288779224,0.010000000000001563
8.71,0.3162647476225866,0.1473976664367508,9.661493678329723,0.0131089948042951,-0.0226571638615067,-0.0468406713682612,0.009999999999999787
8.72,0.3193527392484486,0.1489627606870467,9.661945664278653,0.0129572941183903,-0.0228526626575862,-0.0469275428442554,0.009999999999999787
8.73,0.3224202924080041,0.150522492294046,9.662456869987835,0.0128042977138714,-0.0230458762064437,-0.0470132411341226,0.009999999999999787
8.74,0.3254672107788982,0.1520768051075788,9.663027090981808,0.0126500208902513,-0.0232367851868855,-0.04709776409541,0.009999999999999787
8.75,0.3284932993593945,0.1536256431725522,9.663656099179777,0.0124944790750838,-0.0234253705081724,-0.0471811096150481,0.009999999999999787
8.76,0.3314983644808577,0.1551689507309627,9.664343642986848,0.0123376878224208,-0.0236116133119297,-0.0472632756094031,0.009999999999999787
8.77,0.3344822138201453,0.1567066722239054,9.665089447394664,0.012179662811257,-0.023795494974032,-0.0473442600243296,0.009999999999999787
8.78,0.3374446564119182,0.1582387522935723,9.665893214091408,0.0120204198439618,-0.0239769971064664,-0.0474240608352212,0.009999999999999787
8.790000000000001,0.3403855026608618,0.1597651357852464,9.666754621581118,0.0118599748446991,-0.024156101559171,-0.047502676047062,0.010000000000001563
8.8,0.3433045643538195,0.1612857677492869,9.667673325312284,0.0116983438578352,-0.0243327904218496,-0.0475801036944758,0.009999999999999787
8.81,0.3462016546718396,0.1628005934431072,9.668648957815655,0.0115355430463341,-0.0245070460257634,-0.0476563418417752,0.009999999999999787
8.82,0.3490765882021306,0.1643095583331457,9.66968112885125,0.0113715886901413,-0.024678850945497,-0.0477313885830108,0.009999999999999787
8.83,0.3519291809499276,0.16581260809683,9.67076942556441,0.0112064971845558,-0.0248481880007017,-0.0478052420420177,0.009999999999999787
8.84,0.354759250350269,0.1673096886245302,9.671913412650962,0.0110402850385906,-0.0250150402578131,-0.0478779003724635,0.009999999999999787
8.85,0.3575666152796789,0.1688007460215097,9.673112632531325,0.0108729688733217,-0.0251793910317445,-0.0479493617578936,0.009999999999999787
8.86,0.3603510960677601,0.1702857266098628,9.67436660553353,0.0107045654202263,-0.0253412238875554,-0.0480196244117771,0.009999999999999787
8.870000000000001,0.3631125145086927,0.1717645769304488,9.675674830085104,0.0105350915195092,-0.0255005226420953,-0.0480886865775514,0.010000000000001563
8.88,0.3658506938726387,0.1732372437448158,9.677036782913664,0.0103645641184195,-0.0256572713656213,-0.0481565465286658,0.009999999999999787
8.89,0.3685654589170536,0.1747036740371176,9.67845191925624,0.010193000269555,-0.0258114543833918,-0.0482232025686251,0.009999999999999787
8.9,0.3712566358979012,0.1761638150160219,9.679919673077164,0.0100204171291576,-0.0259630562772333,-0.0482886530310319,0.009999999999999787
8.91,0.373924052580773,0.1776176141166115,9.681439457294474,0.0098468319553977,-0.026112061887083,-0.0483528962796279,0.009999999999999787
8.92,0.3765675382519124,0.1790650190022753,9.683010664014748,0.009672262106648,-0.0262584563125039,-0.0484159307083353,0.009999999999999787
8.93,0.3791869237291385,0.1805059775665942,9.684632664776249,0.0094967250397477,-0.0264022249141755,-0.0484777547412967,0.009999999999999787
8.94,0.3817820413726748,0.1819404379352154,9.686304810800296,0.0093202383082574,-0.0265433533153575,-0.0485383668329144,0.009999999999999787
8.950000000000001,0.3843527250958782,0.1833683484677205,9.688026433250778,0.009142819560703,-0.0266818274033274,-0.0485977654678893,0.010000000000001563
8.96,0.3868988103758672,0.1847896577594845,9.689796843501664,0.0089644865388116,-0.0268176333307917,-0.0486559491612587,0.009999999999999787
8.97,0.3894201342640535,0.1862043146435264,9.691615333412464,0.0087852570757368,-0.0269507575172709,-0.0487129164584331,0.009999999999999787
8.98,0.3919165353965685,0.187612268192351,9.693481175611458,0.0086051490942753,-0.0270811866504572,-0.0487686659352333,0.009999999999999787
8.99,0.3943878540045918,0.1890134677197829,9.695393623786645,0.0084241806050754,-0.0272089076875461,-0.0488231961979251,0.009999999999999787
9.0,0.3968339319245765,0.1904078627827901,9.69735191298425,0.0082423697048351,-0.0273339078565403,-0.0488765058832548,0.009999999999999787
9.01,0.3992546126083705,0.1917954031833015,9.699355259914707,0.0080597345744929,-0.0274561746575269,-0.0489285936584831,0.009999999999999787
9.02,0.4016497411332361,0.1931760389700121,9.701402863265956,0.0078762934774097,-0.0275756958639279,-0.0489794582214183,0.009999999999999787
9.03,0.4040191642117653,0.1945497204401825,9.703493904023954,0.0076920647575423,-0.0276924595237222,-0.049029098300449,0.009999999999999787
9.04,0.4063627302016901,0.1959163981414289,9.705627545800285,0.0075070668376092,-0.027806453960641,-0.0490775126545757,0.009999999999999787
9.05,0.4086802891155867,0.1972760228735008,9.707802935166676,0.0073213182172482,-0.0279176677753358,-0.0491247000734422,0.010000000000001563
9.06,0.4109716926304757,0.198628545690055,9.710019201996392,0.0071348374711665,-0.0280260898465177,-0.0491706593773655,0.009999999999999787
9.07,0.4132367940973142,0.1999739179004163,9.712275459812252,0.0069476432472834,-0.0281317093320699,-0.0492153894173653,0.009999999999999787
9.08,0.4154754485503819,0.2013120910713303,9.714570806141207,0.0067597542648653,-0.0282345156701319,-0.0492588890751929,0.009999999999999787
9.09,0.4176875127165577,0.2026430170287075,9.716904322875338,0.0065711893126538,-0.0283344985801556,-0.0493011572633593,0.009999999999999787
9.1,0.4198728450244899,0.2039666478593571,9.719275076639056,0.006381967246987,-0.0284316480639333,-0.0493421929251618,0.009999999999999787
9.11,0.422031305613657,0.2052829359127119,9.721682119162471,0.0061921069899138,-0.0285259544065976,-0.0493819950347111,0.009999999999999787
9.12,0.424162756343318,0.2065918338025448,9.724124487660664,0.0060016275273016,-0.0286174081775927,-0.0494205625969565,0.009999999999999787
9.13,0.4262670608013534,0.2078932944086725,9.726601205218804,0.0058105479069381,-0.0287060002316179,-0.049457894647711,0.010000000000001563
9.14,0.4283440843129963,0.2091872708786538,9.729111281182885,0.005618887236626,-0.0287917217095414,-0.0494939902536752,0.009999999999999787
9.15,0.4303936939494509,0.2104737166294758,9.73165371155599,0.0054266646822726,-0.0288745640392871,-0.0495288485124608,0.009999999999999787
9.16,0.4324157585364002,0.21175258534923,9.734227479399872,0.0052338994659732,-0.0289545189366908,-0.0495624685526133,0.009999999999999787
9.17,0.4344101486624008,0.2130238309987812,9.736831555241706,0.0050406108640888,-0.0290315784063296,-0.0495948495336333,0.009999999999999787
9.18,0.4363767366871654,0.214287407813423,9.739464897485876,0.0048468182053184,-0.0291057347423207,-0.0496259906459981,0.009999999999999787
9.19,0.4383153967497316,0.2155432703045263,9.742126452830597,0.0046525408687666,-0.0291769805290922,-0.0496558911111814,0.009999999999999787
9.2,0.4402260047765174,0.2167913732611776,9.744815156689215,0.0044577982820049,-0.0292453086421249,-0.0496845501816732,0.009999999999999787
9.21,0.4421084384892607,0.2180316717518048,9.74752993361604,0.0042626099191298,-0.0293107122486643,-0.0497119671409981,0.010000000000001563
9.22,0.4439625774128468,0.2192641211257962,9.750269697736496,0.0040669952988151,-0.0293731848084045,-0.0497381413037337,0.009999999999999787
9.23,0.4457883028830171,0.2204886770151077,9.753033353181465,0.0038709739823596,-0.0294327200741413,-0.0497630720155273,0.009999999999999787
9.24,0.4475854980539652,0.2217052953358592,9.755819794525612,0.0036745655717316,-0.0294893120923979,-0.0497867586531122,0.009999999999999787
9.25,0.4493540479058134,0.2229139322899229,9.758627907229558,0.0034777897076086,-0.0295429552040197,-0.0498092006243239,0.009999999999999787
9.26,0.4510938392519749,0.2241145443664989,9.76145656808566,0.003280666067413,-0.02959364404474,-0.0498303973681142,0.009999999999999787
9.27,0.4528047607463972,0.2253070883436819,9.764304645667291,0.0030832143633446,-0.0296413735457172,-0.0498503483545657,0.009999999999999787
9.28,0.4544867028906885,0.2264915212900178,9.767171000781392,0.0028854543404091,-0.0296861389340409,-0.0498690530849046,0.009999999999999787
9.29,0.4561395580411266,0.2276678005660484,9.770054486924137,0.0026874057744441,-0.0297279357332095,-0.0498865110915138,0.009999999999999787
9.3,0.457763220415545,0.2288358838258465,9.772953950739508,0.0024890884701412,-0.0297667597635781,-0.0499027219379439,0.010000000000001563
9.31,0.4593575861001061,0.2299957290185412,9.775868232480644,0.0022905222590655,-0.0298026071427758,-0.0499176852189247,0.009999999999999787
9.32,0.4609225530559507,0.2311472943898307,9.778796166473704,0.0020917269976727,-0.0298354742860946,-0.0499314005603749,0.009999999999999787
9.33,0.4624580211257276,0.2322905384834861,9.781736581584129,0.0018927225653232,-0.0298653579068477,-0.0499438676194117,0.009999999999999787
9.34,0.4639638920400045,0.2334254201428435,9.78468830168508,0.0016935288622944,-0.0298922550166978,-0.0499550860843592,0.009999999999999787
9.35,0.4654400694235568,0.2345518985122854,9.78765014612787,0.0014941658077906,-0.0299161629259563,-0.0499650556747564,0.009999999999999787
9.36,0.4668864588015357,0.2356699330387127,9.790620930214216,0.0012946533379513,-0.0299370792438523,-0.0499737761413642,0.009999999999999787
9.37,0.4683029676055154,0.2367794834730031,9.793599465670097,0.0010950114038569,-0.0299550018787714,-0.0499812472661711,0.009999999999999787
9.38,0.469689505179415,0.2378805098714602,9.796584561121032,0.0008952599695348,-0.0299699290384651,-0.0499874688623997,0.010000000000001563
9.39,0.4710459827853034,0.2389729725972533,9.799575022568652,0.0006954190099617,-0.0299818592302297,-0.0499924407745101,0.009999999999999787
9.4,0.472372313609077,0.2400568323218417,9.802569653868243,0.0004955085090671,-0.0299907912610561,-0.049996162878205,0.009999999999999787
9.41,0.4736684127660158,0.2411320500263928,9.805567257207224,0.0002955484577346,-0.0299967242377487,-0.0499986350804319,0.009999999999999787
9.42,0.4749341973062159,0.2421985870031851,9.808566633584212,9.555885180257025e-05,-0.0299996575670147,-0.0499998573193859,0.009999999999999787
9.43,0.476169586219899,0.2432564048570026,9.81156658328866,-0.000104440309935,-0.0299995909555236,-0.049999829564511,0.009999999999999787
9.44,0.4773745004425961,0.2443054655065171,9.81456590638068,-0.0003044290277286,-0.0299965244099365,-0.0499985518165012,0.009999999999999787
9.45,0.4785488628602087,0.2453457311856585,9.817563403171023,-0.0005043873028732,-0.0299904582369055,-0.0499960241073,0.009999999999999787
9.46,0.4796925983139424,0.2463771644449741,9.820557874700942,-0.0007042951397077,-0.0299813930430427,-0.0499922465001002,0.010000000000001563
9.47,0.4808056336051186,0.2473997281529786,9.823548123221752,-0.0009041325476152,-0.0299693297348601,-0.0499872190893416,0.009999999999999787
9.48,0.4818878974998588,0.2484133854974886,9.826532952673912,-0.0011038795430214,-0.0299542695186783,-0.0499809420007092,0.009999999999999787
9.49,0.482939320733643,0.2494180999869495,9.829511169165436,-0.0013035161513932,-0.0299362139005064,-0.04997341539113,0.009999999999999787
9.5,0.4839598360157432,0.2504138354517479,9.832481581449445,-0.0015030224092361,-0.0299151646858913,-0.0499646394487689,0.009999999999999787
9.51,0.4849493780335298,0.2514005560455146,9.83544300140062,-0.0017023783660906,-0.0298911239797368,-0.0499546143930238,0.009999999999999787
9.52,0.4859078834566511,0.252378226246415,9.838394244490472,-0.0019015640865272,-0.0298640941860935,-0.0499433404745207,0.009999999999999787
9.53,0.4868352909410874,0.2533468108584272,9.841334130261112,-0.0021005596521397,-0.0298340780079183,-0.0499308179751069,0.009999999999999787
9.54,0.4877315411330765,0.2543062750126102,9.844261482797432,-0.0022993451635375,-0.0298010784468039,-0.0499170472078443,0.009999999999999787
9.55,0.4885965766729115,0.2552565841683577,9.847175131197444,-0.002497900742335,-0.029765098802679,-0.0499020285170014,0.010000000000001563
9.56,0.4894303421986135,0.2561977041146427,9.85007391004064,-0.0026962065331399,-0.029726142673478,-0.0498857622780446,0.009999999999999787
9.57,0.4902327843494732,0.257129600971249,9.852956659854131,-0.0028942427055382,-0.0296842139547813,-0.0498682488976291,0.009999999999999787
9.58,0.491003851769467,0.2580522411899902,9.85582222757643,-0.0030919894560779,-0.0296393168394259,-0.0498494888135884,0.009999999999999787
9.59,0.4917434951105432,0.2589655915559181,9.858669467018652,-0.0032894270102487,-0.029591455817086,-0.0498294824949238,0.009999999999999787
9.6,0.4924516670357804,0.2598696191885185,9.861497239322984,-0.0034865356244595,-0.0295406356738238,-0.049808230441792,0.009999999999999787
9.61,0.4931283222224171,0.2607642915428937,9.864304413418209,-0.0036832955880134,-0.0294868614916113,-0.0497857331854934,0.009999999999999787
9.62,0.4937734173647525,0.2616495764109361,9.867089866472115,-0.0038796872250779,-0.0294301386478219,-0.0497619912884581,0.009999999999999787
9.63,0.4943869111769174,0.2625254419224858,9.86985248434062,-0.004075690896653,-0.0293704728146928,-0.0497370053442324,0.010000000000001563
9.64,0.4949687643955173,0.2633918565464789,9.87259116201341,-0.0042712870025347,-0.0293078699587576,-0.0497107759774635,0.009999999999999787
9.65,0.4955189397821449,0.2642487890920827,9.875304804055936,-0.0044664559832756,-0.0292423363402496,-0.0496833038438843,0.009999999999999787
9.66,0.4960374021257633,0.265096208709818,9.877992325047554,-0.0046611783221402,-0.0291738785124762,-0.0496545896302967,0.009999999999999787
9.67,0.4965241182449593,0.26593408489267,9.880652650015708,-0.0048554345470569,-0.0291025033211629,-0.0496246340545545,0.009999999999999787
9.68,0.4969790569900675,0.2667623874771868,9.883284714865878,-0.0050492052325651,-0.0290282179037696,-0.0495934378655456,0.009999999999999787
9.69,0.4974021892451635,0.2675810866445646,9.88588746680722,-0.0052424710017577,-0.028951029688776,-0.049561001843173,0.009999999999999787
9.7,0.4977934879299275,0.2683901529217222,9.888459864773656,-0.0054352125282188,-0.0288709463949392,-0.0495273267983356,0.009999999999999787
9.71,0.498152928001377,0.2691895571823606,9.8910008798403,-0.0056274105379565,-0.0287879760305221,-0.0494924135729078,0.010000000000001563
9.72,0.4984804864554703,0.2699792706480127,9.893509495635008,-0.0058190458113298,-0.0287021268924918,-0.0494562630397184,0.009999999999999787
9.73,0.498776142328578,0.2707592648890794,9.895984708744905,-0.0060100991849711,-0.0286134075656905,-0.0494188761025289,0.009999999999999787
9.74,0.4990398766988253,0.271529511825852,9.89842552911775,-0.0062005515537024,-0.0285218269219772,-0.0493802536960107,0.009999999999999787
9.75,0.4992716726873025,0.2722899837295239,9.900830980457942,-0.0063903838724454,-0.0284273941193397,-0.049340396785722,0.009999999999999787
9.76,0.4994715154591453,0.273040653223189,9.903200100617012,-0.0065795771581265,-0.0283301186009798,-0.0492993063680835,0.009999999999999787
9.77,0.4996393922244848,0.2737814932828262,9.905531941978488,-0.0067681124915747,-0.0282300100943681,-0.0492569834703534,0.009999999999999787
9.78,0.499775292239265,0.2745124772382738,9.907825571836916,-0.0069559710194139,-0.0281270786102719,-0.049213429150602,0.009999999999999787
9.79,0.4998792068059315,0.2752335787741882,9.910080072770931,-0.0071431339559477,-0.0280213344417538,-0.0491686444976851,0.009999999999999787
9.8,0.4999511292739876,0.2759447719309917,9.91229454301022,-0.0073295825850385,-0.0279127881631425,-0.0491226306312166,0.010000000000001563
9.81,0.4999910550404197,0.2766460311058078,9.914468096796217,-0.0075152982619788,-0.0278014506289756,-0.0490753887015408,0.009999999999999787
9.82,0.4999989815499925,0.2773373310533818,9.916599864736382,-0.0077002624153556,-0.0276873329729135,-0.0490269198897034,0.009999999999999787
9.83,0.499974908295412,0.2780186468869902,9.918688994151967,-0.0078844565489077,-0.0275704466066269,-0.0489772254074223,0.009999999999999787
9.84,0.4999188368173584,0.2786899540793368,9.920734649419057,-0.0080678622433753,-0.0274508032186549,-0.0489263064970569,0.009999999999999787
9.85,0.4998307707043871,0.2793512284634348,9.922736012302822,-0.0082504611583418,-0.0273284147732366,-0.0488741644315773,0.009999999999999787
9.86,0.4997107155926992,0.2800024462334782,9.924692282284791,-0.0084322350340678,-0.0272032935091146,-0.0488208005145324,0.009999999999999787
9.87,0.4995586791657809,0.2806435839456975,9.92660267688306,-0.0086131656933172,-0.027075451938311,-0.0487662160800175,0.009999999999999787
9.88,0.4993746711539117,0.281274618519204,9.928466431965257,-0.008793235043175,-0.0269449028448763,-0.0487104124926404,0.010000000000001563
9.89,0.4991587033335415,0.2818955272368215,9.930282802054196,-0.008972425076856,-0.0268116592836113,-0.048653391147488,0.009999999999999787
9.9,0.4989107895265371,0.2825062877459032,9.932051060626064,-0.0091507178755064,-0.0266757345787608,-0.048595153470091,0.009999999999999787
9.91,0.4986309455992975,0.2831068780591367,9.93377050040101,-0.0093280956099948,-0.0265371423226821,-0.0485357009163882,0.009999999999999787
9.92,0.4983191894617386,0.2836972765553355,9.935440433626043,-0.0095045405426955,-0.0263958963744854,-0.0484750349726904,0.009999999999999787
9.93,0.4979755410661468,0.2842774619802176,9.937060192350144,-0.0096800350292625,-0.0262520108586478,-0.048413157155643,0.009999999999999787
9.94,0.4976000224059019,0.2848474134471704,9.93862912869142,-0.0098545615203932,-0.0261055001636009,-0.0483500690121883,0.009999999999999787
9.95,0.4971926575140701,0.2854071104380026,9.940146615096252,-0.0100281025635839,-0.0259563789402921,-0.0482857721195264,0.009999999999999787
9.96,0.4967534724618656,0.2859565328036829,9.941612044590308,-0.010200640804875,-0.0258046621007195,-0.0482202680850765,0.010000000000001563
9.97,0.4962824953569816,0.2864956607650656,9.943024831021331,-0.0103721589905862,-0.0256503648164407,-0.0481535585464359,0.009999999999999787
9.98,0.4957797563417923,0.2870244749136022,9.944384409293589,-0.0105426399690417,-0.0254935025170555,-0.0480856451713396,0.009999999999999787
9.99,0.4952452875914228,0.2875429562120405,9.945690235593895,-0.0107120666922858,-0.0253340908886631,-0.0480165296576185,0.009999999999999787
10.0,0.4946791233116909,0.2880510859951097,9.946941787609145,-0.0108804222177873,-0.0251721458722935,-0.0479462137331569,0.009999999999999787
10.01,0.494081299736917,0.2885488459701927,9.948138564735215,-0.0110476897101341,-0.0250076836623134,-0.0478746991558491,0.009999999999999787
10.02,0.4934518551276062,0.289036218217984,9.949280088277217,-0.0112138524427163,-0.0248407207048067,-0.0478019877135559,0.009999999999999787
10.03,0.4927908297679984,0.2895131851931352,9.950365901640948,-0.011378893799399,-0.0246712736959301,-0.0477280812240595,0.009999999999999787
10.04,0.4920982659634907,0.289979729724887,9.951395570515546,-0.0115427972761842,-0.0244993595802432,-0.0476529815350183,0.009999999999999787
10.05,0.4913742080379309,0.2904358350176864,9.952368683047183,-0.0117055464828607,-0.0243249955490144,-0.0475766905239207,0.010000000000001563
10.06,0.4906187023307787,0.2908814846517922,9.95328485000383,-0.0118671251446435,-0.0241481990385014,-0.047499210098038,0.009999999999999787
10.07,0.4898317971941412,0.2913166625838657,9.95414370493091,-0.0120275171038011,-0.023968987728208,-0.0474205421943767,0.009999999999999787
10.08,0.4890135429896792,0.2917413531475483,9.95494490429791,-0.0121867063212712,-0.0237873795391158,-0.0473406887796304,0.009999999999999787
10.09,0.4881639920853818,0.2921555410540256,9.955688127635764,-0.0123446768782647,-0.0236033926318925,-0.0472596518501303,0.009999999999999787
10.1,0.4872831988522175,0.2925592113925778,9.956373077665049,-0.0125014129778576,-0.0234170454050755,-0.0471774334317953,0.009999999999999787
10.11,0.4863712196606523,0.2929523496311162,9.956999480414876,-0.0126568989465705,-0.023228356493232,-0.0470940355800817,0.009999999999999787
10.12,0.4854281128770427,0.2933349416167067,9.95756708533251,-0.0128111192359362,-0.0230373447650962,-0.0470094603799314,0.009999999999999787
10.13,0.4844539388599019,0.2937069735760791,9.958075665383545,-0.0129640584240541,-0.0228440293216815,-0.04692370994572,0.010000000000001563
10.14,0.483448759956034,0.2940684321161231,9.95852501714274,-0.013115701217133,-0.0226484294943713,-0.0468367864212039,0.009999999999999787
10.15,0.4824126404965454,0.2944193042243702,9.958914960875386,-0.0132660324510199,-0.0224505648429854,-0.0467486919794667,0.009999999999999787
10.16,0.4813456467927285,0.2947595772694626,9.95924534060919,-0.0134150370927167,-0.0222504551538238,-0.0466594288228648,0.009999999999999787
10.17,0.4802478471318156,0.2950892390016072,9.95951602419666,-0.0135627002418834,-0.0220481204376889,-0.0465689991829726,0.009999999999999787
10.18,0.4791193117726107,0.2954082775530174,9.959726903367972,-0.013709007132328,-0.0218435809278835,-0.0464774053205262,0.009999999999999787
10.19,0.4779601129409915,0.2957166814383397,9.959877893774268,-0.0138539431334836,-0.0216368570781883,-0.0463846495253675,0.009999999999999787
10.2,0.4767703248252868,0.2960144395550676,9.9599689350214,-0.0139974937518708,-0.0214279695608159,-0.0462907341163866,0.009999999999999787
10.21,0.4755500235715312,0.2963015411839411,9.959999990694085,-0.0141396446325473,-0.0212169392643441,-0.0461956614414637,0.010000000000001563
10.22,0.4742992872785876,0.2965779759893324,9.959971048370464,-0.0142803815605436,-0.0210037872916265,-0.0460994338774108,0.009999999999999787
10.23,0.4730181959931518,0.2968437340196185,9.95988211962708,-0.0144196904622841,-0.0207885349576828,-0.0460020538299119,0.009999999999999787
10.24,0.4717068317046293,0.297098805707539,9.959733240034248,-0.0145575574069947,-0.0205712037875671,-0.0459035237334633,0.009999999999999787
10.25,0.4703652783398863,0.2973431818705406,9.95952446914182,-0.0146939686080959,-0.0203518155142153,-0.0458038460513121,0.009999999999999787
10.26,0.4689936217578808,0.297576853711108,9.959255890455369,-0.0148289104245812,-0.0201303920762718,-0.0457030232753953,0.009999999999999787
10.27,0.4675919497441656,0.29779981281708,9.958927611402784,-0.0149623693623814,-0.019906955615896,-0.045601057926277,0.009999999999999787
10.28,0.4661603520052709,0.2980120511619529,9.958539763291316,-0.015094332075714,-0.0196815284765477,-0.0454979525530855,0.009999999999999787
10.29,0.4646989201629636,0.2982135611051693,9.958092501255036,-0.0152247853684176,-0.0194541332007529,-0.0453937097334499,0.009999999999999787
10.3,0.4632077477483831,0.2984043353923929,9.957586004192793,-0.0153537161952716,-0.0192247925278497,-0.0452883320734352,0.010000000000001563
10.31,0.4616869301960541,0.2985843671557699,9.95702047469666,-0.0154811116633008,-0.0189935293917144,-0.0451818222074774,0.009999999999999787
10.32,0.4601365648377819,0.2987536499141766,9.956396138970897,-0.0156069590330646,-0.0187603669184679,-0.0450741827983177,0.009999999999999787
10.33,0.4585567508964193,0.2989121775734515,9.955713246741464,-0.0157312457199308,-0.018525328424163,-0.0449654165369356,0.009999999999999787
10.34,0.45694758947952,0.2990599444266164,9.954972071156154,-0.0158539592953344,-0.0182884374124535,-0.0448555261424821,0.009999999999999787
10.35,0.4553091835728652,0.2991969451540803,9.954172908675318,-0.01597508748802,-0.018049717572243,-0.0447445143622112,0.009999999999999787
10.36,0.4536416380338732,0.299323174823832,9.953316078953293,-0.0160946181852693,-0.0178091927753167,-0.0446323839714117,0.009999999999999787
10.37,0.4519450595848897,0.2994386288916167,9.952401924710538,-0.0162125394341123,-0.0175668870739537,-0.0445191377733375,0.009999999999999787
10.38,0.4502195568063567,0.2995433032011008,9.951430811596566,-0.0163288394425222,-0.0173228246985225,-0.0444047785991377,0.010000000000001563
10.39,0.4484652401298624,0.2996371939840203,9.950403128043677,-0.0164435065805952,-0.017077030055057,-0.0442893093077856,0.009999999999999787
10.4,0.446682221831076,0.299720297860317,9.949319285111589,-0.016556529381713,-0.0168295277228168,-0.0441727327860076,0.009999999999999787
10.41,0.4448706160225591,0.2997926118382606,9.948179716323017,-0.0166678965436897,-0.0165803424518289,-0.0440550519482106,0.009999999999999787
10.42,0.4430305386464661,0.2998541333145556,9.94698487749029,-0.0167775969299019,-0.0163294991604127,-0.0439362697364094,0.009999999999999787
10.43,0.4411621074671205,0.2999048600744354,9.945735246533008,-0.0168856195704025,-0.0160770229326884,-0.0438163891201532,0.009999999999999787
10.44,0.4392654420634795,0.2999447902917423,9.94443132328689,-0.0169919536630172,-0.0158229390160682,-0.0436954130964511,0.009999999999999787
10.45,0.4373406638214822,0.2999739225289927,9.943073629303854,-0.0170965885744256,-0.0155672728187322,-0.0435733446896973,0.009999999999999787
10.46,0.4353878959262793,0.2999922557374291,9.941662707643385,-0.0171995138412237,-0.015310049907087,-0.0434501869515958,0.010000000000001563
10.47,0.4334072633543487,0.2999997892570581,9.94019912265534,-0.0173007191709705,-0.0150512960032094,-0.0433259429610835,0.009999999999999787
10.48,0.4313988928655,0.2999965228166739,9.938683459754197,-0.0174001944432174,-0.0147910369822742,-0.0432006158242537,0.009999999999999787
10.49,0.429362912994758,0.2999824565338678,9.93711632518491,-0.0174979297105201,-0.0145292988699666,-0.0430742086742783,0.009999999999999787
10.5,0.4272994540441402,0.2999575909150245,9.93549834578041,-0.0175939151994334,-0.0142661078398797,-0.0429467246713296,0.009999999999999787
10.51,0.4252086480743149,0.2999219268553037,9.933830168710886,-0.0176881413114882,-0.0140014902108972,-0.0428181670025008,0.009999999999999787
10.52,0.42309062889615,0.2998754656386076,9.932112461224923,-0.0177805986241519,-0.0137354724445615,-0.0426885388817271,0.009999999999999787
10.53,0.4209455320621508,0.2998182089375351,9.930345910382618,-0.0178712778917704,-0.0134680811424275,-0.0425578435497047,0.009999999999999787
10.54,0.4187734948577816,0.2997501588133211,9.92853122278075,-0.0179601700464924,-0.0131993430434026,-0.0424260842738102,0.009999999999999787
10.55,0.4165746562926825,0.2996713177157628,9.926669124270164,-0.0180472661991764,-0.0129292850210729,-0.0422932643480184,0.010000000000001563
10.56,0.4143491570917717,0.2995816884831312,9.924760359665438,-0.0181325576402799,-0.0126579340810153,-0.0421593870928208,0.009999999999999787
10.57,0.4120971396862374,0.299481274342069,9.922805692446964,-0.0182160358407298,-0.012385317358098,-0.0420244558551416,0.009999999999999787
10.58,0.4098187482044259,0.2993700789074745,9.920805904455566,-0.0182976924527756,-0.0121114621137658,-0.0418884740082548,0.009999999999999787
10.59,0.4075141284626138,0.2992481061823712,9.91876179557978,-0.0183775193108241,-0.0118363957333152,-0.0417514449516996,0.009999999999999787
10.6,0.4051834279556774,0.2991153605577641,9.916674183435898,-0.0184555084322561,-0.0115601457231548,-0.041613372111195,0.009999999999999787
10.61,0.4028267958476547,0.2989718468124813,9.914543903040943,-0.0185316520182244,-0.0112827397080556,-0.0414742589385551,0.009999999999999787
10.62,0.4004443829621952,0.2988175701130022,9.912371806478676,-0.0186059424544339,-0.0110042054283877,-0.0413341089116017,0.009999999999999787
10.63,0.3980363417729107,0.2986525360132713,9.910158762558757,-0.0186783723119028,-0.0107245707373473,-0.0411929255340785,0.010000000000001563
10.64,0.3956028263936162,0.2984767504544983,9.907905656469245,-0.0187489343477058,-0.0104438635981701,-0.0410507123355623,0.009999999999999787
10.65,0.393143992568464,0.2982902197649444,9.905613389422536,-0.0188176215056981,-0.0101621120813364,-0.0409074728713758,0.009999999999999787
10.66,0.3906599976619809,0.2980929506596944,9.903282878294888,-0.0188844269172211,-0.0098793443617629,-0.0407632107224981,0.009999999999999787
10.67,0.3881510006489924,0.2978849502404145,9.900915055259675,-0.0189493439017894,-0.009595588715986,-0.0406179294954755,0.009999999999999787
10.68,0.3856171621044504,0.2976662259950975,9.898510867414544,-0.0190123659677586,-0.0093108735193338,-0.0404716328223309,0.009999999999999787
10.69,0.3830586441931581,0.2974367857977927,9.896071276402576,-0.0190734868129745,-0.0090252272430887,-0.0403243243604737,0.009999999999999787
10.7,0.3804756106593872,0.2971966379083222,9.893597258027649,-0.0191327003254037,-0.0087386784516403,-0.0401760077926077,0.009999999999999787
10.71,0.3778682268164027,0.2969457909719842,9.891089801864126,-0.0191900005837442,-0.0084512557996289,-0.0400266868266394,0.010000000000001563
10.72,0.3752366595358814,0.2966842540192414,9.88854991086104,-0.019245381858018,-0.0081629880290803,-0.0398763651955852,0.009999999999999787
10.73,0.3725810772372297,0.2964120364653957,9.885978600940929,-0.0192988386101437,-0.0078739039665312,-0.0397250466574779,0.009999999999999787
10.74,0.3699016498768095,0.2961291481102497,9.883376900593476,-0.0193503654944907,-0.007584032520147,-0.0395727349952733,0.009999999999999787
10.75,0.3671985489370566,0.2958355991377537,9.88074585046413,-0.0193999573584135,-0.0072934026768308,-0.0394194340167548,0.009999999999999787
10.76,0.3644719474155081,0.295531400115639,9.878086502937864,-0.0194476092427671,-0.0070020434993248,-0.039265147554439,0.009999999999999787
10.77,0.3617220198137317,0.2952165619950374,9.875399921718232,-0.0194933163824026,-0.0067099841233039,-0.0391098794654794,0.009999999999999787
10.78,0.3589489421261541,0.2948910961100873,9.8726871814019,-0.0195370742066443,-0.0064172537544622,-0.0389536336315701,0.009999999999999787
10.79,0.3561528918288015,0.2945550141775255,9.869949367048822,-0.0195788783397462,-0.0061238816655927,-0.0387964139588489,0.009999999999999787
10.8,0.353334047867939,0.2942083282962651,9.86718757374824,-0.0196187246013298,-0.00582989719366,-0.0386382243777993,0.010000000000001563
10.81,0.3504925906486167,0.2938510509469607,9.864402906180652,-0.0196566090068021,-0.0055353297368661,-0.0384790688431527,0.009999999999999787
10.82,0.3476287020231282,0.2934831949915579,9.861596478175953,-0.0196925277677542,-0.0052402087517113,-0.0383189513337892,0.009999999999999787
10.83,0.3447425652793671,0.2931047736728316,9.858769412267929,-0.0197264772923399,-0.0049445637500482,-0.0381578758526381,0.009999999999999787
10.84,0.3418343651290994,0.2927158006139084,9.855922839245244,-0.0197584541856351,-0.0046484242961304,-0.037995846426578,0.009999999999999787
10.85,0.3389042876961433,0.2923162898177763,9.85305789769916,-0.019788455249977,-0.0043518200036568,-0.0378328671063362,0.009999999999999787
10.86,0.3359525205044532,0.291906255666781,9.850175733568094,-0.0198164774852842,-0.0040547805328093,-0.0376689419663873,0.009999999999999787
10.87,0.3329792524661222,0.2914857129221074,9.847277499679269,-0.0198425180893566,-0.0037573355872874,-0.0375040751048511,0.009999999999999787
10.88,0.3299846738692907,0.2910546767232491,9.8443643552876,-0.0198665744581554,-0.003459514911338,-0.0373382706433906,0.010000000000001563
10.89,0.3269689763659655,0.2906131625874626,9.841437465612,-0.0198886441860639,-0.0031613482867804,-0.0371715327271087,0.009999999999999787
10.9,0.3239323529597587,0.2901611864092091,9.838498001369317,-0.0199087250661275,-0.0028628655300285,-0.0370038655244447,0.009999999999999787
10.91,0.3208749979935312,0.2896987644595823,9.835547138306053,-0.0199268150902751,-0.0025640964891093,-0.0368352732270698,0.009999999999999787
10.92,0.3177971071369565,0.2892259133857224,9.832586056728092,-0.0199429124495193,-0.002265071040678,-0.0366657600497828,0.009999999999999787
10.93,0.3146988773740002,0.2887426502102169,9.829615941028583,-0.0199570155341375,-0.0019658190870301,-0.0364953302304042,0.009999999999999787
10.94,0.3115805069903083,0.2882489923304882,9.826637979214205,-0.0199691229338332,-0.0016663705531117,-0.0363239880296706,0.009999999999999787
10.95,0.3084421955605216,0.2877449575181661,9.823653362429978,-0.0199792334378763,-0.0013667553835266,-0.0361517377311281,0.009999999999999787
10.96,0.3052841439355012,0.28723056391845,9.82066328448282,-0.0199873460352249,-0.0010670035395422,-0.0359785836410253,0.010000000000001563
10.97,0.3021065542294715,0.2867058300494537,9.817668941364046,-0.0199934599146261,-0.0007671449960929,-0.0358045300882054,0.009999999999999787
10.98,0.2989096298070907,0.2861707748015398,9.814671530770976,-0.019997574464697,-0.0004672097387834,-0.035629581423998,0.009999999999999787
10.99,0.2956935752704298,0.2856254174366394,9.811672251627886,-0.0199996892739861,-0.0001672277608893,-0.0354537420221108,0.009999999999999787
11.0,0.2924585964458808,0.2850697775875588,9.80867230360644,-0.019999804131014,0.0001327709396415,-0.0352770162785196,0.009999999999999787
11.01,0.2892049003709857,0.2845038752572726,9.80567288664585,-0.0199979190242953,0.000432756363189,-0.0350994086113587,0.009999999999999787
11.02,0.2859326952811811,0.2839277308182035,9.802675200472908,-0.0199940341423391,0.0007326985114608,-0.0349209234608106,0.009999999999999787
11.03,0.2826421905964774,0.2833413650114891,9.79968044412211,-0.0199881498736303,0.0010325673904921,-0.0347415652889949,0.009999999999999787
11.04,0.2793335969080497,0.282744798946235,9.796689815456071,-0.0199802668065908,0.0013323330136448,-0.0345613385798563,0.009999999999999787
11.05,0.2760071259647657,0.2821380540987554,9.79370451068639,-0.0199703857295209,0.0016319654046064,-0.0343802478390533,0.010000000000001563
11.06,0.2726629906596308,0.281521152311799,9.79072572389516,-0.0199585076305199,0.0019314346003875,-0.034198297593845,0.009999999999999787
11.07,0.2693014050161625,0.2808941157937637,9.787754646557383,-0.0199446336973879,0.002230710654318,-0.034015492392978,0.009999999999999787
11.08,0.2659225841746938,0.2802569671178964,9.784792467064385,-0.0199287653175067,0.0025297636390421,-0.0338318368065728,0.009999999999999787
11.09,0.2625267443786067,0.2796097292214805,9.781840370248464,-0.0199109040777009,0.0028285636495104,-0.0336473354260095,0.009999999999999787
11.1,0.2591141029604876,0.2789524254050105,9.778899536908987,-0.0198910517640797,0.0031270808059709,-0.0334619928638131,0.009999999999999787
11.11,0.2556848783282238,0.2782850793313526,9.77597114334008,-0.019869210361858,0.0034252852569566,-0.0332758137535378,0.009999999999999787
11.12,0.2522392899510199,0.2776077150248935,9.773056360860124,-0.0198453820551577,0.0037231471822711,-0.0330888027496518,0.009999999999999787
11.13,0.2487775583453565,0.2769203568706753,9.770156355343248,-0.0198195692267896,0.00402063679597,-0.0329009645274205,0.010000000000001563
11.14,0.2452999050608758,0.2762230296135171,9.767272286752991,-0.0197917744580151,0.0043177243493397,-0.0327123037827895,0.009999999999999787
11.15,0.2418065526662,0.2755157583571247,9.764405308678343,-0.0197620005282879,0.0046143801338727,-0.0325228252322678,0.009999999999999787
11.16,0.2382977247346892,0.2747985685631873,9.7615565678723,-0.0197302504149762,0.0049105744842375,-0.0323325336128091,0.009999999999999787
11.17,0.234773645830135,0.2740714860504597,9.758727203793203,-0.0196965272930647,0.0052062777812461,-0.0321414336816941,0.009999999999999787
11.18,0.2312345414923828,0.2733345369938341,9.755918348148963,-0.0196608345348377,0.005501460454815,-0.0319495302164111,0.009999999999999787
11.19,0.2276806382229037,0.2725877479233967,9.753131124444383,-0.0196231757095412,0.0057960929869231,-0.0317568280145368,0.009999999999999787
11.2,0.2241121634702924,0.2718311457234734,9.750366647531784,-0.0195835545830263,0.0060901459145625,-0.031563331893616,0.009999999999999787
11.21,0.2205293456157158,0.271064757631662,9.747626023165072,-0.0195419751173727,0.0063835898326856,-0.0313690466910418,0.010000000000001563
11.22,0.2169324139582945,0.2702886112378507,9.744910347557452,-0.0194984414704922,0.006676395397145,-0.0311739772639342,0.009999999999999787
11.23,0.2133215987004259,0.269502734483226,9.74222070694296,-0.0194529579957134,0.0069685333276283,-0.0309781284890186,0.009999999999999787
11.24,0.2096971309330533,0.2687071556592663,9.739558177141976,-0.0194055292413458,0.007259974410586,-0.0307815052625043,0.009999999999999787
11.25,0.2060592426208783,0.267901903406723,9.736923823130924,-0.0193561599502252,0.0075506895021526,-0.0305841124999615,0.009999999999999787
11.26,0.2024081665875094,0.2670870067145905,9.734318698616285,-0.0193048550592397,0.0078406495310612,-0.0303859551361992,0.009999999999999787
11.27,0.1987441365005683,0.2662624949190617,9.731743845613128,-0.0192516196988355,0.0081298255015505,-0.0301870381251411,0.009999999999999787
11.28,0.195067386856729,0.265428397702472,9.729200294028324,-0.0191964591925045,0.0084181884962645,-0.0299873664397021,0.009999999999999787
11.29,0.1913781529667121,0.2645847450922313,9.726689061248592,-0.0191393790562512,0.0087057096791441,-0.029786945071664,0.009999999999999787
11.3,0.1876766709402305,0.2637315674597424,9.724211151733568,-0.0190803849980417,0.0089923602983104,-0.0295857790315504,0.010000000000001563
11.31,0.183963177670869,0.2628688955193078,9.72176755661401,-0.0190194829172327,0.0092781116889405,-0.029383873348502,0.009999999999999787
11.32,0.1802379108209283,0.2619967603270246,9.71935925329539,-0.0189566789039815,0.0095629352761335,-0.0291812330701503,0.009999999999999787
11.33,0.176501108806217,0.2611151932796651,9.716987205066925,-0.018891979238637,0.0098468025777679,-0.0289778632624917,0.009999999999999787
11.34,0.1727530107807868,0.260224226113548,9.71465236071628,-0.018825390391112,0.0101296852073502,-0.0287737690097608,0.009999999999999787
11.35,0.1689938566216338,0.2593238909033948,9.712355654150064,-0.0187569190202356,0.0104115548768531,-0.0285689554143033,0.009999999999999787
11.36,0.16522388691334,0.2584142200611762,9.71009800402028,-0.0186865719730879,0.0106923833995446,-0.0283634275964484,0.009999999999999787
11.37,0.1614433429326785,0.257495246334944,9.707880313356878,-0.018614356284315,0.0109721426928065,-0.0281571906943808,0.009999999999999787
11.38,0.1576524666331768,0.2565670028076532,9.705703469206556,-0.0185402791754256,0.0112508047809425,-0.0279502498640124,0.010000000000001563
11.39,0.1538515006296225,0.2556295228959705,9.70356834227795,-0.0184643480540688,0.011528341797976,-0.0277426102788531,0.009999999999999787
11.4,0.1500406881825416,0.2546828403490717,9.701475786593363,-0.0183865705132935,0.0118047259904367,-0.0275342771298818,0.009999999999999787
11.41,0.1462202731826316,0.2537269892474259,9.69942663914717,-0.0183069543307889,0.0120799297201355,-0.0273252556254164,0.009999999999999787
11.42,0.1423905001351469,0.2527620040015698,9.697421719571024,-0.0182255074681071,0.0123539254669289,-0.0271155509909834,0.009999999999999787
11.43,0.1385516141442569,0.2517879193508677,9.695461829806026,-0.0181422380698663,0.0126266858314706,-0.026905168469188,0.009999999999999787
11.44,0.1347038608973538,0.2508047703622622,9.693547753781951,-0.0180571544629369,0.0128981835379512,-0.0266941133195822,0.009999999999999787
11.45,0.1308474866493304,0.2498125924290103,9.691680257103688,-0.0179702651556089,0.0131683914368266,-0.0264823908185336,0.009999999999999787
11.46,0.1269827382068257,0.2488114212694109,9.689860086745009,-0.0178815788367405,0.0134372825075319,-0.0262700062590939,0.010000000000001563
11.47,0.1231098629124191,0.2478012929255172,9.688087970749784,-0.0177911043748897,0.0137048298611841,-0.026056964950866,0.009999999999999787
11.48,0.1192291086288066,0.246782243761841,9.68636461794079,-0.0176988508174272,0.0139710067432709,-0.0258432722198714,0.009999999999999787
11.49,0.1153407237229396,0.2457543104640417,9.684690717636167,-0.017604827389632,0.0142357865363258,-0.0256289334084173,0.009999999999999787
11.5,0.1114449570501229,0.2447175300376072,9.683066939373726,-0.0175090434937685,0.0144991427625901,-0.0254139538749629,0.009999999999999787
11.51,0.1075420579380957,0.2436719398065207,9.681493932643114,-0.0174115087081465,0.0147610490866608,-0.0251983389939852,0.009999999999999787
11.52,0.1036322761710681,0.2426175774119176,9.679972326626054,-0.0173122327861631,0.0150214793181237,-0.0249820941558451,0.009999999999999787
11.53,0.0997158619737378,0.2415544808107305,9.678502729944665,-0.017211225655328,0.0152804074141726,-0.0247652247666522,0.009999999999999787
11.54,0.0957930659952774,0.2404826882743219,9.677085730418025,-0.0171084974162699,0.0155378074822138,-0.02454773624813,0.009999999999999787
11.55,0.0918641392932915,0.2394022383871076,9.675721894827047,-0.0170040583417273,0.0157936537824548,-0.0243296340374802,0.010000000000001563
11.56,0.0879293333177461,0.2383131700451669,9.674411768687792,-0.0168979188755205,0.0160479207304789,-0.0241109235872465,0.009999999999999787
11.57,0.0839888998948825,0.2372155224548422,9.673155876033242,-0.0167900896315077,0.0163005828998032,-0.023891610365179,0.009999999999999787
11.58,0.0800430912110928,0.2361093351313286,9.671954719203711,-0.0166805813925234,0.0165516150244213,-0.0236716998540967,0.009999999999999787
11.59,0.0760921597967878,0.2349946478972499,9.670808778645926,-0.0165694051093003,0.0168009920013299,-0.023451197551751,0.009999999999999787
11.6,0.0721363585102286,0.2338715008812262,9.66971851272082,-0.0164565718993741,0.0170486888930392,-0.0232301089706878,0.009999999999999787
11.61,0.0681759405213463,0.2327399345164291,9.668684357520233,-0.0163420930459717,0.0172946809300663,-0.0230084396381103,0.009999999999999787
11.62,0.0642111592955414,0.2315999895391249,9.667706726692453,-0.0162259799968831,0.0175389435134127,-0.0227861950957402,0.009999999999999787
11.63,0.0602422685774597,0.2304517069872103,9.666786011276775,-0.0161082443633164,0.0177814522170234,-0.0225633808996795,0.010000000000001563
11.64,0.0562695223747509,0.229295128198733,9.665922579547097,-0.0159888979187369,0.0180221827902303,-0.0223400026202715,0.009999999999999787
11.65,0.0522931749418176,0.2281302948104043,9.66511677686459,-0.0158679525976895,0.0182611111601765,-0.0221160658419615,0.009999999999999787
11.66,0.0483134807635365,0.2269572487561006,9.664368925539588,-0.0157454204946056,0.0184982134342243,-0.0218915761631573,0.009999999999999787
11.67,0.0443306945389784,0.2257760322653529,9.663679324702647,-0.0156213138625934,0.0187334659023438,-0.0216665391960892,0.009999999999999787
11.68,0.0403450711651013,0.2245866878618274,9.66304825018491,-0.0154956451122126,0.0189668450394842,-0.0214409605666697,0.009999999999999787
11.69,0.0363568657204398,0.2233892583617943,9.66247595440777,-0.0153684268102336,0.0191983275079263,-0.0212148459143528,0.009999999999999787
11.7,0.032366333448782,0.222183786872586,9.661962666281903,-0.0152396716783806,0.0194278901596163,-0.0209882008919929,0.009999999999999787
11.71,0.0283737297428321,0.2209703167910462,9.66150859111572,-0.0151093925920594,0.0196555100384801,-0.0207610311657039,0.010000000000001563
11.72,0.0243793101278626,0.2197488918019668,9.661113910533231,-0.0149776025790701,0.0198811643827195,-0.020533342414717,0.009999999999999787
11.73,0.0203833302453673,0.2185195558765153,9.660778782401408,-0.0148443148183043,0.0201048306270883,-0.0203051403312392,0.009999999999999787
11.74,0.0163860458366928,0.2172823532706525,9.660503340767034,-0.0147095426384268,0.0203264864051483,-0.0200764306203107,0.009999999999999787
11.75,0.0123877127266788,0.2160373285235382,9.660287695803092,-0.0145732995165434,0.0205461095515066,-0.0198472189996623,0.009999999999999787
11.76,0.0083885868072787,0.2147845264559291,9.66013193376469,-0.0144355990768527,0.0207636781040313,-0.0196175111995726,0.009999999999999787
11.77,0.0043889240211852,0.2135239921685644,9.660036116954569,-0.0142964550892839,0.0209791703060487,-0.0193873129627247,0.009999999999999787
11.78,0.0003889803454534,0.2122557710405421,9.660000283698173,-0.0141558814681199,0.021192564608518,-0.0191566300440625,0.009999999999999787
11.79,-0.0036109882248885,0.2109799087276857,9.660024448328327,-0.0140138922706056,0.021403839672187,-0.0189254682106469,0.009999999999999787
11.8,-0.0076107256932167,0.2096964511609013,9.660108601179507,-0.0138705016955424,0.0216129743697251,-0.0186938332415118,0.010000000000001563
11.81,-0.0116099760776974,0.2084054445445221,9.660252708591686,-0.0137257240818684,0.021819947787837,-0.0184617309275192,0.009999999999999787
11.82,-0.0156084834276729,0.2071069353546472,9.660456712923828,-0.0135795739072243,0.0220247392293534,-0.018229167071215,0.009999999999999787
11.83,-0.0196059918400359,0.2058009703374669,9.660720532576912,-0.0134320657865057,0.0222273282153008,-0.0179961474866835,0.009999999999999787
11.84,-0.0236022454756132,0.2044875965075809,9.6610440620266,-0.0132832144704019,0.0224276944869493,-0.0177626779994021,0.009999999999999787
11.85,-0.0275969885755372,0.2031668611463055,9.661427171865428,-0.0131330348439203,0.0226258180078388,-0.0175287644460958,0.009999999999999787
11.86,-0.0315899654776112,0.2018388117999706,9.661869708854562,-0.0129815419248984,0.0228216789657823,-0.0172944126745914,0.009999999999999787
11.87,-0.0355809206326783,0.2005034962782093,9.662371495985113,-0.012828750862502,0.0230152577748473,-0.0170596285436708,0.009999999999999787
11.88,-0.0395695986209697,0.1991609626522368,9.662932332548912,-0.0126746769357099,0.023206535077314,-0.0168244179229252,0.010000000000001563
11.89,-0.043555744168455,0.1978112592531179,9.663551994218816,-0.0125193355517865,0.0233954917456118,-0.0165887866926077,0.009999999999999787
11.9,-0.0475391021631813,0.1964544346700296,9.66423023313842,-0.0123627422447406,0.0235821088842311,-0.016352740743487,0.009999999999999787
11.91,-0.051519417671595,0.1950905377485102,9.6649667780212,-0.0122049126737725,0.0237663678316138,-0.0161162859766994,0.009999999999999787
11.92,-0.0554964359548629,0.1937196175887015,9.665761334259017,-0.0120458626217078,0.0239482501620185,-0.0158794283036017,0.009999999999999787
11.93,-0.0594699024851733,0.1923417235435815,9.666613584039975,-0.011885607993419,0.0241277376873638,-0.0156421736456235,0.009999999999999787
11.94,-0.0634395629620229,0.1909569052171866,9.667523186475524,-0.0117241648142356,0.0243048124590468,-0.0154045279341189,0.009999999999999787
11.95,-0.0674051633284977,0.1895652124628271,9.668489777736818,-0.0115615492283408,0.0244794567697378,-0.0151664971102181,0.009999999999999787
11.96,-0.0713664497875271,0.1881666953812923,9.669512971200238,-0.0113977774971578,0.0246516531551513,-0.0149280871246796,0.010000000000001563
11.97,-0.0753231688181289,0.1867614043190455,9.670592357602043,-0.0112328659977232,0.0248213843957923,-0.0146893039377405,0.009999999999999787
11.98,-0.0792750671916375,0.1853493898664137,9.671727505202064,-0.0110668312210496,0.0249886335186781,-0.014450153518968,0.009999999999999787
11.99,-0.0832218919879041,0.1839307028557641,9.672917959956395,-0.0108996897704761,0.0251533837990358,-0.0142106418471101,0.009999999999999787
12.0,-0.0871633906114907,0.1825053943596765,9.674163245699006,-0.0107314583600087,0.0253156187619747,-0.0139707749099462,0.009999999999999787
12.01,-0.0910993108078289,0.1810735156891023,9.675462864332207,-0.010562153812648,0.0254753221841337,-0.0137305587041372,0.009999999999999787
12.02,-0.0950294006793707,0.1796351183915192,9.67681629602587,-0.0103917930587079,0.0256324780953036,-0.0134899992350758,0.009999999999999787
12.03,-0.0989534087017073,0.1781902542490746,9.678222999425364,-0.0102203931341217,0.0257870707800244,-0.013249102516736,0.009999999999999787
12.04,-0.1028710837396614,0.1767389752767215,9.679682411868082,-0.0100479711787391,0.0259390847791563,-0.0130078745715234,0.009999999999999787
12.05,-0.1067821750633693,0.1752813337203462,9.681193949608511,-0.0098745444346119,0.0260885048914261,-0.0127663214301239,0.010000000000001563
12.06,-0.1106864323643223,0.1738173820548876,9.682757008051704,-0.00970013024427,0.0262353161749471,-0.0125244491313537,0.009999999999999787
12.07,-0.114583605771384,0.1723471729824471,9.684370961995128,-0.0095247460489871,0.0263795039487133,-0.0122822637220075,0.009999999999999787
12.08,-0.1184734458667883,0.1708707594303928,9.68603516587872,-0.0093484093870365,0.0265210537940675,-0.0120397712567079,0.009999999999999787
12.09,-0.1223557037020951,0.1693881945494529,9.687748954043116,-0.0091711378919375,0.0266599515561431,-0.011796977797754,0.009999999999999787
12.1,-0.126230130814129,0.1678995317118031,9.689511640995908,-0.008992949290692,0.0267961833452796,-0.0115538894149696,0.009999999999999787
12.11,-0.1300964792408781,0.166404824509145,9.691322521685809,-0.0088138614020115,0.0269297355384117,-0.0113105121855515,0.009999999999999787
12.12,-0.133954501537362,0.1649041267507759,9.69318087178469,-0.0086338921345356,0.0270605947804313,-0.0110668521939179,0.009999999999999787
12.13,-0.1378039507914696,0.1633974924616535,9.69508594797729,-0.0084530594850411,0.0271887479855233,-0.0108229155315558,0.010000000000001563
12.14,-0.1416445806397644,0.1618849758804497,9.697036988258532,-0.0082713815366424,0.0273141823384739,-0.0105787082968692,0.009999999999999787
12.15,-0.1454761452832454,0.1603666314575975,9.699033212238316,-0.0080888764569828,0.0274368852959525,-0.0103342365950261,0.009999999999999787
12.16,-0.1492983995030848,0.1588425138533327,9.701073821453669,-0.0079055624964181,0.0275568445877654,-0.0100895065378064,0.009999999999999787
12.17,-0.1531110986763156,0.1573126779357239,9.70315799968811,-0.0077214579861918,0.0276740482180835,-0.0098445242434487,0.009999999999999787
12.18,-0.1569139987914929,0.1557771787786991,9.705284913298136,-0.0075365813366015,0.0277884844666415,-0.0095992958364977,0.009999999999999787
12.19,-0.1607068564643082,0.1542360716600624,9.707453711546655,-0.0073509510351579,0.0279001418899097,-0.0093538274476507,0.009999999999999787
12.2,-0.1644894289531644,0.152689412059503,9.709663526943295,-0.0071645856447365,0.0280090093222391,-0.0091081252136047,0.009999999999999787
12.21,-0.1682614741747123,0.1511372556566001,9.711913475591356,-0.0069775038017212,0.0281150758769769,-0.0088621952769028,0.010000000000001563
12.22,-0.1720227507193469,0.1495796583288167,9.714202657541378,-0.0067897242141402,0.0282183309475563,-0.0086160437857805,0.009999999999999787
12.23,-0.1757730178666517,0.1480166761494877,9.7165301571511,-0.0066012656597959,0.028318764208556,-0.0083696768940123,0.009999999999999787
12.24,-0.1795120356008109,0.1464483653858034,9.718895043451717,-0.0064121469843867,0.0284163656167338,-0.0081231007607577,0.009999999999999787
12.25,-0.1832395646259642,0.1448747824967813,9.721296370520232,-0.0062223870996225,0.0285111254120302,-0.0078763215504071,0.009999999999999787
12.26,-0.186955366381527,0.1432959841312358,9.723733177857842,-0.0060320049813336,0.0286030341185445,-0.007629345432428,0.009999999999999787
12.27,-0.1906592030574562,0.1417120271257378,9.7262044907741,-0.0058410196675733,0.0286920825454828,-0.0073821785812105,0.009999999999999787
12.28,-0.1943508376094679,0.1401229685025677,9.72870932077679,-0.0056494502567136,0.0287782617880765,-0.0071348271759128,0.009999999999999787
12.29,-0.19803003377421,0.138528865467665,9.731246665967308,-0.0054573159055362,0.0288615632284732,-0.0068872974003075,0.009999999999999787
12.3,-0.2016965560843856,0.1369297754085667,9.733815511441406,-0.005264635827316,0.0289419785365982,-0.0066395954426258,0.010000000000001563
12.31,-0.2053501698838165,0.1353257558923419,9.736414829695152,-0.0050714292899002,0.0290194996709879,-0.0063917274954039,0.009999999999999787
12.32,-0.2089906413424684,0.1337168646635204,9.739043581035894,-0.0048777156137816,0.0290941188795933,-0.0061436997553275,0.009999999999999787
12.33,-0.2126177374714089,0.1321031596420122,9.741700713998153,-0.0046835141701664,0.0291658287005557,-0.0058955184230771,0.009999999999999787
12.34,-0.2162312261377245,0.130484698921024,9.744385165764164,-0.0044888443790371,0.0292346219629529,-0.0056471897031733,0.009999999999999787
12.35,-0.219830876079375,0.1288615407649672,9.747095862589015,-0.0042937257072105,0.0293004917875159,-0.005398719803821,0.009999999999999787
12.36,-0.223416456919991,0.1272337436073597,9.749831720230125,-0.0040981776663914,0.0293634315873171,-0.0051501149367548,0.009999999999999787
12.37,-0.2269877391836242,0.1256013660487232,9.752591644380905,-0.0039022198112207,0.029423435068429,-0.0049013813170834,0.009999999999999787
12.38,-0.230544494309428,0.1239644668544745,9.7553745311085,-0.0037058717373207,0.0294804962305536,-0.0046525251631344,0.010000000000001563
12.39,-0.2340864946662876,0.1223231049528068,9.758179267295322,-0.0035091530793353,0.0295346093676221,-0.0044035526962986,0.009999999999999787
12.4,-0.2376135135673907,0.120677339432572,9.761004731084292,-0.0033120835089661,0.0295857690683659,-0.0041544701408748,0.009999999999999787
12.41,-0.2411253252847298,0.1190272295411506,9.763849792327568,-0.0031146827330062,0.0296339702168576,-0.0039052837239138,0.009999999999999787
12.42,-0.2446217050635548,0.1173728346823205,9.766713313038585,-0.0029169704913685,0.0296792079930225,-0.0036559996750631,0.009999999999999787
12.43,-0.2481024291367538,0.1157142144141184,9.769594147847236,-0.0027189665551125,0.0297214778731207,-0.003406624226411,0.009999999999999787
12.44,-0.2515672747391727,0.1140514284466943,9.77249114445801,-0.0025206907244667,0.0297607756301994,-0.0031571636123306,0.009999999999999787
12.45,-0.2550160201218772,0.1123845366401634,9.775403144110893,-0.0023221628268491,0.0297970973345156,-0.0029076240693243,0.009999999999999787
12.46,-0.2584484445663391,0.1107135990024514,9.778328982044844,-0.0021234027148839,0.0298304393539292,-0.0026580118358678,0.010000000000001563
12.47,-0.261864328398565,0.1090386756871322,9.7812674879637,-0.0019244302644167,0.0298607983542661,-0.0024083331522538,0.009999999999999787
12.48,-0.2652634530031569,0.1073598269912646,9.78421748650428,-0.0017252653725268,0.0298881712996514,-0.0021585942604364,0.009999999999999787
12.49,-0.2686456008372989,0.1056771133532199,9.787177797706494,-0.0015259279555374,0.0299125554528135,-0.0019088014038749,0.009999999999999787
12.5,-0.2720105554446849,0.1039905953505077,9.790147237485334,-0.001326437947024,0.0299339483753574,-0.0016589608273778,0.009999999999999787
12.51,-0.2753581014693692,0.1023003336975941,9.79312461810448,-0.0011268152958212,0.0299523479280086,-0.0014090787769464,0.009999999999999787
12.52,-0.2786880246695474,0.1006063892437155,9.796108748651385,-0.0009270799640279,0.0299677522708272,-0.0011591614996189,0.009999999999999787
12.53,-0.2820001119312729,0.0989088229706893,9.79909843551361,-0.0007272519250107,0.0299801598633917,-0.0009092152433143,0.009999999999999787
12.54,-0.2852941512820905,0.0972076959907189,9.80209248285628,-0.0005273511614071,0.0299895694649534,-0.000659246256676,0.009999999999999787
12.55,-0.2885699319046055,0.0955030695441909,9.805089693100374,-0.0003273976631268,0.0299959801345597,-0.0004092607889156,0.010000000000001563
12.56,-0.2918272441499778,0.093795004997474,9.80808886740176,-0.000127411425353,0.0299993912311491,-0.0001592650896568,0.009999999999999787
12.57,-0.2950658795513338,0.0920835638407067,9.811088806130702,7.258755345710136e-05,0.0299998024136149,9.073459122083205e-05,0.009999999999999787
12.58,-0.2982856308371142,0.0903688076855862,9.814088309351709,0.0002725792735723,0.029997213640839,0.0003407320037385,0.009999999999999787
12.59,-0.3014862919443363,0.088650798263149,9.817086177303484,0.0004725437359874,0.0299916251716967,0.0005907208979738,0.009999999999999787
12.6,-0.3046676580317804,0.0869295974215484,9.820081210878822,0.0006724609444227,0.0299830375650301,0.0008406950242174,0.009999999999999787
12.61,-0.3078295254931042,0.0852052671238293,9.823072212104222,0.0008723109073239,0.0299714516795928,0.0010906481331293,0.009999999999999787
12.62,-0.3109716919698686,0.0834778694456954,9.826057984619071,0.0010720736398613,0.0299568686739636,0.0013405739758946,0.009999999999999787
12.63,-0.3140939563644911,0.0817474665732772,9.82903733415418,0.0012717291659281,0.0299392900064311,0.0015904663043803,0.010000000000001563
12.64,-0.3171961188531174,0.0800141208008915,9.832009069009452,0.0014712575201381,0.0299187174348472,0.0018403188712913,0.009999999999999787
12.65,-0.3202779808984058,0.0782778945287981,9.834972000530575,0.0016706387498221,0.029895153016452,0.0020901254303263,0.009999999999999787
12.66,-0.3233393452622381,0.0765388502609557,9.837924943584438,0.0018698529170233,0.0298685991076677,0.0023398797363344,0.009999999999999787
12.67,-0.3263800160183405,0.0747970506027703,9.840866717033196,0.0020688801004911,0.0298390583638631,0.002589575545471,0.009999999999999787
12.68,-0.3293997985648212,0.0730525582588411,9.84379614420669,0.0022677003976728,0.0298065337390879,0.0028392066153539,0.009999999999999787
12.69,-0.3323984996366293,0.0713054360307045,9.84671205337311,0.0024662939267045,0.0297710284857775,0.0030887667052192,0.009999999999999787
12.7,-0.3353759273179191,0.0695557468145712,9.849613278207672,0.0026646408283988,0.0297325461544275,0.0033382495760778,0.009999999999999787
12.71,-0.3383318910543346,0.0678035535990649,9.852498658259115,0.0028627212682308,0.0296910905932392,0.0035876489908708,0.010000000000001563
12.72,-0.341266201665207,0.066048919462952,9.855367039413904,0.0030605154383215,0.0296466659477341,0.0038369587146259,0.009999999999999787
12.73,-0.3441786713556575,0.0642919075728715,9.858217274357806,0.0032580035594189,0.0295992766603397,0.004086172514613,0.009999999999999787
12.74,-0.3470691137286206,0.0625325811810619,9.861048223034857,0.0034551658828752,0.0295489274699452,0.0043352841605,0.009999999999999787
12.75,-0.3499373437967718,0.0607710036230835,9.863858753103326,0.0036519826926226,0.0294956234114277,0.0045842874245088,0.009999999999999787
12.76,-0.3527831779943643,0.0590072383155377,9.86664774038866,0.0038484343071441,0.0294393698151487,0.0048331760815708,0.009999999999999787
12.77,-0.3556064341889823,0.0572413487537856,9.869414069333134,0.0040445010814418,0.0293801723064209,0.0050819439094825,0.009999999999999787
12.78,-0.3584069316931921,0.0554733985096599,9.872156633442051,0.0042401634090018,0.0293180368049459,0.0053305846890611,0.009999999999999787
12.79,-0.3611844912761091,0.0537034512291792,9.874874335726336,0.0044354017237544,0.029252969524222,0.0055790922043001,0.009999999999999787
12.8,-0.3639389351748689,0.0519315706302545,9.87756608914131,0.0046301965020307,0.029184976970923,0.0058274602425246,0.010000000000001563
12.81,-0.3666700871060012,0.0501578205003954,9.880230817021497,0.0048245282645153,0.0291140659442477,0.0060756825945466,0.009999999999999787
12.82,-0.3693777722767152,0.0483822646944154,9.88286745351127,0.0050183775781939,0.0290402435352396,0.0063237530548201,0.009999999999999787
12.83,-0.3720618173960847,0.0466049671321319,9.885474943991197,0.0052117250582967,0.0289635171260781,0.0065716654215966,0.009999999999999787
12.84,-0.3747220506861371,0.0448259917960647,9.88805224549984,0.0054045513702367,0.0288838943893402,0.0068194134970798,0.009999999999999787
12.85,-0.3773583018928511,0.0430454027291343,9.890598327150972,0.0055968372315434,0.0288013832872332,0.0070669910875808,0.009999999999999787
12.86,-0.379970402297048,0.0412632640323543,9.893112170545873,0.0057885634137911,0.0287159920707985,0.0073143920036727,0.009999999999999787
12.87,-0.3825581847251948,0.0394796398625254,9.8955927701807,0.0059797107445211,0.0286277292790867,0.0075616100603455,0.009999999999999787
12.88,-0.3851214835600987,0.0376945944299256,9.898039133848677,0.0061702601091598,0.0285366037383033,0.0078086390771605,0.010000000000001563
12.89,-0.3876601347515088,0.0359081919959972,9.900450283036957,0.0063601924529294,0.0284426245609265,0.0080554728784054,0.009999999999999787
12.9,-0.3901739758266158,0.034120496871035,9.902825253318008,0.0065494887827538,0.0283458011447958,0.0083021052932478,0.009999999999999787
12.91,-0.3926628459004495,0.0323315734118707,9.905163094735384,0.0067381301691579,0.0282461431721719,0.0085485301558903,0.009999999999999787
12.92,-0.3951265856861737,0.0305414860195551,9.907462872183691,0.0069260977481601,0.0281436606087693,0.0087947413057242,0.009999999999999787
12.93,-0.3975650375052841,0.0287502991370415,9.909723665782613,0.0071133727231593,0.0280383637027587,0.0090407325874834,0.009999999999999787
12.94,-0.3999780452976956,0.0269580772468638,9.911944571244852,0.0072999363668139,0.0279302629837431,0.0092864978513988,0.009999999999999787
12.95,-0.402365454631734,0.0251648848688164,9.914124700237837,0.0074857700229151,0.0278193692617042,0.0095320309533517,0.009999999999999787
12.96,-0.4047271127140165,0.023370786557632,9.916263180739035,0.0076708551082522,0.0277056936259219,0.0097773257550272,0.010000000000001563
12.97,-0.4070628683992314,0.0215758469006554,9.918359157384764,0.0078551731144707,0.027589247443865,0.010022376124068,0.009999999999999787
12.98,-0.4093725721998125,0.0197801305155205,9.92041179181231,0.0080387056099238,0.0274700423600547,0.0102671759342277,0.009999999999999787
12.99,-0.4116560762955056,0.0179837020478236,9.922420262995264,0.0082214342415148,0.0273480902949,0.0105117190655238,0.009999999999999787
13.0,-0.4139132345428268,0.0161866261687949,9.92438376757194,0.0084033407365328,0.0272234034435058,0.0107559994043907,0.009999999999999787
13.01,-0.4161439024844199,0.0143889675729725,9.926301520166684,0.0085844069044799,0.0270959942744534,0.0110000108438328,0.009999999999999787
13.02,-0.418347937358297,0.0125907909758713,9.928172753704027,0.0087646146388902,0.0269658755285534,0.0112437472835766,0.009999999999999787
13.03,-0.4205251981069794,0.0107921611116545,9.929996719715504,0.0089439459191405,0.0268330602175721,0.0114872026302241,0.009999999999999787
13.04,-0.422675545386522,0.0089931427308038,9.931772688639027,0.009122382812252,0.0266975616229298,0.011730370797404,0.009999999999999787
13.05,-0.4247988415754323,0.0071938005977857,9.933499950110711,0.0092999074746844,0.0265593932943731,0.0119732457059249,0.010000000000001563
13.06,-0.4268949507834795,0.005394199488723,9.935177813248997,0.0094765021541191,0.0264185690486198,0.0122158212839268,0.009999999999999787
13.07,-0.4289637388603901,0.0035944041890616,9.936805606930996,0.0096521491912355,0.0262751029679769,0.0124580914670329,0.009999999999999787
13.08,-0.4310050734044325,0.0017944794912373,9.938382680060942,0.0098268310214762,0.0261290093989332,0.0127000501985011,0.009999999999999787
13.09,-0.4330188237708937,-5.509807654522658e-06,9.939908401830609,0.0100005301768038,0.0259803029507236,0.0129416914293758,0.009999999999999787
13.1,-0.4350048610804364,-0.0018054989081942,9.941382161971632,0.0101732292874474,0.0258289984938691,0.0131830091186389,0.009999999999999787
13.11,-0.4369630582273513,-0.0036054230109682,9.94280337099961,0.01034491108364,0.0256751111586894,0.0134239972333606,0.009999999999999787
13.12,-0.4388932898876903,-0.0054052173189031,9.944171460449873,0.0105155583973449,0.0255186563337896,0.0136646497488506,0.009999999999999787
13.13,-0.4407954325272842,-0.0072048170395984,9.945485883104883,0.010685154163973,0.0253596496645219,0.0139049606488086,0.010000000000001563
13.14,-0.4426693644096542,-0.0090041573876583,9.946746113213107,0.010853681424089,0.0251981070514208,0.0141449239254746,0.009999999999999787
13.15,-0.4445149656038,-0.0108031735870245,9.947951646699304,0.0110211233251073,0.0250340446486128,0.0143845335797792,0.009999999999999787
13.16,-0.4463321179918741,-0.0126018008733086,9.94910200136615,0.0111874631229773,0.0248674788622017,0.0146237836214934,0.009999999999999787
13.17,-0.4481207052767448,-0.0143999744961219,9.95019671708712,0.0113526841838578,0.0246984263486271,0.0148626680693788,0.009999999999999787
13.18,-0.4498806129894356,-0.0161976297214089,9.95123535599052,0.0115167699857806,0.0245269040129997,0.0151011809513366,0.009999999999999787
13.19,-0.4516117284964541,-0.0179947018337752,9.952217502634635,0.011679704120302,0.0243529290074099,0.0153393163045571,0.009999999999999787
13.2,-0.4533139410069993,-0.0197911261388189,9.953142764173904,0.0118414702941444,0.0241765187292134,0.0155770681756689,0.009999999999999787
13.21,-0.4549871415800502,-0.0215868379654591,9.954010770516051,0.0120020523308253,0.0239976908192911,0.0158144306208876,0.010000000000001563
13.22,-0.4566312231313419,-0.0233817726682639,9.954821174470109,0.0121614341722748,0.0238164631602848,0.0160513977061644,0.009999999999999787
13.23,-0.4582460804402166,-0.0251758656297776,9.9555736518853,0.0123195998804415,0.0236328538748096,0.0162879635073346,0.009999999999999787
13.24,-0.4598316101563572,-0.0269690522628478,9.956267901780691,0.0124765336388865,0.0234468813236407,0.0165241221102655,0.009999999999999787
13.25,-0.4613877108064037,-0.028761268012949,9.956903646465587,0.0126322197543647,0.0232585641038786,0.0167598676110042,0.009999999999999787
13.26,-0.4629142828004448,-0.0305524483605082,9.957480631650586,0.0127866426583943,0.0230679210470881,0.0169951941159256,0.009999999999999787
13.27,-0.4644112284383944,-0.0323425288232261,9.957998626549305,0.0129397869088135,0.0228749712174161,0.0172300957418792,0.009999999999999787
13.28,-0.4658784519162434,-0.0341314449583994,9.958457423970694,0.013091637191325,0.0226797339096848,0.0174645666163367,0.009999999999999787
13.29,-0.4673158593321886,-0.0359191323652403,9.9588568404019,0.013242178321027,0.0224822286474622,0.0176986008775384,0.009999999999999787
13.3,-0.4687233586926466,-0.0377055266871954,9.959196716081676,0.013391395243932,0.02228247518111,0.01793219267464,0.010000000000001563
13.31,-0.4701008599181392,-0.0394905636142616,9.959476915064284,0.0135392730384721,0.0220804934858084,0.0181653361678586,0.009999999999999787
13.32,-0.4714482748490575,-0.041274178885303,9.959697325273863,0.013685796916991,0.0218763037595586,0.0183980255286192,0.009999999999999787
13.33,-0.4727655172513064,-0.0430563082903618,9.959857858549272,0.013830952227223,0.0216699264211629,0.0186302549396998,0.009999999999999787
13.34,-0.4740525028218212,-0.0448368876729725,9.95995845067934,0.013974724453758,0.0214613821081834,0.0188620185953772,0.009999999999999787
13.35,-0.475309149193965,-0.0466158529324694,9.959999061428553,0.0141170992194932,0.0212506916748775,0.0190933107015721,0.009999999999999787
13.36,-0.4765353759427992,-0.0483931400262952,9.959979674553155,0.0142580622870707,0.0210378761901129,0.0193241254759939,0.009999999999999787
13.37,-0.4777311045902301,-0.0501686849723065,9.959900297807645,0.0143975995603012,0.0208229569352608,0.0195544571482854,0.009999999999999787
13.38,-0.4788962586100322,-0.0519424238510771,9.95976096294165,0.0145356970855736,0.0206059554020677,0.0197842999601665,0.010000000000001563
13.39,-0.4800307634327463,-0.0537142928081987,9.959561725687264,0.0146723410532505,0.0203868932905058,0.0200136481655791,0.009999999999999787
13.4,-0.4811345464504508,-0.0554842280565799,9.959302665736734,0.0148075177990489,0.020165792506604,0.0202424960308299,0.009999999999999787
13.41,-0.4822075370214094,-0.0572521658787439,9.958983886710586,0.014941213805407,0.0199426751602563,0.0204708378347342,0.009999999999999787
13.42,-0.4832496664745917,-0.0590180426291194,9.958605516116178,0.0150734157028356,0.0197175635630113,0.0206986678687589,0.009999999999999787
13.43,-0.4842608681140685,-0.0607817947363343,9.958167705296704,0.015204110271255,0.0194904802258414,0.0209259804371648,0.009999999999999787
13.44,-0.4852410772232802,-0.062543358705503,9.957670629370655,0.0153332844413173,0.0192614478568908,0.0211527698571498,0.009999999999999787
13.45,-0.4861902310691782,-0.064302671120513,9.957114487161771,0.0154609252957132,0.0190304893592057,0.0213790304589901,0.009999999999999787
13.46,-0.4871082689062401,-0.0660596686463074,9.956499501119527,0.0155870200704635,0.0187976278284434,0.0216047565861823,0.010000000000001563
13.47,-0.4879951319803582,-0.067814288031165,9.955825917230133,0.015711556156196,0.0185628865505629,0.0218299425955851,0.009999999999999787
13.48,-0.488850763532598,-0.0695664661089768,9.955094004918168,0.0158345210994058,0.0183262889994963,0.0220545828575601,0.009999999999999787
13.49,-0.4896751088028326,-0.0713161398015224,9.954304056938795,0.015955902603701,0.0180878588348017,0.0222786717561122,0.009999999999999787
13.5,-0.4904681150332458,-0.0730632461207373,9.953456389260676,0.0160756885310324,0.0178476198992967,0.0225022036890308,0.009999999999999787
13.51,-0.4912297314717095,-0.0748077221709827,9.952551340939578,0.016193866902907,0.0176055962166748,0.0227251730680292,0.009999999999999787
13.52,-0.491959909375032,-0.0765495051513091,9.951589273982766,0.0163104259015862,0.0173618119891025,0.0229475743188845,0.009999999999999787
13.53,-0.4926586020120764,-0.0782885323577174,9.950570573204187,0.0164253538712672,0.0171162915947993,0.023169401881577,0.009999999999999787
13.54,-0.4933257646667523,-0.080024741185416,9.949495646070584,0.0165386393192489,0.0168690595856003,0.0233906502104292,0.009999999999999787
13.55,-0.4939613546408779,-0.0817580691310745,9.948364922538463,0.0166502709170807,0.0166201406845002,0.0236113137742443,0.010000000000001563
13.56,-0.4945653312569114,-0.0834884537950738,9.94717885488217,0.0167602375016961,0.0163695597831817,0.0238313870564449,0.009999999999999787
13.57,-0.4951376558605559,-0.0852158328837536,9.945937917512952,0.0168685280765281,0.0161173419395262,0.0240508645552103,0.009999999999999787
13.58,-0.4956782918232318,-0.0869401442116529,9.944642606789207,0.0169751318126095,0.0158635123751078,0.0242697407836145,0.009999999999999787
13.59,-0.4961872045444223,-0.0886613257037501,9.943293440817962,0.0170800380496555,0.0156080964726714,0.0244880102697631,0.009999999999999787
13.6,-0.4966643614538868,-0.0903793153976974,9.941890959247608,0.0171832362971299,0.0153511197735944,0.0247056675569304,0.009999999999999787
13.61,-0.4971097320137459,-0.0920940514460509,9.94043572305208,0.0172847162352939,0.0150926079753327,0.0249227072036955,0.009999999999999787
13.62,-0.497523287720436,-0.0938054721184994,9.93892831430645,0.0173844677162382,0.0148325869288505,0.0251391237840786,0.009999999999999787
13.63,-0.497905002106533,-0.0955135158040821,9.937369335954118,0.0174824807648979,0.0145710826360359,0.0253549118876764,0.010000000000001563
13.64,-0.4982548507424462,-0.0972181210134109,9.93575941156564,0.0175787455800498,0.0143081212471002,0.0255700661197976,0.009999999999999787
13.65,-0.4985728112379826,-0.0989192263808832,9.934099185089307,0.0176732525352927,0.0140437290579632,0.0257845811015975,0.009999999999999787
13.66,-0.4988588632437788,-0.100616770666889,9.932389320593572,0.0177659921800096,0.0137779325076235,0.0259984514702129,0.009999999999999787
13.67,-0.4991129884526043,-0.1023106927600175,9.930630502001431,0.0178569552403135,0.0135107581755146,0.0262116718788956,0.009999999999999787
13.68,-0.4993351706005324,-0.1040009316792561,9.92882343281688,0.0179461326199741,0.0132422327788471,0.0264242369971465,0.009999999999999787
13.69,-0.4995253954679814,-0.1056874265761858,9.926968835843493,0.0180335154013278,0.0129723831699369,0.0266361415108487,0.009999999999999787
13.7,-0.4996836508806248,-0.1073701167371741,9.92506745289533,0.0181190948461692,0.0127012363335199,0.0268473801224005,0.009999999999999787
13.71,-0.4998099267101701,-0.1090489415855553,9.92312004450022,0.0182028623966252,0.0124288193840539,0.0270579475508475,0.010000000000001563
13.72,-0.4999042148750074,-0.1107238406838161,9.92112738959556,0.0182848096760105,0.0121551595630068,0.0272678385320151,0.009999999999999787
13.73,-0.4999665093407263,-0.112394753735771,9.91909028521674,0.0183649284896656,0.0118802842361327,0.0274770478186395,0.009999999999999787
13.74,-0.4999968061205022,-0.11406162058873,9.91700954617835,0.0184432108257757,0.0116042208907352,0.0276855701804995,0.009999999999999787
13.75,-0.4999951032753517,-0.1157243812356665,9.914886004748263,0.0185196488561725,0.0113269971329188,0.027893400404547,0.009999999999999787
13.76,-0.4999614009142562,-0.1173829758173767,9.912720510314742,0.0185942349371167,0.0110486406848282,0.0281005332950371,0.009999999999999787
13.77,-0.4998957011941553,-0.1190373446246343,9.91051392904668,0.0186669616100623,0.0107691793818762,0.0283069636736584,0.009999999999999787
13.78,-0.4997980083198086,-0.1206874281003425,9.908267143547167,0.0187378216024027,0.0104886411699604,0.0285126863796623,0.009999999999999787
13.79,-0.4996683285435269,-0.1223331668416728,9.905981052500447,0.0188068078281976,0.0102070541026681,0.0287176962699916,0.009999999999999787
13.8,-0.4995066701647714,-0.1239745016022082,9.903656570312458,0.018873913388882,0.0099244463384714,0.02892198821941,0.010000000000001563
13.81,-0.4993130435296233,-0.1256113732940757,9.901294626745084,0.0189391315739558,0.0096408461379111,0.0291255571206291,0.009999999999999787
13.82,-0.4990874610301212,-0.1272437229900706,9.898896166544253,0.0190024558616547,0.0093562818607711,0.0293283978844373,0.009999999999999787
13.83,-0.498829937103468,-0.1288714919257802,9.896462149062073,0.0190638799196027,0.0090707819632419,0.0295305054398258,0.009999999999999787
13.84,-0.498540488231107,-0.1304946215016986,9.89399354787308,0.0191233976054453,0.0087843749950754,0.0297318747341164,0.009999999999999787
13.85,-0.4982191329376674,-0.1321130532853358,9.891491350384838,0.0191810029674635,0.0084970895967296,0.0299325007330872,0.009999999999999787
13.86,-0.4978658917897782,-0.1337267290133234,9.888956557442976,0.019236690245169,0.008208954496505,0.0301323784210986,0.009999999999999787
13.87,-0.4974807873947523,-0.1353355905935095,9.886390182930882,0.0192904538698805,0.0079199985076715,0.0303315028012189,0.009999999999999787
13.88,-0.4970638443991396,-0.1369395801070494,9.883793253364134,0.0193422884652804,0.0076302505255873,0.0305298688953489,0.010000000000001563
13.89,-0.4966150894871494,-0.1385386398104955,9.88116680747994,0.0193921888479523,0.007339739524809,0.0307274717443466,0.009999999999999787
13.9,-0.496134551378943,-0.1401327121378706,9.87851189582163,0.0194401500278995,0.0070484945561946,0.0309243064081512,0.009999999999999787
13.91,-0.4956222608287953,-0.141721739702743,9.875829580318472,0.0194861672090439,0.0067565447439984,0.0311203679659061,0.009999999999999787
13.92,-0.4950782506231264,-0.143305665300292,9.873120933860902,0.0195302357897059,0.0064639192829582,0.0313156515160827,0.009999999999999787
13.93,-0.4945025555784041,-0.1448844319093667,9.870387039871389,0.019572351363064,0.0061706474353763,0.0315101521766025,0.009999999999999787
13.94,-0.4938952125389146,-0.1464579826945407,9.867628991871078,0.0196125097175961,0.0058767585281931,0.031703865084959,0.009999999999999787
13.95,-0.4932562603744051,-0.1480262610081556,9.864847893042391,0.0196507068375001,0.0055822819500542,0.0318967853983397,0.009999999999999787
13.96,-0.4925857399775962,-0.14958921039236,9.862044855787788,0.019686938903096,0.0052872471483723,0.0320889082937466,0.010000000000001563
13.97,-0.4918836942615642,-0.1511467745811465,9.85922100128479,0.0197212022912072,0.0049916836263816,0.0322802289681176,0.009999999999999787
13.98,-0.4911501681569955,-0.1526988975023718,9.85637745903755,0.0197534935755236,0.004695620940188,0.0324707426384455,0.009999999999999787
13.99,-0.4903852086093103,-0.1542455232797785,9.853515366425052,0.0197838095269436,0.0043990886958133,0.0326604445418987,0.009999999999999787
14.0,-0.4895888645756585,-0.1557865962350056,9.85063586824618,0.0198121471138974,0.004102116546235,0.0328493299359394,0.009999999999999787
14.01,-0.4887611870217866,-0.1573220608895928,9.847740116261816,0.0198385035026498,0.0038047341884204,0.0330373940984426,0.009999999999999787
14.02,-0.4879022289187752,-0.1588518619669791,9.84482926873414,0.019862876057584,0.0035069713603576,0.0332246323278141,0.009999999999999787
14.03,-0.4870120452396501,-0.1603759443944911,9.841904489963357,0.0198852623414648,0.0032088578380812,0.0334110399431078,0.009999999999999787
14.04,-0.4860906929558628,-0.1618942533053245,9.838966949821977,0.0199056601156825,0.0029104234326951,0.0335966122841431,0.009999999999999787
14.05,-0.4851382310336448,-0.163406734040524,9.836017823286884,0.0199240673404766,0.0026116979873911,0.0337813447116211,0.010000000000001563
14.06,-0.4841547204302343,-0.1649133321509459,9.83305828996938,0.01994048217514,0.0023127113744647,0.0339652326072407,0.009999999999999787
14.07,-0.4831402240899741,-0.166413993399221,9.830089533643326,0.0199549029782028,0.0020134934923281,0.0341482713738142,0.009999999999999787
14.08,-0.4820948069402834,-0.1679086637617064,9.827112741771671,0.0199673283075969,0.0017140742625202,0.0343304564353819,0.009999999999999787
14.09,-0.4810185358875035,-0.1693972894304301,9.824129105031478,0.0199777569207996,0.0014144836267144,0.0345117832373267,0.009999999999999787
14.1,-0.4799114798126138,-0.1708798168150295,9.821139816837654,0.0199861877749583,0.0011147515437247,0.0346922472464881,0.009999999999999787
14.11,-0.4787737095668258,-0.1723561925446787,9.818146072865629,0.0199926200269946,0.0008149079865096,0.0348718439512753,0.009999999999999787
14.12,-0.4776052979670463,-0.1738263634700107,9.815149070573064,0.0199970530336887,0.0005149829391749,0.0350505688617799,0.009999999999999787
14.13,-0.4764063197912193,-0.175290276665031,9.812150008720923,0.0199994863517435,0.0002150063939754,0.0352284175098885,0.010000000000001563
14.14,-0.4751768517735388,-0.1767478794290226,9.809150086893968,0.0199999197378294,-8.499165168417329e-05,0.0354053854493941,0.009999999999999787
14.15,-0.4739169725995382,-0.1781991192884436,9.806150505020916,0.019998353148608,-0.0003849811982495,0.0355814682561076,0.009999999999999787
14.16,-0.4726267629010543,-0.1796439439988157,9.803152462894532,0.019994786740737,-0.0006849322470158,0.0357566615279678,0.009999999999999787
14.17,-0.4713063052510679,-0.1810823015466049,9.800157159691691,0.0199892208708542,-0.0009848148031282,0.0359309608851522,0.009999999999999787
14.18,-0.4699556841584174,-0.1825141401510957,9.797165793493738,0.0199816560955419,-0.0012845988785809,0.0361043619701859,0.009999999999999787
14.19,-0.4685749860623922,-0.1839394082662526,9.794179560807269,0.0199720931712715,-0.0015842544952163,0.0362768604480507,0.009999999999999787
14.2,-0.4671642993271986,-0.1853580545825773,9.791199656085537,0.0199605330543272,-0.0018837516877225,0.0364484520062938,0.009999999999999787
14.21,-0.4657237142363065,-0.1867700280289557,9.788227271250705,0.0199469769007112,-0.0021830605066296,0.036619132355135,0.010000000000001563
14.22,-0.4642533229866703,-0.1881752777744963,9.78526359521707,0.0199314260660276,-0.0024821510213052,0.0367888972275746,0.009999999999999787
14.23,-0.4627532196828277,-0.1895737532303598,9.782309813415536,0.0199138821053468,-0.0027809933229472,0.0369577423794996,0.009999999999999787
14.24,-0.4612235003308779,-0.1909654040515809,9.77936710731944,0.0198943467730504,-0.0030795575275743,0.03712566358979,0.009999999999999787
14.25,-0.4596642628323378,-0.1923501801388801,9.77643665397198,0.0198728220226552,-0.003377813779015,0.0372926566604243,0.009999999999999787
14.26,-0.4580756069778746,-0.1937280316404684,9.773519625515428,0.0198493100066184,-0.0036757322518926,0.0374587174165844,0.009999999999999787
14.27,-0.4564576344409212,-0.1950989089538403,9.770617188722271,0.0198238130761219,-0.0039732831546082,0.0376238417067601,0.009999999999999787
14.28,-0.4548104487711671,-0.1964627627275606,9.767730504528528,0.0197963337808377,-0.0042704367323194,0.0377880254028527,0.009999999999999787
14.29,-0.4531341553879333,-0.1978195438630406,9.764860727569388,0.0197668748686722,-0.0045671632699159,0.0379512644002783,0.009999999999999787
14.3,-0.4514288615734245,-0.199169203516306,9.76200900571737,0.0197354392854922,-0.0048634330949915,0.0381135546180705,0.010000000000001563
14.31,-0.4496946764658625,-0.200511693099755,9.759176479623196,0.0197020301748298,-0.0051592165808104,0.0382748919989824,0.009999999999999787
14.32,-0.4479317110525016,-0.2018469642839077,9.756364282259533,0.0196666508775683,-0.0054544841492705,0.0384352725095877,0.009999999999999787
14.33,-0.4461400781625275,-0.2031749689991452,9.753573538467831,0.0196293049316077,-0.0057492062738612,0.0385946921403822,0.009999999999999787
14.34,-0.4443198924598328,-0.204495659437442,9.750805364508404,0.0195899960715118,-0.0060433534826154,0.0387531469058833,0.009999999999999787
14.35,-0.4424712704356819,-0.2058089880540846,9.74806086761392,0.0195487282281336,-0.0063368963610574,0.0389106328447301,0.009999999999999787
14.36,-0.4405943304012529,-0.2071149075693846,9.745341145546544,0.0195055055282232,-0.0066298055551441,0.0390671460197825,0.009999999999999787
14.37,-0.4386891924800667,-0.2084133709703804,9.742647286158846,0.0194603322940144,-0.0069220517742002,0.039222682518219,0.009999999999999787
14.38,-0.4367559786003016,-0.20970433151253,9.73998036695866,0.0194132130427932,-0.0072136057938471,0.0393772384516355,0.010000000000001563
14.39,-0.434794812486985,-0.2109877427213931,9.737341454678106,0.0193641524864453,-0.007504438458926,0.0395308099561416,0.009999999999999787
14.4,-0.4328058196540785,-0.2122635583943049,9.734731604846914,0.0193131555309855,-0.0077945206864126,0.0396833931924576,0.009999999999999787
14.41,-0.4307891273964453,-0.2135317326020386,9.732151861370218,0.0192602272760668,-0.008083823468326,0.0398349843460107,0.009999999999999787
14.42,-0.4287448647817007,-0.2147922196904604,9.729603256111012,0.0192053730144707,-0.0083723178746291,0.0399855796270299,0.009999999999999787
14.43,-0.4266731626419551,-0.2160449742821708,9.727086808477422,0.0191485982315776,-0.0086599750561217,0.0401351752706409,0.009999999999999787
14.44,-0.4245741535654379,-0.21728995127814,9.724603525014944,0.0190899086048184,-0.0089467662473252,0.0402837675369606,0.009999999999999787
14.45,-0.4224479718880126,-0.2185271058593304,9.722154399003855,0.0190293100031069,-0.0092326627693597,0.04043135271119,0.009999999999999787
14.46,-0.4202947536845826,-0.2197563934883107,9.719740410061906,0.0189668084862528,-0.009517636032811,0.0405779271037074,0.010000000000001563
14.47,-0.4181146367603771,-0.2209777699108592,9.717362523752488,0.0189024103043557,-0.0098016575405904,0.0407234870501606,0.009999999999999787
14.48,-0.4159077606421347,-0.2221911911575564,9.71502169119842,0.0188361218971802,-0.0100846988907838,0.0408680289115586,0.009999999999999787
14.49,-0.4136742665691745,-0.2233966135453682,9.71271884870151,0.0187679498935116,-0.010366731779492,0.0410115490743623,0.009999999999999787
14.5,-0.4114142974843539,-0.2245939936792196,9.710454917368056,0.0186979011104936,-0.0106477280036611,0.0411540439505752,0.009999999999999787
14.51,-0.4091279980249239,-0.2257832884535546,9.708230802740404,0.0186259825529461,-0.0109276594639029,0.0412955099778328,0.009999999999999787
14.52,-0.4068155145132691,-0.2269644550538898,9.706047394434751,0.0185522014126649,-0.0112064981673048,0.0414359436194917,0.009999999999999787
14.53,-0.4044769949475437,-0.2281374509583553,9.703905565785307,0.0184765650677025,-0.0114842162302286,0.0415753413647183,0.009999999999999787
14.54,-0.402112588992204,-0.229302233939225,9.701806173494978,0.0183990810816304,-0.0117607858810995,0.0417136997285761,0.009999999999999787
14.55,-0.3997224479684229,-0.2304587620644376,9.699750057292684,0.0183197572027827,-0.012036179463183,0.0418510152521133,0.010000000000001563
14.56,-0.3973067248444096,-0.2316069936991053,9.697738039597494,0.0182386013634812,-0.0123103694373502,0.041987284502449,0.009999999999999787
14.57,-0.3948655742256205,-0.2327468875070131,9.695770925189658,0.018155621679242,-0.0125833283848323,0.0421225040728589,0.009999999999999787
14.58,-0.3923991523448609,-0.2338784024521076,9.693849500888712,0.0180708264479646,-0.012855029009962,0.0422566705828608,0.009999999999999787
14.59,-0.3899076170522905,-0.2350014977999726,9.69197453523876,0.0179842241491014,-0.0131254441429032,0.0423897806782991,0.009999999999999787
14.6,-0.3873911278053168,-0.236116133119297,9.690146778201058,0.01789582344281,-0.0133945467423679,0.0425218310314282,0.009999999999999787
14.61,-0.3848498456583923,-0.2372222682833296,9.688366960854056,0.0178056331690875,-0.0136623098983205,0.0426528183409962,0.009999999999999787
14.62,-0.3822839332527075,-0.238319863471324,9.686635795100958,0.0177136623468861,-0.0139287068346685,0.0427827393323272,0.009999999999999787
14.63,-0.379693554805781,-0.2394088791699719,9.684953973384989,0.0176199201732113,-0.0141937109119402,0.0429115907574031,0.010000000000001563
14.64,-0.3770788761009482,-0.2404892761748258,9.683322168412404,0.0175244160222024,-0.0144572956299488,0.043039369394945,0.009999999999999787
14.65,-0.3744400644767548,-0.24156101559171,9.68174103288344,0.017427159444195,-0.0147194346304421,0.0431660720504938,0.009999999999999787
14.66,-0.3717772888162429,-0.2426240588381217,9.680211199231229,0.0173281601647657,-0.0149801016997385,0.0432916955564895,0.009999999999999787
14.67,-0.3690907195361471,-0.2436783676446186,9.678733279368826,0.01722742808376,-0.0152392707713483,0.043416236772351,0.009999999999999787
14.68,-0.3663805285759837,-0.2447239040561975,9.677307864444478,0.017124973274302,-0.0154969159285803,0.0435396925845545,0.009999999999999787
14.69,-0.3636468893870484,-0.2457606304336606,9.675935524605148,0.0170208059817875,-0.0157530114071335,0.0436620599067111,0.009999999999999787
14.7,-0.3608899769213168,-0.2467885094549701,9.674616808768471,0.0169149366228586,-0.0160075315976735,0.0437833356796441,0.009999999999999787
14.71,-0.3581099676202465,-0.2478075041165924,9.673352244403205,0.0168073757843633,-0.0162604510483933,0.0439035168714655,0.010000000000001563
14.72,-0.3553070394034824,-0.2488175777348296,9.672142337318231,0.0166981342222955,-0.0165117444675585,0.0440226004776517,0.009999999999999787
14.73,-0.3524813716574751,-0.2498186939471404,9.670987571460252,0.0165872228607207,-0.0167613867260368,0.0441405835211188,0.009999999999999787
14.74,-0.3496331452239944,-0.2508108167134499,9.669888408720212,0.0164746527906824,-0.0170093528598102,0.0442574630522969,0.009999999999999787
14.75,-0.3467625423885612,-0.2517939103174451,9.668845288748557,0.0163604352690938,-0.017255618072472,0.0443732361492037,0.009999999999999787
14.76,-0.3438697468687764,-0.2527679393678626,9.667858628779364,0.016244581717612,-0.0175001577377063,0.0444878999175179,0.009999999999999787
14.77,-0.3409549438025654,-0.2537328687997618,9.666928823463468,0.0161271037214956,-0.0177429474017501,0.0446014514906513,0.009999999999999787
14.78,-0.3380183197363301,-0.2546886638757872,9.666056244710594,0.0160080130284462,-0.0179839627858396,0.0447138880298204,0.009999999999999787
14.79,-0.335060062613009,-0.2556352901874196,9.665241241540611,0.0158873215474339,-0.0182231797886371,0.0448252067241176,0.009999999999999787
14.8,-0.3320803617600469,-0.2565727136562137,9.664484139943925,0.0157650413475063,-0.0184605744886416,0.0449354047905813,0.010000000000001563
14.81,-0.3290794078772827,-0.2575009005350258,9.66378524275107,0.0156411846565814,-0.018696123146581,0.0450444794742656,0.009999999999999787
14.82,-0.3260573930247392,-0.2584198174092289,9.663144829511614,0.0155157638602251,-0.0189298022077858,0.0451524280483092,0.009999999999999787
14.83,-0.3230145106103367,-0.2593294311979147,9.662563156382308,0.0153887915004126,-0.0191615883045446,0.0452592478140032,0.009999999999999787
14.84,-0.3199509553775107,-0.2602297091550848,9.662040456024654,0.015260280274274,-0.0193914582584409,0.0453649361008592,0.009999999999999787
14.85,-0.3168669233927494,-0.2611206188708301,9.66157693751182,0.0151302430328248,-0.0196193890826708,0.0454694902666753,0.009999999999999787
14.86,-0.3137626120330488,-0.2620021282724968,9.661172786245034,0.0149986927796808,-0.0198453579843419,0.045572907697603,0.009999999999999787
14.87,-0.3106382199732748,-0.2628742056258424,9.660828163879414,0.0148656426697577,-0.0200693423667524,0.0456751858082119,0.009999999999999787
14.88,-0.3074939471734534,-0.2637368195361756,9.66054320825931,0.0147311060079557,-0.0202913198316505,0.0457763220415544,0.010000000000001563
14.89,-0.3043299948659713,-0.2645899389494889,9.660318033363174,0.0145950962478287,-0.0205112681814749,0.0458763138692301,0.009999999999999787
14.9,-0.3011465655426948,-0.2654335331535758,9.66015272925796,0.0144576269902395,-0.0207291654215737,0.0459751587914485,0.009999999999999787
14.91,-0.2979438629420154,-0.266267571779136,9.660047362063102,0.0143187119819992,-0.0209449897624047,0.0460728543370916,0.009999999999999787
14.92,-0.2947220920358058,-0.267092024800869,9.66000197392408,0.014178365114493,-0.0211587196217135,0.0461693980637759,0.009999999999999787
14.93,-0.2914814590163034,-0.2679068625385551,9.66001658299554,0.0140366004222906,-0.0213703336266924,0.0462647875579133,0.009999999999999787
14.94,-0.2882221712829168,-0.2687120556581234,9.66009118343405,0.013893432081743,-0.0215798106161171,0.0463590204347713,0.009999999999999787
14.95,-0.2849444374289469,-0.2695075751727095,9.660225745400428,0.0137488744095651,-0.0217871296424634,0.046452094338533,0.009999999999999787
14.96,-0.2816484672282425,-0.2702933924436958,9.660420215071683,0.0136029418614037,-0.0219922699740012,0.0465440069423556,0.010000000000001563
14.97,-0.278334471621772,-0.2710694791817456,9.66067451466254,0.0134556490303918,-0.0221952110968685,0.0466347559484289,0.009999999999999787
14.98,-0.2750026627041215,-0.2718358074478205,9.66098854245655,0.0133070106456899,-0.0223959327171221,0.0467243390880323,0.009999999999999787
14.99,-0.2716532537099261,-0.2725923496541856,9.661362172846786,0.0131570415710126,-0.0225944147627672,0.046812754121592,0.009999999999999787
15.0,-0.2682864590002174,-0.273339078565403,9.661795256386071,0.0130057568031423,-0.0227906373857646,0.0468999988387369,0.009999999999999787
15.01,-0.2649024940487069,-0.2740759672993128,9.662287619846763,0.0128531714704298,-0.0229845809640156,0.0469860710583535,0.009999999999999787
15.02,-0.2615015754279979,-0.2748029893279996,9.662839066290047,0.0126993008312812,-0.0231762261033239,0.0470709686286409,0.009999999999999787
15.03,-0.2580839207957197,-0.2755201184787497,9.663449375144696,0.0125441602726322,-0.0233655536393354,0.0471546894271641,0.009999999999999787
15.04,-0.254649748880603,-0.2762273289349906,9.664118302295304,0.0123877653084093,-0.0235525446394541,0.0472372313609077,0.009999999999999787
15.05,-0.2511992794684791,-0.2769245952372221,9.66484558017993,0.0122301315779788,-0.0237371804047359,0.0473185923663274,0.010000000000001563
15.06,-0.2477327333882108,-0.2776118922839331,9.665630917897117,0.0120712748445821,-0.0239194424717582,0.0473987704094026,0.009999999999999787
15.07,-0.2442503324975658,-0.2782891953325039,9.66647400132225,0.0119112109937604,-0.0240993126144662,0.0474777634856862,0.009999999999999787
15.08,-0.2407522996690115,-0.2789564800000979,9.6673744932332,0.0117499560317653,-0.0242767728459953,0.0475555696203554,0.009999999999999787
15.09,-0.2372388587754542,-0.2796137222645393,9.668332033445209,0.0115875260839586,-0.0244518054204705,0.047632186868261,0.009999999999999787
15.1,-0.2337102346759135,-0.2802608984651771,9.669346238954958,0.0114239373931997,-0.02462439283478,0.0477076133139757,0.009999999999999787
15.11,-0.2301666532011256,-0.2808979853037385,9.670416704093768,0.0112592063182215,-0.0247945178303263,0.0477818470718423,0.009999999999999787
15.12,-0.2266083411390962,-0.2815249598451661,9.671543000689852,0.011093349331994,-0.0249621633947517,0.0478548862860208,0.009999999999999787
15.13,-0.2230355262205836,-0.2821417995184436,9.672724678239597,0.0109263830200778,-0.0251273127636392,0.0479267291305346,0.010000000000001563
15.14,-0.2194484371045213,-0.2827484821174099,9.673961264087726,0.0107583240789648,-0.0252899494221898,0.0479973738093163,0.009999999999999787
15.15,-0.21584730336339,-0.2833449858015567,9.675252263616397,0.0105891893144092,-0.025450057106873,0.0480668185562526,0.009999999999999787
15.16,-0.2122323554685192,-0.2839312890968159,9.67659716044301,0.0104189956397465,-0.0256076198070539,0.0481350616352285,0.009999999999999787
15.17,-0.2086038247753394,-0.2845073708963322,9.677995416626764,0.0102477600742023,-0.0257626217665936,0.0482021013401705,0.009999999999999787
15.18,-0.2049619435085782,-0.2850732104612227,9.679446472883829,0.0100754997411904,-0.0259150474854255,0.0482679359950895,0.009999999999999787
15.19,-0.2013069447473917,-0.2856287874213248,9.68094974881105,0.0099022318666006,-0.0260648817211047,0.0483325639541227,0.009999999999999787
15.2,-0.197639062410454,-0.2861740817759277,9.6825046431181,0.0097279737770759,-0.0262121094903324,0.0483959836015743,0.009999999999999787
15.21,-0.1939585312409836,-0.286709073894493,9.684110533867988,0.0095527428982802,-0.0263567160704544,0.0484581933519565,0.010000000000001563
15.22,-0.1902655867917172,-0.287233744517363,9.685766778725826,0.0093765567531553,-0.0264986870009332,0.0485191916500287,0.009999999999999787
15.23,-0.1865604654098409,-0.2877480747564515,9.687472715215751,0.0091994329601688,-0.0266380080847941,0.0485789769708367,0.009999999999999787
15.24,-0.1828434042218575,-0.2882520460959254,9.689227660985916,0.0090213892315524,-0.0267746653900448,0.0486375478197506,0.009999999999999787
15.25,-0.1791146411184135,-0.2887456403928712,9.691030914081407,0.0088424433715307,-0.0269086452510686,0.0486949027325023,0.009999999999999787
15.26,-0.1753744147390764,-0.2892288398779471,9.692881753225034,0.0086626132745406,-0.0270399342699911,0.0487510402752218,0.009999999999999787
15.27,-0.1716229644570562,-0.2897016271560242,9.694779438105815,0.0084819169234418,-0.0271685193180198,0.0488059590444735,0.009999999999999787
15.28,-0.1678605303638912,-0.2901639852068117,9.6967232096751,0.0083003723877188,-0.0272943875367571,0.0488596576672911,0.009999999999999787
15.29,-0.1640873532540801,-0.290615897385469,9.69871229045018,0.0081179978216741,-0.027417526339486,0.0489121348012118,0.009999999999999787
15.3,-0.1603036746096682,-0.2910573474232071,9.70074588482526,0.0079348114626122,-0.0275379234124287,0.04896338913431,0.010000000000001563
15.31,-0.1565097365847991,-0.2914883194278722,9.70282317938971,0.0077508316290163,-0.0276555667159785,0.0490134193852299,0.009999999999999787
15.32,-0.1527057819902103,-0.2919087978845185,9.7049433432534,0.0075660767187166,-0.0277704444859028,0.0490622243032181,0.009999999999999787
15.33,-0.1488920542776969,-0.292318767655967,9.70710552837905,0.00738056520705,-0.0278825452345205,0.0491098026681539,0.009999999999999787
15.34,-0.1450687975245322,-0.2927182139833503,9.70930886992144,0.0071943156450132,-0.0279918577518501,0.0491561532905809,0.009999999999999787
15.35,-0.1412362564178418,-0.2931071224866438,9.711552486573332,0.0070073466574071,-0.0280983711067311,0.0492012750117358,0.009999999999999787
15.36,-0.13739467623895,-0.2934854791651833,9.71383548091798,0.0068196769409747,-0.0282020746479165,0.049245166703578,0.009999999999999787
15.37,-0.1335443028476754,-0.2938532703981692,9.716156939788082,0.0066313252625312,-0.0283029580051389,0.0492878272688175,0.009999999999999787
15.38,-0.1296853826666015,-0.2942104829451569,9.718515934631045,0.0064423104570876,-0.0284010110901464,0.0493292556409422,0.010000000000001563
15.39,-0.1258181626653037,-0.2945571039465333,9.720911521880383,0.0062526514259668,-0.0284962240977124,0.0493694507842453,0.009999999999999787
15.4,-0.1219428903445412,-0.2948931209239798,9.72334274333314,0.006062367134914,-0.0285885875066154,0.04940841169385,0.009999999999999787
15.41,-0.1180598137204188,-0.2952185217809214,9.72580862653315,0.0058714766121996,-0.0286780920805914,0.0494461373957357,0.009999999999999787
15.42,-0.1141691813085169,-0.2955332948029623,9.728308185160008,0.0056799989467169,-0.0287647288692577,0.0494826269467619,0.009999999999999787
15.43,-0.11027124210798,-0.2958374286583081,9.730840419423592,0.0054879532860729,-0.0288484892090076,0.0495178794346916,0.009999999999999787
15.44,-0.1063662455855882,-0.2961309123981725,9.733404316463965,0.0052953588346735,-0.028929364723877,0.0495518939782144,0.009999999999999787
15.45,-0.1024544416597844,-0.2964137354571726,9.735998850756484,0.0051022348518034,-0.0290073473263817,0.0495846697269687,0.009999999999999787
15.46,-0.0985360806846853,-0.296685887653709,9.738622984522031,0.0049086006497,-0.0290824292183264,0.0496162058615623,0.010000000000001563
15.47,-0.0946114134340569,-0.2969473591903319,9.741275668142094,0.0047144755916221,-0.0291546028915846,0.0496465015935936,0.009999999999999787
15.48,-0.0906806910852627,-0.2971981406540941,9.743955840578584,0.0045198790899138,-0.0292238611288491,0.0496755561656707,0.009999999999999787
15.49,-0.0867441652031904,-0.2974382230168902,9.746662429798269,0.004324830604063,-0.0292901970043538,0.049703368851431,0.009999999999999787
15.5,-0.0828020877241547,-0.2976675976357809,9.74939435320154,0.0041293496387559,-0.0293536038845665,0.0497299389555588,0.009999999999999787
15.51,-0.0788547109397667,-0.2978862562533049,9.752150518055467,0.003933455741926,-0.029414075428852,0.0497552658138027,0.009999999999999787
15.52,-0.0749022874807952,-0.2980941909977754,9.754929821930858,0.0037371685027997,-0.0294716055901062,0.0497793487929927,0.009999999999999787
15.53,-0.0709450703009905,-0.2982913943835641,9.75773115314322,0.0035405075499375,-0.0295261886153611,0.0498021872910555,0.009999999999999787
15.54,-0.0669833126609025,-0.2984778593113705,9.76055339119741,0.0033434925492707,-0.0295778190463594,0.04982378073703,0.009999999999999787
15.55,-0.0630172681116687,-0.2986535790684772,9.763395407235844,0.0031461432021352,-0.0296264917201013,0.049844128591081,0.010000000000001563
15.56,-0.0590471904787856,-0.298818547328992,9.766256064489998,0.0029484792433012,-0.0296722017693597,0.0498632303445132,0.009999999999999787
15.57,-0.0550733338458657,-0.2989727581540753,9.769134218735111,0.002750520439,-0.029714944623168,0.0498810855197839,0.009999999999999787
15.58,-0.0510959525383788,-0.299116205992154,9.77202871874786,0.002552286584947,-0.0297547160072764,0.0498976936705146,0.009999999999999787
15.59,-0.0471153011073693,-0.2992488856791216,9.774938406766832,0.0023537975043624,-0.0297915119445795,0.0499130543815024,0.009999999999999787
15.6,-0.0431316343131719,-0.2993707924385236,9.777862118955618,0.0021550730459888,-0.0298253287555144,0.0499271672687302,0.009999999999999787
15.61,-0.0391452071090997,-0.2994819218817298,9.78079868586832,0.0019561330821065,-0.0298561630584281,0.0499400319793767,0.009999999999999787
15.62,-0.0351562746251341,-0.2995822700080923,9.78374693291733,0.0017569975065462,-0.029884011769916,0.0499516481918248,0.009999999999999787
15.63,-0.0311650921515933,-0.2996718332050893,9.786705680843138,0.0015576862326993,-0.0299088721051301,0.0499620156156697,0.010000000000001563
15.64,-0.0271719151227926,-0.2997506082484554,9.78967374618602,0.0013582191915272,-0.0299307415780577,0.0499711339917263,0.009999999999999787
15.65,-0.0231769991006977,-0.2998185923022976,9.792649941759414,0.0011586163295678,-0.0299496180017697,0.0499790030920359,0.009999999999999787
15.66,-0.0191805997585723,-0.2998757829191973,9.795633077124776,0.000958897606941,-0.0299654994886395,0.0499856227198713,0.009999999999999787
15.67,-0.0151829728646085,-0.2999221780402984,9.798621959067727,0.0007590829953526,-0.0299783844505315,0.049990992709742,0.009999999999999787
15.68,-0.0111843742655646,-0.2999577759953817,9.801615392075352,0.0005591924760972,-0.0299882715989605,0.0499951129273987,0.009999999999999787
15.69,-0.0071850598703854,-0.2999825755029245,9.804612178814349,0.0003592460380602,-0.0299951599452196,0.0499979832698362,0.009999999999999787
15.7,-0.0031852856338251,-0.2999965756701474,9.807611120609986,0.0001592636757187,-0.0299990488004801,0.0499996036652959,0.009999999999999787
15.71,0.0008146924599266,-0.2999997759930457,9.810611017925526,-4.073461285760027e-05,-0.0299999377758597,0.0499999740732682,0.010000000000001563
15.72,0.004814618413639,-0.2999921763564081,9.813610670842044,-0.0002407288280065,-0.0299978267824616,0.0499990944844927,0.009999999999999787
15.73,0.0088142362334172,-0.2999737770338209,9.816608879538366,-0.0004406989704733,-0.0299927160313834,0.0499969649209593,0.009999999999999787
15.74,0.0128132899450842,-0.2999445786876575,9.81960444477099,-0.0006406250434103,-0.0299846060336958,0.0499935854359069,0.009999999999999787
15.75,0.0168115236105692,-0.2999045823690554,9.822596168353762,-0.0008404870543768,-0.029973497600392,0.0499889561138224,0.009999999999999787
15.76,0.0208086813442805,-0.2998537895178777,9.82558285363714,-0.0010402650173382,-0.0299593918423059,0.0499830770704387,0.009999999999999787
15.77,0.0248045073294885,-0.2997922019626615,9.828563305986831,-0.0012399389546648,-0.0299422901700017,0.0499759484527314,0.009999999999999787
15.78,0.0287987458346958,-0.2997198219205521,9.83153633326164,-0.0014394888991293,-0.0299221942936324,0.0499675704389158,0.009999999999999787
15.79,0.0327911412299978,-0.2996366519972233,9.834500746290283,-0.0016388948959034,-0.0298991062227687,0.0499579432384417,0.009999999999999787
15.8,0.0367814380034538,-0.2995426951867833,9.83745535934709,-0.0018381370045536,-0.0298730282661986,0.0499470670919886,0.010000000000001563
15.81,0.0407693807774331,-0.2994379548716672,9.84039899062622,-0.0020371953010351,-0.029843963031696,0.0499349422714595,0.009999999999999787
15.82,0.0447547143249578,-0.2993224348225149,9.843330462714414,-0.0022360498796842,-0.0298119134257601,0.0499215690799745,0.009999999999999787
15.83,0.0487371835860427,-0.2991961391980359,9.846248603061923,-0.0024346808552087,-0.0297768826533248,0.0499069478518626,0.009999999999999787
15.84,0.0527165336840129,-0.2990590725448588,9.84915224445152,-0.0026330683646766,-0.0297388742174382,0.0498910789526537,0.009999999999999787
15.85,0.0566925099418212,-0.2989112397973685,9.852040225465354,-0.0028311925695022,-0.0296978919189121,0.0498739627790694,0.009999999999999787
15.86,0.0606648578983459,-0.2987526462775278,9.854911390949532,-0.0030290336574303,-0.0296539398559423,0.0498555997590133,0.009999999999999787
15.87,0.0646333233246703,-0.2985832976946864,9.85776459247614,-0.0032265718445167,-0.0296070224236985,0.0498359903515599,0.009999999999999787
15.88,0.0685976522403634,-0.2984032001453749,9.860598688802613,-0.0034237873771075,-0.0295571443138847,0.0498151350469432,0.010000000000001563
15.89,0.0725575909297285,-0.2982123601130858,9.863412546328204,-0.0036206605338137,-0.0295043105142704,0.049793034366545,0.009999999999999787
15.9,0.0765128859580396,-0.2980107844680394,9.86620503954742,-0.0038171716274837,-0.0294485263081915,0.0497696888628809,0.009999999999999787
15.91,0.0804632841877666,-0.2977984804669373,9.868975051500207,-0.004013301007172,-0.0293897972740221,0.0497450991195875,0.009999999999999787
15.92,0.0844085327947694,-0.2975754557527006,9.87172147421872,-0.004209029060104,-0.0293281292846168,0.049719265751407,0.009999999999999787
15.93,0.0883483792844848,-0.2973417183541949,9.874443209170488,-0.0044043362136374,-0.029263528506723,0.0496921894041722,0.009999999999999787
15.94,0.0922825715080829,-0.2970972766859414,9.877139167697816,-0.0045992029372198,-0.0291960014003648,0.0496638707547904,0.009999999999999787
15.95,0.0962108576786037,-0.2968421395478136,9.879808271453244,-0.0047936097443411,-0.0291255547181964,0.0496343105112265,0.009999999999999787
15.96,0.100132986387072,-0.2965763161247209,9.882449452830857,-0.0049875371944826,-0.0290521955048274,0.0496035094124849,0.010000000000001563
15.97,0.1040487066185911,-0.2962998159862781,9.885061655393311,-0.005180965895061,-0.028975931096118,0.0495714682285914,0.009999999999999787
15.98,0.1079577677684009,-0.2960126490864601,9.887643834294424,-0.0053738765033672,-0.0288967691184456,0.0495381877605741,0.009999999999999787
15.99,0.1118599196579239,-0.2957148257632442,9.890194956697052,-0.0055662497285014,-0.0288147174879418,0.0495036688404429,0.009999999999999787
16.0,0.1157549125507694,-0.295406356738238,9.892714002186256,-0.0057580663333013,-0.0287297844097015,0.049467912331169,0.009999999999999787
16.01,0.1196424971687235,-0.2950872531162932,9.89519996317742,-0.0059493071362662,-0.0286419783769616,0.0494309191266633,0.010000000000001563
16.02,0.1235224247076957,-0.2947575263851055,9.8976518453193,-0.0061399530134751,-0.0285513081702522,0.049392690151754,0.00999999999999801
16.03,0.1273944468536498,-0.2944171884148017,9.900068667891729,-0.0063299849004994,-0.0284577828565185,0.0493532263621633,0.010000000000001563
16.04,0.1312583157984882,-0.2940662514575121,9.9024494641979,-0.0065193837943086,-0.0283614117882138,0.0493125287444841,0.00999999999999801
16.05,0.1351137842559192,-0.2937047281469289,9.904793281951031,-0.0067081307551712,-0.0282622046023648,0.0492705983161547,0.010000000000001563
16.06,0.1389606054772748,-0.2933326314978528,9.90709918365528,-0.0068962069085483,-0.0281601712196073,0.0492274361254335,0.00999999999999801
16.07,0.1427985332673142,-0.2929499749057225,9.909366246980705,-0.0070835934469814,-0.0280553218431946,0.0491830432513731,0.010000000000001563
16.080000000000002,0.1466273219999654,-0.292556772146134,9.911593565132202,-0.0072702716319728,-0.0279476669579769,0.049137420803793,0.010000000000001563
16.09,0.1504467266340556,-0.2921530373743446,9.913780247212207,-0.0074562227958595,-0.027837217329353,0.0490905699232521,0.00999999999999801
16.1,0.1542565027289962,-0.2917387851247621,9.91592541857705,-0.0076414283436801,-0.0277239840021938,0.0490424917810199,0.010000000000001563
16.11,0.1580564064604123,-0.2913140303104229,9.91802822118678,-0.0078258697550342,-0.0276079782997377,0.0489931875790475,0.00999999999999801
16.12,0.1618461946357665,-0.2908787882224543,9.920087813948392,-0.0080095285859343,-0.0274892118224581,0.0489426585499373,0.010000000000001563
16.13,0.1656256247099065,-0.2904330745295247,9.922103373052243,-0.0081923864706504,-0.0273676964469039,0.0488909059569125,0.00999999999999801
16.14,0.1693944548005993,-0.2899769052772787,9.924074092301565,-0.0083744251235465,-0.0272434443245114,0.0488379310937851,0.010000000000001563
16.15,0.1731524437040039,-0.2895102968877602,9.925999183434934,-0.0085556263409088,-0.0271164678803892,0.0487837352849241,0.00999999999999801
16.16,0.1768993509101149,-0.2890332661588208,9.927877876441563,-0.0087359720027667,-0.0269867798120759,0.0487283198852217,0.010000000000001563
16.17,0.1806349366181492,-0.2885458302635152,9.9297094198693,-0.0089154440747043,-0.0268543930882703,0.0486716862800601,0.010000000000001563
16.18,0.1843589617518956,-0.2880480067494831,9.931493081125195,-0.0090940246096639,-0.0267193209475345,0.0486138358852766,0.00999999999999801
16.19,0.1880711879750185,-0.2875398135383171,9.933228146768526,-0.0092716957497409,-0.02658157689697,0.0485547701471278,0.010000000000001563
16.2,0.1917713777063049,-0.2870212689249181,9.934913922796168,-0.0094484397279693,-0.026441174710867,0.0484944905422543,0.00999999999999801
16.21,0.1954592941348769,-0.2864923915768358,9.936549734920188,-0.0096242388700986,-0.0262981284293271,0.0484329985776429,0.010000000000001563
16.22,0.1991347012353392,-0.2859532005335982,9.938134928837547,-0.009799075596361,-0.0261524523568594,0.0483702957905897,0.00999999999999801
16.23,0.202797363782896,-0.2854037152060242,9.939668870491817,-0.0099729324232297,-0.0260041610609496,0.048306383748661,0.010000000000001563
16.240000000000002,0.2064470473683912,-0.2848439553755261,9.941150946326784,-0.0101457919651668,-0.0258532693706038,0.0482412640496545,0.010000000000001563
16.25,0.2100835184133204,-0.2842739411933979,9.942580563531877,-0.0103176369363621,-0.0256997923748652,0.0481749383215594,0.00999999999999801
16.26,0.2137065441847819,-0.2836936931800882,9.943957150279273,-0.0104884501524619,-0.0255437454213056,0.0481074082225153,0.010000000000001563
16.27,0.2173158928103582,-0.283103232224463,9.945280155952627,-0.0106582145322867,-0.0253851441144902,0.0480386754407712,0.00999999999999801
16.28,0.2209113332929732,-0.2825025795830525,9.946549051367317,-0.0108269130995402,-0.0252240043144176,0.0479687416946432,0.010000000000001563
16.29,0.2244926355256609,-0.2818917568792877,9.947763328982084,-0.010994528984506,-0.0250603421349335,0.0478976087324711,0.00999999999999801
16.3,0.2280595703063024,-0.2812707861027192,9.94892250310208,-0.0111610454257355,-0.0248941739421194,0.0478252783325754,0.010000000000001563
16.31,0.2316119093522877,-0.2806396896082283,9.95002611007311,-0.0113264457717233,-0.0247255163526563,0.0477517523032123,0.00999999999999801
16.32,0.235149425315132,-0.2799984901152205,9.951073708467105,-0.0114907134825726,-0.0245543862321623,0.0476770324825287,0.010000000000001563
16.330000000000002,0.2386718917950202,-0.2793472107068084,9.952064879258664,-0.0116538321316492,-0.024380800693507,0.0476011207385161,0.010000000000001563
16.34,0.2421790833552992,-0.2786858748289803,9.952999225992697,-0.011815785407224,-0.0242047770950998,0.0475240189689644,0.00999999999999801
16.35,0.2456707755369079,-0.2780145062897564,9.953876374942965,-0.0119765571141047,-0.0240263330391535,0.0474457291014136,0.010000000000001563
16.36,0.249146744872737,-0.2773331292583317,9.954695975261576,-0.0121361311752543,-0.0238454863699252,0.0473662530931065,0.00999999999999801
16.37,0.2526067689019368,-0.2766417682642054,9.95545769911934,-0.0122944916333999,-0.0236622551719311,0.0472855929309389,0.010000000000001563
16.38,0.2560506261841483,-0.2759404481962992,9.956161241836869,-0.0124516226526274,-0.0234766577681383,0.0472037506314109,0.00999999999999801
16.39,0.2594780963136848,-0.2752291943020593,9.95680632200645,-0.0126075085199661,-0.0232887127181325,0.0471207282405757,0.010000000000001563
16.4,0.2628889599336232,-0.2745080321865493,9.957392681604622,-0.0127621336469589,-0.0230984388162621,0.0470365278339886,0.00999999999999801
16.41,0.26628299874986,-0.2737769878115271,9.95792008609536,-0.0129154825712222,-0.0229058550897587,0.0469511515166555,0.010000000000001563
16.42,0.2696599955450686,-0.2730360874945118,9.958388324523902,-0.0130675399579912,-0.0227109807968344,0.0468646014229798,0.010000000000001563
16.43,0.2730197341926038,-0.2722853579078347,9.95879720960112,-0.0132182906016539,-0.0225138354247562,0.0467768797167095,0.00999999999999801
16.44,0.2763619996703427,-0.2715248260776794,9.959146577778434,-0.0133677194272717,-0.022314438687897,0.0466879885908825,0.010000000000001563
16.45,0.2796865780744333,-0.2707545193831103,9.95943628931323,-0.0135158114920865,-0.0221128105257644,0.0465979302677724,0.00999999999999801
16.46,0.2829932566329941,-0.2699744655550847,9.95966622832476,-0.0136625519870152,-0.0219089711010064,0.0465067069988326,0.010000000000001563
16.47,0.2862818237197244,-0.2691846926754562,9.95983630284048,-0.0138079262381307,-0.0217029407973958,0.04641432106464,0.00999999999999801
16.48,0.2895520688674547,-0.2683852291759634,9.959946444832855,-0.0139519197081289,-0.0214947402177911,0.0463207747748383,0.010000000000001563
16.490000000000002,0.2928037827816111,-0.2675761038372058,9.95999661024656,-0.0140945179977829,-0.0212843901820768,0.0462260704680796,0.010000000000001563
16.5,0.2960367573536122,-0.2667573457876082,9.959986779016091,-0.0142357068473824,-0.0210719117250814,0.046130210511967,0.00999999999999801
16.51,0.2992507856741904,-0.265928984502372,9.959916955073814,-0.0143754721381603,-0.0208573260944732,0.0460331973029941,0.010000000000001563
16.52,0.3024456620466287,-0.2650910498024144,9.959787166348372,-0.0145137998937039,-0.0206406547486367,0.0459350332664862,0.00999999999999801
16.53,0.3056211819999314,-0.2642435718532931,9.959597464753529,-0.0146506762813529,-0.0204219193545257,0.0458357208565391,0.010000000000001563
16.54,0.3087771423019032,-0.2633865811641239,9.959347926167387,-0.0147860876135826,-0.0202011417854976,0.0457352625559578,0.00999999999999801
16.55,0.3119133409721654,-0.2625201085864783,9.95903865040206,-0.0149200203493727,-0.0199783441191251,0.0456336608761947,0.010000000000001563
16.56,0.3150295772950695,-0.2616441853132759,9.958669761163726,-0.0150524610955611,-0.0197535486349893,0.0455309183572865,0.00999999999999801
16.57,0.3181256518325579,-0.2607588428776592,9.958241406003165,-0.0151833966081837,-0.0195267778124512,0.0454270375677907,0.010000000000001563
16.580000000000002,0.3212013664369165,-0.2598641131518612,9.957753756256729,-0.0153128137937982,-0.0192980543284041,0.0453220211047217,0.010000000000001563
16.59,0.3242565242634574,-0.2589600283460552,9.957207006977812,-0.015440699710794,-0.0190674010550059,0.0452158715934856,0.00999999999999801
16.6,0.3272909297831263,-0.2580466210071959,9.956601376858838,-0.0155670415706859,-0.0188348410573915,0.0451085916878146,0.010000000000001563
16.61,0.3303043887950034,-0.2571239240178499,9.955937108143782,-0.0156918267393932,-0.0186003975913672,0.0450001840697009,0.00999999999999801
16.62,0.333296708438742,-0.2561919705950083,9.955214466531269,-0.0158150427385031,-0.0183640941010839,0.0448906514493292,0.010000000000001563
16.63,0.3362676972069048,-0.2552507942888939,9.95443374106831,-0.0159366772465183,-0.0181259542166939,0.0447799965650093,0.00999999999999801
16.64,0.3392171649572262,-0.2543004289817523,9.953595244034682,-0.0160567181000894,-0.0178860017519871,0.0446682221831076,0.010000000000001563
16.65,0.3421449229247755,-0.2533409088866319,9.952699310818018,-0.0161751532952309,-0.0176442607020102,0.0445553310979777,0.00999999999999801
16.66,0.3450507837340436,-0.2523722685461519,9.95174629977966,-0.0162919709885223,-0.0174007552406664,0.044441326131891,0.010000000000001563
16.67,0.3479345614109297,-0.2513945428312607,9.950736592111312,-0.0164071594982914,-0.0171555097182992,0.0443262101349656,0.010000000000001563
16.68,0.3507960713946463,-0.2504077669399785,9.949670591682583,-0.0165207073057832,-0.0169085486592564,0.0442099859850956,0.00999999999999801
16.69,0.3536351305495325,-0.2494119763961297,9.948548724879434,-0.0166326030563116,-0.016659896759438,0.0440926565878785,0.010000000000001563
16.7,0.3564515571767693,-0.2484072070480679,9.947371440433624,-0.0167428355603949,-0.016409578883827,0.0439742248765432,0.00999999999999801
16.71,0.3592451710260174,-0.2473934950673799,9.946139209243231,-0.0168513937948745,-0.0161576200640021,0.0438546938118763,0.010000000000001563
16.72,0.3620157933069399,-0.2463708769475882,9.944852524184313,-0.0169582669040173,-0.0159040454956356,0.0437340663821482,0.00999999999999801
16.73,0.3647632467006598,-0.2453393895028339,9.943511899913728,-0.0170634442006016,-0.0156488805359727,0.0436123456030384,0.010000000000001563
16.740000000000002,0.3674873553710971,-0.2442990698665544,9.94211787266331,-0.0171669151669853,-0.0153921507012969,0.0434895345175599,0.010000000000001563
16.75,0.3701879449762243,-0.2432499554901443,9.940671000025375,-0.0172686694561581,-0.0151338816643778,0.0433656361959836,0.00999999999999801
16.76,0.3728648426792313,-0.2421920841416069,9.93917186072969,-0.0173686968927757,-0.0148740992519037,0.043240653735761,0.010000000000001563
16.77,0.3755178771595773,-0.2411254939041976,9.93762105441198,-0.0174669874741779,-0.0146128294418996,0.0431145902614472,0.00999999999999801
16.78,0.3781468786239622,-0.2400502231750491,9.936019201374096,-0.0175635313713885,-0.0143500983611284,0.0429874489246224,0.010000000000001563
16.79,0.3807516788171883,-0.2389663106637917,9.934366942335895,-0.0176583189300982,-0.0140859322824797,0.0428592329038134,0.00999999999999801
16.8,0.3833321110329337,-0.2378737953911587,9.932664938178966,-0.01775134067163,-0.0138203576223408,0.042729945404414,0.010000000000001563
16.81,0.3858880101244162,-0.2367727166875822,9.930913869682277,-0.0178425872938875,-0.0135534009379568,0.042599589658605,0.00999999999999801
16.82,0.3884192125149674,-0.2356631141917758,9.929114437249876,-0.0179320496722843,-0.0132850889247733,0.0424681689252733,0.010000000000001563
16.830000000000002,0.3909255562084978,-0.2345450278493104,9.927267360630744,-0.0180197188606573,-0.0130154484137681,0.0423356864899303,0.010000000000001563
16.84,0.3934068807998659,-0.2334184979111736,9.925373378630908,-0.0181055860921605,-0.0127445063687679,0.0422021456646302,0.00999999999999801
16.85,0.395863027485146,-0.2322835649323205,9.92343324881791,-0.0181896427801425,-0.0124722898837511,0.0420675497878863,0.010000000000001563
16.86,0.398293839071787,-0.2311402697702171,9.921447747217808,-0.0182718805190044,-0.0121988261801396,0.0419319022245889,0.00999999999999801
16.87,0.4006991599886796,-0.2299886535833647,9.919417668004767,-0.0183522910850409,-0.0119241426040756,0.0417952063659197,0.010000000000001563
16.88,0.4030788362961031,-0.2288287578298224,9.91734382318341,-0.0184308664372625,-0.011648266623688,0.0416574656292683,0.00999999999999801
16.89,0.4054327156955886,-0.2276606242657111,9.915227042264007,-0.0185075987181994,-0.0113712258263449,0.0415186834581457,0.010000000000001563
16.9,0.4077606475396564,-0.2264842949437142,9.913068171930712,-0.0185824802546873,-0.0110930479158951,0.0413788633220992,0.00999999999999801
16.91,0.4100624828414643,-0.2252998122115592,9.910868075702869,-0.0186555035586352,-0.0108137607098979,0.0412380087166247,0.010000000000001563
16.92,0.412338074284338,-0.2241072187104966,9.90862763358963,-0.0187266613277734,-0.0105333921368411,0.0410961231630801,0.010000000000001563
16.93,0.4145872762312014,-0.2229065573737647,9.906347741737974,-0.0187959464463843,-0.0102519702333486,0.0409532102085969,0.00999999999999801
16.94,0.4168099447338986,-0.2216978714250409,9.904029312074243,-0.0188633519860138,-0.0099695231413759,0.0408092734259914,0.010000000000001563
16.95,0.4190059375424033,-0.2204812043768891,9.90167327193939,-0.0189288712061641,-0.009686079105397,0.0406643164136758,0.00999999999999801
16.96,0.421175114113926,-0.2192566000291917,9.899280563718056,-0.0189924975549679,-0.0094016664695792,0.0405183427955677,0.010000000000001563
16.97,0.4233173356219059,-0.2180241024675733,9.896852144461624,-0.0190542246698431,-0.0091163136749493,0.0403713562210001,0.00999999999999801
16.98,0.4254324649648984,-0.2167837560618119,9.894388985505422,-0.0191140463781298,-0.0088300492565486,0.0402233603646296,0.010000000000001563
16.990000000000002,0.4275203667753471,-0.2155356054642452,9.89189207208019,-0.0191719566977071,-0.0085429018405807,0.040074358926345,0.010000000000001563
17.0,0.4295809074282484,-0.21427969560816,9.889362402918003,-0.0192279498375911,-0.0082549001415479,0.0399243556311745,0.00999999999999801
17.01,0.4316139550497047,-0.2130160717061744,9.886800989852803,-0.0192820201985146,-0.0079660729593798,0.0397733542291925,0.010000000000001563
17.02,0.4336193795253608,-0.2117447792486138,9.88420885741566,-0.0193341623734866,-0.0076764491765543,0.0396213584954264,0.00999999999999801
17.03,0.435597052508737,-0.2104658640018683,9.88158704242499,-0.0193843711483329,-0.0073860577552081,0.0394683722297614,0.010000000000001563
17.04,0.4375468474294349,-0.2091793720067494,9.878936593571831,-0.019432641502218,-0.0070949277342415,0.0393143992568464,0.00999999999999801
17.05,0.4394686395012471,-0.2078853495768288,9.876258571000385,-0.0194789686081468,-0.0068030882264137,0.0391594434259976,0.010000000000001563
17.06,0.4413623057301359,-0.2065838432967758,9.873554045883974,-0.0195233478334471,-0.0065105684154327,0.0390035086111027,0.00999999999999801
17.07,0.4432277249221096,-0.2052749000206747,9.870824099996586,-0.0195657747402335,-0.0062173975530354,0.0388465987105239,0.010000000000001563
17.080000000000002,0.4450647776909765,-0.2039585668703423,9.868069825280177,-0.0196062450858506,-0.005923604956064,0.0386887176470006,0.010000000000001563
17.09,0.4468733464659858,-0.2026348912336307,9.86529232340791,-0.0196447548232976,-0.0056292200035335,0.0385298693675512,0.00999999999999801
17.1,0.4486533154993541,-0.2013039207627189,9.8624927053435,-0.0196813001016328,-0.0053342721336934,0.0383700578433743,0.010000000000001563
17.11,0.4504045708736701,-0.1999657033724004,9.859672090896847,-0.0197158772663589,-0.0050387908410853,0.0382092870697499,0.00999999999999801
17.12,0.4521270005091883,-0.1986202872383568,9.85683160827612,-0.0197484828597883,-0.004742805673592,0.0380475610659387,0.010000000000001563
17.13,0.4538204941709993,-0.197267720795424,9.853972393636496,-0.0197791136213886,-0.0044463462294838,0.0378848838750825,0.00999999999999801
17.14,0.4554849434760873,-0.1959080527358466,9.85109559062571,-0.0198077664881094,-0.0041494421544577,0.0377212595641026,0.010000000000001563
17.150000000000002,0.4571202419002648,-0.1945413320075292,9.848202349926606,-0.0198344385946877,-0.0038521231386741,0.0375566922235983,0.010000000000001563
17.16,0.4587262847849904,-0.1931676078122703,9.845293828796889,-0.0198591272739353,-0.0035544189137868,0.0373911859677444,0.00999999999999801
17.17,0.4603029693440683,-0.1917869296039915,9.842371190606231,-0.0198818300570046,-0.00325635924997,0.0372247449341888,0.010000000000001563
17.18,0.4618501946702239,-0.1903993470869607,9.839435604370944,-0.0199025446736364,-0.002957973952942,0.0370573732839487,0.00999999999999801
17.19,0.4633678617415662,-0.1890049102139975,9.836488244286372,-0.0199212690523863,-0.0026592928609835,0.0368890752013065,0.010000000000001563
17.2,0.4648558734279185,-0.1876036691846795,9.83353028925726,-0.0199380013208319,-0.0023603458419552,0.0367198548937056,0.00999999999999801
17.21,0.4663141344970427,-0.1861956744435312,9.83056292242618,-0.0199527398057603,-0.0020611627903094,0.0365497165916448,0.010000000000001563
17.22,0.4677425516207268,-0.1847809766782128,9.8275873307003,-0.0199654830333354,-0.0017617736241024,0.0363786645485729,0.00999999999999801
17.23,0.4691410333807634,-0.18335962681769,9.824604704276627,-0.0199762297292451,-0.001462208282001,0.036206703040782,0.010000000000001563
17.240000000000002,0.4705094902747967,-0.1819316760304041,9.821616236165976,-0.0199849788188286,-0.0011624967202899,0.0360338363673008,0.010000000000001563
17.25,0.4718478347220524,-0.1804971757224306,9.818623121715738,-0.0199917294271843,-0.0008626689098756,0.0358600688497872,0.00999999999999801
17.26,0.4731559810689432,-0.1790561775356242,9.815626558131788,-0.019996480879257,-0.0005627548332891,0.0356854048324201,0.010000000000001563
17.27,0.4744338455945489,-0.1776087333457647,9.812627743999606,-0.0199992326999055,-0.0002627844816883,0.0355098486817908,0.00999999999999801
17.28,0.4756813465159765,-0.1761548952606864,9.809627878804855,-0.0199999846139499,3.7212148141680606e-05,0.0353334047867939,0.010000000000001563
17.29,0.4768984039935924,-0.1746947156184039,9.806628162453627,-0.0199987365461996,0.0003372050567878,0.0351560775585176,0.00999999999999801
17.3,0.4780849401361339,-0.1732282469852253,9.803629794792458,-0.0199954886214602,0.0006371642452093,0.0349778714301334,0.010000000000001563
17.31,0.4792408790056922,-0.1717555421538646,9.800633975128438,-0.0199902411645215,0.0009370597177372,0.0347987908567852,0.00999999999999801
17.32,0.4803661466225754,-0.1702766541415356,9.797641901749484,-0.0199829947001248,0.0012368614850744,0.034618840315478,0.010000000000001563
17.330000000000002,0.4814606709700391,-0.1687916361880469,9.794654771445062,-0.0199737499529105,0.0015365395672937,0.0344380243049659,0.010000000000001563
17.34,0.4825243819988986,-0.1673005417538858,9.79167377902746,-0.0199625078473457,0.0018360639968366,0.03425634734564,0.00999999999999801
17.35,0.483557211632012,-0.1658034245182895,9.7887001168539,-0.0199492695076316,0.00213540482151,0.0340738139794145,0.010000000000001563
17.36,0.4845590937686342,-0.1643003383773179,9.785734974349603,-0.019934036257591,0.0024345321074807,0.0338904287696143,0.00999999999999801
17.37,0.4855299642886515,-0.1627913374419081,9.78277953753204,-0.0199168096205363,0.0027334159422695,0.0337061963008599,0.010000000000001563
17.38,0.4864697610566813,-0.1612764760359327,9.779834988536528,-0.0198975913191168,0.0030320264377417,0.0335211211789536,0.00999999999999801
17.39,0.4873784239260517,-0.1597558086942375,9.776902505143406,-0.0198763832751466,0.003330333733097,0.0333352080307636,0.010000000000001563
17.400000000000002,0.4882558947426489,-0.1582293901606824,9.773983260306933,-0.0198531876094126,0.0036283079978543,0.0331484615041091,0.010000000000001563
17.41,0.4891021173486401,-0.1566972753861712,9.771078421686122,-0.0198280066414619,0.0039259194348352,0.0329608862676435,0.00999999999999801
17.42,0.4899170375860676,-0.1551595195266689,9.768189151177689,-0.0198008428893703,0.0042231382831444,0.0327724870107378,0.010000000000001563
17.43,0.4907006033003142,-0.1536161779412209,9.76531660445131,-0.0197716990694905,0.0045199348211444,0.0325832684433639,0.00999999999999801
17.44,0.4914527643434417,-0.1520673061899575,9.762461930487383,-0.01974057809618,0.004816279369429,0.0323932352959758,0.010000000000001563
17.45,0.4921734725774001,-0.1505129600320949,9.75962627111743,-0.0197074830815104,0.0051121422937901,0.0322023923193926,0.00999999999999801
17.46,0.4928626818771084,-0.1489531954239257,9.756810760567388,-0.0196724173349554,0.005407494008182,0.0320107442846785,0.010000000000001563
17.47,0.4935203481334064,-0.1473880685168091,9.754016525003935,-0.0196353843630606,0.0057023049776792,0.0318182959830246,0.00999999999999801
17.48,0.4941464292558789,-0.1458176356551433,9.75124468208405,-0.0195963878690922,0.0059965457214307,0.0316250522256283,0.010000000000001563
17.490000000000002,0.4947408851755472,-0.1442419533743417,9.748496340507934,-0.0195554317526672,0.0062901868156072,0.0314310178435734,0.010000000000001563
17.5,0.4953036778474352,-0.1426610783987977,9.745772599575576,-0.0195125201093631,0.0065831988963437,0.0312361976877096,0.00999999999999801
17.51,0.4958347712530045,-0.1410750676398383,9.743074548747035,-0.0194676572303084,0.0068755526626768,0.0310405966285304,0.010000000000001563
17.52,0.4963341314024579,-0.1394839781936803,9.740403267206672,-0.0194208476017537,0.007167218879473,0.0308442195560522,0.00999999999999801
17.53,0.4968017263369169,-0.1378878673393708,9.737759823431478,-0.0193720959046228,0.0074581683803541,0.0306470713796915,0.010000000000001563
17.54,0.4972375261304648,-0.1362867925367298,9.735145274763722,-0.0193214070140448,0.0077483720706122,0.0304491570281426,0.00999999999999801
17.55,0.4976415028920637,-0.134680811424276,9.732560666988013,-0.0192687859988665,0.0080378009301202,0.0302504814492539,0.010000000000001563
17.56,0.4980136307673389,-0.1330699818171564,9.730007033912996,-0.0192142381211456,0.0083264260162333,0.0300510496099045,0.00999999999999801
17.57,0.4983538859402333,-0.1314543617050629,9.727485396957857,-0.0191577688356243,0.0086142184666836,0.0298508664958799,0.010000000000001563
17.580000000000002,0.4986622466345318,-0.1298340092501451,9.72499676474375,-0.0190993837891843,0.0089011495024656,0.0296499371117477,0.010000000000001563
17.59,0.4989386931152554,-0.1282089827849163,9.72254213269039,-0.0190390888202815,0.0091871904307149,0.029448266480732,0.00999999999999801
17.6,0.4991832076899238,-0.1265793408101539,9.72012248261786,-0.0189768899583624,0.0094723126475773,0.029245859644588,0.010000000000001563
17.61,0.4993957747096874,-0.1249451419927933,9.717738782353935,-0.0189127934232616,0.0097564876410683,0.0290427216634762,0.00999999999999801
17.62,0.4995763805703297,-0.1233064451638141,9.715391985346937,-0.018846805624579,0.0100396869939257,0.0288388576158354,0.010000000000001563
17.63,0.4997250137131372,-0.121663309316127,9.713083030284372,-0.0187789331610397,0.0103218823864499,0.0286342725982562,0.00999999999999801
17.64,0.4998416646256396,-0.1200157936024437,9.710812840717486,-0.0187091828198332,0.0106030455993372,0.0284289717253534,0.010000000000001563
17.650000000000002,0.4999263258422181,-0.1183639573331519,9.708582324691836,-0.0186375615759357,0.0108831485165004,0.0282229601296382,0.010000000000001563
17.66,0.4999789919445839,-0.1167078599741803,9.706392374384093,-0.0185640765914119,0.0111621631278811,0.0280162429613897,0.00999999999999801
17.67,0.4999996595621244,-0.1150475611448537,9.704243865745177,-0.0184887352146989,0.0114400615322508,0.0278088253885263,0.010000000000001563
17.68,0.499988327372119,-0.1133831206157514,9.7021376581499,-0.0184115449798718,0.0117168159400006,0.0276007125964766,0.00999999999999801
17.69,0.4999449960998242,-0.1117145983065514,9.700074594053218,-0.0183325136058895,0.0119923986759205,0.0273919097880495,0.010000000000001563
17.7,0.4998696685184265,-0.1100420542838784,9.698055498653265,-0.0182516489958236,0.0122667821819663,0.0271824221833044,0.00999999999999801
17.71,0.4997623494488655,-0.1083655487591353,9.696081179561272,-0.0181689592360679,0.0125399390200164,0.0269722550194204,0.010000000000001563
17.72,0.4996230457595249,-0.1066851420863403,9.694152426478562,-0.0180844525955293,0.0128118418746142,0.0267614135505658,0.00999999999999801
17.73,0.4994517663657933,-0.1050008947599522,9.692270010880645,-0.0179981375248014,0.0130824635557011,0.0265499030477661,0.010000000000001563
17.740000000000002,0.4992485222294935,-0.1033128674126928,9.690434685708665,-0.0179100226553195,0.0133517770013345,0.0263377287987731,0.010000000000001563
17.75,0.4990133263581808,-0.1016211208133644,9.688647185068216,-0.017820116798497,0.0136197552803942,0.026124896107932,0.00999999999999801
17.76,0.4987461938043107,-0.0999257158646617,9.686908223935722,-0.0177284289448447,0.0138863715952756,0.0259114102960487,0.010000000000001563
17.77,0.4984471416642755,-0.0982267136009803,9.685218497872455,-0.0176349682630716,0.0141515992845693,0.0256972767002577,0.00999999999999801
17.78,0.49811618907731,-0.0965241751862168,9.683578682746308,-0.0175397440991679,0.0144154118257277,0.0254825006738875,0.010000000000001563
17.79,0.4977533572242669,-0.0948181619115722,9.681989434461467,-0.0174427659754707,0.0146777828377162,0.0252670875863277,0.00999999999999801
17.8,0.4973586693262607,-0.0931087351933386,9.680451388696056,-0.0173440435897116,0.0149386860836524,0.0250510428228942,0.010000000000001563
17.81,0.4969321506431827,-0.0913959565706943,9.678965160647875,-0.0172435868140468,0.0151980954734291,0.0248343717846949,0.00999999999999801
17.82,0.4964738284720824,-0.0896798877034832,9.67753134478833,-0.0171414056940702,0.0154559850663235,0.0246170798884944,0.010000000000001563
17.830000000000002,0.4959837321454226,-0.0879605903700007,9.67615051462464,-0.0170375104478086,0.0157123290735913,0.0243991725665788,0.010000000000001563
17.84,0.4954618930292011,-0.0862381264647651,9.674823222470469,-0.0169319114647002,0.0159671018610451,0.02418065526662,0.00999999999999801
17.85,0.4949083445209429,-0.0845125579962895,9.67354999922497,-0.0168246193045551,0.0162202779516189,0.0239615334515387,0.010000000000001563
17.86,0.4943231220475638,-0.0827839470848543,9.672331354160477,-0.0167156446965001,0.0164718320279142,0.0237418125993693,0.00999999999999801
17.87,0.4937062630631021,-0.0810523559602643,9.67116777471876,-0.0166049985379051,0.0167217389347333,0.0235214982031214,0.010000000000001563
17.88,0.4930578070463225,-0.0793178469596133,9.670059726316088,-0.0164926918932938,0.0169699736815936,0.0233005957706435,0.00999999999999801
17.89,0.4923777954981886,-0.0775804825250381,9.669007652157038,-0.0163787359932369,0.0172165114452274,0.0230791108244849,0.010000000000001563
17.900000000000002,0.4916662719392074,-0.0758403252014707,9.668011973057256,-0.0162631422332297,0.0174613275720637,0.0228570489017577,0.010000000000001563
17.91,0.4909232819066439,-0.0740974376343868,9.667073087275105,-0.0161459221725517,0.0177043975806938,0.0226344155539985,0.00999999999999801
17.92,0.4901488729516065,-0.0723518825675505,9.66619137035237,-0.0160270875331113,0.0179456971643195,0.0224112163470292,0.010000000000001563
17.93,0.489343094636004,-0.0706037228407563,9.665367174964077,-0.0159066501982736,0.0181852021931834,0.0221874568608186,0.00999999999999801
17.94,0.4885059985293734,-0.068853021387564,9.664600830777385,-0.0157846222116714,0.0184228887169824,0.021963142689342,0.010000000000001563
17.95,0.4876376382055803,-0.067099841233039,9.663892644319752,-0.0156610157760019,0.0186587329672619,0.0217382794404421,0.00999999999999801
17.96,0.4867380692393881,-0.0653442454914758,9.663242898856318,-0.0155358432518056,0.0188927113597937,0.0215128727356884,0.010000000000001563
17.97,0.4858073492029048,-0.0635862973641325,9.662651854276609,-0.0154091171562307,0.0191248004969333,0.0212869282102368,0.00999999999999801
17.98,0.484845537661894,-0.0618260601369505,9.662119746990571,-0.0152808501617809,0.0193549771699606,0.0210604515126886,0.010000000000001563
17.990000000000002,0.4838526961719662,-0.0600635971782812,9.661646789834029,-0.015151055095049,0.0195832183613999,0.0208334483049494,0.010000000000001563
18.0,0.4828288882746387,-0.0582989719366009,9.661233171983532,-0.0150197449354335,0.0198095012473224,0.0206059242620878,0.00999999999999801
18.01,0.4817741794932665,-0.0565322479382261,9.660879058880717,-0.0148869328138408,0.020033803199628,0.0203778850721928,0.010000000000001563
18.02,0.4806886373288521,-0.0547634887850321,9.66058459216609,-0.0147526320113724,0.0202561017883084,0.0201493364362323,0.00999999999999801
18.03,0.4795723312557232,-0.0529927581521557,9.660349889622422,-0.0146168559579968,0.02047637478369,0.0199202840679104,0.010000000000001563
18.04,0.4784253327170878,-0.0512201197857091,9.660175045127597,-0.014479618231206,0.0206946001586568,0.0196907336935243,0.00999999999999801
18.05,0.4772477151204605,-0.049445637500482,9.66006012861708,-0.0143409325546584,0.0209107560908533,0.0194606910518214,0.010000000000001563
18.06,0.4760395538329658,-0.0476693751776454,9.660005186055946,-0.0142008127968061,0.0211248209648662,0.0192301618938559,0.00999999999999801
18.07,0.4748009261765135,-0.0458913967624497,9.660010239420483,-0.014059272969508,0.0213367733743866,0.0189991519828445,0.010000000000001563
18.08,0.4735319114228509,-0.0441117662619274,9.660075286689418,-0.013916327226629,0.0215465921243501,0.018767667094023,0.00999999999999801
18.09,0.4722325907884893,-0.0423305477425842,9.660200301844704,-0.0137719898626243,0.0217542562330566,0.0185357130145018,0.010000000000001563
18.1,0.4709030474295054,-0.040547805328093,9.660385234881954,-0.0136262753111099,0.0219597449342684,0.0183032955431205,0.010000000000001563
18.11,0.4695433664362212,-0.0387636031969901,9.660630011830412,-0.0134791981434197,0.0221630376792863,0.018070420490304,0.00999999999999801
18.12,0.4681536348277546,-0.0369780055803581,9.660934534782564,-0.0133307730671477,0.0223641141390056,0.0178370936779164,0.010000000000001563
18.13,0.4667339415464561,-0.0351910767595193,9.66129868193329,-0.0131810149246779,0.0225629542059475,0.0176033209391159,0.00999999999999801
18.14,0.4652843774522094,-0.0334028810637168,9.661722307628583,-0.0130299386916998,0.0227595379962714,0.0173691081182087,0.010000000000001563
18.15,0.4638050353166223,-0.031613482867804,9.66220524242382,-0.0128775594757107,0.0229538458517618,0.0171344610705031,0.00999999999999801
18.16,0.4622960098170876,-0.0298229465899227,9.662747293151517,-0.0127238925145054,0.0231458583417952,0.0168993856621633,0.010000000000001563
18.17,0.4607573975307207,-0.028031336689184,9.663348242998604,-0.0125689531746518,0.0233355562652825,0.0166638877700621,0.010000000000001563
18.18,0.4591892969281836,-0.026238717663353,9.664007851593166,-0.0124127569499549,0.0235229206525895,0.0164279732816346,0.00999999999999801
18.19,0.4575918083673791,-0.0244451540465193,9.664725855100553,-0.0122553194599069,0.0237079327674337,0.0161916480947305,0.010000000000001563
18.2,0.4559650340870305,-0.02265071040678,9.665501966328936,-0.0120966564481256,0.0238905741087576,0.0159549181174676,0.00999999999999801
18.21,0.4543090782001356,-0.0208554513439124,9.666335874844174,-0.01193678378078,0.0240708264125795,0.0157177892680825,0.010000000000001563
18.22,0.4526240466873069,-0.0190594414870493,9.667227247093978,-0.0117757174450037,0.024248671653819,0.0154802674747845,0.00999999999999801
18.23,0.4509100473899851,-0.01726274549235,9.668175726541334,-0.0116134735472959,0.0244240920481003,0.0152423586756058,0.010000000000001563
18.24,0.4491671900035406,-0.0154654280406778,9.669180933807109,-0.0114500683119112,0.0245970700535302,0.0150040688182541,0.00999999999999801
18.25,0.4473955860702517,-0.0136675538352671,9.670242466821795,-0.0112855180792371,0.0247675883724521,0.0147654038599635,0.010000000000001563
18.26,0.4455953489721646,-0.0118691875993932,9.671359900986346,-0.0111198393041595,0.0249356299531765,0.0145263697673453,0.010000000000001563
18.27,0.4437665939238403,-0.0100703940740488,9.672532789341991,-0.0109530485544181,0.0251011779916851,0.0142869725162396,0.00999999999999801
18.28,0.4419094379649756,-0.0082712380156047,9.673760662749029,-0.0107851625089487,0.0252642159333121,0.014047218091565,0.010000000000001563
18.29,0.4400239999529206,-0.0064717841934859,9.675043030074466,-0.0106161979562161,0.0254247274743992,0.0138071124871699,0.00999999999999801
18.3,0.4381104005550623,-0.004672097387834,9.676379378388472,-0.0104461717925346,0.0255826965639261,0.0135666617056816,0.010000000000001563
18.31,0.4361687622411103,-0.0028722423871818,9.677769173169535,-0.010275101020379,0.0257381074051155,0.0133258717583573,0.00999999999999801
18.32,0.4341992092752529,-0.0010722839861134,9.67921185851828,-0.0101030027466839,0.0258909444570127,0.0130847486649331,0.010000000000001563
18.33,0.4322018677082084,0.0007277130170632,9.680706857379798,-0.0099298941811332,0.0260411924360399,0.0128432984534737,0.00999999999999801
18.34,0.4301768653691555,0.0025276838226488,9.682253571774478,-0.0097557926344394,0.0261888363175244,0.012601527160222,0.010000000000001563
18.35,0.4281243318575519,0.0043275636318903,9.683851383037185,-0.0095807155166119,0.0263338613372012,0.0123594408294475,0.010000000000001563
18.36,0.4260443985348427,0.0061272876493084,9.68549965206472,-0.0094046803352167,0.026476252992689,0.0121170455132961,0.00999999999999801
18.37,0.4239371985160497,0.0079267910850329,9.687197719571444,-0.0092277046936251,0.026615997044941,0.0118743472716379,0.010000000000001563
18.38,0.4218028666612557,0.0097260091571339,9.688944906352996,-0.0090498062892539,0.0267530795196684,0.0116313521719165,0.00999999999999801
18.39,0.41964153956697,0.0115248770939567,9.690740513557964,-0.0088710029117952,0.0268874867087381,0.0113880662889964,0.010000000000001563
18.4,0.4174533555573893,0.0133233301364483,9.692583822967404,-0.0086913124414378,0.0270192051715431,0.0111444957050122,0.00999999999999801
18.41,0.4152384546755439,0.0151213035404934,9.694474097282123,-0.0085107528470791,0.0271482217363467,0.010900646509216,0.010000000000001563
18.42,0.4129969786743331,0.0169187325792452,9.696410580417613,-0.0083293421845279,0.0272745235016003,0.0106565247978247,0.010000000000001563
18.43,0.4107290710074576,0.0187155525454502,9.698392497806424,-0.0081470985946994,0.0273980978372323,0.0104121366738685,0.00999999999999801
18.44,0.4084348768202313,0.0205116987537855,9.700419056708036,-0.0079640403018005,0.0275189323859123,0.0101674882470377,0.010000000000001563
18.45,0.4061145429403022,0.0223071065431803,9.702489446525902,-0.0077801856115083,0.0276370150642861,0.0099225856335304,0.00999999999999801
18.46,0.4037682178682439,0.0241017112791498,9.704602839131704,-0.0075955529091382,0.0277523340641842,0.009677434955899,0.010000000000001563
18.47,0.401396051768062,0.0258954483561152,9.706758389196576,-0.007410160657807,0.0278648778538028,0.0094320423428977,0.00999999999999801
18.48,0.3989981964575758,0.027688253199737,9.708955234529236,-0.007224027396585,0.0279746351788566,0.0091864139293291,0.010000000000001563
18.49,0.3965748053987075,0.0294800612692345,9.711192496420836,-0.0070371717386434,0.0280815950637047,0.0089405558558907,0.00999999999999801
18.5,0.3941260336876581,0.031270808059709,9.71346927999645,-0.0068496123693922,0.0281857468124476,0.0086944742690216,0.010000000000001563
18.51,0.3916520380449802,0.0330604291044712,9.71578467457301,-0.006661368044612,0.0282870800099974,0.0084481753207486,0.010000000000001563
18.52,0.3891529768055516,0.0348488599773561,9.71813775402355,-0.0064724575885786,0.0283855845231186,0.0082016651685326,0.00999999999999801
18.53,0.3866290099084375,0.0366360362950456,9.720527577147667,-0.0062828998921799,0.0284812505014421,0.0079549499751145,0.010000000000001563
18.54,0.3840802988866589,0.0384218937193845,9.72295318804798,-0.0060927139110278,0.0285740683784498,0.0077080359083615,0.00999999999999801
18.55,0.3815070068568502,0.0402063679597002,9.72541361651246,-0.0059019186635618,0.0286640288724312,0.0074609291411121,0.010000000000001563
18.56,0.3789092985088245,0.0419893947751106,9.727907878402537,-0.0057105332291478,0.0287511229874121,0.0072136358510228,0.00999999999999801
18.57,0.3762873400950265,0.0437709099768444,9.7304349760467,-0.0055185767461695,0.0288353420140533,0.0069661622204129,0.010000000000001563
18.58,0.3736412994199023,0.0455508494305468,9.732993898639595,-0.0053260684101154,0.0289166775305226,0.0067185144361103,0.00999999999999801
18.59,0.3709713458291523,0.0473291490585882,9.735583622646296,-0.0051330274716588,0.0289951214033359,0.0064706986892968,0.010000000000001563
18.6,0.3682776501988921,0.0491057448423755,9.73820311221174,-0.0049394732347324,0.0290706657881714,0.006222721175353,0.010000000000001563
18.61,0.3655603849247261,0.0508805728246514,9.740851319575016,-0.0047454250545988,0.0291433031306536,0.005974588093704,0.00999999999999801
18.62,0.3628197239107014,0.0526535691118018,9.74352718548849,-0.0045509023359142,0.0292130261671087,0.0057263056476638,0.010000000000001563
18.63,0.3600558425581892,0.0544246698761497,9.74622963964148,-0.0043559245307885,0.0292798279252912,0.0054778800442807,0.00999999999999801
18.64,0.3572689177546515,0.0561938113582604,9.748957601088351,-0.0041605111368395,0.029343701725081,0.0052293174941817,0.010000000000001563
18.65,0.3544591278623251,0.0579609298692316,9.7517099786809,-0.003964681695244,0.0294046411791513,0.0049806242114177,0.00999999999999801
18.66,0.3516266527068045,0.0597259617929863,9.754485671504783,-0.0037684557887829,0.0294626401936074,0.004731806413308,0.010000000000001563
18.67,0.3487716735655317,0.0614888435885674,9.75728356931989,-0.0035718530398832,0.0295176929685963,0.0044828703202842,0.010000000000001563
18.68,0.3458943731561984,0.06324951179242,9.760102553004389,-0.0033748931086562,0.0295697939988863,0.004233822155736,0.00999999999999801
18.69,0.3429949356250475,0.0650079030206791,9.762941495002394,-0.0031775956909306,0.0296189380744179,0.0039846681458544,0.010000000000001563
18.7,0.3400735465350927,0.0667639539714497,9.765799259774962,-0.0029799805162839,0.0296651202808243,0.0037354145194767,0.00999999999999801
18.71,0.3371303928542372,0.0685176014270889,9.768674704254284,-0.0027820673460689,0.0297083359999236,0.0034860675079305,0.010000000000001563
18.72,0.3341656629433139,0.0702687822564756,9.771566678300909,-0.0025838759714377,0.0297485809101797,0.0032366333448782,0.00999999999999801
18.73,0.3311795465440219,0.0720174334172906,9.774474025163777,-0.0023854262113626,0.0297858509871352,0.0029871182661609,0.010000000000001563
18.74,0.3281722347667941,0.073763491958281,9.7773955819429,-0.0021867379106541,0.0298201425038134,0.0027375285096424,0.00999999999999801
18.75,0.3251439200785584,0.0755068950215263,9.78033018005453,-0.0019878309379769,0.0298514520310913,0.0024878703150539,0.010000000000001563
18.76,0.3220947962904179,0.077247579844706,9.783276645698548,-0.0017887251838624,0.0298797764380422,0.002238149923837,0.010000000000001563
18.77,0.3190250585452583,0.0789854837633536,9.786233800327976,-0.0015894405587201,0.0299051128922491,0.0019883735789886,0.00999999999999801
18.78,0.3159349033052442,0.0807205442131171,9.789200461120398,-0.0013899969908465,0.0299274588600875,0.0017385475249043,0.010000000000001563
18.79,0.312824528339258,0.0824526987320058,9.792175441451048,-0.0011904144244321,0.0299468121069794,0.0014886780072224,0.00999999999999801
18.8,0.3096941327102347,0.0841818849626455,9.795157551367456,-0.0009907128175673,0.0299631706976163,0.0012387712726678,0.010000000000001563
18.81,0.3065439167624273,0.0859080406545181,9.798145598065425,-0.0007909121402464,0.0299765329961525,0.0009888335688961,0.00999999999999801
18.82,0.3033740821085798,0.0876311036662053,9.801138386366109,-0.0005910323723704,0.0299868976663696,0.0007388711443365,0.010000000000001563
18.83,0.3001848316170289,0.0893510119676246,9.804134719194094,-0.0003910935017498,0.0299942636718089,0.0004888902480367,0.00999999999999801
18.84,0.2969763693987181,0.091067703642263,9.807133398056196,-0.0001911155221049,0.0299986302758763,0.0002388971295064,0.010000000000001563
18.85,0.2937489007941327,0.0927811168894055,9.810133223520856,8.881568932923827e-06,0.0299999970419148,-1.1101961439826017e-05,0.010000000000001563
18.86,0.2905026323601632,0.0944911900263599,9.813132995697886,0.0002088777718212,0.0299983638332491,-0.0002611007748375,0.00999999999999801
18.87,0.2872377718568801,0.0961978614906794,9.816131514718409,0.0004088530871064,0.0299937308131985,-0.0005110930607295,0.010000000000001563
18.88,0.2839545282342432,0.0979010698423736,9.819127581214795,0.0006087875174236,0.0299860984450614,-0.0007610725693215,0.00999999999999801
18.89,0.2806531116187201,0.0996007537661272,9.822119996800398,0.0008086610694965,0.0299754674920681,-0.0010110330511391,0.010000000000001563
18.9,0.2773337332998501,0.1012968520735027,9.825107564548876,0.0010084537561362,0.029961839017305,-0.001260968257183,0.00999999999999801
18.91,0.2739966057167134,0.1029893037051425,9.828089089472966,0.0012081455982407,0.0299452143836083,-0.001510871939086,0.010000000000001563
18.92,0.2706419424443327,0.1046780477329723,9.831063379002453,0.0014077166267922,0.0299255952534275,-0.0017607378492694,0.010000000000001563
18.93,0.2672699581800166,0.1063630233623884,9.83402924346118,0.001607146884854,0.0299029835886594,-0.0020105597410982,0.00999999999999801
18.94,0.2638808687296035,0.1080441699344516,9.836985496542908,0.0018064164295667,0.0298773816504514,-0.0022603313690382,0.010000000000001563
18.95,0.2604748909936636,0.109721426928065,9.83993095578582,0.0020055053341418,0.029848791998976,-0.0025100464888116,0.00999999999999801
18.96,0.2570522429536079,0.1113947339621593,9.84286444304549,0.0022043936898547,0.0298172174931748,-0.0027596988575537,0.010000000000001563
18.97,0.2536131436577443,0.1130640307978617,9.845784784966131,0.0024030616080356,0.0297826612904717,-0.0030092822339679,0.00999999999999801
18.98,0.2501578132072523,0.1147292573406662,9.84869081344991,0.0026014892220582,0.0297451268464585,-0.0032587903784831,0.010000000000001563
18.99,0.2466864727421019,0.1163903536425972,9.85158136612418,0.0027996566893266,0.0297046179145481,-0.0035082170534086,0.00999999999999801
19.0,0.243199344426899,0.1180472599043672,9.854455286806408,0.002997544193259,0.0296611385456,-0.0037575560230904,0.010000000000001563
19.01,0.2396966514366639,0.1196999164775298,9.857311425966646,0.0031951319452701,0.0296146930875149,-0.0040068010540674,0.010000000000001563
19.02,0.2361786179425539,0.1213482638666262,9.860148641187305,0.0033924001867492,0.0295652861847999,-0.0042559459152267,0.00999999999999801
19.03,0.2326454690975102,0.12299224273133,9.86296579762013,0.0035893291910367,0.0295129227781041,-0.0045049843779598,0.010000000000001563
19.04,0.2290974310218554,0.1246317938885777,9.865761768440109,0.0037858992653961,0.0294576081037244,-0.004753910216318,0.00999999999999801
19.05,0.2255347307888112,0.126266858314706,9.868535435296192,0.0039820907529839,0.0293993476930823,-0.0050027172071685,0.010000000000001563
19.06,0.2219575964099813,0.1278973771475714,9.871285688758618,0.0041778840348148,0.0293381473721703,-0.0052513991303493,0.00999999999999801
19.07,0.2183662568207409,0.1295232916886733,9.874011428762673,0.0043732595317238,0.0292740132609695,-0.0054999497688254,0.010000000000001563
19.08,0.2147609418655987,0.1311445434052625,9.876711565048698,0.004568197706324,0.0292069517728374,-0.0057483629088438,0.00999999999999801
19.09,0.2111418822834844,0.1327610739324521,9.879385017598176,0.0047626790649604,0.0291369696138672,-0.0059966323400887,0.010000000000001563
19.1,0.207509309692972,0.1343728250753194,9.88203071706574,0.0049566841596591,0.0290640737822163,-0.0062447518558376,0.010000000000001563
19.11,0.2038634565774697,0.1359797388109951,9.88464760520687,0.0051501935900725,0.0289882715674071,-0.0064927152531152,0.00999999999999801
19.12,0.2002045562703309,0.13758175729076,9.88723463530121,0.0053431880054187,0.028909570549598,-0.0067405163328497,0.010000000000001563
19.13,0.1965328429399279,0.1391788228421213,9.889790772571208,0.0055356481064169,0.0288279785988252,-0.0069881489000269,0.00999999999999801
19.14,0.1928485515746591,0.1407708779708915,9.892314994596042,0.0057275546472175,0.0287435038742157,-0.0072356067638457,0.010000000000001563
19.15,0.189151917967915,0.142357865363258,9.894806291720554,0.0059188884373264,0.0286561548231716,-0.0074828837378722,0.00999999999999801
19.16,0.1854431787029854,0.143939727887846,9.897263667459114,0.0061096303435239,0.0285659401805253,-0.0077299736401949,0.010000000000001563
19.17,0.1817225711379159,0.1455164085977756,9.899686138894191,0.0062997612917785,0.0284728689676658,-0.0079768702935793,0.010000000000001563
19.18,0.1779903333903222,0.1470878507327109,9.90207273706951,0.0064892622691536,0.0283769504916369,-0.0082235675256217,0.00999999999999801
19.19,0.1742467043221446,0.1486539977209062,9.90442250737762,0.0066781143257095,0.0282781943442061,-0.0084700591689044,0.010000000000001563
19.2,0.1704919235243681,0.1502147931812373,9.90673450994173,0.0068662985763979,0.0281766104009061,-0.0087163390611489,0.00999999999999801
19.21,0.166726231301678,0.1517701809252375,9.90900781999164,0.0070537962029506,0.0280722088200463,-0.008962401045371,0.010000000000001563
19.22,0.1629498686570962,0.1533201049591151,9.91124152823364,0.007240588455761,0.027965000041698,-0.0092082389700336,0.00999999999999801
19.23,0.1591630772765387,0.1548645094857736,9.913434741214214,0.0074266566557598,0.0278549947866496,-0.0094538466892017,0.010000000000001563
19.24,0.1553660995133623,0.1564033389068156,9.915586581677417,0.0076119821962819,0.027742204055335,-0.0096992180626949,0.00999999999999801
19.25,0.1515591783728511,0.1579365378245479,9.917696188915746,0.0077965465449275,0.0276266391267332,-0.0099443469562416,0.010000000000001563
19.26,0.1477425574966544,0.1594640510439766,9.919762719114445,0.0079803312454159,0.0275083115572409,-0.0101892272416325,0.010000000000001563
19.27,0.1439164811472081,0.160985823574789,9.921785345688976,0.0081633179194298,0.0273872331795164,-0.0104338527968729,0.00999999999999801
19.28,0.140081194192091,0.1625018006333395,9.923763259615686,0.0083454882684547,0.0272634161012966,-0.0106782175063369,0.010000000000001563
19.29,0.1362369420883606,0.1640119276446174,9.925695669755372,0.0085268240756072,0.0271368727041861,-0.0109223152609193,0.00999999999999801
19.3,0.1323839708668379,0.1655161502442134,9.927581803169744,0.0087073072074578,0.0270076156424191,-0.0111661399581891,0.010000000000001563
19.31,0.1285225271163675,0.1670144142802758,9.929420905430586,0.0088869196158437,0.0268756578415942,-0.0114096855025415,0.00999999999999801
19.32,0.1246528579680298,0.1685066658154626,9.931212240921512,0.0090656433396738,0.0267410124973814,-0.0116529458053507,0.010000000000001563
19.33,0.1207752110793302,0.1699928511288783,9.932955093132213,0.0092434605067247,0.0266036930742029,-0.0118959147851216,0.00999999999999801
19.34,0.1168898346183468,0.1714729167180121,9.934648764945036,0.0094203533354276,0.0264637133038868,-0.0121385863676424,0.010000000000001563
19.35,0.1129969772478454,0.172946809300664,9.936292578913848,0.0095963041366474,0.0263210871842932,-0.0123809544861363,0.010000000000001563
19.36,0.1090968881093713,0.1744144758168584,9.937885877534969,0.0097712953154503,0.0261758289779154,-0.0126230130814129,0.00999999999999801
19.37,0.1051898168072941,0.1758758634307606,9.9394280235102,0.0099453093728645,0.0260279532104529,-0.0128647561020199,0.010000000000001563
19.38,0.1012760133928484,0.1773309195325734,9.94091840000171,0.010118328907629,0.0258774746693593,-0.0131061775043943,0.00999999999999801
19.39,0.0973557283481127,0.1787795917404356,9.942356410878777,0.0102903366179347,0.0257244084023632,-0.0133472712530138,0.010000000000001563
19.4,0.0934292125699925,0.1802218279023029,9.943741480956216,0.0104613153031539,0.0255687697159638,-0.0135880313205472,0.00999999999999801
19.41,0.0894967173541609,0.1816575760978293,9.945073056224471,0.0106312478655605,0.0254105741739001,-0.0138284516880051,0.010000000000001563
19.42,0.085558494378965,0.183086784640236,9.946350604071188,0.0108001173120399,0.0252498375955944,-0.0140685263448912,0.010000000000001563
19.43,0.0816147956893336,0.1845094020781681,9.94757361349426,0.0109679067557881,0.0250865760545706,-0.0143082492893513,0.00999999999999801
19.44,0.0776658736806351,0.1859253771975528,9.948741595306224,0.0111345994180007,0.0249208058768467,-0.0145476145283245,0.010000000000001563
19.45,0.0737119810825317,0.1873346590234383,9.949854082329928,0.0113001786295502,0.0247525436393024,-0.0147866160776921,0.00999999999999801
19.46,0.0697533709427985,0.1887371968218311,9.950910629585398,0.0114646278326536,0.0245818061680213,-0.0150252479624279,0.010000000000001563
19.47,0.0657902966111349,0.1901329401015215,9.951910814467816,0.0116279305825276,0.0244086105366081,-0.0152635042167472,0.00999999999999801
19.48,0.0618230117229437,0.1915218386159034,9.952854236916568,0.0117900705490332,0.0242329740644817,-0.0155013788842561,0.010000000000001563
19.49,0.0578517701831045,0.1929038423647791,9.953740519575248,0.0119510315183089,0.0240549143151428,-0.0157388660181003,0.00999999999999801
19.5,0.0538768261497211,0.1942789015961627,9.954569307942611,0.012110797394392,0.0238744490944183,-0.0159759596811136,0.010000000000001563
19.51,0.0498984340178532,0.1956469668080719,9.955340270514368,0.0122693522008279,0.0236915964486795,-0.0162126539459671,0.010000000000001563
19.52,0.0459168484032418,0.1970079887503049,9.95605309891576,0.0124266800822681,0.0235063746630389,-0.0164489428953163,0.00999999999999801
19.53,0.0419323241260029,0.1983619184262203,9.956707508024936,0.0125827653060557,0.0233188022595204,-0.0166848206219499,0.010000000000001563
19.54,0.0379451161943355,0.1997087070944949,9.957303236086974,0.0127375922637983,0.0231288979952084,-0.0169202812289369,0.00999999999999801
19.55,0.0339554797881818,0.2010483062708835,9.957840044818596,0.0128911454729291,0.0229366808603708,-0.0171553188297744,0.010000000000001563
19.56,0.0299636702429126,0.2023806677299587,9.958317719503464,0.0130434095782552,0.022742170076561,-0.0173899275485347,0.00999999999999801
19.57,0.0259699430329745,0.203705743506853,9.958736069078071,0.0131943693534929,0.0225453850946953,-0.0176241015200121,0.010000000000001563
19.58,0.0219745537555468,0.2050234858989818,9.959094926208174,0.0133440097027906,0.0223463455931079,-0.0178578348898693,0.00999999999999801
19.59,0.0179777581141802,0.2063338474677599,9.959394147355695,0.0134923156622379,0.0221450714755831,-0.0180911218147844,0.010000000000001563
19.6,0.0139798119024298,0.2076367810403135,9.959633612836171,0.0136392724013627,0.0219415828693649,-0.0183239564625964,0.010000000000001563
19.61,0.0099809709874903,0.2089322397111745,9.9598132268666,0.0137848652246132,0.0217359001231443,-0.0185563330124511,0.00999999999999801
19.62,0.0059814912938136,0.2102201768439705,9.959932917603766,0.0139290795728287,0.0215280438050246,-0.0187882456549471,0.010000000000001563
19.63,0.0019816287867366,0.2115005460731036,9.95999263717297,0.0140719010246944,0.0213180347004644,-0.0190196885922801,0.00999999999999801
19.64,-0.0020183605439072,0.2127733013054207,9.959992361687178,0.0142133152981842,0.0211058938101991,-0.0192506560383891,0.010000000000001563
19.65,-0.0060182207001651,0.21403839672187,9.959932091256585,0.0143533082519886,0.020891642348141,-0.0194811422190997,0.00999999999999801
19.66,-0.0100176956923516,0.215295786779153,9.959811849988554,0.0144918658869288,0.0206753017392577,-0.0197111413722694,0.010000000000001563
19.67,-0.014016529555434,0.2165454262113647,9.959631685977996,0.0146289743473568,0.0204568936174298,-0.0199406477479315,0.010000000000001563
19.68,-0.0180144663654074,0.2177872700316189,9.959391671288108,0.0147646199225409,0.0202364398232876,-0.0201696556084384,0.00999999999999801
19.69,-0.022011250255685,0.2190212735336733,9.959091901921566,0.0148987890480365,0.0200139624020267,-0.0203981592286057,0.010000000000001563
19.7,-0.0260066254334567,0.2202473922935344,9.958732497782124,0.0150314683070429,0.0197894836012038,-0.0206261528958546,0.00999999999999801
19.71,-0.0300003361960794,0.2214655821710603,9.95831360262664,0.0151626444317449,0.0195630258685119,-0.0208536309103554,0.010000000000001563
19.72,-0.0339921269474247,0.2226757993115457,9.957835384007591,0.0152923043046391,0.0193346118495358,-0.0210805875851696,0.00999999999999801
19.73,-0.0379817422142489,0.2238780001473051,9.957298033206056,0.0154204349598464,0.0191042643854867,-0.0213070172463921,0.010000000000001563
19.74,-0.0419689266625358,0.2250721413992383,9.956701765155184,0.0155470235844081,0.0188720065109192,-0.0215329142332932,0.00999999999999801
19.75,-0.0459534251138408,0.2262581800783883,9.956046818354247,0.0156720575195671,0.0186378614514274,-0.0217582728984599,0.010000000000001563
19.76,-0.0499349825616247,0.2274360734874916,9.955333454773234,0.0157955242620341,0.0184018526213218,-0.0219830876079375,0.010000000000001563
19.77,-0.0539133441875683,0.2286057792225125,9.954561959748066,0.0159174114652379,0.018164003621289,-0.0222073527413697,0.00999999999999801
19.78,-0.0578882553778872,0.2297672551741707,9.953732641866464,0.0160377069405596,0.0179243382360306,-0.0224310626921401,0.010000000000001563
19.79,-0.0618594617396201,0.2309204595294572,9.952845832844528,0.0161563986585519,0.0176828804318856,-0.0226542118675114,0.00999999999999801
19.8,-0.0658267091169172,0.2320653507731406,9.951901887394037,0.0162734747501421,0.017439654354433,-0.022876794688766,0.010000000000001563
19.81,-0.0697897436072979,0.2332018876892586,9.950901183080587,0.0163889235078183,0.0171946843260781,-0.0230988055913448,0.00999999999999801
19.82,-0.0737483115779118,0.2343300293626059,9.949844120172568,0.0165027333868012,0.0169479948436193,-0.023320239024987,0.010000000000001563
19.83,-0.0777021596817566,0.2354497351802041,9.94873112148104,0.0166148930061977,0.0166996105757994,-0.0235410894538681,0.00999999999999801
19.84,-0.0816510348739023,0.2365609648327636,9.947562632190644,0.0167253911501392,0.0164495563608383,-0.0237613513567389,0.010000000000001563
19.85,-0.0855946844276889,0.2376636783161381,9.946339119681513,0.0168342167689035,0.016197857203949,-0.0239810192270635,0.010000000000001563
19.86,-0.0895328559508857,0.2387578359327605,9.94506107334234,0.0169413589800194,0.0159445382748375,-0.0242000875731563,0.00999999999999801
19.87,-0.0934652974018639,0.2398433982930758,9.943729004374624,0.017046807069355,0.0156896249051855,-0.0244185509183202,0.010000000000001563
19.88,-0.0973917571057102,0.2409203263169549,9.942343445588186,0.0171505504921893,0.0154331425861178,-0.024636403800983,0.00999999999999801
19.89,-0.1013119837703457,0.2419885812351064,9.940904951188068,0.0172525788742665,0.0151751169656522,-0.0248536407748339,0.010000000000001563
19.9,-0.1052257265026009,0.2430481245904683,9.939414096552852,0.0173528820128333,0.014915573846136,-0.0250702564089599,0.00999999999999801
19.91,-0.109132734824276,0.2440989182395936,9.937871478004512,0.0174514498776596,0.0146545391816649,-0.0252862452879813,0.010000000000001563
19.92,-0.1130327586881739,0.2451409243540253,9.936277712569902,0.0175482726120409,0.0143920390754876,-0.0255016020121877,0.010000000000001563
19.93,-0.1169255484940966,0.2461741054216553,9.934633437733943,0.0176433405337845,0.0141280997773961,-0.0257163211976718,0.00999999999999801
19.94,-0.120810855104827,0.247198424248077,9.932939311184647,0.0177366441361775,0.0138627476811002,-0.0259303974764655,0.010000000000001563
19.95,-0.1246884298620665,0.2482138439579228,9.931196010550048,0.0178281740889373,0.0135960093215885,-0.0261438254966727,0.00999999999999801
19.96,-0.128558024602356,0.2492203279961938,9.929404233127151,0.017917921239145,0.0133279113724745,-0.0263565999226043,0.010000000000001563
19.97,-0.1324193916729502,0.2502178401295721,9.927564695603044,0.0180058766121603,0.01305848064333,-0.0265687154349104,0.00999999999999801
19.98,-0.136272283947679,0.2512063444477296,9.9256781337682,0.0180920314125193,0.012787744077003,-0.0267801667307145,0.010000000000001563
19.99,-0.1401164548427485,0.2521858053646174,9.923745302222205,0.0181763770248137,0.0125157287469248,-0.0269909485237452,0.00999999999999801
20.0,-0.1439516583325326,0.2531561876197476,9.921766974071902,0.0182589050145525,0.0122424618544017,-0.0272010555444684,0.010000000000001563
20.01,-0.1477776489653214,0.2541174562794646,9.91974394062218,0.0183396071290056,0.0119679707258951,-0.0274104825402199,0.010000000000001563
20.02,-0.151594181879016,0.2550695767381999,9.91767701105944,0.0184184752980287,0.0116922828102893,-0.0276192242753354,0.00999999999999801
20.03,-0.1554010128168145,0.2560125147197207,9.915567012127951,0.0184955016348707,0.0114154256761458,-0.0278272755312826,0.010000000000001563
20.04,-0.1591978981428361,0.2569462362783603,9.913414787799152,0.0185706784369621,0.0111374270089477,-0.0280346311067908,0.00999999999999801
20.05,-0.1629845948577176,0.2578707078002444,9.91122119893408,0.0186439981866853,0.0108583146083298,-0.0282412858179815,0.010000000000001563
20.06,-0.1667608606141569,0.2587858960044976,9.908987122939031,0.0187154535521264,0.0105781163852997,-0.0284472344984975,0.00999999999999801
20.07,-0.1705264537324411,0.2596917679444435,9.90671345341462,0.0187850373878085,0.010296860359446,-0.0286524719996329,0.010000000000001563
20.08,-0.1742811332158927,0.2605882910087901,9.904401099798337,0.0188527427354059,0.0100145746561371,-0.0288569931904605,0.00999999999999801
20.09,-0.178024658766303,0.2614754329228039,9.902050987000798,0.0189185628244404,0.0097312875037081,-0.0290607929579613,0.010000000000001563
20.1,-0.1817567907993212,0.2623531617494717,9.899664055035789,0.0189824910729578,0.009447027230638,-0.0292638662071518,0.010000000000001563
20.11,-0.185477290459766,0.2632214458906505,9.897241258644272,0.0190445210881867,0.0091618222627174,-0.0294662078612112,0.00999999999999801
20.12,-0.189185919636931,0.2640802540882055,9.894783566912496,0.0191046466671771,0.0088757011202053,-0.0296678128616088,0.010000000000001563
20.13,-0.1928824409798144,0.2649295554251336,9.89229196288439,0.0191628617974212,0.0085886924149777,-0.02986867616823,0.00999999999999801
20.14,-0.1965666179123139,0.2657693193266789,9.88976744316834,0.0192191606574547,0.0083008248476657,-0.0300687927595027,0.010000000000001563
20.15,-0.2002382146483599,0.2665995155614318,9.887211017538576,0.0192735376174383,0.0080121272047862,-0.0302681576325226,0.00999999999999801
20.16,-0.2038969962070163,0.2674201142424167,9.884623708531262,0.0193259872397214,0.0077226283558632,-0.030466765803178,0.010000000000001563
20.17,-0.2075427284275137,0.2682310858281703,9.882006551035506,0.0193765042793854,0.0074323572505399,-0.0306646123062752,0.010000000000001563
20.18,-0.2111751779842313,0.269032401123803,9.87936059187941,0.0194250836847685,0.0071413429156853,-0.0308616921956618,0.00999999999999801
20.19,-0.2147941124016388,0.269824031282051,9.876686889411356,0.0194717205979707,0.0068496144524902,-0.031058000544351,0.010000000000001563
20.2,-0.2183993000691689,0.2706059478043135,9.873986513076687,0.0195164103553395,0.0065572010335578,-0.0312535324446441,0.00999999999999801
20.21,-0.2219905102560429,0.2713781225416806,9.871260542989926,0.0195591484879363,0.0062641318999864,-0.0314482830082539,0.010000000000001563
20.22,-0.22556751312603,0.272140527695945,9.868510069502769,0.0195999307219836,0.0059704363584451,-0.0316422473664264,0.00999999999999801
20.23,-0.2291300797521737,0.2728931358206035,9.865736192767931,0.0196387529792919,0.0056761437782432,-0.0318354206700628,0.010000000000001563
20.24,-0.2326779821314229,0.2736359198218449,9.862940022299128,0.0196756113776679,0.0053812835883936,-0.0320277980898405,0.00999999999999801
20.25,-0.236210993199233,0.2743688529595253,9.860122676527263,0.0197105022313023,0.0050858852746697,-0.0322193748163341,0.010000000000001563
20.26,-0.2397288868441081,0.2750919088481309,9.85728528235308,0.0197434220511391,0.0047899783766564,-0.0324101460601354,0.010000000000001563
20.27,-0.2432314379220509,0.2758050614577278,9.854428974696418,0.0197743675452234,0.0044935924847972,-0.0326001070519732,0.00999999999999801
20.28,-0.2467184222709895,0.2765082851148994,9.851554896042256,0.0198033356190319,0.0041967572374341,-0.0327892530428326,0.010000000000001563
20.29,-0.2501896167251158,0.2772015545036694,9.848664195983734,0.0198303233757812,0.0038995023178446,-0.0329775793040737,0.00999999999999801
20.3,-0.2536447991291711,0.2778848446664153,9.845758030762337,0.0198553281167181,0.0036018574512728,-0.0331650811275499,0.010000000000001563
20.31,-0.2570837483526578,0.2785581310047644,9.842837562805398,0.0198783473413894,0.0033038524019575,-0.0333517538257251,0.00999999999999801
20.32,-0.260506244304001,0.279221389280482,9.839903960261166,0.0198993787478918,0.0030055169701551,-0.0335375927317918,0.010000000000001563
20.33,-0.2639120679446295,0.2798745956163412,9.836958396531545,0.0199184202331021,0.0027068809891602,-0.033722593199787,0.00999999999999801
20.34,-0.2673010013029899,0.2805177264969843,9.834002049802752,0.0199354698928878,0.0024079743223223,-0.0339067506047085,0.010000000000001563
20.35,-0.2706728274885055,0.2811507587697699,9.83103610257406,0.019950526022297,0.0021088268600587,-0.0340900603426309,0.010000000000001563
20.36,-0.2740273307054512,0.2817736696456037,9.828061741184818,0.0199635871157294,0.0018094685168666,-0.0342725178308202,0.00999999999999801
20.37,-0.2773642962667678,0.2823864366997619,9.82508015533992,0.0199746518670865,0.0015099292283305,-0.0344541185078488,0.010000000000001563
20.38,-0.2806835106077938,0.2829890378726966,9.822092537633957,0.0199837191699023,0.00121023894813,-0.0346348578337092,0.00999999999999801
20.39,-0.2839847612999502,0.2835814514708307,9.819100083074163,0.0199907881174542,0.0009104276450431,-0.0348147312899276,0.010000000000001563
20.4,-0.2872678370643168,0.2841636561673386,9.81610398860248,0.0199958580028533,0.0006105252999503,-0.0349937343796771,0.00999999999999801
20.41,-0.2905325277851621,0.2847356310029141,9.81310545261674,0.0199989283191153,0.0003105619028365,-0.0351718626278897,0.010000000000001563
20.42,-0.2937786245234004,0.2852973553865249,9.810105674491355,0.0199999987592111,1.0567449791097436e-05,-0.0353491115813684,0.010000000000001563
20.43,-0.2970059195299439,0.2858488090961537,9.807105854097586,0.0199990692160975,-0.0002894280599904,-0.0355254768088987,0.00999999999999801
20.44,-0.3002142062590153,0.286389972279527,9.804107191323588,0.0199961397827282,-0.0005893946272072,-0.035700953901359,0.010000000000001563
20.45,-0.3034032793813591,0.286920825454828,9.801110885594492,0.019991210752044,-0.0008893022554523,-0.0358755384718313,0.00999999999999801
20.46,-0.3065729347973853,0.2874413495114002,9.798118135392638,0.0199842826169439,-0.0011891209542131,-0.0360492261557102,0.010000000000001563
20.47,-0.3097229696502264,0.2879515257104334,9.795130137778203,0.0199753560702357,-0.0014888207418692,-0.0362220126108128,0.00999999999999801
20.48,-0.3128531823387284,0.2884513356856401,9.792148087910396,0.0199644320045664,-0.001788371648692,-0.0363938935174868,0.010000000000001563
20.49,-0.3159633725303491,0.2889407614439148,9.789173178569404,0.0199515115123337,-0.0020877437198402,-0.0365648645787183,0.00999999999999801
20.5,-0.3190533411739751,0.2894197853659828,9.786206599679296,0.0199365958855759,-0.0023869070183562,-0.0367349215202397,0.010000000000001563
20.51,-0.3221228905126693,0.2898883902070352,9.783249537832072,0.0199196866158434,-0.0026858316281594,-0.0369040600906365,0.010000000000001563
20.52,-0.3251718240963216,0.2903465590973478,9.78030317581305,0.019900785394049,-0.0029844876570379,-0.037072276061453,0.00999999999999801
20.53,-0.328199946794225,0.2907942755428904,9.77736869212775,0.0198798941102991,-0.0032828452396379,-0.0372395652272989,0.010000000000001563
20.54,-0.3312070648075562,0.2912315234259193,9.77444726053052,0.0198570148537046,-0.0035808745404495,-0.0374059234059535,0.00999999999999801
20.55,-0.3341929856817941,0.2916582870055577,9.771540049555048,0.0198321499121723,-0.0038785457567913,-0.0375713464384714,0.010000000000001563
20.56,-0.337157518319018,0.2920745509183629,9.76864822204696,0.0198053017721755,-0.0041758291217893,-0.037735830189285,0.00999999999999801
20.57,-0.3401004729901524,0.2924803001788794,9.765772934698706,0.0197764731185058,-0.0044726949073551,-0.0378993705463094,0.010000000000001563
20.58,-0.343021661347104,0.292875520180177,9.762915337586884,0.0197456668340047,-0.0047691134271575,-0.038061963421044,0.00999999999999801
20.59,-0.3459208964348127,0.2932601966943786,9.760076573712244,0.0197128859992748,-0.0050650550395912,-0.0382236047486755,0.010000000000001563
20.6,-0.3487979927032236,0.2936343158731715,9.757257778542478,0.0196781338923723,-0.005360490150742,-0.0383842904881791,0.010000000000001563
20.61,-0.3516527660191576,0.2939978642483052,9.754460079558076,0.0196414139884789,-0.0056553892173446,-0.0385440166224196,0.00999999999999801
20.62,-0.3544850336780982,0.2943508287320778,9.75168459580133,0.0196027299595546,-0.0059497227497385,-0.0387027791582521,0.010000000000001563
20.63,-0.3572946144158795,0.2946931966178057,9.748932437428731,0.0195620856739698,-0.0062434613148153,-0.0388605741266214,0.00999999999999801
20.64,-0.3600813284202944,0.2950249555802825,9.746204705266942,0.0195194851961193,-0.0065365755389636,-0.0390173975826615,0.010000000000001563
20.65,-0.3628449973425992,0.295346093676221,9.743502490372451,0.0194749327860153,-0.0068290361110052,-0.0391732456057943,0.00999999999999801
20.66,-0.3655854443089236,0.2956565993446843,9.740826873595193,0.0194284328988619,-0.0071208137851263,-0.0393281142998271,0.010000000000001563
20.67,-0.3683024939315985,0.2959564614075023,9.738178925146196,0.0193799901846088,-0.0074118793838031,-0.0394819997930508,0.010000000000001563
20.68,-0.3709959723203755,0.2962456690696727,9.73555970416954,0.0193296094874872,-0.007702203800718,-0.039634898238336,0.00999999999999801
20.69,-0.3736657070935581,0.2965242119197512,9.732970258318694,0.0192772958455248,-0.0079917580036713,-0.0397868058132295,0.010000000000001563
20.7,-0.3763115273890287,0.2967920799302251,9.73041162333747,0.0192230544900423,-0.008280513037484,-0.03993771872005,0.00999999999999801
20.71,-0.3789332638751961,0.2970492634578751,9.727884822645748,0.0191668908451299,-0.0085684400268934,-0.0400876331859825,0.010000000000001563
20.72,-0.3815307487618167,0.2972957532441218,9.72539086693011,0.0191088105271053,-0.0088555101794403,-0.0402365454631733,0.00999999999999801
20.73,-0.3841038158107454,0.2975315404153597,9.722930753739597,0.019048819343952,-0.009141694788349,-0.0403844518288232,0.010000000000001563
20.74,-0.3866523003465704,0.297756616483276,9.720505467086678,0.0189869232947382,-0.0094269652353969,-0.0405313485852807,0.00999999999999801
20.75,-0.3891760392671492,0.2979709733451565,9.71811597705368,0.0189231285690174,-0.009711292993777,-0.0406772320601346,0.010000000000001563
20.76,-0.3916748710540534,0.2981746032841775,9.715763239404756,0.0188574415462088,-0.0099946496309505,-0.0408220986063056,0.010000000000001563
20.77,-0.3941486357829015,0.298367498969683,9.7134481952036,0.0187898687949602,-0.0102770068114896,-0.0409659446021375,0.00999999999999801
20.78,-0.3965971751335964,0.2985496534574492,9.71117177043702,0.0187204170724902,-0.0105583362999118,-0.0411087664514881,0.010000000000001563
20.79,-0.3990203324004532,0.2987210601899344,9.708934875644571,0.0186490933239132,-0.0108386099635026,-0.0412505605838184,0.00999999999999801
20.8,-0.401417952502235,0.2988817129965146,9.70673840555435,0.0185759046815448,-0.0111177997751292,-0.0413913234542826,0.010000000000001563
20.81,-0.4037898819920738,0.299031606093706,9.704583238725103,0.018500858464188,-0.011395877816043,-0.0415310515438163,0.00999999999999801
20.82,-0.4061359690672926,0.2991707340853735,9.702470237194827,0.0184239621764022,-0.0116728162786718,-0.0416697413592244,0.010000000000001563
20.83,-0.4084560635791177,0.2992990919629243,9.700400246135963,0.0183452235077519,-0.0119485874694001,-0.0418073894332689,0.00999999999999801
20.84,-0.410750017042293,0.2994166751054886,9.698374093517335,0.0182646503320385,-0.0122231638113385,-0.041943992324755,0.010000000000001563
20.85,-0.413017682644581,0.2995234792800861,9.696392589772977,0.0181822507065124,-0.0124965178470818,-0.0420795466186175,0.010000000000001563
20.86,-0.4152589152561542,0.2996195006417781,9.69445652747796,0.0180980328710675,-0.012768622241454,-0.0422140489260062,0.00999999999999801
20.87,-0.4174735714388943,0.2997047357338058,9.692566681031394,0.0180120052474171,-0.0130394497842426,-0.0423474958843705,0.010000000000001563
20.88,-0.4196615094555588,0.2997791814877152,9.69072380634666,0.017924176438252,-0.0133089733929189,-0.0424798841575431,0.00999999999999801
20.89,-0.4218225892788622,0.2998428352234671,9.688928640549058,0.0178345552263797,-0.0135771661153467,-0.0426112104358244,0.010000000000001563
20.9,-0.4239566726004345,0.2998956946495341,9.687181901680974,0.0177431505738469,-0.0138440011324773,-0.0427414714360641,0.00999999999999801
20.91,-0.4260636228396697,0.2999377578629822,9.685484288414663,0.0176499716210427,-0.0141094517610312,-0.042870663901744,0.010000000000001563
20.92,-0.4281433051524726,0.2999690233495405,9.6838364797728,0.0175550276857846,-0.0143734914561669,-0.0429987846030593,0.010000000000001563
20.93,-0.430195586439885,0.299989489983655,9.682239134856871,0.017458328262387,-0.0146360938141348,-0.0431258303369989,0.00999999999999801
20.94,-0.4322203353566059,0.2999991570285288,9.680692892583542,0.0173598830207118,-0.014897232574918,-0.0432517979274263,0.010000000000001563
20.95,-0.434217422319394,0.2999980241361494,9.67919837142911,0.0172597018052011,-0.015156881624858,-0.0433766842251581,0.00999999999999801
20.96,-0.4361867195153662,0.2999860913473009,9.677756169182103,0.0171577946338928,-0.0154150149992663,-0.0435004861080436,0.010000000000001563
20.97,-0.4381281009101742,0.2999633590915623,9.6763668627042,0.0170541716974193,-0.0156716068850204,-0.043623200481042,0.00999999999999801
20.98,-0.4400414422560722,0.2999298281872925,9.675031007699465,0.0169488433579877,-0.0159266316231457,-0.0437448242763004,0.010000000000001563
20.99,-0.4419266210998654,0.2998854998416003,9.673749138492086,0.0168418201483444,-0.0161800637113808,-0.0438653544532303,0.00999999999999801
21.0,-0.4437835167907523,0.2998303756503014,9.672521767812656,0.0167331127707211,-0.016431877806728,-0.0439847879985835,0.010000000000001563
21.01,-0.4456120104880431,0.2997644575978607,9.671349386593082,0.0166227320957648,-0.0166820487279878,-0.0441031219265276,0.010000000000001563
21.02,-0.4474119851687629,0.299687748057321,9.67023246377022,0.0165106891614513,-0.0169305514582764,-0.0442203532787205,0.00999999999999801
21.03,-0.4491833256351499,0.2996002497902175,9.669171446098307,0.0163969951719805,-0.0171773611475281,-0.0443364791243847,0.010000000000001563
21.04,-0.4509259185220163,0.2995019659464784,9.668166757970267,0.0162816614966566,-0.0174224531149793,-0.0444514965603799,0.00999999999999801
21.05,-0.4526396523040131,0.2993929000643113,9.667218801247955,0.016164699668751,-0.0176658028516377,-0.0445654027112763,0.010000000000001563
21.06,-0.4543244173027631,0.2992730560700763,9.66632795510142,0.0160461213843491,-0.0179073860227324,-0.044678194729426,0.00999999999999801
21.07,-0.4559801056938822,0.2991424382781443,9.665494575857242,0.0159259385011804,-0.0181471784701476,-0.0447898697950345,0.010000000000001563
21.08,-0.457606611513877,0.2990010513907415,9.664718996856008,0.0158041630374332,-0.0183851562148384,-0.044900425116231,0.00999999999999801
21.09,-0.459203830666931,0.2988489004977809,9.664001528318977,0.0156808071705524,-0.0186212954592286,-0.045009857929138,0.010000000000001563
21.1,-0.4607716609315642,0.2986859910766778,9.663342457223996,0.0155558832360218,-0.0188555725895906,-0.0451181654979411,0.010000000000001563
21.11,-0.4623100019671736,0.2985123289921542,9.66274204719072,0.0154294037261308,-0.0190879641784065,-0.0452253451149567,0.00999999999999801
21.12,-0.4638187553204584,0.298327920496026,9.662200538375156,0.015301381288725,-0.0193184469867112,-0.0453313941006999,0.010000000000001563
21.13,-0.4652978244317193,0.2981327722269795,9.661718147373604,0.0151718287259414,-0.0195469979664158,-0.0454363098039515,0.00999999999999801
21.14,-0.4667471146410385,0.297926891210331,9.661295067136043,0.0150407589929284,-0.019773594262613,-0.0455400896018245,0.010000000000001563
21.15,-0.4681665331943361,0.2977102848577749,9.660931466888918,0.01490818519655,-0.0199982132158619,-0.0456427308998294,0.00999999999999801
21.16,-0.4695559892493097,0.2974829609671168,9.660627492067484,0.0147741205940754,-0.0202208323644542,-0.045744231131939,0.010000000000001563
21.17,-0.4709153938812467,0.2972449277219919,9.660383264257618,0.0146385785918531,-0.0204414294466608,-0.0458445877606528,0.010000000000001563
21.18,-0.4722446600887129,0.2969961936915714,9.660198881147185,0.0145015727439704,-0.0206599824029571,-0.0459437982770603,0.00999999999999801
21.19,-0.4735437027991271,0.2967367678302536,9.66007441648697,0.0143631167508979,-0.0208764693782298,-0.0460418602009038,0.010000000000001563
21.2,-0.4748124388741975,0.2964666594773415,9.66000992006118,0.0142232244581196,-0.0210908687239615,-0.0461387710806403,0.00999999999999801
21.21,-0.4760507871152489,0.2961858783567064,9.660005417667524,0.0140819098547481,-0.0213031590003967,-0.0462345284935028,0.010000000000001563
21.22,-0.4772586682684167,0.2958944345764387,9.6600609111069,0.013939187072126,-0.0215133189786842,-0.0463291300455611,0.00999999999999801
21.23,-0.4784360050297196,0.2955923386284827,9.660176378182673,0.0137950703824126,-0.0217213276430017,-0.0464225733717811,0.010000000000001563
21.24,-0.479582722050006,0.2952796013882599,9.66035177270955,0.0136495741971568,-0.021927164192656,-0.0465148561360848,0.00999999999999801
21.25,-0.4806987459397784,0.2949562341142775,9.66058702453206,0.013502713065856,-0.0221308080441635,-0.0466059760314076,0.010000000000001563
21.26,-0.4817840052738893,0.2946222484477221,9.660882039552613,0.0133545016745007,-0.0223322388333089,-0.0466959307797571,0.010000000000001563
21.27,-0.4828384305961108,0.2942776564120419,9.66123669976913,0.0132049548441068,-0.022531436417181,-0.0467847181322692,0.00999999999999801
21.28,-0.4838619544235826,0.2939224704125125,9.661650863322256,0.0130540875292325,-0.0227283808761877,-0.0468723358692646,0.010000000000001563
21.29,-0.4848545112511292,0.2935567032357922,9.66212436455209,0.0129019148164837,-0.0229230525160469,-0.0469587818003046,0.00999999999999801
21.3,-0.4858160375554528,0.2931803680494593,9.662657014064456,0.0127484519230047,-0.023115431869757,-0.0470440537642453,0.010000000000001563
21.31,-0.4867464717991969,0.2927934784015401,9.663248598806648,0.0125937141949572,-0.0233054996995429,-0.0471281496292922,0.00999999999999801
21.32,-0.487645754434889,0.29239604822002,9.663898882152658,0.0124377171059849,-0.0234932369987801,-0.0472110672930529,0.010000000000001563
21.33,-0.4885138279087467,0.2919880918123428,9.664607603997815,0.0122804762556667,-0.0236786249938951,-0.0472928046825902,0.00999999999999801
21.34,-0.4893506366643633,0.291569623864895,9.66537448086284,0.0121220073679566,-0.0238616451462427,-0.0473733597544736,0.010000000000001563
21.35,-0.4901561271462653,0.2911406594424776,9.6661992060072,0.0119623262896114,-0.0240422791539604,-0.0474527304948305,0.010000000000001563
21.36,-0.4909302478033359,0.2907012139877635,9.667081449551842,0.0118014489886058,-0.0242205089537978,-0.0475309149193965,0.00999999999999801
21.37,-0.4916729490921176,0.2902513033207413,9.668020858611108,0.0116393915525358,-0.0243963167229235,-0.0476079110735651,0.010000000000001563
21.38,-0.4923841834799815,0.2897909436381469,9.669017057433898,0.0114761701870101,-0.0245696848807072,-0.0476837170324364,0.00999999999999801
21.39,-0.4930639054481696,0.2893201515128787,9.670069647553966,0.0113118012140291,-0.0247405960904774,-0.0477583309008654,0.010000000000001563
21.4,-0.4937120714947076,0.2888389438934026,9.671178207949302,0.0111463010703531,-0.0249090332612558,-0.0478317508135094,0.00999999999999801
21.41,-0.4943286401371899,0.2883473381031411,9.672342295210523,0.0109796863058587,-0.0250749795494654,-0.0479039749348742,0.010000000000001563
21.42,-0.4949135719154343,0.2878453518398492,9.673561443718247,0.0108119735818834,-0.0252384183606158,-0.0479750014593607,0.010000000000001563
21.43,-0.4954668293940059,0.2873330031749785,9.674835165829332,0.0106431796695599,-0.0253993333509621,-0.0480448286113093,0.00999999999999801
21.44,-0.4959883771646152,0.2868103105530251,9.676162952071907,0.0104733214481387,-0.0255577084291394,-0.048113454645045,0.010000000000001563
21.45,-0.4964781818483831,0.2862772927908676,9.677544271349188,0.0103024159033004,-0.0257135277577717,-0.0481808778449205,0.00999999999999801
21.46,-0.496936212097977,0.2857339690770874,9.678978571151871,0.0101304801254571,-0.0258667757550562,-0.0482470965253593,0.010000000000001563
21.47,-0.4973624385996169,0.2851803589712797,9.680465277779168,0.0099575313080433,-0.0260174370963207,-0.0483121090308978,0.00999999999999801
21.48,-0.4977568340749527,0.2846164824033484,9.682003796568248,0.0097835867457966,-0.0261654967155567,-0.0483759137362269,0.010000000000001563
21.49,-0.4981193732828084,0.2840423596727891,9.683593512132104,0.0096086638330283,-0.0263109398069257,-0.048438509046232,0.00999999999999801
21.5,-0.498450033020798,0.2834580114479582,9.68523378860571,0.0094327800618839,-0.0264537518262397,-0.0484998933960339,0.010000000000001563
21.51,-0.4987487921268119,0.2828634587653285,9.686923969900349,0.0092559530205939,-0.0265939184924158,-0.0485600652510269,0.010000000000001563
21.52,-0.4990156314803687,0.2822587230287327,9.688663379966034,0.0090782003917151,-0.0267314257889041,-0.0486190231069178,0.00999999999999801
21.53,-0.4992505340038411,0.2816438260085914,9.690451323061932,0.0088995399503623,-0.0268662599650897,-0.0486767654897632,0.010000000000001563
21.54,-0.4994534846635477,0.2810187898411317,9.692287084034644,0.0087199895624307,-0.0269984075376673,-0.0487332909560067,0.00999999999999801
21.55,-0.4996244704707157,0.2803836370275875,9.69416992860426,0.0085395671828095,-0.0271278552919897,-0.0487885980925144,0.010000000000001563
21.56,-0.4997634804823117,0.2797383904333919,9.696099103658051,0.0083582908535864,-0.0272545902833893,-0.0488426855166109,0.00999999999999801
21.57,-0.4998705058017423,0.279083073287352,9.698073837551725,0.008176178702243,-0.0273785998384727,-0.0488955518761134,0.010000000000001563
21.58,-0.4999455395794238,0.2784177091808149,9.700093340418045,0.0079932489398429,-0.0274998715563877,-0.0489471958493656,0.00999999999999801
21.59,-0.4999885770132198,0.2777423220668166,9.702156804482795,0.0078095198592099,-0.0276183933100635,-0.0489976161452709,0.010000000000001563
21.6,-0.4999996153487495,0.2770569362592195,9.704263404387865,0.0076250098330988,-0.0277341532474236,-0.0490468115033245,0.010000000000001563
21.61,-0.4999786538795629,0.2763615764318397,9.706412297521371,0.0074397373123586,-0.0278471397925706,-0.0490947806936451,0.00999999999999801
21.62,-0.4999256939471871,0.2756562676175552,9.708602624354723,0.0072537208240868,-0.0279573416469443,-0.0491415225170053,0.010000000000001563
21.63,-0.4998407389410397,0.2749410352074072,9.710833508786386,0.0070669789697775,-0.0280647477904509,-0.0491870358048621,0.00999999999999801
21.64,-0.4997237942982119,0.2742159049496854,9.713104058492332,0.0068795304234603,-0.0281693474825658,-0.0492313194193856,0.010000000000001563
21.65,-0.499574867503121,0.2734809029490007,9.715413365282952,0.0066913939298336,-0.0282711302634068,-0.0492743722534877,0.00999999999999801
21.66,-0.4993939680870313,0.2727360556653456,9.71776050546632,0.0065025883023902,-0.0283700859547806,-0.0493161932308499,0.010000000000001563
21.67,-0.4991811076274432,0.2719813899131422,9.72014454021766,0.0063131324215352,-0.0284662046612006,-0.0493567813059498,0.010000000000001563
21.68,-0.4989362997473539,0.271216932860276,9.722564515954852,0.0061230452326991,-0.0285594767708762,-0.0493961354640877,0.00999999999999801
21.69,-0.498659560114384,0.2704427120271178,9.725019464719876,0.0059323457444422,-0.0286498929566742,-0.0494342547214118,0.010000000000001563
21.7,-0.4983509064397756,0.2696587552855348,9.727508404565947,0.0057410530265545,-0.0287374441770514,-0.0494711381249425,0.00999999999999801
21.71,-0.4980103584772583,0.2688650908578845,9.730030339950323,0.0055491862081483,-0.0288221216769587,-0.0495067847525967,0.010000000000001563
21.72,-0.4976379380217857,0.2680617473160009,9.73258426213247,0.0053567644757456,-0.0289039169887166,-0.0495411937132106,0.00999999999999801
21.73,-0.4972336689081398,0.267248753580164,9.735169149577567,0.0051638070713593,-0.0289828219328622,-0.0495743641465619,0.010000000000001563
21.74,-0.4967975770094057,0.2664261389180614,9.737783968365106,0.004970333290569,-0.0290588286189668,-0.0496062952233916,0.00999999999999801
21.75,-0.4963296902353163,0.2655939329437319,9.740427672602426,0.0047763624805916,-0.0291319294464251,-0.0496369861454243,0.010000000000001563
21.76,-0.4958300385304655,0.2647521656165001,9.743099204843087,0.0045819140383464,-0.0292021171052153,-0.0496664361453886,0.010000000000001563
21.77,-0.4952986538723916,0.2639008672398998,9.745797496509814,0.0043870074085157,-0.0292693845766299,-0.0496946444870361,0.00999999999999801
21.78,-0.4947355702695312,0.2630400684605799,9.748521468321917,0.0041916620815998,-0.029333725133978,-0.0497216104651597,0.010000000000001563
21.79,-0.4941408237590435,0.2621698002672037,9.751270030726984,0.0039958975919689,-0.0293951323432573,-0.0497473334056113,0.00999999999999801
21.8,-0.4935144524045011,0.2612900939893322,9.754042084336708,0.0037997335159087,-0.0294536000637983,-0.0497718126653188,0.010000000000001563
21.81,-0.4928564962934575,0.2604009812962966,9.7568365203666,0.0036031894696634,-0.0295091224488773,-0.049795047632302,0.00999999999999801
21.82,-0.4921669975348793,0.259502494196057,9.759652221079508,0.0034062851074737,-0.0295616939463024,-0.0498170377256878,0.010000000000001563
21.83,-0.4914460002564511,0.258594665034053,9.76248806023269,0.0032090401196118,-0.0296113092989675,-0.0498377823957251,0.00999999999999801
21.84,-0.4906935506017534,0.2576775264920361,9.765342903528294,0.0030114742304122,-0.0296579635453787,-0.0498572811237982,0.010000000000001563
21.85,-0.4899096967273069,0.2567511115868942,9.768215609067068,0.002813607196299,-0.0297016520201503,-0.04987553342244,0.010000000000001563
21.86,-0.4890944887994919,0.2558154536694647,9.771105027805095,0.0026154588038109,-0.0297423703544711,-0.0498925388353439,0.00999999999999801
21.87,-0.4882479789913374,0.2548705864233309,9.77401000401341,0.002417048867622,-0.0297801144765418,-0.0499082969373754,0.010000000000001563
21.88,-0.4873702214791827,0.2539165438636122,9.77692937574026,0.0022183972285605,-0.0298148806119814,-0.049922807334583,0.00999999999999801
21.89,-0.4864612724392087,0.2529533603357367,9.779861975275876,0.0020195237516248,-0.0298466652842055,-0.0499360696642073,0.010000000000001563
21.9,-0.4855211900438433,0.2519810705142083,9.782806629619548,0.0018204483239968,-0.0298754653147733,-0.0499480835946908,0.00999999999999801
21.91,-0.4845500344580397,0.2509997094013557,9.785762160948796,0.0016211908530536,-0.0299012778237058,-0.0499588488256859,0.010000000000001563
21.92,-0.4835478678354235,0.250009312326072,9.788727387090502,0.0014217712643759,-0.0299241002297736,-0.0499683650880624,0.010000000000001563
21.93,-0.4825147543143165,0.2490099149425461,9.791701121993736,0.0012222094997567,-0.029943930250755,-0.0499766321439143,0.00999999999999801
21.94,-0.4814507600136309,0.248001553228975,9.794682176204194,0.001022525515206,-0.0299607659036646,-0.0499836497865654,0.010000000000001563
21.95,-0.4803559530286403,0.2469842634862717,9.797669357339934,0.0008227392789559,-0.029974605504951,-0.0499894178405752,0.00999999999999801
21.96,-0.479230403426616,0.2459580823367573,9.800661470568333,0.0006228707694635,-0.0299854476706657,-0.0499939361617427,0.010000000000001563
21.97,-0.4780741832423499,0.2449230467228425,9.80365731908399,0.0004229399734132,-0.0299932913166011,-0.0499972046371099,0.00999999999999801
21.98,-0.4768873664735386,0.2438791939056967,9.806655704587447,0.000222966883718,-0.0299981356583991,-0.0499992231849652,0.010000000000001563
21.99,-0.4756700290760496,0.2428265614639095,9.80965542776448,2.297149752025118e-05,-0.0299999802116297,-0.049999991754845,0.00999999999999801
22.0,-0.474422248959062,0.2417651872921352,9.812655288765813,-0.000177026185808,-0.0299988247918391,-0.0499995103275351,0.010000000000001563
22.01,-0.4731441059800768,0.2406951095997283,9.815654087687042,-0.0003770061666654,-0.0299946695145681,-0.0499977789150712,0.010000000000001563
22.02,-0.4718356819398084,0.2396163669093715,9.818650625048583,-0.0005769484472201,-0.0299875147953412,-0.0499947975607384,0.00999999999999801
22.03,-0.4704970605769482,0.2385289980556842,9.821643702275445,-0.0007768330334111,-0.0299773613496243,-0.0499905663390705,0.010000000000001563
22.04,-0.4691283275628076,0.2374330421838284,9.824632122176643,-0.0009766399369459,-0.0299642101927535,-0.0499850853558478,0.00999999999999801
22.05,-0.4677295704958317,0.236328538748096,9.827614689424063,-0.001176349177301,-0.0299480626398335,-0.0499783547480946,0.010000000000001563
22.06,-0.4663008788959956,0.2352155275104927,9.830590211030575,-0.0013759407837186,-0.0299289203056061,-0.0499703746840758,0.00999999999999801
22.07,-0.4648423441990731,0.234094048539302,9.833557496827206,-0.0015753947972045,-0.0299067851042889,-0.0499611453632924,0.010000000000001563
22.08,-0.4633540597507883,0.2329641422076457,9.836515359939202,-0.0017746912725235,-0.0298816592493834,-0.0499506670164771,0.00999999999999801
22.09,-0.4618361208008374,0.2318258491920307,9.839462617260756,-0.0019738102801941,-0.0298535452534544,-0.049938939905588,0.010000000000001563
22.1,-0.4602886244967943,0.2306792104708815,9.842398089928237,-0.0021727319084815,-0.0298224459278778,-0.0499259643238022,0.010000000000001563
22.11,-0.4587116698778963,0.2295242673230688,9.84532060379171,-0.0023714362653887,-0.0297883643825604,-0.0499117405955087,0.00999999999999801
22.12,-0.4571053578686979,0.228361061326421,9.848228989884603,-0.0025699034806456,-0.0297513040256283,-0.0498962690762998,0.010000000000001563
22.13,-0.4554697912726216,0.2271896343562288,9.85112208489126,-0.0027681137076959,-0.0297112685630864,-0.0498795501529628,0.00999999999999801
22.14,-0.4538050747653706,0.2260100285837355,9.853998731612243,-0.0029660471256823,-0.0296682619984474,-0.0498615842434698,0.010000000000001563
22.15,-0.4521113148882323,0.2248222864746226,9.856857779427225,-0.0031636839414278,-0.029622288632332,-0.0498423717969677,0.00999999999999801
22.16,-0.4503886200412623,0.2236264507874778,9.859698084755196,-0.0033610043914155,-0.0295733530620386,-0.0498219132937667,0.010000000000001563
22.17,-0.4486371004763419,0.2224225645722555,9.8625185115119,-0.0035579887437649,-0.0295214601810834,-0.0498002092453282,0.010000000000001563
22.18,-0.4468568682901255,0.2212106711687309,9.865317931564237,-0.0037546173002049,-0.0294666151787112,-0.0497772601942523,0.00999999999999801
22.19,-0.4450480374168646,0.2199908142049347,9.86809522518151,-0.0039508703980438,-0.0294088235393765,-0.0497530667142641,0.010000000000001563
22.2,-0.4432107236211192,0.2187630375955863,9.8708492814833,-0.0041467284121351,-0.0293480910421952,-0.0497276294101994,0.00999999999999801
22.21,-0.4413450444903443,0.2175273855405103,9.873578998883811,-0.0043421717568409,-0.0292844237603663,-0.0497009489179894,0.010000000000001563
22.22,-0.4394511194273675,0.2162839025230483,9.87628328553248,-0.0045371808879895,-0.029217828060565,-0.0496730259046451,0.00999999999999801
22.23,-0.4375290696427454,0.2150326333084538,9.8789610597507,-0.0047317363048303,-0.0291483106023057,-0.0496438610682402,0.010000000000001563
22.24,-0.4355790181470101,0.2137736229422834,9.88161125046449,-0.0049258185519837,-0.0290758783372764,-0.0496134551378943,0.00999999999999801
22.25,-0.4336010897427906,0.2125069167487753,9.884232797632894,-0.0051194082213866,-0.0290005385086431,-0.0495818088737539,0.010000000000001563
22.26,-0.431595411016829,0.2112325603292146,9.886824652672006,-0.0053124859542337,-0.0289222986503261,-0.0495489230669741,0.010000000000001563
22.27,-0.4295621103318816,0.2099505995602952,9.88938577887436,-0.0055050324429123,-0.0288411665862458,-0.0495147985396983,0.00999999999999801
22.28,-0.4275013178184947,0.2086610805924661,9.891915151823632,-0.0056970284329342,-0.0287571504295412,-0.0494794361450379,0.010000000000001563
22.29,-0.4254131653666885,0.2073640498482716,9.89441175980436,-0.0058884547248602,-0.0286702585817578,-0.0494428367670509,0.00999999999999801
22.3,-0.4232977866175063,0.206059554020677,9.89687460420664,-0.0060792921762209,-0.028580499732008,-0.0494050013207199,0.010000000000001563
22.31,-0.4211553169544658,0.2047476400713928,9.899302699925553,-0.0062695217034299,-0.0284878828561021,-0.049365930751929,0.00999999999999801
22.32,-0.4189858934948933,0.2034283552291784,9.90169507575518,-0.0064591242836933,-0.0283924172156503,-0.0493256260374405,0.010000000000001563
22.33,-0.4167896550811517,0.2021017469881456,9.90405077477709,-0.0066480809569108,-0.0282941123571372,-0.0492840881848701,0.00999999999999801
22.34,-0.4145667422717488,0.200767863106049,9.906368854743084,-0.0068363728275727,-0.0281929781109668,-0.0492413182326619,0.010000000000001563
22.35,-0.4123172973323447,0.199426751602563,9.90864838845208,-0.0070239810666488,-0.0280890245904794,-0.0491973172500626,0.010000000000001563
22.36,-0.4100414642266495,0.1980784607575579,9.91088846412099,-0.0072108869134715,-0.0279822621909403,-0.0491520863370944,0.00999999999999801
22.37,-0.4077393886072045,0.1967230391093571,9.913088185749414,-0.0073970716776119,-0.0278727015885007,-0.0491056266245277,0.010000000000001563
22.38,-0.4054112178060633,0.1953605354529952,9.915246673478029,-0.0075825167407487,-0.0277603537391293,-0.049057939273853,0.00999999999999801
22.39,-0.4030571008253615,0.1939909988384555,9.917363063940524,-0.0077672035585303,-0.0276452298775176,-0.0490090254772516,0.010000000000001563
22.4,-0.4006771883277846,0.1926144785689083,9.919436510608929,-0.0079511136624287,-0.0275273415159557,-0.0489588864575658,0.00999999999999801
22.41,-0.3982716326269188,0.1912310241989357,9.921466184132225,-0.0081342286615866,-0.0274067004431817,-0.0489075234682685,0.010000000000001563
22.42,-0.3958405876775069,0.1898406855327445,9.923451272668064,-0.008316530244657,-0.0272833187232021,-0.0488549377934318,0.010000000000001563
22.43,-0.3933842090655991,0.1884435126223768,9.9253909822075,-0.0084980001816333,-0.0271572086940863,-0.0488011307476947,0.00999999999999801
22.44,-0.3909026539985838,0.1870395557659067,9.92728453689258,-0.0086786203256731,-0.027028382966732,-0.0487461036762307,0.010000000000001563
22.45,-0.3883960812951416,0.1856288655056296,9.929131179326673,-0.0088583726149124,-0.0268968544236046,-0.0486898579547136,0.00999999999999801
22.46,-0.3858646513750686,0.1842114926262414,9.930930170877431,-0.0090372390742722,-0.0267626362174488,-0.0486323949892836,0.010000000000001563
22.47,-0.3833085262490159,0.1827874881530143,9.93268079197222,-0.0092152018172556,-0.0266257417699734,-0.0485737162165118,0.00999999999999801
22.48,-0.3807278695081177,0.1813569033499543,9.93438234238594,-0.0093922430477366,-0.026486184770509,-0.0485138231033645,0.010000000000001563
22.49,-0.3781228463135271,0.1799197897179597,9.936034141521118,-0.0095683450617397,-0.0263439791746393,-0.0484527171471663,0.00999999999999801
22.5,-0.3754936233858381,0.1784761989929676,9.93763552868012,-0.0097434902492101,-0.0261991392028054,-0.048390399875563,0.010000000000001563
22.51,-0.3728403689944193,0.1770261831440866,9.939185863329431,-0.0099176610957753,-0.0260516793388838,-0.0483268728464832,0.010000000000001563
22.52,-0.3701632529466487,0.1755697943717317,9.940684525355866,-0.0100908401844955,-0.0259016143287379,-0.0482621376480992,0.00999999999999801
22.53,-0.3674624465770383,0.17410708510574,9.942130915314598,-0.0102630101976063,-0.0257489591787438,-0.0481961958987877,0.010000000000001563
22.54,-0.3647381227362739,0.172638108003489,9.943524454668925,-0.0104341539182497,-0.0255937291542892,-0.0481290492470889,0.00999999999999801
22.55,-0.3619904557801501,0.1711629159479943,9.944864586021689,-0.0106042542321965,-0.0254359397782471,-0.0480606993716657,0.010000000000001563
22.56,-0.3592196215584181,0.169681562046011,9.94615077333821,-0.0107732941295569,-0.0252756068294239,-0.0479911479812614,0.00999999999999801
22.57,-0.3564257974035172,0.1681940996261197,9.94738250216072,-0.0109412567064821,-0.0251127463409806,-0.047920396814657,0.010000000000001563
22.58,-0.3536091621192422,0.1667005822368067,9.948559279814106,-0.0111081251668543,-0.0249473745988304,-0.0478484476406281,0.00999999999999801
22.59,-0.3507698959692924,0.165201063644537,9.949680635603,-0.0112738828239665,-0.0247795081400098,-0.0477753022579003,0.010000000000001563
22.6,-0.3479081806657272,0.1636955978318176,9.950746121000034,-0.0114385131021912,-0.0246091637510246,-0.0477009624951044,0.010000000000001563
22.61,-0.3450241993573532,0.1621842389952559,9.95175530982526,-0.0116019995386378,-0.024436358466172,-0.0476254302107305,0.00999999999999801
22.62,-0.3421181366179883,0.1606670415436053,9.9527077984166,-0.0117643257847988,-0.0242611095658363,-0.0475487072930818,0.010000000000001563
22.63,-0.3391901784346559,0.1591440600958121,9.953603205791318,-0.0119254756081848,-0.0240834345747615,-0.0474707956602274,0.00999999999999801
22.64,-0.336240512195679,0.1576153494790425,9.954441173798406,-0.012085432893948,-0.0239033512602987,-0.0473916972599538,0.010000000000001563
22.65,-0.3332693266786928,0.1560809647267137,9.95522136726183,-0.0122441816464929,-0.0237208776306293,-0.047311414069717,0.00999999999999801
22.66,-0.3302768120385548,0.1545409610765123,9.955943474114608,-0.0124017059910766,-0.0235360319329641,-0.0472299480965927,0.010000000000001563
22.67,-0.3272631597951793,0.1529953939684021,9.956607205523628,-0.012557990175396,-0.023348832651719,-0.0471473013772258,0.010000000000001563
22.68,-0.3242285628212838,0.151444319042633,9.957212296005173,-0.0127130185711627,-0.023159298506666,-0.04706347597778,0.00999999999999801
22.69,-0.3211732153300375,0.1498877921377334,9.957758503531124,-0.0128667756756664,-0.0229674484510616,-0.0469784739938861,0.010000000000001563
22.7,-0.3180973128626371,0.1483258692885057,9.958245609625743,-0.0130192461133249,-0.0227733016697516,-0.0468922975505891,0.00999999999999801
22.71,-0.3150010522757889,0.1467586067240022,9.9586734194531,-0.0131704146372214,-0.0225768775772524,-0.0468049488022956,0.010000000000001563
22.72,-0.3118846317291181,0.1451860608655066,9.95904176189496,-0.0133202661306294,-0.0223781958158094,-0.0467164299327199,0.00999999999999801
22.73,-0.3087482506724702,0.1436082883244999,9.95935048961926,-0.0134687856085246,-0.0221772762534332,-0.0466267431548289,0.010000000000001563
22.74,-0.3055921098331651,0.1420253459006233,9.959599479139024,-0.0136159582190829,-0.0219741389819127,-0.0465358907107875,0.00999999999999801
22.75,-0.302416411203142,0.1404372905796329,9.959788630861766,-0.0137617692451659,-0.0217688043148058,-0.0464438748719022,0.010000000000001563
22.76,-0.2992213580260237,0.1388441795313489,9.95991786912932,-0.0139062041057925,-0.021561292785408,-0.046350697938564,0.010000000000001563
22.77,-0.2960071547841272,0.1372460701075973,9.959987142248098,-0.0140492483575969,-0.0213516251446993,-0.0462563622401914,0.00999999999999801
22.78,-0.2927740071853614,0.1356430198401435,9.95999642250978,-0.0141908876962733,-0.0211398223592691,-0.046160870135172,0.010000000000001563
22.79,-0.289522122150069,0.1340350864386258,9.95994570620238,-0.0143311079580057,-0.0209259056092195,-0.0460642240108034,0.00999999999999801
22.8,-0.2862517077977809,0.1324223277884716,9.959835013611752,-0.0144698951208849,-0.0207098962860471,-0.0459664262832337,0.010000000000001563
22.81,-0.2829629734339022,0.1308048019488192,9.959664389013454,-0.0146072353063101,-0.0204918159905044,-0.0458674793974011,0.00999999999999801
22.82,-0.2796561295363083,0.1291825671504225,9.959433900655048,-0.0147431147803775,-0.020271686530439,-0.0457673858269724,0.010000000000001563
22.83,-0.2763313877418784,0.1275556817935605,9.959143640728804,-0.0148775199552526,-0.0200495299186135,-0.0456661480742818,0.00999999999999801
22.84,-0.2729889608329552,0.1259242044459305,9.958793725334829,-0.0150104373905301,-0.0198253683705042,-0.0455637686702677,0.010000000000001563
22.85,-0.2696290627237189,0.1242881938405393,9.958384294434603,-0.0151418537945773,-0.0195992243020788,-0.04546025017441,0.010000000000001563
22.86,-0.2662519084465015,0.1226477088735939,9.957915511795036,-0.0152717560258631,-0.0193711203275559,-0.0453555951746657,0.00999999999999801
22.87,-0.2628577141380224,0.1210028086023745,9.957387564922934,-0.0154001310942728,-0.0191410792571427,-0.0452498062874043,0.010000000000001563
22.88,-0.2594466970255634,0.1193535522431136,9.956800664990002,-0.0155269661624065,-0.0189091240947548,-0.0451428861573424,0.00999999999999801
22.89,-0.2560190754130493,0.1176999991688622,9.95615504674839,-0.015652248546863,-0.0186752780357148,-0.0450348374574778,0.010000000000001563
22.9,-0.2525750686670965,0.1160422089073523,9.955450968436788,-0.0157759657195083,-0.018439564464434,-0.0449256628890223,0.00999999999999801
22.91,-0.2491148972029641,0.1143802411388543,9.954688711677132,-0.0158981053087283,-0.018202006952073,-0.0448153651813345,0.010000000000001563
22.92,-0.2456387824704388,0.1127141556940283,9.95386858136196,-0.0160186551006658,-0.017962629254185,-0.0447039470918513,0.010000000000001563
22.93,-0.2421469469396814,0.111044012551771,9.952990905532468,-0.016137603040442,-0.0177214553083405,-0.0445914114060191,0.00999999999999801
22.94,-0.2386396140869724,0.1093698718370535,9.95205603524728,-0.0162549372333621,-0.017478509231733,-0.0444777609372242,0.010000000000001563
22.95,-0.2351170083804175,0.1076917938187629,9.95106434444205,-0.0163706459461047,-0.0172338153187677,-0.0443629985267225,0.00999999999999801
22.96,-0.2315793552655776,0.1060098389075249,9.950016229779877,-0.0164847176078948,-0.0169873980386319,-0.0442471270435681,0.010000000000001563
22.97,-0.228026881151048,0.1043240676535359,9.94891211049265,-0.0165971408116613,-0.0167392820328484,-0.0441301493845423,0.00999999999999801
22.98,-0.2244598133939577,0.1026345407443773,9.94775242821336,-0.0167079043151776,-0.016489492112811,-0.0440120684740802,0.010000000000001563
22.99,-0.2208783802854241,0.1009413190028369,9.946537646799465,-0.0168169970421855,-0.0162380532573034,-0.0438928872641985,0.00999999999999801
23.0,-0.2172828110359467,0.0992444633847145,9.945268252147322,-0.0169244080835034,-0.0159849906100019,-0.0437726087344214,0.010000000000001563
23.01,-0.2136733357607288,0.0975440349766277,9.943944751997874,-0.0170301266981165,-0.01573032947696,-0.0436512358917057,0.010000000000001563
23.02,-0.2100501854649559,0.0958400949938175,9.942567675733535,-0.0171341423142515,-0.0154740953240792,-0.0435287717703662,0.00999999999999801
23.03,-0.2064135920290085,0.0941327047779378,9.941137574166447,-0.0172364445304336,-0.0152163137745608,-0.0434052194319996,0.010000000000001563
23.04,-0.2027637881936303,0.0924219257948523,9.93965501931817,-0.0173370231165262,-0.0149570106063453,-0.0432805819654079,0.00999999999999801
23.05,-0.1991010075450143,0.0907078196324198,9.938120604190877,-0.0174358680147547,-0.0146962117495333,-0.0431548624865212,0.010000000000001563
23.06,-0.1954254844998767,0.0889904479982774,9.936534942530155,-0.0175329693407115,-0.0144339432837931,-0.04302806413832,0.00999999999999801
23.07,-0.1917374542904362,0.0872698727176171,9.934898668579535,-0.017628317384345,-0.0141702314357528,-0.0429001900907564,0.010000000000001563
23.08,-0.1880371529493657,0.0855461557309646,9.933212436826778,-0.0177219026109303,-0.0139051025763773,-0.0427712435406748,0.00999999999999801
23.09,-0.1843248172946914,0.0838193590919452,9.9314769217421,-0.0178137156620227,-0.0136385832183319,-0.0426412277117325,0.010000000000001563
23.1,-0.1806006849146262,0.08208954496505,9.929692817508394,-0.0179037473563936,-0.0133707000133299,-0.0425101458543183,0.010000000000001563
23.11,-0.1768649941523714,0.0803567756234027,9.92786083774357,-0.0179919886909486,-0.013101479749469,-0.0423780012454718,0.00999999999999801
23.12,-0.173117984090859,0.078621113446511,9.925981715215103,-0.0180784308416278,-0.0128309493485509,-0.0422447971888013,0.010000000000001563
23.13,-0.1693598945374572,0.0768826209180268,9.924056201546955,-0.0181630651642881,-0.0125591358633904,-0.0421105370144013,0.00999999999999801
23.14,-0.1655909660086131,0.0751413606234918,9.922085066918916,-0.0182458831955679,-0.0122860664751094,-0.0419752240787693,0.010000000000001563
23.15,-0.1618114397144644,0.0733973952480902,9.920069099758557,-0.0183268766537329,-0.0120117684904193,-0.0418388617647214,0.00999999999999801
23.16,-0.1580215575434071,0.0716507875743871,9.918009106425862,-0.0184060374395049,-0.0117362693388899,-0.0417014534813086,0.010000000000001563
23.17,-0.154221562046605,0.0699016004800685,9.9159059108907,-0.0184833576368713,-0.0114595965702068,-0.0415630026637307,0.010000000000001563
23.18,-0.1504116964224727,0.068149896935683,9.91376035440324,-0.0185588295138767,-0.0111817778514164,-0.0414235127732509,0.00999999999999801
23.19,-0.1465922045011081,0.0663957400023675,9.911573295157474,-0.0186324455233964,-0.0109028409641589,-0.0412829872971093,0.010000000000001563
23.2,-0.1427633307286956,0.0646391928295827,9.909345607947936,-0.0187041983038907,-0.0106228138018907,-0.0411414297484354,0.00999999999999801
23.21,-0.1389253201518427,0.062880318652837,9.907078183819811,-0.0187740806801415,-0.0103417243670946,-0.0409988436661605,0.010000000000001563
23.22,-0.1350784184019217,0.0611191807914114,9.904771929712515,-0.0188420856639692,-0.0100596007684799,-0.0408552326149294,0.00999999999999801
23.23,-0.1312228716793295,0.0593558426460772,9.902427768096944,-0.0189082064549322,-0.0097764712181712,-0.0407106001850108,0.010000000000001563
23.24,-0.1273589267377388,0.0575903676968186,9.900046636606486,-0.0189724364410065,-0.0094923640288878,-0.0405649499922078,0.00999999999999801
23.25,-0.1234868308683104,0.0558228195005432,9.897629487661993,-0.019034769199247,-0.0092073076111118,-0.0404182856777679,0.010000000000001563
23.26,-0.1196068318838565,0.0540532616887936,9.895177288090812,-0.0190951984964299,-0.0089213304702474,-0.0402706109082911,0.010000000000001563
23.27,-0.1157191781029877,0.052281757965462,9.892691018740075,-0.0191537182896757,-0.0086344612037705,-0.0401219293756391,0.00999999999999801
23.28,-0.1118241183342173,0.0505083721044895,9.890171674084378,-0.0192103227270539,-0.0083467284983684,-0.0399722447968423,0.010000000000001563
23.29,-0.1079219018600445,0.0487331679475767,9.887620261827989,-0.019265006148168,-0.0080581611270722,-0.0398215609140075,0.00999999999999801
23.3,-0.1040127784209899,0.04695620940188,9.885037802501788,-0.0193177630847214,-0.0077687879463783,-0.0396698814942238,0.010000000000001563
23.31,-0.1000969981996194,0.045177560437717,9.88242532905508,-0.0193685882610643,-0.0074786378933638,-0.039517210329469,0.00999999999999801
23.32,-0.0961748118045286,0.043397285086257,9.879783886442404,-0.0194174765947217,-0.0071877399827921,-0.0393635512365141,0.010000000000001563
23.33,-0.0922464702543118,0.0416154474372202,9.877114531205596,-0.0194644231969007,-0.0068961233042118,-0.0392089080568284,0.00999999999999801
23.34,-0.0883122249614853,0.0398321116365712,9.874418331051151,-0.0195094233729803,-0.006603817019048,-0.0390532846564835,0.010000000000001563
23.35,-0.0843723277164035,0.0380473418842046,9.871696364423183,-0.0195524726229804,-0.0063108503576853,-0.0388966849260562,0.010000000000001563
23.36,-0.0804270306711503,0.0362612024316393,9.86894972007206,-0.0195935666420119,-0.006017252616546,-0.0387391127805316,0.00999999999999801
23.37,-0.076476586323383,0.0344737575797026,9.866179496618887,-0.0196327013207071,-0.0057230531551593,-0.0385805721592052,0.010000000000001563
23.38,-0.0725212475001968,0.0326850716762168,9.86338680211612,-0.0196698727456308,-0.0054282813932264,-0.0384210670255842,0.00999999999999801
23.39,-0.0685612673419243,0.0308952091136796,9.86057275360432,-0.0197050771996714,-0.0051329668076776,-0.0382606013672886,0.010000000000001563
23.4,-0.0645968992859425,0.0291042343269515,9.857738476665372,-0.0197383111624129,-0.0048371389297255,-0.0380991791959516,0.00999999999999801
23.41,-0.0606283970504571,0.0273122117909313,9.854885104972263,-0.0197695713104867,-0.0045408273419115,-0.037936804547119,0.010000000000001563
23.42,-0.056656014618255,0.0255192060182354,9.852013779835628,-0.0197988545179041,-0.0042440616751472,-0.0377734814801486,0.010000000000001563
23.43,-0.0526800062204558,0.02372528155688,9.849125649747233,-0.0198261578563686,-0.0039468716057521,-0.0376092140781086,0.00999999999999801
23.44,-0.0487006263202381,0.0219305029879503,9.846221869920605,-0.0198514785955692,-0.0036492868524855,-0.0374440064476754,0.010000000000001563
23.45,-0.0447181295965609,0.020134934923282,9.843303601828962,-0.0198748142034531,-0.0033513371735747,-0.0372778627190313,0.00999999999999801
23.46,-0.0407327709278532,0.01833864200313,9.84037201274063,-0.019896162346479,-0.0030530523637393,-0.0371107870457607,0.010000000000001563
23.47,-0.0367448053757096,0.0165416888938476,9.837428275252158,-0.0199155208898503,-0.0027544622512118,-0.0369427836047469,0.00999999999999801
23.48,-0.0327544881685623,0.0147441402855509,9.834473566819288,-0.0199328878977288,-0.0024555966947545,-0.036773856596067,0.010000000000001563
23.49,-0.0287620746853542,0.0129460608897958,9.831509069286,-0.0199482616334283,-0.002156485580674,-0.0366040102428875,0.00999999999999801
23.5,-0.0247678204391837,0.0111475154372479,9.828535968411783,-0.0199616405595879,-0.0018571588198326,-0.0364332487913585,0.010000000000001563
23.51,-0.0207719810609573,0.0093485686753476,9.825555453397344,-0.0199730233383262,-0.0015576463446567,-0.0362615765105071,0.010000000000001563
23.52,-0.0167748122830368,0.0075492853659847,9.82256871640895,-0.0199824088313747,-0.0012579781061445,-0.0360889976921317,0.00999999999999801
23.53,-0.0127765699228523,0.0057497302831639,9.819576952101572,-0.0199897961001921,-0.0009581840708699,-0.0359155166506936,0.010000000000001563
23.54,-0.0087775098665557,0.0039499682106745,9.816581357141043,-0.0199951844060576,-0.0006582942179869,-0.0357411377232098,0.00999999999999801
23.55,-0.0047778880526236,0.0021500639397549,9.813583129725412,-0.0199985732101451,-0.0003583385362304,-0.0355658652691444,0.010000000000001563
23.56,-0.0007779604554871,0.0003500822667669,9.810583469105662,-0.019999962173577,-5.8347020919170966e-05,-0.0353897036702998,0.00999999999999801
23.57,0.0032220169308548,-0.0014499120091455,9.807583575106053,-0.0199993511574581,0.0002416503290457,-0.0352126573307065,0.010000000000001563
23.58,0.0072217881092112,-0.0032498540883827,9.804584647644177,-0.0199967402228895,0.000541623514179,-0.035034730676514,0.00999999999999801
23.59,0.0112210970955936,-0.0050496791732226,9.801587886251042,-0.0199921296309625,0.0008415425374122,-0.0348559281558793,0.010000000000001563
23.6,0.0152196879355938,-0.0068493224701582,9.798594489591247,-0.0199855198427325,0.0011413774070931,-0.0346762542388561,0.010000000000001563
23.61,0.0192173047207594,-0.0086487191922241,9.795605654983545,-0.0199769115191728,0.0014410981399842,-0.034495713417283,0.00999999999999801
23.62,0.0232136916049823,-0.0104478045613341,9.792622577921929,-0.0199663055211085,0.0017406747642624,-0.0343143102046711,0.010000000000001563
23.63,0.027208592820866,-0.0122465138106073,9.789646451597443,-0.0199537029091306,0.0020400773225146,-0.0341320491360913,0.00999999999999801
23.64,0.0312017526960982,-0.0140447821867064,9.786678466420945,-0.0199391049434899,0.0023392758747348,-0.0339489347680608,0.010000000000001563
23.65,0.0351929156698063,-0.0158425449521642,9.783719809546929,-0.0199225130839706,0.0026382405013168,-0.0337649716784292,0.00999999999999801
23.66,0.0391818263089239,-0.0176397373877136,9.780771664398694,-0.019903928989745,0.0029369413060471,-0.0335801644662644,0.010000000000001563
23.67,0.0431682293245336,-0.0194362947946227,9.777835210194995,-0.019883354519207,0.0032353484190944,-0.0333945177517368,0.010000000000001563
23.68,0.0471518695881977,-0.0212321524970183,9.77491162147836,-0.0198607917297865,0.0035334319999958,-0.0332080361760047,0.00999999999999801
23.69,0.0511324921483062,-0.0230272458442171,9.772002067645294,-0.0198362428777436,0.0038311622406418,-0.0330207244010978,0.010000000000001563
23.7,0.0551098422463686,-0.0248215102130519,9.76910771247854,-0.0198097104179431,0.0041285093682562,-0.0328325871098007,0.00999999999999801
23.71,0.059083665333338,-0.0266148810102008,9.766229713681568,-0.0197811970036088,0.0044254436483744,-0.0326436290055359,0.010000000000001563
23.72,0.0630537070858933,-0.0284072936745067,9.76336922241553,-0.0197507054860584,0.0047219353878154,-0.0324538548122461,0.00999999999999801
23.73,0.0670197134227191,-0.0301986836793088,9.76052738283879,-0.0197182389144183,0.0050179549376527,-0.0322632692742763,0.010000000000001563
23.74,0.0709814305207602,-0.0319889865347605,9.757705331649284,-0.0196838005353186,0.0053134726961779,-0.0320718771562551,0.00999999999999801
23.75,0.0749386048314761,-0.0337781377901506,9.754904197629871,-0.0196473937925684,0.0056084591118612,-0.0318796832429754,0.010000000000001563
23.76,0.0788909830970636,-0.0355660730362289,9.752125101196803,-0.0196090223268118,0.0059028846863072,-0.0316866923392749,0.010000000000001563
23.77,0.0828383123666592,-0.0373527279075184,9.749369153951603,-0.0195686899751632,0.0061967199772034,-0.0314929092699164,0.00999999999999801
23.78,0.0867803400125388,-0.0391380380846384,9.74663745823642,-0.0195264007708244,0.006489935601266,-0.0312983388794663,0.010000000000001563
23.79,0.0907168137462785,-0.0409219392966133,9.74393110669312,-0.0194821589426804,0.0067825022371766,-0.0311029860321744,0.00999999999999801
23.8,0.0946474816349048,-0.0427043673231935,9.741251181826236,-0.0194359689148772,0.0070743906285156,-0.0309068556118516,0.010000000000001563
23.81,0.0985720921170092,-0.0444852579971622,9.738598755569983,-0.0193878353063791,0.007365571586687,-0.0307099525217483,0.00999999999999801
23.82,0.1024903940188675,-0.0462645472066474,9.735974888859497,-0.0193377629305069,0.0076560159938378,-0.0305122816844314,0.010000000000001563
23.83,0.1064021365704919,-0.0480421708974297,9.73338063120648,-0.0192857567944563,0.0079456948057692,-0.0303138480416615,0.00999999999999801
23.84,0.1103070694216909,-0.0498180650752482,9.730817020279405,-0.0192318220987978,0.0082345790548413,-0.0301146565542695,0.010000000000001563
23.85,0.1142049426581017,-0.0515921658081044,9.728285081488456,-0.0191759642369558,0.0085226398528702,-0.0299147122020321,0.010000000000001563
23.86,0.1180955068171626,-0.0533644092285629,9.725785827575391,-0.01911818879467,0.0088098483940158,-0.0297140199835477,0.00999999999999801
23.87,0.121978512904097,-0.0551347315360536,9.72332025820846,-0.0190585015494365,0.0090961759576636,-0.0295125849161112,0.010000000000001563
23.88,0.1258537124078408,-0.0569030689991625,9.72088935958253,-0.0189969084699301,0.0093815939112957,-0.0293104120355891,0.00999999999999801
23.89,0.1297208573169501,-0.0586693579579335,9.71849410402464,-0.0189334157154075,0.0096660737133548,-0.0291075063962926,0.010000000000001563
23.9,0.1335797001354675,-0.0604335348261547,9.716135449605078,-0.018868029635091,0.0099495869160975,-0.0289038730708521,0.00999999999999801
23.91,0.1374299938987712,-0.0621955360936481,9.713814339754164,-0.0188007567675344,0.0102321051684399,-0.0286995171500904,0.010000000000001563
23.92,0.1412714921893765,-0.0639552983285596,9.71153170288489,-0.0187316038399683,0.0105136002187922,-0.0284944437428946,0.010000000000001563
23.93,0.1451039491527005,-0.065712758179638,9.70928845202157,-0.0186605777676278,0.0107940439178838,-0.0282886579760895,0.00999999999999801
23.94,0.1489271195128075,-0.0674678523785199,9.707085484434636,-0.0185876856530609,0.0110734082215788,-0.0280821649943082,0.010000000000001563
23.95,0.1527407585880993,-0.0692205177420017,9.704923681281755,-0.0185129347854185,0.0113516651936793,-0.0278749699598647,0.00999999999999801
23.96,0.1565446223069786,-0.0709706911743211,9.702803907255362,-0.0184363326397249,0.0116287870087202,-0.027667078052624,0.010000000000001563
23.97,0.1603384672234607,-0.0727183096694231,9.700727010236804,-0.0183578868761309,0.0119047459547508,-0.027458494469873,0.00999999999999801
23.98,0.1641220505327726,-0.0744633103132305,9.698693820957198,-0.0182776053391474,0.0121795144361066,-0.0272492244261903,0.010000000000001563
23.99,0.1678951300868705,-0.0762056302859086,9.696705152665146,-0.0181954960568613,0.0124530649761683,-0.0270392731533163,0.00999999999999801
24.0,0.1716574644099493,-0.0779452068641262,9.69476180080145,-0.0181115672401324,0.0127253702201099,-0.0268286459000217,0.010000000000001563
24.01,0.1754088127138982,-0.0796819774233157,9.692864542680946,-0.0180258272817724,0.0129964029376339,-0.0266173479319769,0.010000000000001563
24.02,0.1791489349137061,-0.0814158794399227,9.691014137181584,-0.0179382847557057,0.0132661360256944,-0.0264053845316202,0.00999999999999801
24.03,0.1828775916428306,-0.0831468504936632,9.68921132444089,-0.017848948416112,0.0135345425112076,-0.0261927609980254,0.010000000000001563
24.04,0.1865945442685087,-0.0848748282697657,9.687456825559927,-0.0177578271965507,0.0138015955537482,-0.0259794826467699,0.00999999999999801
24.05,0.1902995549070477,-0.0865997505612171,9.685751342314854,-0.0176649302090679,0.0140672684482349,-0.0257655548098013,0.010000000000001563
24.06,0.1939923864390282,-0.088321555271001,9.684095556876226,-0.0175702667432849,0.0143315346275994,-0.0255509828353044,0.00999999999999801
24.07,0.1976728025244891,-0.0900401804143338,9.682490131536149,-0.0174738462654695,0.014594367665444,-0.0253357720875675,0.010000000000001563
24.08,0.201340567618064,-0.0917555641208961,9.680935708443345,-0.0173756784175889,0.014855741278684,-0.0251199279468479,0.00999999999999801
24.09,0.2049954469840338,-0.0934676446370591,9.679432909346326,-0.0172757730163464,0.0151156293301759,-0.024903455809238,0.010000000000001563
24.1,0.2086372067113682,-0.0951763603281107,9.6779823353447,-0.0171741400521985,0.0153740058313311,-0.0246863610865298,0.010000000000001563
24.11,0.2122656137286878,-0.0968816496804685,9.676584566648726,-0.0170707896883573,0.0156308449447147,-0.0244686492060803,0.00999999999999801
24.12,0.2158804358191835,-0.0985834513039015,9.675240162347242,-0.0169657322597727,0.0158861209866296,-0.024250325610675,0.010000000000001563
24.13,0.2194814416354722,-0.100281703933734,9.673949660184046,-0.0168589782721003,0.0161398084296842,-0.0240313957583926,0.00999999999999801
24.14,0.2230684007144124,-0.1019763464330564,9.672713576342796,-0.0167505384006498,0.0163918819053456,-0.0238118651224677,0.010000000000001563
24.15,0.226641083491849,-0.1036673177949201,9.671532405240546,-0.0166404234893179,0.0166423162064764,-0.023591739191155,0.00999999999999801
24.16,0.2301992613173005,-0.1053545571445387,9.670406619329992,-0.0165286445495041,0.016891086289855,-0.0233710234675913,0.010000000000001563
24.17,0.2337427064686023,-0.1070380037414794,9.669336668910484,-0.0164152127590091,0.0171381672786806,-0.0231497234696581,0.010000000000001563
24.18,0.237271192166474,-0.1087175969818445,9.668322981947927,-0.0163001394609176,0.0173835344650599,-0.0229278447298439,0.00999999999999801
24.19,0.2407844925890371,-0.1103932764004603,9.667365963903588,-0.0161834361624634,0.0176271633124791,-0.0227053927951056,0.010000000000001563
24.2,0.2442823828862589,-0.112064981673048,9.666465997571928,-0.016065114533879,0.0178690294582562,-0.02248237322673,0.00999999999999801
24.21,0.2477646391943607,-0.1137326526183986,9.665623442927476,-0.0159451864072289,0.0181091087159784,-0.0222587916001947,0.010000000000001563
24.22,0.2512310386501227,-0.1153962292005375,9.66483863698086,-0.0158236637752256,0.0183473770779197,-0.0220346535050287,0.00999999999999801
24.23,0.2546813594051644,-0.117055651530889,9.66411189364399,-0.0157005587900311,0.0185838107174428,-0.0218099645446727,0.010000000000001563
24.24,0.2581153806401367,-0.1187108598704268,9.663443503604514,-0.0155758837620414,0.0188183859913806,-0.021584730336339,0.00999999999999801
24.25,0.2615328825788497,-0.1203617946318296,9.662833734209537,-0.0154496511586554,0.0190510794424011,-0.0213589565108711,0.010000000000001563
24.26,0.2649336465023474,-0.1220083963816257,9.662282829358684,-0.0153218736030281,0.0192818678013533,-0.0211326487126029,0.010000000000001563
24.27,0.2683174547628994,-0.123650605842328,9.661791009406553,-0.0151925638728087,0.0195107279895934,-0.0209058125992175,0.00999999999999801
24.28,0.2716840907979336,-0.1252883638945746,9.661358471074564,-0.0150617348988625,0.0197376371212936,-0.020678453841606,0.010000000000001563
24.29,0.2750333391438899,-0.1269216115792517,9.660985387372286,-0.0149293997639778,0.0199625725057295,-0.0204505781237255,0.00999999999999801
24.3,0.2783649854500188,-0.1285502900996205,9.660671907528224,-0.0147955717015578,0.0201855116495504,-0.020222191142457,0.010000000000001563
24.31,0.2816788164920954,-0.1301743408234285,9.660418156930136,-0.0146602640942973,0.0204064322590275,-0.0199932986074631,0.00999999999999801
24.32,0.2849746201860613,-0.1317937052850253,9.660224237074877,-0.0145234904728442,0.0206253122422839,-0.0197639062410454,0.010000000000001563
24.33,0.2882521856016063,-0.1334083251874665,9.660090225527805,-0.0143852645144466,0.0208421297115038,-0.019534019778001,0.00999999999999801
24.34,0.2915113029756627,-0.135018142404608,9.660016175891752,-0.0142456000415854,0.021056862985121,-0.0193036449654797,0.010000000000001563
24.35,0.2947517637258325,-0.1366230989832054,9.660002117785584,-0.0141045110205912,0.021269490589987,-0.0190727875628395,0.010000000000001563
24.36,0.2979733604637293,-0.1382231371449947,9.660048056832355,-0.0139620115602487,0.0214799912635184,-0.0188414533415037,0.00999999999999801
24.37,0.3011758870082673,-0.1398181992887749,9.660153974657064,-0.0138181159103851,0.0216883439558236,-0.0186096480848156,0.010000000000001563
24.38,0.3043591383988365,-0.1414082279924805,9.66031982889399,-0.0136728384604456,0.0218945278318066,-0.0183773775878947,0.00999999999999801
24.39,0.3075229109084358,-0.1429931660152514,9.660545553203647,-0.013526193738054,0.0220985222732519,-0.0181446476574912,0.010000000000001563
24.4,0.3106670020567061,-0.1445729562994885,9.660831057299324,-0.0133781964075604,0.0223003068808852,-0.0179114641118413,0.00999999999999801
24.41,0.313791210622884,-0.1461475419729122,9.661176226983187,-0.0132288612685745,0.0224998614764139,-0.0176778327805216,0.010000000000001563
24.42,0.3168953366586893,-0.1477168663506098,9.661580924191968,-0.0130782032544858,0.0226971661045449,-0.017443759504303,0.010000000000001563
24.43,0.3199791815011152,-0.1492808729370712,9.662044987052177,-0.0129262374309701,0.0228922010349796,-0.0172092501350053,0.00999999999999801
24.44,0.3230425477851457,-0.1508395054282297,9.662568229944858,-0.012772978994483,0.0230849467643876,-0.0169743105353506,0.010000000000001563
24.45,0.3260852394563815,-0.1523927077134829,9.66315044357983,-0.0126184432707408,0.0232753840183565,-0.0167389465788166,0.00999999999999801
24.46,0.3291070617835956,-0.1539404238777177,9.663791395079404,-0.0124626457131867,0.0234634937533197,-0.0165031641494899,0.010000000000001563
24.47,0.3321078213711906,-0.1554825982033177,9.66449082807152,-0.0123056019014468,0.0236492571584604,-0.0162669691419191,0.00999999999999801
24.48,0.3350873261715783,-0.1570191751721748,9.665248462792317,-0.0121473275397714,0.0238326556575929,-0.0160303674609669,0.010000000000001563
24.49,0.338045385497466,-0.1585500994676842,9.666063996197998,-0.0119878384554647,0.0240136709110202,-0.015793365021663,0.00999999999999801
24.5,0.3409818100340678,-0.1600753159767353,9.66693710208608,-0.0118271505973024,0.0241922848173676,-0.0155559677490563,0.010000000000001563
24.51,0.3438964118512169,-0.1615947697916998,9.667867431225847,-0.0116652800339363,0.0243684795153935,-0.015318181578066,0.010000000000001563
24.52,0.3467890044153879,-0.163108406212404,9.668854611498048,-0.0115022429522878,0.0245422373857748,-0.0150800124533341,0.00999999999999801
24.53,0.3496594026016494,-0.1646161707481002,9.669898248043737,-0.0113380556559292,0.0247135410528694,-0.0148414663290763,0.010000000000001563
24.54,0.3525074227054932,-0.1661180091194276,9.67099792342221,-0.0111727345634534,0.0248823733864532,-0.0146025491689332,0.00999999999999801
24.55,0.3553328824546062,-0.1676138672603682,9.672153197777977,-0.0110062962068318,0.0250487175034337,-0.0143632669458215,0.010000000000001563
24.56,0.35813560102053,-0.1691036913201894,9.673363609016702,-0.0108387572297614,0.0252125567695376,-0.0141236256417841,0.00999999999999801
24.57,0.3609153990302306,-0.1705874276653858,9.674628672990025,-0.0106701343860004,0.025373874800975,-0.0138836312478414,0.010000000000001563
24.58,0.3636720985775855,-0.1720650228816105,9.675947883689224,-0.0105004445376924,0.0255326554660771,-0.0136432897638406,0.00999999999999801
24.59,0.3664055232347645,-0.1735364237755935,9.67732071344761,-0.0103297046536811,0.0256888828869097,-0.0134026071983063,0.010000000000001563
24.6,0.3691154980635239,-0.1750015773770631,9.678746613151583,-0.0101579318078124,0.025842541440861,-0.01316158956829,0.010000000000001563
24.61,0.3718018496263972,-0.1764604309406467,9.680225012460276,-0.0099851431772279,0.0259936157622036,-0.0129202428992201,0.00999999999999801
24.62,0.3744644059978025,-0.1779129319477751,9.681755320033671,-0.0098113560406465,0.0261420907436312,-0.0126785732247506,0.010000000000001563
24.63,0.3771029967750409,-0.1793590281085671,9.683336923769147,-0.0096365877766373,0.0262879515377695,-0.0124365865866108,0.00999999999999801
24.64,0.3797174530892043,-0.1807986673637183,9.6849691910463,-0.0094608558618807,0.0264311835586606,-0.0121942890344541,0.010000000000001563
24.65,0.3823076076159789,-0.1822317978863711,9.686651468979978,-0.009284177869422,0.0265717724832217,-0.0119516866257066,0.00999999999999801
24.66,0.38487329458636,-0.1836583680839801,9.688383084681435,-0.0091065714669133,0.0267097042526775,-0.011708785425416,0.010000000000001563
24.67,0.3874143497972586,-0.1850783266001736,9.690163345527488,-0.0089280544148465,0.0268449650739661,-0.0114655915060996,0.010000000000001563
24.68,0.389930610622005,-0.186491622316598,9.691991539437526,-0.0087486445647784,0.026977541421118,-0.0112221109475927,0.00999999999999801
24.69,0.39242191602077,-0.18789820435476,9.693866935158365,-0.0085683598575442,0.027107420036609,-0.0109783498368966,0.010000000000001563
24.7,0.3948881065508548,-0.1892980220778579,9.69578878255672,-0.0083872183214646,0.0272345879326858,-0.0107343142680264,0.00999999999999801
24.71,0.3973290243769086,-0.1906910250926059,9.697756312919257,-0.0082052380705421,0.0273590323926648,-0.0104900103418585,0.010000000000001563
24.72,0.3997445132810237,-0.1920771632510443,9.699768739260062,-0.0080224373026503,0.0274807409722035,-0.0102454441659785,0.00999999999999801
24.73,0.4021344186727356,-0.1934563866523505,9.701825256635434,-0.0078388342977135,0.0275997015005457,-0.0100006218545279,0.010000000000001563
24.74,0.404498587598913,-0.1948286456446308,9.70392504246584,-0.0076544474158793,0.0277159020817374,-0.0097555495280517,0.00999999999999801
24.75,0.4068368687535527,-0.1961938908267086,9.706067256864946,-0.0074692950956822,0.0278293310958175,-0.0095102333133456,0.010000000000001563
24.76,0.4091491124874598,-0.1975520730499059,9.708251042975556,-0.0072833958521999,0.027939977199979,-0.0092646793433019,0.010000000000001563
24.77,0.4114351708178226,-0.1989031434198086,9.710475527312338,-0.007096768275202,0.0280478293297038,-0.0090188937567572,0.00999999999999801
24.78,0.4136948974376894,-0.2002470532980305,9.712739820111222,-0.0069094310272904,0.0281528766998687,-0.0087728826983382,0.010000000000001563
24.79,0.4159281477253277,-0.2015837543039596,9.715043015685277,-0.0067214028420339,0.0282551088058242,-0.0085266523183088,0.00999999999999801
24.8,0.4181347787534824,-0.2029131983165052,9.717384192786982,-0.0065327025220944,0.0283545154244451,-0.0082802087724154,0.010000000000001563
24.81,0.4203146492985189,-0.2042353374758263,9.71976241497671,-0.0063433489373465,0.0284510866151522,-0.008033558221734,0.00999999999999801
24.82,0.4224676198494674,-0.2055501241850549,9.722176730997296,-0.0061533610229911,0.0285448127209069,-0.0077867068325155,0.010000000000001563
24.83,0.4245935526169486,-0.2068575111120126,9.72462617515452,-0.0059627577776611,0.0286356843691768,-0.0075396607760317,0.00999999999999801
24.84,0.4266923115419879,-0.2081574511909109,9.727109767703382,-0.0057715582615224,0.0287236924728727,-0.0072924262284213,0.010000000000001563
24.85,0.4287637623047344,-0.2094498976240473,9.729626515239971,-0.005579781594367,0.0288088282312577,-0.0070450093705349,0.010000000000001563
24.86,0.4308077723330435,-0.2107348038834894,9.732175411098837,-0.0053874469537021,0.0288910831308269,-0.0067974163877813,0.00999999999999801
24.87,0.4328242108109721,-0.2120121237127518,9.734755435755613,-0.0051945735728313,0.0289704489461588,-0.0065496534699719,0.010000000000001563
24.88,0.4348129486871458,-0.213281811128457,9.737365557234838,-0.005001180738932,0.029046917740738,-0.0063017268111669,0.00999999999999801
24.89,0.4367738586830202,-0.2145438204219964,9.740004731522726,-0.0048072877911264,0.0291204818677489,-0.0060536426095198,0.010000000000001563
24.9,0.4387068153010232,-0.2157981061611718,9.742671902984746,-0.0046129141185478,0.02919113397084,-0.0058054070671228,0.00999999999999801
24.91,0.4406116948325919,-0.2170446231918306,9.745366004787876,-0.0044180791584015,0.0292588669848598,-0.0055570263898515,0.010000000000001563
24.92,0.4424883753660873,-0.2182833266394958,9.748085959327314,-0.0042228023940209,0.0293236741365635,-0.0053085067872099,0.010000000000001563
24.93,0.4443367367945941,-0.2195141719109762,9.750830678657511,-0.0040271033529201,0.0293855489452898,-0.0050598544721751,0.00999999999999801
24.94,0.4461566608236126,-0.2207371146959759,9.753599064927336,-0.0038310016048398,0.0294444852236095,-0.0048110756610419,0.010000000000001563
24.95,0.4479480309786264,-0.2219521109686855,9.756390010819183,-0.0036345167597915,0.0295004770779437,-0.0045621765732679,0.00999999999999801
24.96,0.4497107326125575,-0.2231591169893715,9.759202399991915,-0.003437668466096,0.0295535189091539,-0.0043131634313171,0.010000000000001563
24.97,0.4514446529131007,-0.2243580893059469,9.762035107527357,-0.0032404764084186,0.029603605413101,-0.0040640424605053,0.00999999999999801
24.98,0.4531496809099519,-0.2255489847555379,9.764887000380265,-0.0030429603058007,0.0296507315811764,-0.0038148198888435,0.010000000000001563
24.99,0.4548257074818996,-0.226731760466037,9.76775693783152,-0.002845139909688,0.0296948927008025,-0.0035655019468832,0.00999999999999801
25.0,0.4564726253638138,-0.2279063738576464,9.77064377194441,-0.0026470350019554,0.0297360843559042,-0.00331609486756,0.010000000000001563
25.01,0.4580903291535152,-0.2290727826444107,9.773546348023782,-0.0024486653929284,0.0297743024273503,-0.0030666048860377,0.010000000000001563
25.02,0.4596787153185112,-0.2302309448357393,9.7764635050779,-0.0022500509194026,0.0298095430933654,-0.0028170382395531,0.00999999999999801
25.03,0.4612376822026301,-0.2313808187379194,9.77939407628284,-0.00205121144266,0.0298418028299125,-0.0025674011672591,0.010000000000001563
25.04,0.4627671300325235,-0.2325223629556133,9.782336889449192,-0.0018521668464824,0.0298710784110446,-0.0023176999100698,0.00999999999999801
25.05,0.4642669609240531,-0.2336555363933536,9.785290767490933,-0.0016529370351636,0.0298973669092282,-0.0020679407105033,0.010000000000001563
25.06,0.4657370788885523,-0.2347802982570189,9.78825452889622,-0.0014535419315187,0.0299206656956352,-0.0018181298125268,0.00999999999999801
25.07,0.4671773898389739,-0.2358966080553024,9.791226988200014,-0.0012540014748921,0.0299409724404064,-0.0015682734613998,0.010000000000001563
25.08,0.4685878015959092,-0.2370044256011731,9.794206956458224,-0.0010543356191628,0.0299582851128843,-0.0013183779035178,0.00999999999999801
25.09,0.4699682238934862,-0.2381037110133183,9.79719324172328,-0.0008545643307503,0.0299726019818161,-0.0010684493862569,0.010000000000001563
25.1,0.4713185683851494,-0.2391944247175828,9.800184649520894,-0.0006547075866169,0.0299839216155268,-0.000818494157817,0.010000000000001563
25.11,0.4726387486493123,-0.2402765274483898,9.803179983327828,-0.0004547853722704,0.0299922428820625,-0.0005685184670659,0.00999999999999801
25.12,0.4739286801948894,-0.2413499802501588,9.8061780450505,-0.0002548176797656,0.0299975649493034,-0.0003185285633826,0.010000000000001563
25.13,0.4751882804667,-0.2424147444787046,9.809177635504192,-5.482450570526188e-05,0.0299998872850472,-6.853069650189271e-05,0.00999999999999801
25.14,0.4764174688507592,-0.2434707818026299,9.81217755489272,0.00014517415076,0.0299992096570624,0.0001814688836427,0.010000000000001563
25.15,0.4776161666794288,-0.2445180542047051,9.815176603288322,0.0003451582899312,0.0299955321331111,0.0004314639270747,0.00999999999999801
25.16,0.4787842972364558,-0.2455565239832369,9.81817358111163,0.000545107913561,0.0299888550809428,0.0006814481839309,0.010000000000001563
25.17,0.4799217857618854,-0.2465861537534253,9.821167289611472,0.0007450030268537,0.0299791791682569,0.0009314154046181,0.010000000000001563
25.18,0.4810285594568387,-0.2476069064487096,9.824156531344364,0.0009448236404646,0.0299665053626368,0.0011813593399686,0.00999999999999801
25.19,0.4821045474881774,-0.2486187453221038,9.827140110653472,0.0011445497724988,0.0299508349314524,0.0014312737413972,0.010000000000001563
25.2,0.483149680993035,-0.2496216339475167,9.83011683414685,0.0013441614505094,0.0299321694417339,0.0016811523610568,0.00999999999999801
25.21,0.4841638930832241,-0.2506155362210668,9.833085511174788,0.0015436387134953,0.0299105107600145,0.001930988951995,0.010000000000001563
25.22,0.4851471188495165,-0.2516004163623792,9.83604495430606,0.001742961613896,0.0298858610521445,0.0021807772683098,0.00999999999999801
25.23,0.486099295365799,-0.2525762389158759,9.838993979802872,0.0019421102195879,0.0298582227830741,0.0024305110653066,0.010000000000001563
25.24,0.4870203616931,-0.2535429687520495,9.841931408094345,0.0021410646158763,0.0298275987166071,0.0026801840996534,0.00999999999999801
25.25,0.4879102588834881,-0.2545005710687304,9.844856064248324,0.0023398049074872,0.0297939919151247,0.0029297901295372,0.010000000000001563
25.26,0.4887689299838475,-0.2554490113923394,9.847766778441343,0.0025383112205573,0.0297574057392791,0.0031793229148204,0.010000000000001563
25.27,0.4895963200395206,-0.2563882555791262,9.85066238642654,0.0027365637046205,0.0297178438476573,0.0034287762171962,0.00999999999999801
25.28,0.4903923760978268,-0.2573182698164022,9.853541729999325,0.0029345425345938,0.0296753101964155,0.0036781438003453,0.010000000000001563
25.29,0.4911570472114489,-0.2582390206237553,9.856403657460657,0.003132227912759,0.0296298090388834,0.0039274194300909,0.00999999999999801
25.3,0.4918902844416981,-0.2591504748542557,9.85924702407771,0.0033296000707431,0.0295813449251388,0.0041765968745554,0.010000000000001563
25.31,0.4925920408616411,-0.2600525996956495,9.862070692541751,0.0035266392714949,0.0295299227015528,0.0044256699043155,0.00999999999999801
25.32,0.4932622715591062,-0.2609453626715399,9.864873533423046,0.0037233258112583,0.0294755475103048,0.0046746322925584,0.010000000000001563
25.33,0.4939009336395585,-0.2618287316425562,9.867654425622606,0.0039196400215434,0.0294182247888687,0.0049234778152376,0.00999999999999801
25.34,0.4945079862288422,-0.2627026748075107,9.870412256820632,0.0041155622710926,0.0293579602694687,0.0051722002512277,0.010000000000001563
25.35,0.4950833904757988,-0.2635671607045444,9.873145923921417,0.0043110729678444,0.0292947599785067,0.0054207933824811,0.010000000000001563
25.36,0.4956271095547532,-0.2644221582122574,9.875854333494566,0.0045061525608919,0.0292286302359591,0.0056692509941821,0.00999999999999801
25.37,0.49613910866787,-0.2652676365508327,9.878536402212363,0.0047007815424385,0.029159577654745,0.0059175668749036,0.010000000000001563
25.38,0.4966193550473802,-0.2661035652831407,9.881191057283084,0.0048949404497481,0.029087609140065,0.0061657348167614,0.00999999999999801
25.39,0.4970678179576798,-0.2669299143158382,9.883817236880091,0.0050886098670918,0.0290127318887105,0.0064137486155699,0.010000000000001563
25.4,0.4974844686972957,-0.2677466539004484,9.886413890566564,0.0052817704276894,0.0289349533883444,0.0066616020709971,0.00999999999999801
25.41,0.4978692806007225,-0.2685537546344346,9.88897997971565,0.0054744028156456,0.0288542814167519,0.0069092889867195,0.010000000000001563
25.42,0.4982222290401299,-0.2693511874622581,9.8915144779259,0.0056664877678823,0.0287707240410628,0.0071568031705771,0.010000000000001563
25.43,0.4985432914269382,-0.2701389236764225,9.894016371431826,0.0058580060760642,0.0286842896169451,0.0074041384347281,0.00999999999999801
25.44,0.4988324472132644,-0.2709169349185098,9.89648465950938,0.0060489385885202,0.0285949867877692,0.0076512885958039,0.010000000000001563
25.45,0.4990896778932365,-0.2716851931801989,9.898918354876248,0.006239266212158,0.0285028244837437,0.0078982474750633,0.00999999999999801
25.46,0.4993149670041792,-0.2724436708042756,9.901316484086726,0.0064289699143741,0.028407811921022,0.0081450088985472,0.010000000000001563
25.47,0.4995083001276661,-0.2731923404856269,9.903678087921104,0.0066180307249561,0.0283099586007814,0.0083915666972329,0.00999999999999801
25.48,0.4996696648904432,-0.273931175272226,9.90600222176934,0.0068064297379807,0.0282092743082721,0.0086379147071882,0.010000000000001563
25.49,0.499799050965221,-0.2746601485660995,9.908287956008882,0.0069941481137035,0.0281057691118398,0.0088840467697257,0.00999999999999801
25.5,0.4998964500713346,-0.2753792341242878,9.910534376376509,0.0071811670804433,0.0279994533619176,0.0091299567315567,0.010000000000001563
25.51,0.4999618559752746,-0.2760884060597888,9.912740584334022,0.0073674679364594,0.027890337689992,0.0093756384449449,0.010000000000001563
25.52,0.4999952644910855,-0.2767876388424888,9.91490569742766,0.0075530320518214,0.0277784330075394,0.0096210857678602,0.00999999999999801
25.53,0.4999966734806337,-0.2774769073000838,9.917028849641053,0.0077378408702724,0.0276637505049345,0.0098662925641326,0.010000000000001563
25.54,0.4999660828537443,-0.2781561866189832,9.91910919174162,0.0079218759110845,0.0275463016503323,0.0101112527036046,0.00999999999999801
25.55,0.499903494568207,-0.2788254523452055,9.921145891620258,0.008105118770907,0.0274260981885202,0.0103559600622857,0.010000000000001563
25.56,0.4998089126296506,-0.2794846803852563,9.923138134624176,0.0082875511256068,0.0273031521397442,0.0106004085225047,0.00999999999999801
25.57,0.499682343091287,-0.2801338470069974,9.925085123882733,0.0084691547321001,0.0271774757985068,0.0108445919730626,0.010000000000001563
25.58,0.4995237940535235,-0.2807729288405011,9.926986080626182,0.008649911430178,0.0270490817323374,0.0110885043093861,0.00999999999999801
25.59,0.4993332756634444,-0.2814019028788895,9.928840244497176,0.008829803144321,0.0269179827805356,0.0113321394336792,0.010000000000001563
25.6,0.4991108001141613,-0.2820207464791658,9.930646873854888,0.0090088118855077,0.0267841920528872,0.0115754912550769,0.010000000000001563
25.61,0.498856381644034,-0.2826294373630272,9.93240524607166,0.0091869197530132,0.0266477229283538,0.011818553689796,0.00999999999999801
25.62,0.4985700365357572,-0.2832279536176674,9.934114657822052,0.0093641089361992,0.0265085890537338,0.0120613206612884,0.010000000000001563
25.63,0.4982517831153205,-0.2838162736965657,9.935774425364157,0.0095403617162949,0.0263668043422988,0.0123037861003925,0.00999999999999801
25.64,0.4979016417508339,-0.2843943764202634,9.937383884813082,0.0097156604681693,0.0262223829724019,0.0125459439454849,0.010000000000001563
25.65,0.4975196348512252,-0.2849622409771244,9.938942392406512,0.0098899876620932,0.0260753393860597,0.0127877881426322,0.00999999999999801
25.66,0.4971057868648059,-0.285519846924086,9.94044932476219,0.0100633258654925,0.0259256882875082,0.0130293126457418,0.010000000000001563
25.67,0.4966601242777055,-0.2860671741873947,9.941904079127264,0.0102356577446914,0.0257734446417327,0.013270511416714,0.010000000000001563
25.68,0.4961826756121778,-0.2866042030633275,9.943306073619384,0.0104069660666454,0.0256186236729708,0.0135113784255918,0.00999999999999801
25.69,0.495673471424774,-0.2871309142189035,9.944654747459449,0.0105772337006653,0.0254612408631903,0.0137519076507128,0.010000000000001563
25.7,0.4951325443043887,-0.2876472886925775,9.9459495611959,0.0107464436201294,0.0253013119505412,0.0139920930788587,0.00999999999999801
25.71,0.4945599288701728,-0.2881533078949247,9.94718999692051,0.0109145789041869,0.0251388529277814,0.0142319287054064,0.010000000000001563
25.72,0.4939556617693187,-0.288648953609308,9.94837555847553,0.0110816227394493,0.0249738800406778,0.0144714085344777,0.00999999999999801
25.73,0.4933197816747143,-0.2891342079925356,9.94950577165214,0.0112475584216725,0.0248064097863816,0.0147105265790894,0.010000000000001563
25.74,0.492652329282469,-0.289609053575502,9.950580184380142,0.0114123693574265,0.0246364589117787,0.0149492768613029,0.00999999999999801
25.75,0.491953347309308,-0.290073473263817,9.951598366908769,0.011576039065755,0.0244640444118149,0.0151876534123733,0.010000000000001563
25.76,0.4912228804898386,-0.2905274503384227,9.952559911978586,0.0117385511798236,0.0242891835277966,0.0154256502728995,0.010000000000001563
25.77,0.4904609755736889,-0.2909709684561931,9.953464434984385,0.0118998894485562,0.0241118937456665,0.0156632614929722,0.00999999999999801
25.78,0.4896676813225121,-0.291404011650524,9.954311574129022,0.0120600377382606,0.0239321927942549,0.0159004811323235,0.010000000000001563
25.79,0.4888430485068706,-0.2918265643319068,9.95510099056814,0.0122189800342411,0.0237500986435074,0.0161373032604745,0.00999999999999801
25.8,0.4879871299029827,-0.2922386112884912,9.955832368545682,0.0123767004424007,0.0235656295026872,0.0163737219568846,0.010000000000001563
25.81,0.4870999802893466,-0.2926401376866309,9.956505415520212,0.01253318319083,0.0233788038185546,0.0166097313110986,0.00999999999999801
25.82,0.4861816564432354,-0.2930311290714187,9.957119862281912,0.0126884126313844,0.0231896402735225,0.0168453254228948,0.010000000000001563
25.83,0.4852322171370615,-0.2934115713672076,9.957675463060273,0.0128423732412493,0.0229981577837877,0.0170804984024328,0.00999999999999801
25.84,0.4842517231346165,-0.2937814508781154,9.95817199562239,0.012995049624492,0.0228043754974396,0.0173152443704004,0.010000000000001563
25.85,0.4832402371871812,-0.2941407542885201,9.958609261361858,0.0131464265136015,0.0226083127925452,0.0175495574581605,0.010000000000001563
25.86,0.4821978240295121,-0.2944894686635375,9.958987085378212,0.0132964887710149,0.0224099892752119,0.0177834318078982,0.00999999999999801
25.87,0.481124550375695,-0.294827581449488,9.959305316546882,0.0134452213906316,0.0222094247776259,0.018016861572767,0.010000000000001563
25.88,0.4800204849148773,-0.2951550804743474,9.959563827579643,0.0135926094993135,0.0220066393560701,0.0182498409170348,0.00999999999999801
25.89,0.4788856983068711,-0.2954719539481866,9.959762515075532,0.0137386383583727,0.0218016532889173,0.0184823640162302,0.010000000000001563
25.9,0.4777202631776332,-0.2957781904635947,9.959901299562198,0.0138832933650448,0.0215944870746036,0.0187144250572879,0.00999999999999801
25.91,0.4765242541146134,-0.29607377899609,9.959980125527697,0.0140265600539498,0.0213851614295779,0.0189460182386937,0.010000000000001563
25.92,0.475297747661983,-0.2963587089045174,9.95999896144269,0.0141684240985382,0.0211736972862301,0.0191771377706305,0.010000000000001563
25.93,0.4740408223157379,-0.2966329699314309,9.959957799773068,0.0143088713125237,0.0209601157907984,0.0194077778751216,0.00999999999999801
25.94,0.4727535585186692,-0.2968965522034631,9.959856656982945,0.014447887651302,0.0207444383012543,0.0196379327861769,0.010000000000001563
25.95,0.4714360386552219,-0.2971494462316809,9.959695573528093,0.0145854592133549,0.0205266863851671,0.0198675967499352,0.00999999999999801
25.96,0.4700883470462173,-0.2973916429119265,9.959474613839744,0.0147215722416411,0.0203068818175468,0.0200967640248095,0.010000000000001563
25.97,0.4687105699434581,-0.2976231335251453,9.959193866298827,0.014856213124971,0.0200850465786672,0.0203254288816299,0.00999999999999801
25.98,0.4673027955242082,-0.2978439097377007,9.958853443200615,0.0149893683993686,0.0198612028518671,0.020553585603787,0.010000000000001563
25.99,0.4658651138855511,-0.2980539636016726,9.95845348070981,0.0151210247494174,0.0196353730213328,0.0207812284873745,0.00999999999999801
26.0,0.4643976170386202,-0.2982532875551445,9.957994138806074,0.015251169009592,0.0194075796698592,0.021008351841332,0.010000000000001563
26.01,0.4629003989027122,-0.2984418744224759,9.957475601220043,0.0153797881655749,0.0191778455765914,0.0212349499875878,0.010000000000001563
26.02,0.4613735552992781,-0.2986197174145596,9.956898075359842,0.0155068693555577,0.0189461937147476,0.0214610172611998,0.00999999999999801
26.03,0.4598171839457867,-0.2987868101290674,9.956261792228108,0.0156323998715274,0.0187126472493206,0.0216865480104981,0.010000000000001563
26.04,0.4582313844494734,-0.2989431465506794,9.955567006329618,0.0157563671605367,0.0184772295347626,0.0219115365972255,0.00999999999999801
26.05,0.4566162583009639,-0.2990887210513014,9.95481399556946,0.0158787588259604,0.0182399641126487,0.0221359773966794,0.010000000000001563
26.06,0.4549719088677819,-0.2992235283902673,9.954003061141906,0.0159995626287337,0.0180008747093234,0.0223598647978512,0.00999999999999801
26.07,0.453298441387729,-0.299347563714527,9.953134527409908,0.016118766488577,0.017759985233528,0.0225831932035676,0.010000000000001563
26.08,0.4515959629621522,-0.2994608225588226,9.95220874177538,0.0162363584852037,0.0175173197740091,0.0228059570306302,0.00999999999999801
26.09,0.4498645825490918,-0.2995633008458478,9.951226074540235,0.0163523268595122,0.0172729025971105,0.0230281507099548,0.010000000000001563
26.1,0.4481044109563,-0.2996549948863953,9.950186918758265,0.0164666600147616,0.0170267581443463,0.023249768686711,0.010000000000001563
26.11,0.4463155608341606,-0.2997359013794896,9.94909169007792,0.0165793465177317,0.0167789110299566,0.023470805420461,0.00999999999999801
26.12,0.4444981466684698,-0.2998060174125057,9.94794082657608,0.0166903750998661,0.0165293860384461,0.0236912553852979,0.010000000000001563
26.13,0.4426522847731139,-0.2998653404612739,9.946734788582791,0.0167997346583991,0.0162782081221064,0.0239111130699841,0.00999999999999801
26.14,0.4407780932826234,-0.299913868390171,9.94547405849718,0.016907414257466,0.0160254023985195,0.0241303729780889,0.010000000000001563
26.15,0.4388756921446156,-0.2999515994521967,9.944159140594463,0.0170134031291966,0.0157709941480472,0.0243490296281261,0.00999999999999801
26.16,0.436945203112113,-0.2999785322890368,9.942790560824278,0.0171176906747921,0.0155150088113026,0.0245670775536907,0.010000000000001563
26.17,0.4349867497357542,-0.2999946659311122,9.941368866600277,0.0172202664655848,0.015257471986606,0.024784511303596,0.010000000000001563
26.18,0.4330004573558882,-0.2999999997976134,9.939894626581198,0.0173211202440811,0.0149984094274253,0.0250013254420096,0.00999999999999801
26.19,0.4309864530945486,-0.2999945336965219,9.938368430443392,0.0174202419249873,0.0147378470398004,0.0252175145485893,0.010000000000001563
26.2,0.4289448658473208,-0.2999782678246167,9.936790888644964,0.0175176215962177,0.0144758108797531,0.0254330732186186,0.00999999999999801
26.21,0.4268758262750906,-0.2999512027674674,9.9351626321816,0.0176132495198866,0.0142123271506809,0.0256479960631422,0.010000000000001563
26.22,0.4247794667956873,-0.2999133394994132,9.93348431233418,0.017707116133281,0.0139474222007372,0.0258622777091,0.00999999999999801
26.23,0.4226559215753983,-0.2998646793835276,9.931756600408258,0.0177992120498181,0.0136811225201962,0.0260759127994621,0.010000000000001563
26.24,0.4205053265203948,-0.2998052241715695,9.929980187465574,0.0178895280599827,0.0134134547388041,0.0262888959933624,0.00999999999999801
26.25,0.418327819268028,-0.2997349760039202,9.928155784047618,0.0179780551322493,0.0131444456231161,0.0265012219662319,0.010000000000001563
26.26,0.4161235391780151,-0.2996539374095061,9.926284119891433,0.0180647844139843,0.0128741220738193,0.0267128854099326,0.010000000000001563
26.27,0.4138926273235322,-0.2995621113057078,9.924365943637724,0.0181497072323318,0.0126025111230436,0.0269238810328893,0.00999999999999801
26.28,0.4116352264821757,-0.2994595009982551,9.92240202253142,0.0182328150950809,0.0123296399316576,0.0271342035602226,0.010000000000001563
26.29,0.4093514811268289,-0.2993461101811082,9.920393142114778,0.0183140996915143,0.0120555357865532,0.02734384773388,0.00999999999999801
26.3,0.407041537416414,-0.2992219429363241,9.918340105913176,0.0183935528932404,0.0117802260979162,0.0275528083127683,0.010000000000001563
26.31,0.404705543186542,-0.2990870037339101,9.916243735113728,0.018471166755005,0.0115037383964863,0.0277610800728838,0.00999999999999801
26.32,0.4023436479400452,-0.2989412974316632,9.914104868236796,0.0185469335154866,0.0112261003308033,0.0279686578074433,0.010000000000001563
26.33,0.3999560028374123,-0.2987848292749943,9.911924360800615,0.0186208455980725,0.0109473396644421,0.0281755363270144,0.00999999999999801
26.34,0.3975427606871168,-0.2986176048967402,9.90970308497909,0.0186928956116159,0.0106674842732374,0.0283817104596447,0.010000000000001563
26.35,0.3951040759358316,-0.2984396303169604,9.90744192925293,0.0187630763511755,0.0103865621424947,0.0285871750509918,0.010000000000001563
26.36,0.3926401046585485,-0.2982509119427208,9.905141798054276,0.0188313807987358,0.0101046013641934,0.0287919249644515,0.00999999999999801
26.37,0.390151004548587,-0.2980514565678623,9.90280361140494,0.018897802123909,0.009821630134176,0.0289959550812867,0.010000000000001563
26.38,0.3876369349075079,-0.2978412713727568,9.90042830454841,0.0189623336846179,0.0095376767493299,0.029199260300755,0.00999999999999801
26.39,0.3850980566349055,-0.2976203639240487,9.898016827575752,0.0190249690277602,0.0092527696047569,0.0294018355402367,0.010000000000001563
26.4,0.3825345322181251,-0.2973887421743824,9.895570145045609,0.0190857018898539,0.008966937190934,0.0296036757353612,0.00999999999999801
26.41,0.3799465257218565,-0.2971464144621156,9.893089235598364,0.0191445261976633,0.0086802080908645,0.0298047758401341,0.010000000000001563
26.42,0.3773342027776274,-0.29689338951102,9.890575091564722,0.0192014360688066,0.0083926109772193,0.0300051308270634,0.010000000000001563
26.43,0.3746977305732183,-0.2966296764299666,9.888028718568776,0.0192564258123442,0.0081041746094704,0.0302047356872847,0.00999999999999801
26.44,0.3720372778419491,-0.2963552847125975,9.88545113512577,0.0193094899293475,0.0078149278310138,0.0304035854306871,0.010000000000001563
26.45,0.3693530148518864,-0.2960702242369852,9.882843372234715,0.0193606231134491,0.0075248995662866,0.0306016750860371,0.00999999999999801
26.46,0.3666451133949442,-0.2957745052652759,9.880206472966002,0.0194098202513731,0.0072341188178735,0.0307989997011039,0.010000000000001563
26.47,0.363913746775894,-0.2954681384433207,9.877541492044172,0.0194570764234468,0.0069426146636071,0.0309955543427822,0.00999999999999801
26.48,0.3611590898012656,-0.2951511348002918,9.87484949542607,0.0195023869040924,0.0066504162536597,0.0311913340972164,0.010000000000001563
26.49,0.3583813187681641,-0.2948235057482866,9.87213155987444,0.0195457471622994,0.0063575528076289,0.0313863340699227,0.00999999999999801
26.5,0.3555806114529899,-0.2944852630819154,9.869388772527277,0.0195871528620783,0.0060640536116154,0.0315805493859119,0.010000000000001563
26.51,0.352757147100054,-0.2941364189778774,9.866622230462935,0.0196265998628936,0.005769948015294,0.0317739751898113,0.010000000000001563
26.52,0.3499111064101112,-0.2937769859945231,9.863833040261367,0.019664084220078,0.0054752654289795,0.0319666066459858,0.00999999999999801
26.53,0.347042671528793,-0.2934069770714008,9.861022317561458,0.019699602185227,0.0051800353206846,0.0321584389386591,0.010000000000001563
26.54,0.3441520260349565,-0.2930264055287919,9.858191186614812,0.0197331502065739,0.0048842872131745,0.0323494672720339,0.00999999999999801
26.55,0.3412393549289214,-0.2926352850672307,9.85534077983606,0.0197647249293443,0.0045880506810132,0.0325396868704117,0.010000000000001563
26.56,0.338304844620647,-0.2922336297670116,9.85247223734991,0.0197943231960923,0.0042913553476072,0.0327290929783126,0.00999999999999801
26.57,0.335348682917794,-0.2918214540876822,9.849586706535108,0.019821942047016,0.0039942308822426,0.0329176808605936,0.010000000000001563
26.58,0.332371059013697,-0.2913987728675222,9.846685341565507,0.0198475787202532,0.0036967069971182,0.0331054458025676,0.00999999999999801
26.59,0.3293721634752736,-0.2909656013230102,9.843769302948411,0.0198712306521579,0.0033988134443747,0.0332923831101207,0.010000000000001563
26.6,0.3263521882308132,-0.2905219550482746,9.84083975706039,0.0198928954775567,0.0031005800131191,0.0334784881098301,0.010000000000001563
26.61,0.3233113265577007,-0.2900678500145338,9.837897875680737,0.0199125710299851,0.002802036526446,0.0336637561490803,0.00999999999999801
26.62,0.3202497730700439,-0.2896033025695196,9.834944835522776,0.0199302553419043,0.0025032128384553,0.0338481825961802,0.010000000000001563
26.63,0.3171677237062236,-0.2891283294368902,9.831981817763198,0.0199459466448978,0.0022041388312668,0.0340317628404781,0.00999999999999801
26.64,0.3140653757163458,-0.2886429477156267,9.829010007569602,0.0199596433698484,0.0019048444120318,0.0342144922924775,0.010000000000001563
26.65,0.3109429276496215,-0.2881471748794189,9.826030593626443,0.0199713441470949,0.001605359509943,0.0343963663839516,0.00999999999999801
26.66,0.307800579341664,-0.2876410287760354,9.823044767659573,0.0199810478065695,0.0013057140732411,0.0345773805680575,0.010000000000001563
26.67,0.304638531901691,-0.287124527626681,9.820053723959564,0.0199887533779142,0.0010059380662199,0.0347575303194502,0.010000000000001563
26.68,0.3014569876996593,-0.2865976900253416,9.81705865890402,0.0199944600905784,0.0007060614662304,0.0349368111343951,0.00999999999999801
26.69,0.2982561503533106,-0.2860605349381137,9.81406077047903,0.0199981673738955,0.0004061142606826,0.0351152185308814,0.010000000000001563
26.7,0.2950362247151467,-0.2855130817025225,9.81106125779999,0.0199998748571404,0.0001061264440472,0.0352927480487332,0.00999999999999801
26.71,0.2917974168593035,-0.2849553500268254,9.80806132063198,0.019999582369566,-0.0001938719851441,0.035469395249722,0.010000000000001563
26.72,0.2885399340683828,-0.2843873599893025,9.80506215890987,0.0199972899404209,-0.0004938510272984,0.0356451557176769,0.00999999999999801
26.73,0.2852639848201699,-0.2838091320375338,9.802064972258355,0.0199929977989461,-0.0007937806847617,0.0358200250585954,0.010000000000001563
26.74,0.2819697787742968,-0.283220686987663,9.79907095951214,0.0199867063743522,-0.001093630964818,0.0359939989007531,0.00999999999999801
26.75,0.2786575267588292,-0.2826220460236485,9.796081318236403,0.0199784162957764,-0.001393371882689,0.0361670728948129,0.010000000000001563
26.76,0.2753274407567639,-0.2820132306965003,9.793097244247791,0.0199681283922197,-0.0016929734645331,0.0363392427139341,0.010000000000001563
26.77,0.2719797338924684,-0.2813942629235048,9.790119931136111,0.0199558436924638,-0.0019924057504414,0.03651050405388,0.00999999999999801
26.78,0.2686146204180378,-0.2807651649874338,9.787150569786917,0.0199415634249684,-0.002291638797435,0.0366808526331262,0.010000000000001563
26.79,0.265232315699589,-0.2801259595357467,9.784190347905149,0.0199252890177485,-0.0025906426824585,0.0368502841929671,0.00999999999999801
26.8,0.2618330362034677,-0.2794766695797694,9.781240449540096,0.0199070220982311,-0.0028893875053728,0.0370187944976224,0.010000000000001563
26.81,0.2584169994824001,-0.2788173184938704,9.778302054611771,0.0198867644930931,-0.0031878433919443,0.0371863793343433,0.00999999999999801
26.82,0.2549844241615733,-0.2781479300146185,9.775376338438967,0.019864518228078,-0.003485980496833,0.0373530345135177,0.010000000000001563
26.83,0.2515355299246347,-0.2774685282399258,9.772464471269146,0.0198402855277938,-0.0037837690065772,0.0375187558687747,0.00999999999999801
26.84,0.2480705374996381,-0.2767791376281829,9.76956761781035,0.0198140688154903,-0.0040811791425737,0.037683539257089,0.010000000000001563
26.85,0.2445896686449146,-0.2760797829973775,9.76668693676534,0.0197858707128169,-0.004378181164057,0.0378473805588846,0.010000000000001563
26.86,0.2410931461348873,-0.2753704895242008,9.763823580368122,0.0197556940395605,-0.0046747453710723,0.0380102756781375,0.00999999999999801
26.87,0.2375811937457973,-0.2746512827431412,9.76097869392308,0.0197235418133631,-0.0049708421074462,0.0381722205424781,0.010000000000001563
26.88,0.2340540362414033,-0.2739221885455651,9.75815341534686,0.0196894172494206,-0.0052664417637515,0.0383332111032933,0.00999999999999801
26.89,0.2305118993585801,-0.273183233178785,9.755348874713222,0.019653323760161,-0.0055615147802694,0.0384932433358274,0.010000000000001563
26.9,0.2269550097928776,-0.2724344432451142,9.752566193801028,0.019615264954903,-0.0058560316499437,0.038652313239283,0.00999999999999801
26.91,0.2233835951840171,-0.2716758457009094,9.74980648564554,0.0195752446394956,-0.006149962921333,0.0388104168369207,0.010000000000001563
26.92,0.2197978841013129,-0.2709074678556004,9.747070854093224,0.0195332668159368,-0.0064432792015552,0.0389675501761589,0.010000000000001563
26.93,0.2161981060290505,-0.270129337370707,9.744360393360225,0.0194893356819742,-0.0067359511592265,0.0391237093286723,0.00999999999999801
26.94,0.212584491351796,-0.2693414822588412,9.7416761875947,0.0194434556306843,-0.0070279495273953,0.0392788903904901,0.010000000000001563
26.95,0.2089572713396586,-0.2685439308827039,9.739019310443163,0.0193956312500343,-0.0073192451064678,0.0394330894820939,0.00999999999999801
26.96,0.2053166781334795,-0.2677367119540572,9.736390824621056,0.0193458673224222,-0.0076098087671292,0.0395863027485145,0.010000000000001563
26.97,0.2016629447299811,-0.2669198545326955,9.733791781487655,0.0192941688241994,-0.0078996114532552,0.0397385263594281,0.00999999999999801
26.98,0.1979963049668524,-0.266093388025398,9.731223220625566,0.0192405409251726,-0.008188624184819,0.0398897565092525,0.010000000000001563
26.99,0.1943169935077901,-0.2652573421848697,9.72868616942488,0.019184988988087,-0.0084768180607881,0.0400399894172418,0.00999999999999801
27.0,0.19062524582747,-0.2644117471086704,9.72618164267226,0.01912751856809,-0.008764164262015,0.040189221327581,0.010000000000001563
27.01,0.186921298196482,-0.2635566332381316,9.723710642145,0.0190681354121758,-0.0090506340541193,0.0403374485094802,0.010000000000001563
27.02,0.183205387666215,-0.2626920313572604,9.72127415621038,0.0190068454586104,-0.0093361987903603,0.0404846672572676,0.00999999999999801
27.03,0.179477752053668,-0.261817972591631,9.718873159430276,0.0189436548363381,-0.0096208299145024,0.0406308738904822,0.010000000000001563
27.04,0.1757386299262529,-0.2609344884072646,9.716508612171392,0.0188785698643685,-0.0099044989636703,0.0407760647539656,0.00999999999999801
27.05,0.1719882605865078,-0.2600416106094965,9.714181460221104,0.0188115970511446,-0.0101871775711957,0.040920236217954,0.010000000000001563
27.06,0.1682268840567887,-0.2591393713418308,9.711892634409164,0.0187427430938918,-0.0104688374694533,0.0410633846781682,0.00999999999999801
27.07,0.1644547410639129,-0.2582278030847839,9.70964305023538,0.0186720148779486,-0.0107494504926878,0.0412055065559041,0.010000000000001563
27.08,0.1606720730237429,-0.2573069386547145,9.707433607503429,0.0185994194760775,-0.011028988579831,0.0413465982981223,0.00999999999999801
27.09,0.1568791220257419,-0.2563768112026432,9.70526518996094,0.0185249641477583,-0.0113074237773068,0.0414866563775364,0.010000000000001563
27.1,0.1530761308174776,-0.2554374542130562,9.703138664946025,0.0184486563384617,-0.0115847282418279,0.0416256772927019,0.010000000000001563
27.11,0.1492633427890925,-0.2544889015027057,9.701054883040328,0.0183705036789051,-0.0118608742431786,0.0417636575681031,0.00999999999999801
27.12,0.1454410019577173,-0.2535311872193855,9.699014677728837,0.0182905139842893,-0.0121358341669892,0.0419005937542403,0.010000000000001563
27.13,0.1416093529518606,-0.2525643458407066,9.697018865066465,0.0182086952535171,-0.012409580517496,0.0420364824277159,0.00999999999999801
27.14,0.1377686409957492,-0.2515884121728544,9.695068243351674,0.0181250556683934,-0.0126820859202926,0.0421713201913203,0.010000000000001563
27.15,0.1339191118936407,-0.2506034213493355,9.69316359280714,0.0180396035928071,-0.0129533231250654,0.0423051036741162,0.00999999999999801
27.16,0.130061012014082,-0.2496094088297132,9.691305675267683,0.0179523475718944,-0.0132232650083201,0.0424378295315237,0.010000000000001563
27.17,0.1261945882741466,-0.2486064103983308,9.689495233875553,0.0178632963311848,-0.0134918845760933,0.0425694944454033,0.010000000000001563
27.18,0.1223200881236396,-0.2475944621630235,9.68773299278316,0.0177724587757281,-0.0137591549666521,0.0427000951241388,0.00999999999999801
27.19,0.118437759529241,-0.2465736005538185,9.68601965686345,0.0176798439892041,-0.0140250494531802,0.0428296283027202,0.010000000000001563
27.2,0.1145478509586609,-0.2455438623216234,9.684355911427946,0.0175854612330144,-0.0142895414464504,0.0429580907428247,0.00999999999999801
27.21,0.1106506113647184,-0.2445052845369035,9.68274242195264,0.0174893199453559,-0.014552604497484,0.0430854792328981,0.010000000000001563
27.22,0.1067462901694172,-0.2434579045883475,9.681179833811806,0.0173914297402773,-0.0148142123001948,0.0432117905882347,0.00999999999999801
27.23,0.1028351372479794,-0.2424017601815184,9.679668772019866,0.0172918004067174,-0.0150743386940209,0.0433370216510572,0.010000000000001563
27.24,0.0989174029128604,-0.2413368893375028,9.678209840981394,0.0171904419075266,-0.0153329576665395,0.0434611692905956,0.00999999999999801
27.25,0.0949933378977188,-0.240263330391536,9.67680362424935,0.0170873643784704,-0.0155900433560687,0.0435842304031652,0.010000000000001563
27.26,0.0910631933413743,-0.2391811219916222,9.67545068429168,0.0169825781272158,-0.0158455700542541,0.0437062019122449,0.010000000000001563
27.27,0.0871272207717406,-0.2380903030971496,9.674151562266324,0.0168760936323005,-0.0160995122086386,0.043827080768553,0.00999999999999801
27.28,0.0831856720897168,-0.2369909129774786,9.672906777804776,0.0167679215420854,-0.0163518444252185,0.0439468639501247,0.010000000000001563
27.29,0.0792387995530732,-0.2358829912105353,9.671716828804218,0.0166580726736893,-0.0166025414709823,0.0440655484623864,0.00999999999999801
27.3,0.0752868557603033,-0.2347665776813838,9.670582191228387,0.0165465580119075,-0.0168515782764344,0.0441831313382317,0.010000000000001563
27.31,0.0713300936344643,-0.2336417125807905,9.669503318917188,0.0164333887081133,-0.0170989299381019,0.0442996096380948,0.00999999999999801
27.32,0.0673687664069801,-0.2325084364037776,9.668480643405156,0.0163185760791427,-0.0173445717210246,0.0444149804500241,0.010000000000001563
27.33,0.0634031276014391,-0.2313667899481651,9.667514573748862,0.016202131606163,-0.017588479061229,0.0445292408897555,0.00999999999999801
27.34,0.0594334310173768,-0.230216814313102,9.66660549636329,0.0160840669335244,-0.0178306275681841,0.0446423881007838,0.010000000000001563
27.35,0.0554599307140124,-0.229058550897587,9.665753774867271,0.0159643938675957,-0.0180709930272414,0.0447544192544348,0.010000000000001563
27.36,0.0514828809940143,-0.227892041398978,9.664959749938047,0.015843124375584,-0.018309551402055,0.0448653315499353,0.00999999999999801
27.37,0.0475025363872054,-0.2267173278114909,9.664223739175004,0.0157202705843372,-0.0185462788369863,0.0449751222144839,0.010000000000001563
27.38,0.0435191516342819,-0.2255344524246887,9.663546036972631,0.0155958447791322,-0.0187811516594891,0.0450837885033195,0.00999999999999801
27.39,0.0395329816705065,-0.2243434578219556,9.66292691440278,0.0154698594024457,-0.0190141463824769,0.0451913276997907,0.010000000000001563
27.4,0.0355442816093999,-0.2231443868789706,9.662366619106216,0.0153423270527105,-0.0192452397066715,0.0452977371154231,0.00999999999999801
27.41,0.0315533067264027,-0.2219372827621583,9.661865375193594,0.0152132604830553,-0.019474408522933,0.0454030140899868,0.010000000000001563
27.42,0.0275603124425434,-0.2207221889271343,9.661423383155787,0.0150826726000294,-0.019701629914571,0.0455071559915631,0.010000000000001563
27.43,0.0235655543080968,-0.2194991491171483,9.661040819783729,0.0149505764623125,-0.0199268811596353,0.0456101602166097,0.00999999999999801
27.44,0.0195692879862182,-0.2182682073614993,9.66071783809766,0.014816985279408,-0.0201501397331895,0.0457120241900264,0.010000000000001563
27.45,0.0155717692365881,-0.2170294079739582,9.660454567285948,0.014681912410323,-0.020371383309562,0.0458127453652192,0.00999999999999801
27.46,0.0115732538990402,-0.2157827955511692,9.660251112653407,0.0145453713622319,-0.0205905897645797,0.045912321224164,0.010000000000001563
27.47,0.0075739978771967,-0.2145284149710448,9.660107555579184,0.0144073757891257,-0.0208077371777796,0.0460107492774694,0.00999999999999801
27.48,0.0035742571220707,-0.2132663113911506,9.660023953484188,0.0142679394904467,-0.0210228038346015,0.0461080270644393,0.010000000000001563
27.49,-0.000425712384291,-0.2119965302470789,9.660000339808144,0.0141270764097085,-0.021235768228559,0.046204152153134,0.00999999999999801
27.5,-0.0044256546452019,-0.210719117250814,9.660036723996209,0.0139848006331019,-0.0214466090633899,0.0462991221404313,0.010000000000001563
27.51,-0.0084253136657297,-0.2094341183890857,9.66013309149519,0.0138411263880859,-0.0216553052551867,0.0463929346520866,0.010000000000001563
27.52,-0.012424433469057,-0.2081415799217142,9.660289403759377,0.0136960680419654,-0.0218618359345039,0.0464855873427918,0.00999999999999801
27.53,-0.0164227581128831,-0.2068415483799449,9.660505598265942,0.013549640100454,-0.0220661804484459,0.0465770778962346,0.010000000000001563
27.54,-0.0204200317057956,-0.2055340705647735,9.660781588539969,0.013401857206224,-0.0222683183627313,0.0466674040251559,0.00999999999999801
27.55,-0.0244159984236507,-0.2042191935452578,9.661117264189029,0.0132527341374414,-0.0224682294637375,0.0467565634714072,0.010000000000001563
27.56,-0.028410402525939,-0.202896964656831,9.661512490947338,0.013102285806289,-0.0226658937605207,0.0468445540060069,0.00999999999999801
27.57,-0.0324029883721629,-0.2015674314995901,9.661967110729458,0.0129505272574745,-0.022861291486816,0.0469313734291962,0.010000000000001563
27.58,-0.036393500438193,-0.2002306419365829,9.662480941693545,0.0127974736667264,-0.0230544031030137,0.0470170195704942,0.00999999999999801
27.59,-0.0403816833326156,-0.1988866440920925,9.663053778314056,0.0126431403392761,-0.0232452092981129,0.0471014902887517,0.010000000000001563
27.6,-0.0443672818130885,-0.1975354863498937,9.663685391463986,0.0124875427083278,-0.0234336909916534,0.0471847834722052,0.010000000000001563
27.61,-0.0483500408026693,-0.1961772173515201,9.664375528506495,0.0123306963335149,-0.0236198293356226,0.0472668970385294,0.00999999999999801
27.62,-0.052329705406144,-0.194811885994509,9.665123913395968,0.0121726168993442,-0.0238036057163415,0.0473478289348895,0.010000000000001563
27.63,-0.056306020926331,-0.1934395414306417,9.665930246788426,0.0120133202136274,-0.0239850017563249,0.0474275771379922,0.00999999999999801
27.64,-0.0602787328804014,-0.1920602330641744,9.666794206161264,0.0118528222059003,-0.0241639993161202,0.0475061396541367,0.010000000000001563
27.65,-0.0642475870161424,-0.1906740105500592,9.667715445942257,0.0116911389258299,-0.0243405804961205,0.0475835145192641,0.00999999999999801
27.66,-0.0682123293282407,-0.189280923792157,9.668693597647763,0.0115282865416095,-0.0245147276383549,0.0476596997990068,0.010000000000001563
27.67,-0.0721727060745487,-0.1878810229414406,9.669728270030156,0.0113642813383418,-0.0246864233282543,0.0477346935887369,0.010000000000001563
27.68,-0.0761284637923009,-0.1864743583941895,9.67081904923427,0.0111991397164106,-0.0248556503963929,0.0478084940136133,0.00999999999999801
27.69,-0.0800793493143556,-0.1850609807901753,9.671965498962969,0.0110328781898402,-0.0250223919202048,0.0478810992286295,0.010000000000001563
27.7,-0.0840251097853879,-0.1836409410108401,9.673167160651648,0.0108655133846449,-0.0251866312256766,0.0479525074186587,0.00999999999999801
27.71,-0.0879654926780762,-0.18221429017746,9.674423553651652,0.0106970620371657,-0.0253483518890146,0.0480227167985001,0.010000000000001563
27.72,-0.0919002458092568,-0.1807810796493144,9.675734175422534,0.010527540992397,-0.0255075377382872,0.0480917256129226,0.00999999999999801
27.73,-0.0958291173560742,-0.1793413610218248,9.67709850173306,0.0103569672023019,-0.0256641728550423,0.0481595321367096,0.010000000000001563
27.74,-0.0997518558720921,-0.1778951861247065,9.678515986870895,0.0101853577241174,-0.0258182415758986,0.0482261346747014,0.00999999999999801
27.75,-0.1036682103033811,-0.1764426070201021,9.679986063860886,0.0100127297186483,-0.0259697284941125,0.0482915315618382,0.010000000000001563
27.76,-0.1075779300045959,-0.1749836760006998,9.681508144691838,0.0098391004485511,-0.0261186184611183,0.0483557211632011,0.010000000000001563
27.77,-0.1114807647550104,-0.1735184455878597,9.68308162055171,0.0096644872766084,-0.0262648965880433,0.0484187018740535,0.00999999999999801
27.78,-0.1153764647745342,-0.1720469685297184,9.684705862071135,0.0094889076639917,-0.026408548247197,0.0484804721198808,0.010000000000001563
27.79,-0.1192647807396908,-0.1705692977992912,9.686380219575172,0.0093123791685161,-0.026549559073533,0.0485410303564301,0.00999999999999801
27.8,-0.1231454637995925,-0.1690854865925646,9.688104023343136,0.0091349194428838,-0.0266879149660862,0.0486003750697488,0.010000000000001563
27.81,-0.1270182655918445,-0.1675955883265819,9.6898765838765,0.0089565462329197,-0.0268236020893827,0.0486585047762219,0.00999999999999801
27.82,-0.1308829382584507,-0.1660996566375197,9.691697192174692,0.008777277375796,-0.0269566068748231,0.0487154180226099,0.010000000000001563
27.83,-0.1347392344616864,-0.1645977453787573,9.693565120018668,0.0085971307982492,-0.0270869160220398,0.0487711133860846,0.00999999999999801
27.84,-0.1385869073999057,-0.1630899086189378,9.695479620262187,0.0084161245147868,-0.0272145165002266,0.0488255894742648,0.010000000000001563
27.85,-0.1424257108233557,-0.1615762006400217,9.697439927130684,0.0082342766258862,-0.0273393955494422,0.0488788449252512,0.010000000000001563
27.86,-0.1462553990499275,-0.1600566759353337,9.699445256527548,0.0080516053161851,-0.0274615406818855,0.0489308784076602,0.00999999999999801
27.87,-0.1500757269808836,-0.1585313892075963,9.70149480634776,0.0078681288526619,-0.0275809396831452,0.0489816886206575,0.010000000000001563
27.88,-0.1538864501165369,-0.1570003953669707,9.703587756798711,0.0076838655828102,-0.0276975806134206,0.0490312742939904,0.00999999999999801
27.89,-0.1576873245719092,-0.1554637495290669,9.705723270728138,0.0074988339328034,-0.0278114518087159,0.0490796341880196,0.010000000000001563
27.9,-0.1614781070923344,-0.1539215070129692,9.707900493958933,0.0073130524056523,-0.0279225418820065,0.0491267670937504,0.00999999999999801
27.91,-0.1652585550690218,-0.1523737233392444,9.710118555630832,0.0071265395793549,-0.0280308397243776,0.0491726718328626,0.010000000000001563
27.92,-0.169028426554593,-0.1508204542279348,9.71237656854875,0.0069393141050383,-0.0281363345061352,0.04921734725774,0.010000000000001563
27.93,-0.1727874802785595,-0.1492617555965616,9.714673629537616,0.006751394705094,-0.028239015677889,0.0492607922514993,0.00999999999999801
27.94,-0.1765354756627678,-0.1476976835581072,9.717008819803668,0.0065628001713052,-0.0283388729716075,0.049303005728018,0.010000000000001563
27.95,-0.1802721728367878,-0.146128294418996,9.719381205301932,0.0063735493629684,-0.0284358964016445,0.0493439866319614,0.00999999999999801
27.96,-0.1839973326532822,-0.1445536446770676,9.72178983710984,0.0061836612050065,-0.0285300762657378,0.049383733938809,0.010000000000001563
27.97,-0.1877107167032895,-0.1429737910195425,9.724233751806784,0.0059931546860771,-0.0286214031459795,0.0494222466548801,0.00999999999999801
27.98,-0.1914120873314996,-0.1413887903209819,9.726711971859473,0.0058020488566734,-0.0287098679097578,0.049459523817359,0.010000000000001563
27.99,-0.1951012076514573,-0.1397986996412397,9.729223506012923,0.0056103628272191,-0.0287954617106698,0.0494955644943185,0.00999999999999801
28.0,-0.198777841560718,-0.1382035762234087,9.731767349686963,0.0054181157661573,-0.0288781759894069,0.0495303677847435,0.010000000000001563
28.01,-0.2024417537559683,-0.1366034774917596,9.734342485378042,0.005225326898034,-0.0289580024746102,0.0495639328185536,0.010000000000001563
28.02,-0.2060927097480781,-0.1349984610496749,9.736947883066216,0.0050320155015754,-0.0290349331836976,0.0495962587566246,0.00999999999999801
28.03,-0.2097304758771118,-0.1333885846775704,9.739582500627144,0.0048382009077598,-0.0291089604236623,0.0496273447908099,0.010000000000001563
28.04,-0.2133548193272756,-0.1317739063308253,9.742245284248938,0.0046439024978854,-0.029180076791842,0.0496571901439602,0.00999999999999801
28.05,-0.2169655081418275,-0.1301544841376828,9.744935168853647,0.004449139701631,-0.0292482751766592,0.0496857940699432,0.010000000000001563
28.06,-0.2205623112379172,-0.1285303763971672,9.747651078523296,0.0042539319951141,-0.0293135487583322,0.0497131558536622,0.00999999999999801
28.07,-0.2241449984213713,-0.1269016415769844,9.750391926930227,0.0040582988989426,-0.0293758910095573,0.0497392748110741,0.010000000000001563
28.08,-0.2277133404014343,-0.1252683383114093,9.753156617771625,0.0038622599762631,-0.0294352956961612,0.0497641502892063,0.00999999999999801
28.09,-0.2312671088054377,-0.1236305253991839,9.755944045208008,0.0036658348308046,-0.0294917568777248,0.0497877816661732,0.010000000000001563
28.1,-0.2348060761934181,-0.1219882618013962,9.758753094305574,0.0034690431049178,-0.0295452689081771,0.0498101683511915,0.010000000000001563
28.11,-0.238330016072666,-0.1203416066393584,9.761582641482132,0.0032719044776114,-0.0295958264363595,0.0498313097845954,0.00999999999999801
28.12,-0.2418387029122381,-0.1186906191924785,9.764431554956545,0.0030744386625838,-0.0296434244065614,0.04985120543785,0.010000000000001563
28.13,-0.2453319121573697,-0.1170353588961262,9.7672986952014,0.002876665406252,-0.0296880580590254,0.049869854813565,0.00999999999999801
28.14,-0.2488094202438631,-0.1153758853394934,9.770182915398834,0.0026786044857767,-0.0297297229304234,0.0498872574455071,0.010000000000001563
28.15,-0.2522710046123891,-0.113712258263449,9.77308306189922,0.002480275707085,-0.0297684148543031,0.0499034128986114,0.00999999999999801
28.16,-0.2557164437227268,-0.112044537558388,9.775997974682628,0.0022816989028896,-0.0298041299615043,0.0499183207689923,0.010000000000001563
28.17,-0.2591455170679505,-0.1103727832620758,9.77892648782281,0.0020828939307052,-0.0298368646805461,0.049931980683954,0.010000000000001563
28.18,-0.2625580051885367,-0.1086970555574873,9.781867429953552,0.0018838806708635,-0.0298666157379837,0.0499443923019991,0.00999999999999801
28.19,-0.265953689686412,-0.107017414770636,9.78481962473722,0.0016846790245246,-0.0298933801587364,0.049955555312838,0.010000000000001563
28.2,-0.2693323532389244,-0.1053339213684129,9.787781891335255,0.0014853089116872,-0.0299171552663842,0.0499654694373958,0.00999999999999801
28.21,-0.2726937796127616,-0.1036466359563955,9.79075304488052,0.0012857902691963,-0.0299379386834362,0.0499741344278202,0.010000000000001563
28.22,-0.2760377536777827,-0.1019556192766775,9.793731896951211,0.00108614304875,-0.0299557283315681,0.0499815500674866,0.00999999999999801
28.23,-0.2793640614207907,-0.1002609322056768,9.796717256046216,0.000886387214904,-0.0299705224318299,0.0499877161710046,0.010000000000001563
28.24,-0.2826724899592223,-0.0985626357519448,9.799707928061704,0.000686542743075,-0.0299823195048239,0.0499926325842218,0.00999999999999801
28.25,-0.2859628275547819,-0.0968607910539705,9.802702716768737,0.000486629617544,-0.0299911183708525,0.0499962991842281,0.010000000000001563
28.26,-0.2892348636269878,-0.0951554593779792,9.80570042429177,0.0002866678294567,-0.0299969181500366,0.0499987158793589,0.010000000000001563
28.27,-0.2924883887666441,-0.0934467021157271,9.808699851587756,8.667737482538004e-05,-0.029999718262403,0.0499998826091968,0.00999999999999801
28.28,-0.2957231947492579,-0.0917345807822911,9.811699798925776,-0.0001133217474712,-0.0299995184279429,0.0499997993445736,0.010000000000001563
28.29,-0.2989390745483464,-0.0900191570138542,9.814699066366886,-0.0003133095376875,-0.0299963186666395,0.0499984660875709,0.00999999999999801
28.3,-0.3021358223487014,-0.0883004925654869,9.817696454244103,-0.0005132659972111,-0.0299901192984662,0.0499958828715201,0.010000000000001563
28.31,-0.3053132335595563,-0.0865786493089236,9.820690763642244,-0.0007131711305628,-0.0299809209433549,0.0499920497610015,0.00999999999999801
28.32,-0.3084711048276753,-0.0848536892303357,9.823680796877468,-0.0009130049473956,-0.0299687245211331,0.0499869668518426,0.010000000000001563
28.33,-0.3116092340503767,-0.0831256744280997,9.826665357976347,-0.0011127474644946,-0.0299535312514332,0.0499806342711159,0.00999999999999801
28.34,-0.3147274203884612,-0.0813946671105629,9.82964325315424,-0.0013123787077744,-0.0299353426535693,0.0499730521771356,0.010000000000001563
28.35,-0.3178254642790689,-0.0796607295937987,9.832613291292777,-0.0015118787142771,-0.029914160546386,0.0499642207594536,0.010000000000001563
28.36,-0.3209031674484456,-0.0779239242993745,9.8355742844163,-0.0017112275341682,-0.0298899870480765,0.0499541402388549,0.00999999999999801
28.37,-0.3239603329246404,-0.0761843137520902,9.838525048167048,-0.001910405232732,-0.0298628245759704,0.0499428108673521,0.010000000000001563
28.38,-0.3269967650501061,-0.0744419605777388,9.841464402278854,-0.0021093918923644,-0.0298326758462924,0.0499302329281787,0.00999999999999801
28.39,-0.3300122694942247,-0.0726969275008463,9.84439117104927,-0.0023081676145655,-0.0297995438738902,0.0499164067357827,0.010000000000001563
28.4,-0.3330066532657382,-0.0709492773424151,9.84730418380981,-0.0025067125219286,-0.0297634319719335,0.049901332635818,0.00999999999999801
28.41,-0.3359797247251088,-0.069199073017662,9.850202275394206,-0.0027050067601284,-0.0297243437515823,0.0498850110051365,0.010000000000001563
28.42,-0.3389312935967791,-0.0674463775337538,9.853084286604467,-0.0029030304999063,-0.0296822831216262,0.0498674422517781,0.010000000000001563
28.43,-0.3418611709813449,-0.0656912539875385,9.855949064674538,-0.0031007639390534,-0.0296372542880931,0.0498486268149606,0.00999999999999801
28.44,-0.3447691693676589,-0.0639337655632744,9.858795463731386,-0.0032981873043907,-0.0295892617538288,0.049828565165069,0.010000000000001563
28.45,-0.347655102644813,-0.0621739755303548,9.861622345253338,-0.0034952808537458,-0.0295383103180468,0.0498072578036436,0.00999999999999801
28.46,-0.3505187861140638,-0.0604119472410309,9.864428578525477,-0.0036920248779285,-0.0294844050758482,0.0497847052633672,0.010000000000001563
28.47,-0.3533600365006469,-0.0586477441281318,9.86721304109191,-0.0038883997026999,-0.0294275514177122,0.0497609081080521,0.00999999999999801
28.48,-0.3561786719655084,-0.0568814297027761,9.869974619204738,-0.0040843856907414,-0.0293677550289573,0.049735866932626,0.010000000000001563
28.49,-0.3589745121169383,-0.0551130675520952,9.872712208269537,-0.0042799632436176,-0.0293050218891725,0.0497095823631171,0.00999999999999801
28.5,-0.3617473780221225,-0.0533427213369357,9.875424713287174,-0.0044751128037359,-0.0292393582716197,0.0496820550566381,0.010000000000001563
28.51,-0.3644970922185906,-0.051570454789567,9.878111049291816,-0.0046698148563031,-0.0291707707426057,0.0496532857013703,0.010000000000001563
28.52,-0.3672234787255702,-0.0497963317113975,9.88077014178488,-0.0048640499312762,-0.0290992661608263,0.049623275016546,0.00999999999999801
28.53,-0.3699263630552568,-0.0480204159706635,9.883400927164816,-0.0050577986053096,-0.0290248516766802,0.0495920237524309,0.010000000000001563
28.54,-0.3726055722239758,-0.0462427715001406,9.886002353152552,-0.0052510415036971,-0.0289475347315537,0.0495595326903049,0.00999999999999801
28.55,-0.375260934763256,-0.044463462294838,9.88857337921238,-0.0054437593023103,-0.0288673230570769,0.0495258026424429,0.010000000000001563
28.56,-0.377892280730799,-0.0426825524096948,9.891112976968154,-0.0056359327295296,-0.0287842246743504,0.0494908344520942,0.00999999999999801
28.57,-0.3804994417213622,-0.0409001059572745,9.893620130614632,-0.0058275425681725,-0.0286982478931433,0.049454628993462,0.010000000000001563
28.58,-0.3830822508775333,-0.039116187105457,9.896093837323784,-0.006018569657415,-0.028609401311062,0.0494171871716806,0.00999999999999801
28.59,-0.3856405429004043,-0.0373308600751283,9.898533107645909,-0.0062089948947071,-0.0285176938126906,0.0493785099227938,0.010000000000001563
28.6,-0.3881741540601637,-0.0355441891378686,9.900936965905402,-0.0063987992376839,-0.0284231345687027,0.0493385982137306,0.010000000000001563
28.61,-0.3906829222065586,-0.0337562386136386,9.903304450591008,-0.0065879637060692,-0.0283257330349438,0.0492974530422819,0.00999999999999801
28.62,-0.3931666867792852,-0.0319670728684643,9.905634614740425,-0.006776469383574,-0.028225498951486,0.0492550754370746,0.010000000000001563
28.63,-0.3956252888182584,-0.0301767563121202,9.907926526319052,-0.0069642974197873,-0.0281224423416543,0.0492114664575469,0.00999999999999801
28.64,-0.3980585709737882,-0.0283853533958058,9.910179268592822,-0.0071514290320623,-0.0280165735110237,0.0491666271939207,0.010000000000001563
28.65,-0.4004663775166449,-0.0265929286098359,9.912391940494862,-0.0073378455073936,-0.027907903046389,0.0491205587671755,0.00999999999999801
28.66,-0.4028485543480328,-0.0247995464813091,9.91456365698591,-0.0075235282042889,-0.0277964418147063,0.0490732623290194,0.010000000000001563
28.67,-0.4052049490094489,-0.0230052715717852,9.916693549408327,-0.0077084585546335,-0.0276822009620056,0.0490247390618611,0.010000000000001563
28.68,-0.407535410692437,-0.0212101684749713,9.918780765833546,-0.0078926180655462,-0.0275651919122773,0.0489749901787795,0.00999999999999801
28.69,-0.4098397902482458,-0.0194143018143821,9.92082447140282,-0.0080759883212296,-0.0274454263663286,0.0489240169234943,0.010000000000001563
28.7,-0.4121179401973704,-0.0176177362410242,9.92282384866117,-0.0082585509848108,-0.0273229163006144,0.0488718205703341,0.00999999999999801
28.71,-0.4143697147389928,-0.0158205364310644,9.924778097884358,-0.0084402878001756,-0.0271976739660391,0.048818402424205,0.010000000000001563
28.72,-0.4165949697603077,-0.0140227670835017,9.926686437398743,-0.0086211805937939,-0.0270697118867319,0.048763763820558,0.00999999999999801
28.73,-0.4187935628457574,-0.0122244929178384,9.92854810389397,-0.0088012112765372,-0.026939042858794,0.0487079061253552,0.010000000000001563
28.74,-0.4209653532861329,-0.0104257786717504,9.93036235272826,-0.0089803618454872,-0.0268056799490194,0.0486508307350362,0.00999999999999801
28.75,-0.4231102020875853,-0.0086266890987561,9.932128458226266,-0.0091586143857362,-0.0266696364935879,0.0485925390764826,0.010000000000001563
28.76,-0.4252279719805273,-0.006827288965886,9.93384571396934,-0.0093359510721788,-0.0265309260967316,0.0485330326069831,0.010000000000001563
28.77,-0.4273185274284058,-0.0050276430513504,9.93551343307808,-0.0095123541712941,-0.0263895626293747,0.0484723128141961,0.00999999999999801
28.78,-0.4293817346363867,-0.003227816142208,9.93713094848708,-0.0096878060429192,-0.0262455602277461,0.0484103812161133,0.010000000000001563
28.79,-0.4314174615599128,-0.0014278730320341,9.938697613211742,-0.0098622891420131,-0.0260989332919659,0.0483472393610216,0.00999999999999801
28.8,-0.4334255779131568,0.0003721214814168,9.940212800607064,-0.0100357860204114,-0.0259496964846056,0.0482828888274638,0.010000000000001563
28.81,-0.4354059551773557,0.0021721025985335,9.941675904618291,-0.0102082793285708,-0.0257978647292215,0.0482173312242001,0.00999999999999801
28.82,-0.4373584666090416,0.0039720055201902,9.943086340023324,-0.0103797518173042,-0.0256434532088626,0.0481505681901672,0.010000000000001563
28.83,-0.43928298724815,0.0057717654500793,9.944443542666813,-0.0105501863395057,-0.0254864773645523,0.0480826013944373,0.00999999999999801
28.84,-0.4411793939260153,0.0075713175970334,9.945746969685787,-0.0107195658518649,-0.0253269528937443,0.0480134325361769,0.010000000000001563
28.85,-0.4430475652732583,0.0093705971773728,9.946996099726825,-0.010887873416572,-0.0251648957487525,0.0479430633446037,0.010000000000001563
28.86,-0.4448873817275504,0.0111695394172258,9.94819043315456,-0.0110550922030105,-0.0250003221351566,0.047871495578944,0.00999999999999801
28.87,-0.4466987255412672,0.0129680795548662,9.949329492251552,-0.0112212054894414,-0.0248332485101807,0.0477987310283881,0.010000000000001563
28.88,-0.4484814807890207,0.014766152843043,9.950412821409342,-0.0113861966646742,-0.0246636915810481,0.047724771512046,0.00999999999999801
28.89,-0.4502355333750866,0.0165636945513123,9.951439987310716,-0.0115500492297291,-0.0244916683033103,0.0476496188789018,0.010000000000001563
28.9,-0.4519607710406965,0.0183606399683666,9.952410579103006,-0.011712746799486,-0.0243171958791519,0.0475732750077673,0.00999999999999801
28.91,-0.4536570833712273,0.020156924404365,9.953324208562435,-0.0118742731043235,-0.0241402917556698,0.0474957418072355,0.010000000000001563
28.92,-0.4553243618032718,0.0219524831932618,9.954180510249408,-0.0120346119917458,-0.023960973623129,0.0474170212156321,0.010000000000001563
28.93,-0.4569624996315772,0.0237472516951345,9.95497914165466,-0.0121937474279977,-0.0237792594131934,0.0473371152009681,0.00999999999999801
28.94,-0.4585713920158824,0.0255411652985109,9.95571978333628,-0.0123516634996682,-0.0235951672971323,0.0472560257608894,0.010000000000001563
28.95,-0.4601509359876238,0.0273341594226939,9.956402139047468,-0.0125083444152818,-0.0234087156840042,0.0471737549226281,0.00999999999999801
28.96,-0.4617010304565274,0.0291261695200919,9.95702593585504,-0.0126637745068775,-0.0232199232188148,0.0470903047429505,0.010000000000001563
28.97,-0.4632215762170746,0.0309171310785307,9.957590924248592,-0.0128179382315755,-0.0230288087806535,0.0470056773081071,0.00999999999999801
28.98,-0.4647124759548566,0.0327069796235907,9.958096878240296,-0.012970820173132,-0.0228353914808046,0.0469198747337791,0.010000000000001563
28.99,-0.4661736342527996,0.0344956507209177,9.958543595455302,-0.0131224050434802,-0.0226396906608371,0.0468328991650266,0.00999999999999801
29.0,-0.4676049575972701,0.0362830799785422,9.958930897212682,-0.0132726776842593,-0.02244172589067,0.0467447527762341,0.010000000000001563
29.01,-0.4690063543840631,0.0380692030492071,9.959258628596894,-0.0134216230683305,-0.022241516966615,0.0466554377710568,0.010000000000001563
29.02,-0.4703777349242627,0.0398539556326736,9.959526658519756,-0.0135692263012795,-0.022039083909398,0.0465649563823653,0.00999999999999801
29.03,-0.4717190114499831,0.0416372734780416,9.959734879772874,-0.0137154726229061,-0.0218344469621559,0.0464733108721894,0.010000000000001563
29.04,-0.4730300981199826,0.0434190923860613,9.95988320907052,-0.0138603474086999,-0.0216276265884129,0.0463805035316623,0.00999999999999801
29.05,-0.4743109110251641,0.0451993482114442,9.959971587082954,-0.0140038361713031,-0.0214186434700339,0.0462865366809624,0.010000000000001563
29.06,-0.4755613681939378,0.0469779768651731,9.95999997846015,-0.014145924561959,-0.0212075185051568,0.0461914126692563,0.00999999999999801
29.07,-0.4767813895974706,0.0487549143168085,9.959968371845934,-0.0142865983719468,-0.0209942728061021,0.0460951338746393,0.010000000000001563
29.08,-0.4779708971548112,0.050530096596794,9.959876779882531,-0.014425843534003,-0.0207789276972619,0.0459977027040762,0.00999999999999801
29.09,-0.4791298147378805,0.0523034597987592,9.959725239205508,-0.0145636461237273,-0.0205615047129677,0.0458991215933412,0.010000000000001563
29.1,-0.4802580681763492,0.0540749400818204,9.95951381042911,-0.0146999923609755,-0.0203420255953367,0.0457993930069569,0.010000000000001563
29.11,-0.4813555852623823,0.0558444736728778,9.959242578122032,-0.0148348686112376,-0.0201205122920979,0.0456985194381329,0.00999999999999801
29.12,-0.4824222957552614,0.0576119968689162,9.95891165077358,-0.0149682613870009,-0.0198969869543968,0.045596503408703,0.010000000000001563
29.13,-0.4834581313858783,0.0593774460392873,9.958521160750282,-0.015100157349099,-0.0196714719345811,0.0454933474690628,0.00999999999999801
29.14,-0.4844630258611064,0.0611407576280148,9.958071264242935,-0.0152305433080456,-0.0194439897839648,0.0453890541981052,0.010000000000001563
29.15,-0.4854369148680429,0.062901868156072,9.957562141204154,-0.0153594062253535,-0.0192145632505733,0.0452836262031567,0.00999999999999801
29.16,-0.4863797360781229,0.0646607142236668,9.956993995276356,-0.0154867332148383,-0.0189832152768689,0.0451770661199116,0.010000000000001563
29.17,-0.4872914291511112,0.066417232512534,9.956367053710345,-0.0156125115439072,-0.018749968997456,0.0450693766123665,0.010000000000001563
29.18,-0.4881719357389621,0.0681713597882037,9.95568156727438,-0.0157367286348321,-0.0185148477367684,0.0449605603727535,0.00999999999999801
29.19,-0.4890211994895552,0.0699230329022836,9.954937810153904,-0.0158593720660074,-0.018277875006736,0.0448506201214729,0.010000000000001563
29.2,-0.4898391660502992,0.0716721887947307,9.954136079841843,-0.0159804295731922,-0.0180390745044346,0.0447395586070252,0.00999999999999801
29.21,-0.4906257830716147,0.0734187644961218,9.953276697019636,-0.0160998890507367,-0.0177984701097151,0.0446273786059424,0.010000000000001563
29.22,-0.4913810002102798,0.0751626971299202,9.952360005428948,-0.0162177385527926,-0.0175560858828168,0.0445140829227189,0.00999999999999801
29.23,-0.4921047691326559,0.0769039239147395,9.9513863717342,-0.016333966294508,-0.0173119460619601,0.0443996743897408,0.010000000000001563
29.24,-0.4927970435177791,0.0786423821666035,9.950356185375885,-0.0164485606532056,-0.0170660750609238,0.0442841558672153,0.00999999999999801
29.25,-0.4934577790603247,0.0803780093012028,9.949269858414809,-0.0165615101695448,-0.0168184974666031,0.0441675302430997,0.010000000000001563
29.26,-0.4940869334734435,0.0821107428361482,9.948127825367273,-0.0166728035486684,-0.0165692380365511,0.0440498004330284,0.010000000000001563
29.27,-0.4946844664914681,0.0838405203932183,9.94693054303127,-0.016782429661331,-0.0163183216965032,0.0439309693802405,0.00999999999999801
29.28,-0.4952503398724894,0.0855672797006111,9.94567849030377,-0.0168903775450129,-0.0160657735378841,0.0438110400555062,0.010000000000001563
29.29,-0.4957845174008037,0.0872909585951739,9.944372167989174,-0.0169966364050154,-0.0158116188152994,0.0436900154570523,0.00999999999999801
29.3,-0.4962869648892318,0.0890114950246557,9.943012098598984,-0.0171011956155414,-0.0155558829440093,0.0435678986104875,0.010000000000001563
29.31,-0.4967576501813062,0.0907288270499309,9.941598826142828,-0.0172040447207567,-0.0152985914973881,0.0434446925687266,0.00999999999999801
29.32,-0.4971965431533282,0.0924428928472289,9.94013291591084,-0.0173051734358365,-0.015039770204366,0.0433204004119143,0.010000000000001563
29.33,-0.4976036157162979,0.0941536307103693,9.938614954247573,-0.0174045716479938,-0.0147794449468565,0.0431950252473478,0.00999999999999801
29.34,-0.49797884181771,0.0958609790529727,9.937045548317448,-0.0175022294174899,-0.0145176417571685,0.0430685702094,0.010000000000001563
29.35,-0.4983221974432225,0.0975648764106831,9.935425325861916,-0.0175981369786295,-0.0142543868154027,0.0429410384594401,0.010000000000001563
29.36,-0.4986336606181918,0.0992652614433798,9.933754934948352,-0.0176922847407363,-0.0139897064468341,0.0428124331857552,0.00999999999999801
29.37,-0.4989132114090818,0.1009620729373851,9.932035043710854,-0.0177846632891125,-0.0137236271192788,0.0426827576034704,0.010000000000001563
29.38,-0.4991608319247368,0.1026552498076686,9.930266340082984,-0.0178752633859803,-0.0134561754404479,0.0425520149544687,0.00999999999999801
29.39,-0.4993765063175286,0.1043447311000457,9.928449531522611,-0.0179640759714056,-0.0131873781552864,0.0424202085073093,0.010000000000001563
29.4,-0.4995602207843696,0.1060304559933725,9.926585344728936,-0.0180510921642037,-0.0129172621432988,0.0422873415571466,0.00999999999999801
29.41,-0.4997119635675965,0.1077123638017348,9.924674525351817,-0.0181363032628279,-0.0126458544158612,0.0421534174256475,0.010000000000001563
29.42,-0.499831724955723,0.1093903939766331,9.922717837693533,-0.0182197007462394,-0.0123731821135202,0.0420184394609082,0.010000000000001563
29.43,-0.4999194972840613,0.1110644861091614,9.920716064403054,-0.0183012762747592,-0.0120992725032789,0.0418824110373709,0.00999999999999801
29.44,-0.4999752749352122,0.1127345799321868,9.918670006163008,-0.0183810216909026,-0.0118241529758698,0.0417453355557389,0.010000000000001563
29.45,-0.4999990543394251,0.1144006153225079,9.916580481369412,-0.0184589290201944,-0.0115478510430167,0.0416072164428924,0.00999999999999801
29.46,-0.4999908339748263,0.1160625323030336,9.914448325804322,-0.0185349904719666,-0.0112703943346824,0.0414680571518018,0.010000000000001563
29.47,-0.4999506143675162,0.1177202710449312,9.91227439230154,-0.0186091984401373,-0.0109918105963066,0.0413278611614422,0.00999999999999801
29.48,-0.4998783980915361,0.119373771869785,9.910059550405473,-0.0186815455039716,-0.010712127686031,0.041186631976706,0.010000000000001563
29.49,-0.4997741897687029,0.1210229752517437,9.907804686023354,-0.0187520244288234,-0.0104313735719134,0.0410443731283156,0.00999999999999801
29.5,-0.4996379960683138,0.1226678218196639,9.90551070107087,-0.018820628166859,-0.0101495763291316,0.0409010881727347,0.010000000000001563
29.51,-0.499469825706719,0.1243082523592467,9.90317851311142,-0.0188873498577617,-0.0098667641371747,0.0407567806920797,0.010000000000001563
29.52,-0.4992696894467644,0.1259442078151698,9.900809054989086,-0.0189521828294181,-0.0095829652770265,0.0406114542940302,0.00999999999999801
29.53,-0.4990376000971021,0.1275756292932135,9.898403274455529,-0.0190151205985849,-0.0092982081283362,0.0404651126117385,0.010000000000001563
29.54,-0.4987735725113715,0.1292024580623809,9.895962133790883,-0.0190761568715377,-0.0090125211665817,0.040317759303739,0.00999999999999801
29.55,-0.4984776235872478,0.1308246355570118,9.89348660941887,-0.0191352855447002,-0.0087259329602208,0.0401693980538569,0.010000000000001563
29.56,-0.4981497722653611,0.1324421033788917,9.890977691516229,-0.0191925007052542,-0.0084384721678355,0.0400200325711155,0.00999999999999801
29.57,-0.4977900395280842,0.1340548032993537,9.888436383616666,-0.0192477966317313,-0.0081501675352656,0.0398696665896443,0.010000000000001563
29.58,-0.4973984483981896,0.1356626772613748,9.885863702209464,-0.0193011677945851,-0.0078610478927338,0.0397183038685848,0.00999999999999801
29.59,-0.4969750239373758,0.1372656673816652,9.88326067633288,-0.0193526088567436,-0.0075711421519637,0.0395659481919974,0.010000000000001563
29.6,-0.4965197932446636,0.1388637159527563,9.880628347162558,-0.0194021146741437,-0.0072804793032876,0.0394126033687658,0.010000000000001563
29.61,-0.4960327854546624,0.1404567654450686,9.877967767595072,-0.0194496802962446,-0.0069890884127482,0.0392582732325027,0.00999999999999801
29.62,-0.4955140317357042,0.1420447585089951,9.87528000182677,-0.019495300966524,-0.0066969986191918,0.0391029616414536,0.010000000000001563
29.63,-0.49496356528785,0.143627637976956,9.872566124928127,-0.0195389721229527,-0.0064042391313543,0.0389466724784,0.00999999999999801
29.64,-0.4943814213407643,0.1452053468654615,9.869827222413717,-0.0195806893984516,-0.0061108392249404,0.0387894096505629,0.010000000000001563
29.65,-0.4937676371514616,0.1467778283771621,9.867064389808029,-0.0196204486213278,-0.0058168282396964,0.0386311770895048,0.00999999999999801
29.66,-0.4931222520019202,0.1483450259028931,9.864278732207262,-0.0196582458156921,-0.0055222355764758,0.0384719787510316,0.010000000000001563
29.67,-0.4924453071965691,0.1499068830237128,9.86147136383732,-0.0196940772018568,-0.0052270906942994,0.0383118186150933,0.010000000000001563
29.68,-0.4917368460596457,0.1514633435129335,9.85864340760812,-0.0197279391967129,-0.0049314231074095,0.038150700685685,0.00999999999999801
29.69,-0.4909969139324195,0.1530143513381459,9.855795994664447,-0.0197598284140893,-0.0046352623823183,0.0379886289907466,0.010000000000001563
29.7,-0.4902255581702954,0.1545598506632355,9.852930263933514,-0.0197897416650907,-0.0043386381348516,0.0378256075820621,0.00999999999999801
29.71,-0.4894228281397783,0.1560997858503938,9.850047361669402,-0.019817675958417,-0.0040415800271869,0.037661640535158,0.010000000000001563
29.72,-0.4885887752153162,0.1576341014621193,9.84714844099458,-0.0198436285006621,-0.0037441177648876,0.0374967319492021,0.00999999999999801
29.73,-0.4877234527760113,0.1591627422632184,9.844234661438666,-0.0198675966965934,-0.0034462810939317,0.0373308859469004,0.010000000000001563
29.74,-0.486826916202205,0.1606856532227847,9.841307188474634,-0.0198895781494114,-0.0031480997977384,0.0371641066743944,0.00999999999999801
29.75,-0.4858992228719316,0.1622027795161881,9.838367193052637,-0.0199095706609891,-0.0028496036941887,0.0369963983011571,0.010000000000001563
29.76,-0.4849404321572473,0.1637140665270486,9.835415851131636,-0.0199275722320918,-0.0025508226326443,0.0368277650198892,0.010000000000001563
29.77,-0.4839506054204313,0.1652194598491935,9.832454343209063,-0.0199435810625777,-0.0022517864909623,0.036658211046414,0.00999999999999801
29.78,-0.4829298060100566,0.1667189052886283,9.829483853848592,-0.0199575955515768,-0.0019525251725076,0.0364877406195718,0.010000000000001563
29.79,-0.4818780992569368,0.1682123488654783,9.82650557120636,-0.0199696142976521,-0.0016530686031629,0.0363163580011146,0.00999999999999801
29.8,-0.4807955524699449,0.1696997368159362,9.82352068655572,-0.0199796360989389,-0.0013534467283353,0.0361440674755988,0.010000000000001563
29.81,-0.4796822349317066,0.1711810155941962,9.82053039381073,-0.0199876599532655,-0.0010536895099627,0.0359708733502785,0.00999999999999801
29.82,-0.4785382178941638,0.1726561318743823,9.81753588904862,-0.0199936850582531,-0.0007538269235173,0.0357967799549981,0.010000000000001563
29.83,-0.477363574574016,0.1741250325524678,9.814538370031366,-0.0199977108113961,-0.0004538889550077,0.0356217916420832,0.00999999999999801
29.84,-0.4761583801480362,0.1755876647481869,9.811539035726613,-0.0199997368101228,-0.0001539055979809,0.0354459127862325,0.010000000000001563
29.85,-0.4749227117482543,0.1770439758069385,9.808539085828086,-0.0199997628518348,0.0001460931494775,0.0352691477844083,0.010000000000001563
29.86,-0.4736566484570277,0.1784939133016818,9.805539720275751,-0.0199977889339281,0.0004460772877426,0.0350915010557265,0.00999999999999801
29.87,-0.4723602713019743,0.1799374250348235,9.802542138775836,-0.0199938152537927,0.0007460168186508,0.0349129770413459,0.010000000000001563
29.88,-0.4710336632507895,0.1813744590400963,9.799547540320974,-0.0199878422087934,0.0010458817484988,0.0347335802043577,0.00999999999999801
29.89,-0.4696769092059352,0.1828049635844338,9.79655712271062,-0.0199798703962297,0.0013456420910435,0.0345533150296733,0.010000000000001563
29.9,-0.4682900959992084,0.1842288871698244,9.793572082071943,-0.0199699006132762,0.0016452678705005,0.0343721860239129,0.00999999999999801
29.91,-0.4668733123861803,0.1856461785351727,9.790593612381404,-0.019957933856903,0.0019447291245414,0.0341901977152922,0.010000000000001563
29.92,-0.4654266490405179,0.1870567866581451,9.787622904987163,-0.0199439713237756,0.0022439959072905,0.0340073546535092,0.010000000000001563
29.93,-0.4639501985481829,0.1884606607569983,9.784661148132573,-0.0199280144101357,0.0025430382923188,0.0338236614096312,0.00999999999999801
29.94,-0.4624440554015021,0.1898577502924189,9.781709526480878,-0.0199100647116614,0.0028418263756372,0.0336391225759796,0.010000000000001563
29.95,-0.4609083159931229,0.1912480049693334,9.778769220641392,-0.0198901240233077,0.0031403302786861,0.0334537427660156,0.00999999999999801
29.96,-0.4593430786098424,0.1926313747387239,9.775841406697245,-0.0198681943391266,0.0034385201513241,0.0332675266142248,0.010000000000001563
29.97,-0.4577484434263211,0.1940078097994279,9.772927255734976,-0.0198442778520685,0.0037363661748124,0.0330804787760014,0.00999999999999801
29.98,-0.4561245124986636,0.195377260599932,9.770027933376117,-0.0198183769537619,0.0040338385647969,0.0328926039275315,0.010000000000001563
29.99,-0.4544713897578963,0.1967396778401552,9.767144599310951,-0.0197904942342752,0.0043309075742864,0.0327039067656765,0.00999999999999801
30.0,-0.4527891810033119,0.198095012473224,9.764278406834668,-0.0197606324818572,0.0046275434966275,0.0325143920078558,0.010000000000001563
30.01,-0.4510779938956935,0.199443215707238,9.761430502386036,-0.0197287946826581,0.0049237166684753,0.0323240643919283,0.010000000000001563
30.02,-0.4493379379504341,0.2007842390070264,9.758602025088864,-0.0196949840204313,0.0052193974727592,0.0321329286760746,0.00999999999999801
30.03,-0.4475691245305196,0.2021180340958952,9.75579410629636,-0.0196592038762149,0.0055145563416454,0.0319409896386775,0.010000000000001563
30.04,-0.4457716668394051,0.2034445529573645,9.7530078691386,-0.0196214578279935,0.0058091637594928,0.0317482520782031,0.00999999999999801
30.05,-0.4439456799137685,0.2047637478369008,9.750244428073302,-0.0195817496503405,0.0061031902658054,0.0315547208130802,0.010000000000001563
30.06,-0.4420912806161514,0.2060755712436287,9.747504888440044,-0.0195400833140405,0.0063966064581773,0.0313604006815805,0.00999999999999801
30.07,-0.4402085876274749,0.2073799759520473,9.744790346018153,-0.0194964629856925,0.0066893829952337,0.0311652965416972,0.010000000000001563
30.08,-0.438297721439447,0.2086769150037301,9.742101886588404,-0.0194508930272929,0.0069814905995653,0.0309694132710234,0.00999999999999801
30.09,-0.4363588043468532,0.2099663417090083,9.739440585498722,-0.0194033779957995,0.0072729000606546,0.030772755766631,0.010000000000001563
30.1,-0.4343919604397246,0.2112482096486621,9.736807507234062,-0.0193539226426761,0.0075635822377988,0.030575328944947,0.010000000000001563
30.11,-0.4323973155954001,0.2125224726755833,9.73420370499062,-0.0193025319134165,0.007853508063022,0.0303771377416319,0.00999999999999801
30.12,-0.4303749974704678,0.2137890849164405,9.731630220254582,-0.0192492109470511,0.0081426485439835,0.0301781871114554,0.010000000000001563
30.13,-0.4283251354926003,0.21504800077333,9.729088082385523,-0.0191939650756318,0.0084309747668761,0.029978482028173,0.00999999999999801
30.14,-0.4262478608522607,0.2162991749254168,9.7265783082047,-0.0191367998237,0.0087184578993179,0.0297780274844011,0.010000000000001563
30.15,-0.4241433064943189,0.2175425623305666,9.724101901588318,-0.019077720907733,0.0090050691932352,0.0295768284914931,0.00999999999999801
30.16,-0.4220116071095373,0.218778118226967,9.72165985306601,-0.0190167342355733,0.0092907799877372,0.0293748900794133,0.010000000000001563
30.17,-0.4198528991259451,0.2200057981347393,9.71925313942462,-0.0189538459058373,0.0095755617119828,0.0291722172966114,0.010000000000001563
30.18,-0.4176673207001192,0.2212255578575393,9.71688272331752,-0.0188890622073055,0.0098593858880367,0.0289688152098965,0.00999999999999801
30.19,-0.415455011708332,0.2224373534841488,9.714549552879548,-0.0188223896182938,0.010142224133718,0.0287646889043101,0.010000000000001563
30.2,-0.4132161137376039,0.2236411413900554,9.712254561347768,-0.0187538348060056,0.0104240481654377,0.0285598434829994,0.00999999999999801
30.21,-0.4109507700766396,0.2248368782390265,9.709998666688191,-0.0186834046258649,0.0107048298010277,0.028354284067089,0.010000000000001563
30.22,-0.4086591257066624,0.2260245209846619,9.707782771228608,-0.018611106120831,0.0109845409625581,0.0281480157955537,0.00999999999999801
30.23,-0.4063413272921287,0.2272040268719533,9.705607761297651,-0.0185369465206943,0.0112631536791461,0.0279410438250896,0.010000000000001563
30.24,-0.4039975231713447,0.228375353438816,9.703474506870302,-0.0184609332413529,0.0115406400897521,0.027733373329985,0.00999999999999801
30.25,-0.4016278633469763,0.2295384585176179,9.701383861219885,-0.0183830738840715,0.0118169724459662,0.0275250095019918,0.010000000000001563
30.26,-0.3992324994764424,0.2306933002367041,9.69933666057678,-0.0183033762347208,0.0120921231147832,0.0273159575501945,0.010000000000001563
30.27,-0.3968115848622131,0.2318398370218966,9.697333723793951,-0.0182218482629994,0.0123660645813654,0.0271062227008812,0.00999999999999801
30.28,-0.3943652744419963,0.232978027597995,9.695375852019414,-0.0181384981216365,0.0126387694517946,0.0268958101974121,0.010000000000001563
30.29,-0.3918937247788271,0.2341078309902614,9.693463828375764,-0.0180533341455769,0.0129102104558108,0.026684725300089,0.00999999999999801
30.3,-0.3893970940510359,0.2352292065258958,9.691598417646968,-0.017966364851147,0.01318036044954,0.0264729732860232,0.010000000000001563
30.31,-0.3868755420421395,0.2363421138355,9.689780365972448,-0.017877598935204,0.0134491924182078,0.0262605594490039,0.00999999999999801
30.32,-0.3843292301306077,0.237446512854531,9.688010400548633,-0.0177870452742654,0.0137166794788413,0.0260474890993663,0.010000000000001563
30.33,-0.3817583212795295,0.2385423638247435,9.686289229338088,-0.0176947129236219,0.0139827948829576,0.0258337675638578,0.00999999999999801
30.34,-0.3791629800261971,0.2396296272956208,9.684617540786356,-0.0176006111164315,0.0142475120192377,0.0256194001855057,0.010000000000001563
30.35,-0.3765433724715636,0.2407082641257955,9.682996003546563,-0.0175047492627967,0.014510804416189,0.0254043923234833,0.010000000000001563
30.36,-0.3738996662696186,0.2417782354844574,9.681425266211992,-0.0174071369488228,0.0147726457447908,0.025188749352976,0.00999999999999801
30.37,-0.3712320306166553,0.2428395028527552,9.679905957056626,-0.0173077839356599,0.0150330098211287,0.0249724766650467,0.010000000000001563
30.38,-0.3685406362404472,0.2438920280251757,9.678438683783874,-0.0172067001585265,0.0152918706090119,0.0247555796665015,0.00999999999999801
30.39,-0.3658256553893148,0.2449357731109282,9.67702403328348,-0.0171038957257162,0.0155492022225774,0.0245380637797539,0.010000000000001563
30.4,-0.3630872618211044,0.2459707005353023,9.675662571396783,-0.0169993809175865,0.0158049789288783,0.0243199344426899,0.00999999999999801
30.41,-0.3603256307920722,0.2469967730410208,9.674354842690388,-0.0168931661855311,0.016059175150457,0.0241011971085315,0.010000000000001563
30.42,-0.3575409390456602,0.248013953689586,9.67310137023834,-0.0167852621509348,0.0163117654679034,0.0238818572457006,0.010000000000001563
30.43,-0.3547333648011896,0.2490222058626038,9.671902655412902,-0.0166756796041111,0.0165627246223959,0.0236619203376825,0.00999999999999801
30.44,-0.3519030877424526,0.250021493263105,9.670759177684026,-0.0165644295032233,0.0168120275182286,0.0234413918828882,0.010000000000001563
30.45,-0.3490502890062186,0.251011779916851,9.669671394427558,-0.0164515229731888,0.0170596492253193,0.0232202773945179,0.00999999999999801
30.46,-0.3461751511706279,0.2519930301736292,9.668639740742297,-0.0163369713045665,0.0173055649817039,0.022998582400422,0.010000000000001563
30.47,-0.3432778582435245,0.2529652087085364,9.667664629275958,-0.016220785952428,0.0175497501960115,0.022776312442964,0.00999999999999801
30.48,-0.3403585956506654,0.2539282805232502,9.666746450060131,-0.0161029785352114,0.0177921804499243,0.0225534730788812,0.010000000000001563
30.49,-0.3374175502238588,0.2548822109472895,9.665885570354256,-0.0159835608335604,0.0180328315006189,0.022330069879146,0.00999999999999801
30.5,-0.3344549101890108,0.2558269656392619,9.665082334498742,-0.0158625447891457,0.0182716792831906,0.0221061084288269,0.010000000000001563
30.51,-0.3314708651540711,0.2567625105881006,9.664337063777216,-0.0157399425034707,0.0185086999130605,0.0218815943269484,0.010000000000001563
30.52,-0.3284656060969033,0.2576888121142879,9.663650056288034,-0.015615766236662,0.0187438696883628,0.0216565331863515,0.00999999999999801
30.53,-0.32543932535306,0.2586058368710704,9.66302158682503,-0.0154900284062428,0.0189771650923163,0.0214309306335528,0.010000000000001563
30.54,-0.3223922166034785,0.259513551845654,9.662451906767611,-0.0153627415858912,0.0192085627955746,0.0212047923086045,0.00999999999999801
30.55,-0.3193244748620774,0.2604119243603991,9.661941243980202,-0.0152339185041833,0.0194380396585606,0.0209781238649528,0.010000000000001563
30.56,-0.3162362964632796,0.2613009220739922,9.66148980272111,-0.0151035720433198,0.019665572733779,0.0207509309692972,0.00999999999999801
30.57,-0.3131278790494513,0.2621805129826101,9.661097763560822,-0.0149717152378383,0.0198911392681119,0.0205232193014481,0.010000000000001563
30.58,-0.3099994215582445,0.2630506654210765,9.660765283309772,-0.0148383612733094,0.020114716705094,0.0202949945541853,0.00999999999999801
30.59,-0.306851124209871,0.2639113480639972,9.660492494955628,-0.0147035234850184,0.0203362826871677,0.0200662624331158,0.010000000000001563
30.6,-0.3036831884942849,0.2647625299268901,9.660279507610095,-0.0145672153566318,0.0205558150579196,0.0198370286565306,0.010000000000001563
30.61,-0.3004958171582949,0.2656041803672998,9.660126406465272,-0.0144294505188489,0.0207732918642954,0.0196072989552621,0.00999999999999801
30.62,-0.297289214192573,0.2664362690859016,9.660033252759574,-0.0142902427480386,0.0209886913587958,0.0193770790725409,0.010000000000001563
30.63,-0.2940635848186188,0.2672587661275913,9.660000083753244,-0.0141496059648619,0.0212019920016509,0.0191463747638522,0.00999999999999801
30.64,-0.2908191354756096,0.2680716418825644,9.660026912713436,-0.0140075542328801,0.0214131724629741,0.0189151917967915,0.010000000000001563
30.65,-0.2875560738071945,0.2688748670873814,9.660113728908932,-0.0138641017571479,0.0216222116248952,0.0186835359509211,0.00999999999999801
30.66,-0.2842746086482096,0.2696684128260218,9.660260497614408,-0.0137192628827934,0.0218290885836723,0.0184514130176251,0.010000000000001563
30.67,-0.2809749500113033,0.2704522505309245,9.660467160124336,-0.0135730520935832,0.0220337826517819,0.0182188287999645,0.010000000000001563
30.68,-0.2776573090735023,0.2712263519840164,9.66073363377647,-0.0134254840104746,0.0222362733599877,0.017985789112533,0.00999999999999801
30.69,-0.2743218981626926,0.2719906893177303,9.661059811984902,-0.0132765733901528,0.0224365404593877,0.0177522997813103,0.010000000000001563
30.7,-0.2709689307440369,0.2727452350160027,9.6614455642827,-0.0131263351235558,0.0226345639234387,0.0175183666435178,0.00999999999999801
30.71,-0.2675986214063041,0.2734899619152715,9.66189073637408,-0.0129747842343849,0.0228303239499596,0.0172839955474715,0.010000000000001563
30.72,-0.2642111858481415,0.2742248432054482,9.66239515019615,-0.0128219358776029,0.0230238009631106,0.0170491923524368,0.00999999999999801
30.73,-0.260806840864267,0.2749498524308859,9.662958603990104,-0.0126678053379181,0.0232149756153518,0.0168139629284811,0.010000000000001563
30.74,-0.2573858043316005,0.2756649634913304,9.663580872381935,-0.0125124080282559,0.0234038287893772,0.016578313156328,0.00999999999999801
30.75,-0.253948295195311,0.2763701506428612,9.664261706472583,-0.0123557594882179,0.0235903416000267,0.0163422489272096,0.010000000000001563
30.76,-0.2504945334548084,0.2770653884988167,9.665000833937492,-0.0121978753825274,0.0237744953961749,0.016105776142719,0.010000000000001563
30.77,-0.2470247401496695,0.2777506520307092,9.66579795913553,-0.0120387714994637,0.0239562717625953,0.0158689007146638,0.00999999999999801
30.78,-0.2435391373454757,0.2784259165691257,9.666652763227246,-0.0118784637492822,0.0241356525218031,0.0156316285649171,0.010000000000001563
30.79,-0.2400379481196211,0.2790911578046157,9.667564904302395,-0.0117169681626245,0.0243126197358716,0.0153939656252706,0.00999999999999801
30.8,-0.2365213965470197,0.2797463517885665,9.66853401751672,-0.0115543008889146,0.0244871557082271,0.0151559178372851,0.010000000000001563
30.81,-0.2329897076857702,0.2803914749340656,9.669559715237847,-0.0113904781947444,0.0246592429854176,0.014917491152143,0.00999999999999801
30.82,-0.2294431075627573,0.2810265040167491,9.67064158720037,-0.0112255164622467,0.0248288643588588,0.0146786915304992,0.010000000000001563
30.83,-0.2258818231591768,0.281651416175639,9.671779200669922,-0.0110594321874574,0.0249960028665548,0.0144395249423315,0.00999999999999801
30.84,-0.222306082396015,0.2822661889139644,9.672972100616288,-0.0108922419786655,0.025160641794794,0.0141999973667924,0.010000000000001563
30.85,-0.2187161141194585,0.2828708000999744,9.674219809895394,-0.0107239625547526,0.025322764679821,0.0139601147920587,0.010000000000001563
30.86,-0.2151121480862549,0.2834652279677301,9.675521829440164,-0.0105546107435208,0.0254823553094821,0.0137198832151823,0.00999999999999801
30.87,-0.2114944149489987,0.2840494511178936,9.676877638460136,-0.0103842034800102,0.0256393977248476,0.01347930864194,0.010000000000001563
30.88,-0.2078631462413756,0.284623448518494,9.678286694649785,-0.010212757804805,0.0257938762218067,0.0132383970866838,0.00999999999999801
30.89,-0.2042185743633419,0.2851871995056871,9.67974843440542,-0.0100402908623299,0.0259457753526384,0.0129971545721899,0.010000000000001563
30.9,-0.200560932566257,0.2857406837844982,9.681262273050628,-0.0098668198991355,0.0260950799275563,0.0127555871295086,0.00999999999999801
30.91,-0.1968904549379459,0.2862838814295531,9.682827605070136,-0.0096923622621735,0.0262417750162272,0.0125137007978135,0.010000000000001563
30.92,-0.1932073763877222,0.286816772885795,9.684443804352007,-0.0095169353970622,0.0263858459492646,0.0122715016242501,0.010000000000001563
30.93,-0.1895119326313611,0.2873393389691893,9.686110224438076,-0.009340556846342,0.0265272783196951,0.0120289956637853,0.00999999999999801
30.94,-0.1858043601759948,0.2878515608674132,9.68782619878253,-0.0091632442477208,0.0266660579843998,0.0117861889790554,0.010000000000001563
30.95,-0.1820848963049999,0.2883534201405339,9.689591041018506,-0.008985015332311,0.0268021710655275,0.0115430876402149,0.00999999999999801
30.96,-0.1783537790627931,0.2888448987216716,9.691404045232645,-0.0088058879228554,0.0269356039518839,0.0112996977247846,0.010000000000001563
30.97,-0.1746112472396025,0.2893259789176505,9.693264486247433,-0.0086258799319457,0.0270663433002913,0.0110560253174996,0.00999999999999801
30.98,-0.1708575403561908,0.2897966434096357,9.695171619911267,-0.008445009360231,0.0271943760369238,0.0108120765101577,0.010000000000001563
30.99,-0.1670928986485156,0.290256875253756,9.697124683396114,-0.0082632942946178,0.0273196893586147,0.010567857401466,0.00999999999999801
31.0,-0.1633175630523611,0.2907066578817147,9.699122895502615,-0.0080807529064613,0.0274422707341359,0.0103233740968898,0.010000000000001563
31.01,-0.1595317751879151,0.2911459751013864,9.701165456972578,-0.0078974034497479,0.0275621079054522,0.0100786327084987,0.010000000000001563
31.02,-0.1557357773443123,0.2915748110973977,9.70325155080864,-0.0077132642592708,0.0276791888889463,0.009833639354815,0.00999999999999801
31.03,-0.1519298124641171,0.2919931504316997,9.705380342601089,-0.0075283537487954,0.0277935019766175,0.0095884001606594,0.010000000000001563
31.04,-0.1481141241277827,0.2924009780441215,9.707550980861583,-0.0073426904092188,0.0279050357372522,0.0093429212569994,0.00999999999999801
31.05,-0.1442889565380587,0.2927982792529129,9.709762597363769,-0.0071562928067201,0.0280137790175672,0.0090972087807944,0.010000000000001563
31.06,-0.1404545545043685,0.2931850397552734,9.712014307490524,-0.0069691795809043,0.0281197209433253,0.0088512688748437,0.00999999999999801
31.07,-0.1366111634271317,0.2935612456278667,9.714305210587826,-0.0067813694429381,0.028222850920422,0.0086051076876323,0.010000000000001563
31.08,-0.1327590292820637,0.293926883327322,9.71663439032498,-0.0065928811736786,0.0283231586359456,0.0083587313731767,0.00999999999999801
31.09,-0.1288983986044401,0.2942819396907215,9.719000915061144,-0.0064037336217959,0.0284206340592082,0.0081121460908723,0.010000000000001563
31.1,-0.1250295184732996,0.2946264019360745,9.72140383821798,-0.0062139457018874,0.0285152674427487,0.007865358005338,0.010000000000001563
31.11,-0.1211526364956551,0.2949602576627775,9.723842198658264,-0.006023536392587,0.0286070493233075,0.0076183732862633,0.00999999999999801
31.12,-0.1172680007906283,0.2952834948520603,9.726315021070326,-0.0058325247346669,0.0286959705227732,0.0073711981082531,0.010000000000001563
31.13,-0.1133758599735783,0.2955961018674188,9.728821316358175,-0.0056409298291338,0.0287820221490998,0.0071238386506743,0.00999999999999801
31.14,-0.1094764631401871,0.2958980674550348,9.731360082037115,-0.0054487708353185,0.0288651955971964,0.0068763010975001,0.010000000000001563
31.15,-0.1055700598505246,0.2961893807441791,9.733930302634722,-0.0052560669689603,0.0289454825497875,0.0066285916371566,0.00999999999999801
31.16,-0.1016569001130661,0.2964700312476049,9.736530950097023,-0.0050628375002853,0.0290228749782449,0.0063807164623676,0.010000000000001563
31.17,-0.0977372343686975,0.2967400088619249,9.739160984199714,-0.0048691017520793,0.02909736514339,0.0061326817699992,0.010000000000001563
31.18,-0.0938113134746919,0.2969993038679734,9.741819352964216,-0.0046748790977556,0.0291689455962685,0.005884493760906,0.00999999999999801
31.19,-0.0898793886886449,0.2972479069311587,9.74450499307847,-0.0044801889594179,0.0292376091788948,0.0056361586397753,0.010000000000001563
31.2,-0.0859417116524004,0.2974858091017973,9.747216830322238,-0.0042850508059177,0.0293033490249678,0.0053876826149722,0.00999999999999801
31.21,-0.0819985343759432,0.2977130018154365,9.749953779996778,-0.0040894841509077,0.0293661585605577,0.0051390718983842,0.010000000000001563
31.22,-0.0780501092212765,0.2979294768931634,9.752714747358716,-0.0038935085508906,0.0294260315047632,0.0048903327052664,0.00999999999999801
31.23,-0.0740966888862607,0.2981352265418985,9.755498628057913,-0.003697143603263,0.0294829618703398,0.0046414712540858,0.010000000000001563
31.24,-0.070138526388446,0.2983302433546766,9.758304308579214,-0.0035004089443559,0.0295369439642985,0.0043924937663655,0.00999999999999801
31.25,-0.0661758750488865,0.2985145203109136,9.761130666687816,-0.0033033242474715,0.0295879723884748,0.0041434064665299,0.010000000000001563
31.26,-0.0622089884759083,0.2986880507766589,9.763976571878162,-0.0031059092209151,0.0296360420400688,0.0038942155817483,0.010000000000001563
31.27,-0.0582381205489034,0.2988508285048346,9.766840885826117,-0.0029081836060248,0.0296811481121554,0.0036449273417801,0.00999999999999801
31.28,-0.054263525402062,0.2990028476354599,9.769722462844296,-0.0027101671751974,0.029723286094165,0.0033955479788181,0.010000000000001563
31.29,-0.0502854574081167,0.2991441026958625,9.77262015034031,-0.0025118797299109,0.0297624517723345,0.0031460837273336,0.00999999999999801
31.3,-0.0463041711620596,0.2992745886008757,9.775532789277795,-0.0023133410987447,0.0297986412301287,0.0028965408239197,0.010000000000001563
31.31,-0.042319921464855,0.2993943006530209,9.778459214640018,-0.0021145711353963,0.0298318508486321,0.002646925507136,0.00999999999999801
31.32,-0.0383329633071219,0.2995032345426771,9.78139825589584,-0.0019155897166966,0.0298620773069104,0.0023972440173526,0.010000000000001563
31.33,-0.0343435518528196,0.2996013863482361,9.784348737467957,-0.0017164167406215,0.0298893175823429,0.0021475025965936,0.00999999999999801
31.34,-0.0303519424229231,0.2996887525362434,9.78730947920307,-0.0015170721243028,0.0299135689509249,0.0018977074883815,0.010000000000001563
31.35,-0.0263583904790716,0.2997653299615258,9.79027929684397,-0.0013175758020357,0.0299348289875397,0.001647864937581,0.010000000000001563
31.36,-0.0223631516072264,0.2998311158673042,9.79325700250319,-0.0011179477232865,0.0299530955662014,0.001397981190243,0.00999999999999801
31.37,-0.0183664815013099,0.2998861078852931,9.796241405138174,-0.0009182078506966,0.0299683668602673,0.001148062493448,0.010000000000001563
31.38,-0.0143686359468499,0.2999303040357857,9.799231311027656,-0.0007183761580868,0.0299806413426207,0.0008981150951505,0.00999999999999801
31.39,-0.0103698708045902,0.2999637027277256,9.802225524249144,-0.0005184726284597,0.0299899177858236,0.0006481452440223,0.010000000000001563
31.4,-0.0063704419941387,0.2999863027587632,9.805222847157278,-0.0003185172520019,0.0299961952622394,0.0003981591892967,0.00999999999999801
31.41,-0.0023706054775775,0.2999981033153001,9.808222080862851,-0.0001185300240844,0.0299994731441258,0.0001481631806123,0.010000000000001563
31.42,0.0016293827569286,0.2999991039725173,9.81122202571238,8.14690567367831e-05,0.0299997511036973,-0.000101836532144,0.010000000000001563
31.43,0.0056292667114927,0.2999893046943914,9.81422148176791,0.0002814599907201,0.029997029113158,-0.0003518336989922,0.00999999999999801
31.44,0.0096287903949087,0.2999687058336953,9.817219249287024,0.000481422778939,0.0299913074447049,-0.0006018220700164,0.010000000000001563
31.45,0.0136276978390261,0.2999373081319858,9.820214129202675,0.0006813374252812,0.0299825866705001,-0.0008517953955201,0.00999999999999801
31.46,0.0176257331151351,0.2998951127195767,9.823204923602834,0.0008811839384486,0.0299708676626135,-0.0011017474261833,0.010000000000001563
31.47,0.0216226403503392,0.2998421211154983,9.826190436209616,0.0010809423339566,0.0299561515929363,-0.0013516719132183,0.00999999999999801
31.48,0.0256181637439414,0.2997783352274427,9.82916947285778,0.0012805926361318,0.0299384399330633,-0.0016015626085258,0.010000000000001563
31.49,0.0296120475838101,0.2997037573516949,9.832140841972391,0.0014801148801107,0.0299177344541455,-0.0018514132648515,0.00999999999999801
31.5,0.0336040362627392,0.2996183901730505,9.83510335504542,0.0016794891138349,0.0298940372267137,-0.002101217635942,0.010000000000001563
31.51,0.0375938742948176,0.2995222367647185,9.83805582711114,0.0018786954000474,0.0298673506204708,-0.0023509694767011,0.010000000000001563
31.52,0.0415813063317732,0.2994153005882114,9.840997077220088,0.0020777138182853,0.0298376773040553,-0.0026006625433456,0.00999999999999801
31.53,0.0455660771793184,0.2992975854932199,9.843925928911435,0.0022765244668729,0.029805020244774,-0.0028502905935621,0.010000000000001563
31.54,0.0495479318134737,0.2991690957174747,9.84684121068356,0.0024751074649109,0.0297693827083056,-0.0030998473866621,0.00999999999999801
31.55,0.0535266153969089,0.299029835886594,9.84974175646262,0.002673442954265,0.0297307682583742,-0.003349326683739,0.010000000000001563
31.56,0.057501873295229,0.2988798110139165,9.852626406068978,0.0028715111015516,0.0296891807563925,-0.0035987222478233,0.00999999999999801
31.57,0.061473451093282,0.2987190265003215,9.855494005681251,0.0030692921001209,0.029644624361076,-0.0038480278440387,0.010000000000001563
31.58,0.0654410946114514,0.2985474881340341,9.858343408297833,0.0032667661720379,0.0295971035280272,-0.0040972372397585,0.00999999999999801
31.59,0.0694045499219011,0.2983652020904169,9.861173474195663,0.00346391357006,0.0295466230092898,-0.0043463442047606,0.010000000000001563
31.6,0.0733635633648458,0.2981721749317479,9.86398307138612,0.0036607145796117,0.0294931878528735,-0.004595342511384,0.010000000000001563
31.61,0.0773178815647766,0.2979684136069841,9.866771076067788,0.003857149520756,0.0294368034022496,-0.004844225934684,0.00999999999999801
31.62,0.0812672514466801,0.2977539254515107,9.869536373075968,0.0040531987501625,0.029377475295816,-0.0050929882525879,0.010000000000001563
31.63,0.0852114202522283,0.2975287181868787,9.872277856328722,0.0042488426630717,0.029315209466334,-0.0053416232460507,0.00999999999999801
31.64,0.0891501355559659,0.2972927999205249,9.874994429269307,0.0044440616952552,0.0292500121403345,-0.0055901246992107,0.010000000000001563
31.65,0.0930831452814596,0.2970461791454814,9.877685005304764,0.0046388363249726,0.029181889837496,-0.0058384863995443,0.00999999999999801
31.66,0.0970101977174257,0.2967888647400699,9.880348508240557,0.0048331470749232,0.0291108493699919,-0.0060867021380219,0.010000000000001563
31.67,0.1009310415338507,0.2965208659675807,9.882983872711016,0.0050269745141939,0.0290368978418098,-0.0063347657092632,0.010000000000001563
31.68,0.1048454257980686,0.296242192475941,9.8855900446055,0.0052202992602023,0.0289600426480408,-0.0065826709116916,0.00999999999999801
31.69,0.1087530999908243,0.2959528542973662,9.888165981489992,0.0054131019806349,0.0288802914741403,-0.0068304115476901,0.010000000000001563
31.7,0.1126538140222981,0.2956528618479996,9.89071065302409,0.0056053633953803,0.0287976522951592,-0.0070779814237556,0.00999999999999801
31.71,0.1165473182481304,0.2953422259275369,9.893223041373105,0.0057970642784574,0.0287121333749466,-0.0073253743506543,0.010000000000001563
31.72,0.1204333634853761,0.2950209577188378,9.895702141615198,0.0059881854599375,0.0286237432653231,-0.0075725841435757,0.00999999999999801
31.73,0.1243117010284632,0.294689068787523,9.898146962143322,0.0061787078278617,0.0285324908052262,-0.0078196046222879,0.010000000000001563
31.74,0.1281820826651196,0.2943465710815582,9.90055652506187,0.006368612330152,0.0284383851198257,-0.0080664296112918,0.00999999999999801
31.75,0.1320442606922364,0.2939934769308239,9.902929866577791,0.0065578799765165,0.0283414356196119,-0.0083130529399755,0.010000000000001563
31.76,0.1358979879317399,0.2936297990466713,9.905266037386136,0.0067464918403482,0.0282416519994538,-0.0085594684427688,0.010000000000001563
31.77,0.1397430177464022,0.2932555505214653,9.90756410304972,0.0069344290606179,0.0281390442376305,-0.0088056699592967,0.00999999999999801
31.78,0.1435791040556293,0.2928707448281116,9.909823144372922,0.0071216728437603,0.0280336225948325,-0.0090516513345343,0.010000000000001563
31.79,0.1474060013512033,0.2924753958195746,9.912042257769333,0.0073082044655529,0.0279253976131363,-0.0092974064189599,0.00999999999999801
31.8,0.1512234647130053,0.2920695177283751,9.91422055562318,0.0074940052729892,0.0278143801149499,-0.0095429290687094,0.010000000000001563
31.81,0.1550312498246849,0.2916531251660806,9.916357166644367,0.0076790566861432,0.0277005812019305,-0.0097882131457292,0.00999999999999801
31.82,0.1588291129892912,0.2912262331227792,9.918451236216976,0.0078633402000277,0.0275840122538747,-0.0100332525179301,0.010000000000001563
31.83,0.1626168111448798,0.2907888569665374,9.920501926741093,0.008046837386445,0.0274646849275801,-0.0102780410593406,0.00999999999999801
31.84,0.1663941018800616,0.2903410124428501,9.922508417967853,0.0082295298958293,0.02734261115568,-0.01052257265026,0.010000000000001563
31.85,0.1701607434495204,0.2898827156740715,9.924469907327518,0.0084113994590819,0.0272178031454496,-0.0107668411774112,0.010000000000001563
31.86,0.1739164947894765,0.289413983158836,9.926385610250495,0.0085924278893981,0.0270902733775862,-0.0110108405340936,0.00999999999999801
31.87,0.1776611155331328,0.2889348317714635,9.928254760481163,0.0087725970840858,0.0269600346049601,-0.0112545646203363,0.010000000000001563
31.88,0.1813943660260348,0.2884452787613521,9.930076610384344,0.0089518890263754,0.0268270998513402,-0.0114980073430495,0.00999999999999801
31.89,0.185116007341427,0.2879453417523573,9.931850431244376,0.0091302857872223,0.026691482410091,-0.0117411626161781,0.010000000000001563
31.9,0.1888258012955372,0.2874350387421576,9.933575513556558,0.0093077695270991,0.0265531958428436,-0.0119840243608528,0.00999999999999801
31.91,0.1925235104628151,0.286914388101606,9.93525116731097,0.0094843224977796,0.0264122539781395,-0.0122265865055426,0.010000000000001563
31.92,0.196208898191138,0.2863834085740696,9.936876722268453,0.0096599270441139,0.0262686709100478,-0.0124688429862066,0.010000000000001563
31.93,0.1998817286169492,0.285842119274754,9.93845152822869,0.0098345656057936,0.0261224609967555,-0.0127107877464453,0.00999999999999801
31.94,0.2035417666803566,0.285290539690015,9.939974955290303,0.0100082207191083,0.0259736388591322,-0.0129524147376525,0.010000000000001563
31.95,0.2071887781401703,0.2847286896766591,9.941446394102776,0.0101808750186912,0.0258222193792676,-0.0131937179191657,0.00999999999999801
31.96,0.2108225295889034,0.2841565894612251,9.942865256110204,0.0103525112392563,0.0256682176989835,-0.0134346912584182,0.010000000000001563
31.97,0.2144427884677049,0.2835742596392591,9.9442309737867,0.0105231122173245,0.0255116492183196,-0.0136753287310889,0.00999999999999801
31.98,0.2180493230812392,0.2829817211745727,9.945543000863402,0.0106926608929401,0.0253525295939936,-0.0139156243212536,0.010000000000001563
31.99,0.2216419026125237,0.2823789953984857,9.946800812546975,0.0108611403113771,0.0251908747378351,-0.0141555720215351,0.00999999999999801
32.0,0.2252202971376946,0.2817661040090612,9.94800390572952,0.0110285336248338,0.0250267008151953,-0.0143951658332532,0.010000000000001563
32.01,0.2287842776407237,0.2811430690703231,9.949151799189798,0.0111948240941184,0.0248600242433294,-0.0146343997665753,0.00999999999999801
32.02,0.2323336160280769,0.2805099130114619,9.950244033785731,0.0113599950903227,0.0246908616897557,-0.0148732678406655,0.010000000000005116
32.03,0.2358680851433058,0.2798666586260273,9.951280172638048,0.0115240300964844,0.0245192300705888,-0.0151117640838342,0.00999999999999801
32.04,0.239387458781595,0.2792133290711077,9.95225980130502,0.0116869127092399,0.0243451465488475,-0.0153498825336879,0.00999999999999801
32.05,0.2428915117042329,0.278549947866497,9.95318252794824,0.0118486266404635,0.0241686285327388,-0.0155876172372778,0.00999999999999801
32.06,0.2463800196530301,0.2778765388938457,9.954047983489357,0.012009155718897,0.0239896936739172,-0.0158249622512487,0.010000000000005116
32.07,0.2498527593646655,0.2771931263958052,9.954855821757691,0.0121684838917661,0.0238083598657197,-0.0160619116419874,0.00999999999999801
32.08,0.2533095085849844,0.2764997349751517,9.955605719628709,0.0123265952263863,0.0236246452413758,-0.0162984594857716,0.00999999999999801
32.09,0.2567500460832182,0.2757963895939002,9.95629737715326,0.0124834739117562,0.0234385681721948,-0.0165345998689176,0.010000000000005116
32.1,0.2601741516661383,0.2750831155724096,9.956930517677552,0.0126391042601377,0.0232501472657288,-0.016770326887928,0.00999999999999801
32.11,0.2635816061921577,0.2743599385884679,9.957504887953824,0.0127934707086256,0.0230594013639113,-0.0170056346496397,0.00999999999999801
32.12,0.2669721915853483,0.2736268846763674,9.958020258241616,0.0129465578207039,0.0228663495411735,-0.0172405172713708,0.00999999999999801
32.13,0.2703456908494083,0.2728839802259697,9.958476422399691,0.0130983502877891,0.0226710111025367,-0.0174749688810682,0.010000000000005116
32.14,0.2737018880815287,0.2721312519817563,9.958873197968463,0.0132488329307605,0.0224734055816822,-0.0177089836174536,0.00999999999999801
32.15,0.2770405684862338,0.2713687270418611,9.959210426243002,0.0133979907014796,0.0222735527389973,-0.0179425556301709,0.00999999999999801
32.160000000000004,0.2803615183891232,0.2705964328570999,9.959487972336486,0.0135458086842936,0.0220714725595996,-0.0181756790799321,0.010000000000005116
32.17,0.2836645252505292,0.2698143972299811,9.959705725234183,0.0136922720975272,0.0218671852513389,-0.0184083481386628,0.00999999999999801
32.18,0.2869493776791417,0.2690226483137014,9.959863597837836,0.0138373662949612,0.0216607112427757,-0.0186405569896488,0.00999999999999801
32.19,0.2902158654455294,0.2682212146111373,9.959961527000509,0.0139810767672968,0.0214520711811387,-0.0188722998276809,0.00999999999999801
32.2,0.2934637794955916,0.2674101249738141,9.95999947355184,0.0141233891436066,0.0212412859302601,-0.0191035708592004,0.010000000000005116
32.21,0.2966929119639305,0.2665894086008726,9.95997742231372,0.0142642891927715,0.0210283765684897,-0.0193343643024433,0.00999999999999801
32.22,0.2999030561871762,0.2657590950380137,9.959895382106344,0.0144037628249039,0.020813364386586,-0.0195646743875856,0.00999999999999801
32.230000000000004,0.3030940067171954,0.2649192141764342,9.959753385744705,0.014541796092757,0.0205962708855879,-0.0197944953568873,0.010000000000005116
32.24,0.3062655593342362,0.2640697962517562,9.959551490025454,0.0146783751931189,0.0203771177746649,-0.0200238214648359,0.00999999999999801
32.25,0.3094175110600196,0.2632108718429331,9.959289775704184,0.0148134864681934,0.0201559269689453,-0.0202526469782909,0.00999999999999801
32.26,0.3125496601707094,0.2623424718711499,9.958968347463138,0.0149471164069657,0.0199327205873254,-0.0204809661766262,0.00999999999999801
32.27,0.3156618062098331,0.2614646275987118,9.958587333869325,0.0150792516465532,0.0197075209502571,-0.0207087733518739,0.010000000000005116
32.28,0.3187537500011035,0.2605773706279193,9.9581468873231,0.0152098789735419,0.0194803505775169,-0.0209360628088663,0.00999999999999801
32.29,0.321825293661175,0.259680732899926,9.957647183997214,0.0153389853253082,0.0192512321859524,-0.0211628288653788,0.00999999999999801
32.3,0.3248762406123017,0.2587747466935938,9.957088423766333,0.0154665577913244,0.019020188687212,-0.021389065852272,0.00999999999999801
32.31,0.3279063955949213,0.2578594446243283,9.956470830127094,0.0155925836144503,0.0187872431854528,-0.021614768113633,0.010000000000005116
32.32,0.3309155646801467,0.2569348596429051,9.955794650108723,0.0157170501922084,0.0185524189750313,-0.0218399300069168,0.00999999999999801
32.33,0.3339035552821848,0.2560010250342836,9.955060154174214,0.0158399450780448,0.0183157395381725,-0.022064545903088,0.00999999999999801
32.34,0.3368701761706583,0.255057974416409,9.954267636112144,0.0159612559825734,0.0180772285426228,-0.0222886101867609,0.010000000000005116
32.35,0.3398152374828404,0.2541057417390017,9.95341741291917,0.0160809707748047,0.0178369098392833,-0.0225121172563398,0.00999999999999801
32.36,0.3427385507358136,0.2531443612823351,9.95250982467324,0.0161990774833592,0.0175948074598239,-0.0227350615241598,0.00999999999999801
32.37,0.3456399288385275,0.2521738676560024,9.951545234397544,0.0163155642976646,0.0173509456142809,-0.0229574374166259,0.00999999999999801
32.38,0.3485191861037753,0.2511942957976678,9.95052402791533,0.0164304195691366,0.0171053486886353,-0.0231792393743524,0.010000000000005116
32.39,0.3513761382600721,0.250205680971814,9.94944661369558,0.0165436318123435,0.0168580412423754,-0.0234004618523016,0.00999999999999801
32.4,0.3542106024634564,0.2492080587684679,9.94831342268962,0.0166551897061555,0.0166090480060396,-0.0236210993199233,0.00999999999999801
32.410000000000004,0.3570223973091879,0.2482014651019195,9.947124908158733,0.0167650820948763,0.0163583938787439,-0.0238411462612924,0.010000000000005116
32.42,0.3598113428433537,0.2471859362094337,9.945881545492892,0.0168732979893584,0.0161061039256924,-0.0240605971752465,0.00999999999999801
32.43,0.362577260574393,0.246161508649941,9.944583832020584,0.0169798265681025,0.01585220337567,-0.0242794465755244,0.00999999999999801
32.44,0.3653199734845136,0.2451282193027217,9.943232286809897,0.0170846571783397,0.0155967176185202,-0.0244976889909025,0.00999999999999801
32.45,0.3680393060410306,0.2440861053660807,9.941827450460888,0.0171877793370962,0.0153396722026056,-0.0247153189653319,0.010000000000005116
32.46,0.3707350842075823,0.2430352043560091,9.940369884889376,0.0172891827322421,0.015081092832254,-0.0249323310580743,0.00999999999999801
32.47,0.3734071354552875,0.2419755541048278,9.938860173102146,0.0173888572235224,0.0148210053651866,-0.0251487198438387,0.00999999999999801
32.480000000000004,0.3760552887737831,0.2409071927598314,9.937298918963789,0.017486792843571,0.0145594358099333,-0.0253644799129171,0.010000000000005116
32.49,0.3786793746821548,0.2398301587819148,9.935686746955144,0.0175829797989075,0.0142964103232321,-0.0255796058713185,0.00999999999999801
32.5,0.3812792252398013,0.2387444909441832,9.934024301923516,0.0176774084709166,0.0140319552074122,-0.0257940923409054,0.00999999999999801
32.51,0.3838546740571767,0.2376502283305625,9.932312248824756,0.0177700694168096,0.0137660969077647,-0.0260079339595273,0.00999999999999801
32.52,0.3864055563064368,0.2365474103343868,9.930551272457272,0.0178609533705694,0.0134988620098981,-0.0262211253811548,0.010000000000005116
32.53,0.3889317087319827,0.2354360766569869,9.928742077188137,0.0179500512438762,0.0132302772370796,-0.0264336612760134,0.00999999999999801
32.54,0.3914329696609259,0.234316267306255,9.92688538667133,0.0180373541270169,0.0129603694475626,-0.0266455363307169,0.00999999999999801
32.55,0.3939091790134197,0.2331880225952055,9.924981943558308,0.018122853289776,0.0126891656319012,-0.0268567452483998,0.00999999999999801
32.56,0.3963601783129118,0.2320513831405262,9.923032509200931,0.0182065401823084,0.0124166929102506,-0.0270672827488505,0.010000000000005116
32.57,0.3987858106962814,0.2309063898611168,9.921037863346958,0.0182884064359947,0.0121429785296564,-0.0272771435686421,0.00999999999999801
32.58,0.401185920923885,0.2297530839766095,9.91899880382813,0.0183684438642777,0.0118680498613284,-0.0274863224612651,0.00999999999999801
32.59,0.4035603553894885,0.2285915070058917,9.916916146241068,0.0184466444634812,0.011591934397904,-0.0276948141972583,0.010000000000005116
32.6,0.4059089621300942,0.2274217007656109,9.91479072362104,0.0185230004136105,0.0113146597507,-0.0279026135643389,0.00999999999999801
32.61,0.4082315908356736,0.2262437073686634,9.912623386108756,0.0185975040791343,0.0110362536469497,-0.0281097153675337,0.00999999999999801
32.62,0.4105280928587823,0.2250575692226848,9.91041500061032,0.0186701480097479,0.0107567439270316,-0.0283161144293083,0.00999999999999801
32.63,0.4127983212240756,0.2238633290285205,9.908166450450487,0.0187409249411191,0.0104761585416845,-0.0285218055896971,0.010000000000005116
32.64,0.4150421306377111,0.2226610297786883,9.905878635019343,0.0188098277956135,0.0101945255492135,-0.0287267837064315,0.00999999999999801
32.65,0.4172593774966532,0.2214507147558314,9.90355246941256,0.0188768496830031,0.0099118731126831,-0.0289310436550694,0.00999999999999801
32.660000000000004,0.4194499198978607,0.22023242753116,9.90118888406536,0.0189419839011552,0.009628229497101,-0.029134580329123,0.010000000000005116
32.67,0.4216136176473657,0.2190062119628826,9.898788824380368,0.019005223936702,0.0093436230665929,-0.0293373886401856,0.00999999999999801
32.68,0.4237503322692518,0.2177721121946271,9.89635325034946,0.0190665634656928,0.0090580822815645,-0.0295394635180602,0.00999999999999801
32.69,0.4258599270145125,0.2165301726538527,9.893883136169771,0.0191259963542257,0.0087716356958563,-0.0297407999108853,0.00999999999999801
32.7,0.4279422668698049,0.2152804380502466,9.891379469854044,0.0191835166590616,0.008484311953888,-0.0299413927852618,0.010000000000005116
32.71,0.4299972185660876,0.2140229533741216,9.88884325283542,0.0192391186282177,0.0081961397877948,-0.030141237126378,0.00999999999999801
32.72,0.432024650587154,0.2127577638947903,9.886275499566892,0.0192927967015435,0.0079071480145528,-0.0303403279381359,0.00999999999999801
32.730000000000004,0.4340244331780478,0.2114849151589352,9.883677237115528,0.0193445455112765,0.0076173655330985,-0.0305386602432757,0.010000000000005116
32.74,0.435996438353364,0.2102044529889754,9.881049504751669,0.0193943598825787,0.0073268213214388,-0.0307362290834998,0.00999999999999801
32.75,0.4379405399054455,0.2089164234814108,9.878393353533223,0.0194422348340546,0.0070355444337527,-0.0309330295195977,0.00999999999999801
32.76,0.4398566134124555,0.2076208730051631,9.875709845885265,0.0194881655782489,0.0067435639974861,-0.0311290566315686,0.00999999999999801
32.77,0.4417445362463471,0.2063178481999095,9.87300005517507,0.0195321475221255,0.0064509092104392,-0.0313243055187453,0.010000000000005116
32.78,0.443604187580699,0.2050073959744045,9.870265065282796,0.0195741762675266,0.0061576093378472,-0.0315187712999153,0.00999999999999801
32.79,0.4454354483984616,0.2036895635047844,9.867505970167931,0.0196142476116127,0.0058636937094527,-0.0317124491134444,0.00999999999999801
32.8,0.4472382014995691,0.2023643982328774,9.864723873431736,0.0196523575472827,0.0055691917165737,-0.0319053341173973,0.00999999999999801
32.81,0.4490123315084391,0.2010319478644878,9.861919887875809,0.019688502263575,0.0052741328091638,-0.0320974214896592,0.010000000000005116
32.82,0.4507577248813529,0.1996922603676872,9.85909513505699,0.019722678146048,0.0049785464928683,-0.0322887064280555,0.00999999999999801
32.83,0.4524742699137333,0.198345383971081,9.85625074483874,0.0197548817771418,0.0046824623260722,-0.0324791841504727,0.00999999999999801
32.84,0.454161856747285,0.1969913671620715,9.85338785493922,0.0197851099365203,0.0043859099169454,-0.032668849894978,0.010000000000005116
32.85,0.4558203773770228,0.1956302586851199,9.850507610476225,0.0198133596013926,0.004088918920482,-0.0328576989199372,0.00999999999999801
32.86,0.4574497256581957,0.1942621075399846,9.847611163509134,0.0198396279468159,0.003791519035534,-0.0330457265041348,0.00999999999999801
32.87,0.4590497973130689,0.1928869629799573,9.844699672578114,0.0198639123459775,0.003493740001842,-0.0332329279468909,0.00999999999999801
32.88,0.4606204899376034,0.1915048745100936,9.841774302240715,0.0198862103704577,0.0031956115970611,-0.0334192985681794,0.010000000000005116
32.89,0.4621617030080061,0.1901158918854318,9.838836222606078,0.0199065197904726,0.0028971636337837,-0.0336048337087441,0.00999999999999801
32.9,0.4636733378871671,0.1887200651091937,9.835886608866874,0.0199248385750972,0.0025984259565572,-0.0337895287302163,0.00999999999999801
32.910000000000004,0.4651552978309707,0.1873174444309927,9.832926640829273,0.0199411648924683,0.0022994284389001,-0.0339733790152303,0.010000000000005116
32.92,0.4666074879944853,0.185908080345024,9.829957502441022,0.0199554971099677,0.0020002009803156,-0.0341563799675382,0.00999999999999801
32.93,0.4680298154380365,0.1844920235882401,9.826980381317895,0.0199678337943856,0.0017007735032999,-0.0343385270121259,0.00999999999999801
32.94,0.4694221891331536,0.1830693251385322,9.82399646826864,0.0199781737120639,0.0014011759503512,-0.0345198155953267,0.00999999999999801
32.95,0.4707845199683957,0.1816400362128907,9.821006956818696,0.0199865158290194,0.0011014382809748,-0.0347002411849358,0.010000000000005116
32.96,0.4721167207550535,0.1802042082655627,9.818013042732783,0.0199928593110474,0.0008015904686884,-0.0348797992703223,0.00999999999999801
32.97,0.4734187062327318,0.1787618929861991,9.815015923536617,0.0199972035238049,0.0005016624980232,-0.0350584853625438,0.00999999999999801
32.980000000000004,0.4746903930748049,0.1773131422979943,9.81201679803791,0.0199995480328744,0.0002016843615259,-0.0352362949944573,0.010000000000005116
32.99,0.475931699893748,0.1758580083558166,9.809016865846882,0.0199998926038068,-9.83139432390909e-05,-0.035413223720831,0.00999999999999801
33.0,0.477142547246349,0.1743965435443306,9.806017326896406,0.0199982372021453,-0.0003983024166917,-0.0355892671184561,0.00999999999999801
33.01,0.4783228576387905,0.1729288004761129,9.80301938096207,0.0199945819934288,-0.0006982510602347,-0.0357644207862569,0.00999999999999801
33.02,0.4794725555316108,0.1714548319897524,9.800024227182274,0.019988927343175,-0.0009981298792537,-0.0359386803454009,0.010000000000005116
33.03,0.4805915673445362,0.1699746911479583,9.797033063578596,0.0199812738168442,-0.0012979088861163,-0.0361120414394079,0.00999999999999801
33.04,0.4816798214611931,0.1684884312356411,9.7940470865766,0.0199716221797828,-0.0015975581031719,-0.0362844997342598,0.00999999999999801
33.05,0.4827372482336891,0.1669961057579952,9.791067490527269,0.0199599733971464,-0.0018970475657485,-0.0364560509185081,0.00999999999999801
33.06,0.4837637799870734,0.1654977684385766,9.788095467229295,0.0199463286338035,-0.0021963473251496,-0.0366266907033823,0.010000000000005116
33.07,0.484759351023662,0.1639934732173698,9.785132205452374,0.0199306892542192,-0.0024954274516483,-0.0367964148228965,0.00999999999999801
33.08,0.4857238976272489,0.1624832742488376,9.782178890461708,0.0199130568223182,-0.0027942580374813,-0.0369652190339566,0.00999999999999801
33.09,0.4866573580671823,0.1609672258999797,9.77923670354391,0.0198934331013292,-0.0030928091998393,-0.0371330991164662,0.010000000000005116
33.1,0.4875596726023105,0.1594453827483755,9.776306821534526,0.0198718200536078,-0.0033910510838544,-0.0373000508734318,0.00999999999999801
33.11,0.4884307834848119,0.1579177995802117,9.773390416347292,0.0198482198404409,-0.0036889538655871,-0.0374660701310683,0.00999999999999801
33.12,0.489270634963888,0.156384531388319,9.770488654505398,0.0198226348218301,-0.0039864877550072,-0.0376311527389028,0.00999999999999801
33.13,0.4900791732893311,0.154845633370184,9.767602696674889,0.0197950675562559,-0.0042836229989742,-0.037795294569879,0.010000000000005116
33.14,0.4908563467149626,0.1533011609259718,9.76473369720042,0.0197655208004219,-0.0045803298842107,-0.0379584915204593,0.00999999999999801
33.15,0.49160210550195,0.1517511696565238,9.761882803643529,0.0197339975089791,-0.0048765787402758,-0.0381207395107286,0.00999999999999801
33.160000000000004,0.4923164019219858,0.1501957153613554,9.759051156323626,0.0197005008342303,-0.0051723399425308,-0.0382820344844957,0.010000000000005116
33.17,0.4929991902603413,0.148634854036656,9.756239887861884,0.0196650341258152,-0.0054675839151016,-0.0384423724093944,0.00999999999999801
33.18,0.493650426818797,0.1470686418732648,9.753450122728209,0.0196276009303749,-0.0057622811338372,-0.038601749276985,0.00999999999999801
33.19,0.4942700699184355,0.1454971352546486,9.75068297679145,0.0195882049911979,-0.0060564021292613,-0.0387601611028543,0.00999999999999801
33.2,0.4948580799023098,0.1439203907548759,9.747939556873092,0.0195468502478451,-0.0063499174895197,-0.0389176039267149,0.010000000000005116
33.21,0.4954144191379813,0.1423384651365814,9.745220960304524,0.0195035408357566,-0.0066427978633205,-0.0390740738125041,0.00999999999999801
33.22,0.4959390520199292,0.1407514153489135,9.742528274488128,0.0194582810858375,-0.0069350139628706,-0.0392295668484832,0.00999999999999801
33.230000000000004,0.4964319449718281,0.1391592985254933,9.739862576462322,0.0194110755240248,-0.0072265365668038,-0.0393840791473343,0.010000000000005116
33.24,0.4968930664486971,0.1375621719823572,9.73722493247078,0.0193619288708357,-0.0075173365231022,-0.0395376068462579,0.00999999999999801
33.25,0.497322386938919,0.1359600932158855,9.734616397535929,0.0193108460408944,-0.0078073847520128,-0.0396901461070696,0.00999999999999801
33.26,0.4977198789661293,0.1343531199007417,9.73203801503696,0.0192578321424413,-0.0080966522489542,-0.0398416931162958,0.00999999999999801
33.27,0.498085517090974,0.1327413098877916,9.729490816292495,0.019202892476822,-0.0083851100874182,-0.0399922440852693,0.010000000000005116
33.28,0.4984192779127375,0.1311247212020216,9.726975820148075,0.0191460325379575,-0.0086727294218607,-0.0401417952502235,0.00999999999999801
33.29,0.4987211400708413,0.1295034120404498,9.724494032568623,0.0190872580117941,-0.0089594814905884,-0.0402903428723871,0.00999999999999801
33.3,0.4989910842462103,0.1278774407700318,9.722046446236078,0.0190265747757356,-0.0092453376186332,-0.0404378832380774,0.00999999999999801
33.31,0.4992290931625097,0.1262468659255549,9.719634040152338,0.0189639888980549,-0.0095302692206207,-0.040584412658793,0.010000000000005116
33.32,0.4994351515872497,0.1246117462075403,9.717257779247674,0.0188995066372877,-0.0098142478036279,-0.0407299274713057,0.00999999999999801
33.33,0.4996092463327617,0.1229721404801213,9.714918613994769,0.0188331344416062,-0.0100972449700332,-0.0408744240377531,0.00999999999999801
33.34,0.4997513662570413,0.121328107768924,9.712617480028523,0.0187648789481749,-0.010379232420356,-0.0410178987457285,0.010000000000005116
33.35,0.4998615022644618,0.1196797072589514,9.710355297771857,0.018694746982486,-0.0106601819560859,-0.0411603480083714,0.00999999999999801
33.36,0.4999396473063565,0.1180269982924439,9.7081329720675,0.0186227455576779,-0.0109400654825037,-0.041301768264458,0.00999999999999801
33.37,0.4999857963814693,0.1163700403667438,9.705951391816107,0.0185488818738329,-0.0112188550114899,-0.041442155978489,0.00999999999999801
33.38,0.4999999465362751,0.1147088931321574,9.703811429620693,0.0184731633172578,-0.0114965226643242,-0.0415815076407792,0.010000000000005116
33.39,0.4999820968651688,0.1130436163898088,9.7017139414376,0.0183955974597452,-0.0117730406744723,-0.0417198197675439,0.00999999999999801
33.4,0.4999322485105235,0.1113742700894778,9.699659766234138,0.0183161920578163,-0.0120483813903637,-0.0418570889009873,0.00999999999999801
33.410000000000004,0.4998504046626165,0.1097009143274511,9.697649725653,0.018234955051945,-0.0123225172781566,-0.0419933116093884,0.010000000000005116
33.42,0.4997365705594265,0.1080236093443582,9.695684623683617,0.0181518945657644,-0.0125954209244902,-0.0421284844871862,0.00999999999999801
33.43,0.499590753486297,0.1063424155229945,9.693765246340574,0.0180670189052536,-0.0128670650392275,-0.0422626041550661,0.00999999999999801
33.44,0.4994129627754711,0.1046573933861579,9.69189236134922,0.0179803365579082,-0.0131374224581835,-0.0423956672600433,0.00999999999999801
33.45,0.4992032098054932,0.1029686035944604,9.690066717838578,0.0178918561918904,-0.0134064661458415,-0.0425276704755472,0.010000000000005116
33.46,0.4989615080004824,0.1012761069441551,9.688289046041712,0.0178015866551634,-0.0136741691980569,-0.0426586105015041,0.00999999999999801
33.47,0.4986878728292714,0.0995799643649386,9.68656005700364,0.0177095369746055,-0.0139405048447475,-0.0427884840644202,0.00999999999999801
33.480000000000004,0.4983823218044174,0.0978802369177576,9.68488044229692,0.0176157163551079,-0.0142054464525709,-0.0429172879174634,0.010000000000005116
33.49,0.4980448744810825,0.0961769857926196,9.683250873745042,0.0175201341786546,-0.0144689675275867,-0.0430450188405439,0.00999999999999801
33.5,0.4976755524557795,0.0944702723063812,9.681672003153702,0.0174228000033835,-0.0147310417179072,-0.0431716736403952,0.00999999999999801
33.51,0.4972743793649924,0.0927601579005416,9.680144462050084,0.017323723562631,-0.0149916428163317,-0.0432972491506541,0.00999999999999801
33.52,0.4968413808836616,0.0910467041390345,9.67866886143026,0.0172229147639585,-0.0152507447629677,-0.0434217422319394,0.010000000000005116
33.53,0.4963765847235427,0.0893299727060136,9.677245791514808,0.0171203836881622,-0.0155083216478362,-0.0435451497719303,0.00999999999999801
33.54,0.4958800206314309,0.0876100254036218,9.675875821512715,0.0170161405882639,-0.0157643477134634,-0.0436674686854449,0.00999999999999801
33.55,0.4953517203872588,0.0858869241497774,9.67455949939372,0.0169101958884869,-0.0160187973574562,-0.0437886959145167,0.00999999999999801
33.56,0.4947917178020613,0.0841607309759393,9.673297351669117,0.0168025601832127,-0.0162716451350624,-0.0439088284284713,0.010000000000005116
33.57,0.4942000487158133,0.0824315080248755,9.672089883181169,0.0166932442359224,-0.0165228657617146,-0.0440278632240021,0.00999999999999801
33.58,0.4935767509951341,0.0806993175484254,9.67093757690117,0.0165822589781195,-0.0167724341155596,-0.0441457973252455,0.00999999999999801
33.59,0.4929218645308647,0.078964221905259,9.669840893736271,0.0164696155082372,-0.0170203252399702,-0.044262627783855,0.010000000000005116
33.6,0.492235431235516,0.0772262835586322,9.668800272345116,0.0163553250905288,-0.0172665143460402,-0.0443783516790752,0.00999999999999801
33.61,0.4915174950405842,0.0754855650741377,9.667816128962384,0.0162393991539407,-0.0175109768150644,-0.0444929661178148,0.00999999999999801
33.62,0.4907681018937407,0.073742129117454,9.666888857232308,0.01612184929097,-0.0177536882009994,-0.0446064682347187,0.00999999999999801
33.63,0.4899872997558909,0.0719960384520841,9.666018828051214,0.016002687256505,-0.0179946242329092,-0.0447188551922402,0.010000000000005116
33.64,0.4891751385981057,0.0702473559371065,9.665206389419176,0.0158819249666499,-0.018233760817391,-0.0448301241807109,0.00999999999999801
33.65,0.4883316703984215,0.068496144524903,9.664451866300816,0.0157595744975331,-0.0184710740409858,-0.0449402724184119,0.00999999999999801
33.660000000000004,0.4874569491385151,0.0667424672588921,9.66375556049532,0.0156356480840993,-0.0187065401725692,-0.0450492971516432,0.010000000000005116
33.67,0.4865510308002492,0.064986387271269,9.663117750515726,0.0155101581188869,-0.0189401356657239,-0.045157195654792,0.00999999999999801
33.68,0.4856139733620877,0.0632279677807238,9.662538691477522,0.0153831171507877,-0.0191718371610955,-0.0452639652304013,0.00999999999999801
33.69,0.4846458367953874,0.061467272090166,9.6620186149966,0.0152545378837927,-0.0194016214887273,-0.0453696032092373,0.00999999999999801
33.7,0.4836466830605563,0.0597043635844504,9.661557729096623,0.0151244331757212,-0.0196294656703785,-0.0454741069503562,0.010000000000005116
33.71,0.4826165761030946,0.0579393057280959,9.661156218125804,0.0149928160369359,-0.0198553469218203,-0.0455774738411697,0.00999999999999801
33.72,0.4815555818494956,0.0561721620629916,9.660814242683175,0.0148596996290409,-0.020079242655116,-0.045679701297511,0.00999999999999801
33.730000000000004,0.4804637682030273,0.0544029962061185,9.660531939554357,0.0147250972635659,-0.0203011304808789,-0.0457807867636991,0.010000000000005116
33.74,0.479341205039393,0.0526318718472597,9.660309421656835,0.0145890224006356,-0.0205209882105112,-0.0458807277126024,0.00999999999999801
33.75,0.4781879642022515,0.0508588527466975,9.660146777994806,0.0144514886476226,-0.0207387938584232,-0.0459795216457026,0.00999999999999801
33.76,0.4770041194986217,0.0490840027329302,9.66004407362356,0.0143125097577878,-0.0209545256442316,-0.0460771660931563,0.00999999999999801
33.77,0.4757897466941599,0.0473073857003636,9.66000134962348,0.0141720996289042,-0.0211681619949378,-0.0461736586138577,0.010000000000005116
33.78,0.4745449235083139,0.0455290656070219,9.660018623083594,0.0140302723018677,-0.0213796815470844,-0.0462689967954985,0.00999999999999801
33.79,0.4732697296093405,0.0437491064722366,9.66009588709475,0.013887041959293,-0.0215890631488926,-0.0463631782546292,0.00999999999999801
33.8,0.4719642466092145,0.0419675723743421,9.660233110752374,0.0137424229240948,-0.0217962858623768,-0.0464562006367184,0.00999999999999801
33.81,0.4706285580584016,0.0401845274483736,9.66043023916883,0.0135964296580561,-0.0220013289654384,-0.0465480616162113,0.010000000000005116
33.82,0.4692627494405145,0.038400035883759,9.660687193495384,0.013449076760382,-0.0222041719539378,-0.0466387588965881,0.00999999999999801
33.83,0.4678669081668379,0.0366141619219987,9.661003870953728,0.0133003789662395,-0.0224047945437451,-0.0467282902104215,0.00999999999999801
33.84,0.4664411235707362,0.0348269698543625,9.661380144877102,0.0131503511452837,-0.0226031766727688,-0.0468166533194336,0.010000000000005116
33.85,0.4649854869019382,0.033038524019575,9.661815864760952,0.0129990083001722,-0.022799298502961,-0.0469038460145509,0.00999999999999801
33.86,0.4635000913206932,0.0312488888014898,9.662310856323138,0.0128463655650631,-0.0229931404223022,-0.0469898661159608,0.00999999999999801
33.87,0.4619850318918114,0.0294581286267827,9.66286492157363,0.0126924382041028,-0.0231846830467621,-0.0470747114731652,0.00999999999999801
33.88,0.4604404055785783,0.0276663079626265,9.66347783889372,0.0125372416098989,-0.023373907222238,-0.0471583799650346,0.010000000000005116
33.89,0.4588663112365522,0.0258734913143716,9.664149363124649,0.0123807913019818,-0.0235607940264697,-0.047240869499861,0.00999999999999801
33.9,0.457262849607233,0.0240797432232237,9.66487922566568,0.0122231029252519,-0.0237453247709327,-0.0473221780154104,0.00999999999999801
33.910000000000004,0.455630123311617,0.0222851282639204,9.665667134581524,0.0120641922484151,-0.0239274810027064,-0.0474023034789741,0.010000000000005116
33.92,0.4539682368436312,0.0204897110424063,9.666512774719124,0.0119040751624072,-0.0241072445063192,-0.0474812438874197,0.00999999999999801
33.93,0.4522772965634415,0.0186935561935077,9.6674158078337,0.0117427676788029,-0.0242845973055707,-0.0475589972672411,0.00999999999999801
33.94,0.4505574106906487,0.016896728378606,9.668375872724043,0.0115802859282165,-0.0244595216653287,-0.0476355616746078,0.00999999999999801
33.95,0.448808689297361,0.0150992922833054,9.669392585377002,0.0114166461586873,-0.0246320000933032,-0.0477109351954137,0.010000000000005116
33.96,0.447031244301152,0.0133013126151144,9.67046553912107,0.0112518647340561,-0.0248020153417949,-0.0477851159453246,0.00999999999999801
33.97,0.4452251894578941,0.0115028541011069,9.671594304789052,0.0110859581323281,-0.0249695504094206,-0.0478581020698257,0.00999999999999801
33.980000000000004,0.4433906403544799,0.0097039814855919,9.672778430889736,0.010918942944025,-0.0251345885428134,-0.0479298917442677,0.010000000000005116
33.99,0.4415277144014276,0.0079047595277925,9.674017443788468,0.0107508358705268,-0.0252971132382972,-0.0480004831739124,0.00999999999999801
34.0,0.4396365308253613,0.0061052529995048,9.675310847896608,0.0105816537224004,-0.0254571082435381,-0.0480698745939778,0.00999999999999801
34.01,0.4377172106613854,0.0043055266827675,9.676658125869755,0.0104114134177199,-0.0256145575591688,-0.048138064269682,0.00999999999999801
34.02,0.4357698767453317,0.0025056453675336,9.67805873881469,0.0102401319803736,-0.0257694454403891,-0.0482050504962866,0.010000000000005116
34.03,0.4337946537059105,0.0007056738493392,9.679512126504903,0.0100678265383628,-0.0259217563985397,-0.0482708315991395,0.00999999999999801
34.04,0.4317916679567213,-0.0010943230730386,9.6810177076047,0.0098945143220879,-0.0260714752026518,-0.0483354059337165,0.00999999999999801
34.05,0.4297610476881666,-0.0028942805999029,9.682574879901717,0.0097202126626263,-0.0262185868809698,-0.0483987718856626,0.00999999999999801
34.06,0.4277029228592495,-0.0046941339329804,9.68418302054779,0.0095449389899985,-0.0263630767224486,-0.0484609278708324,0.010000000000005116
34.07,0.425617425189261,-0.0064938182777422,9.685841486308108,0.0093687108314258,-0.0265049302782242,-0.0485218723353294,0.00999999999999801
34.08,0.4235046881493366,-0.0082932688457463,9.687549613818478,0.0091915458095773,-0.0266441333630593,-0.0485816037555452,0.00999999999999801
34.09,0.4213648469539248,-0.0100924208569697,9.68930671985067,0.0090134616408072,-0.0267806720567616,-0.0486401206381974,0.010000000000005116
34.1,0.4191980385521363,-0.0118912095421311,9.6911121015857,0.0088344761333844,-0.0269145327055753,-0.048697421520367,0.00999999999999801
34.11,0.4170044016189655,-0.0136895701450323,9.692965036894943,0.0086546071857103,-0.0270457019235471,-0.0487535049695349,0.00999999999999801
34.12,0.4147840765464283,-0.0154874379248877,9.694864784628985,0.0084738727845298,-0.0271741665938646,-0.0488083695836178,0.00999999999999801
34.13,0.4125372054345704,-0.0172847481586516,9.69681058491406,0.0082922910031322,-0.0272999138701678,-0.0488620139910032,0.010000000000005116
34.14,0.4102639320823781,-0.0190814361433464,9.698801659455995,0.0081098799995447,-0.0274229311778338,-0.0489144368505837,0.00999999999999801
34.15,0.407964401978569,-0.0208774371984018,9.700837211851526,0.0079266580147154,-0.0275432062152344,-0.0489656368517906,0.00999999999999801
34.160000000000004,0.4056387622922838,-0.022672686667974,9.702916427906832,0.0077426433706901,-0.0276607269549662,-0.0490156127146265,0.010000000000005116
34.17,0.4032871618636707,-0.0244671199232726,9.70503847596321,0.00755785446878,-0.0277754816450528,-0.0490643631896974,0.00999999999999801
34.18,0.4009097511943533,-0.0262606723648975,9.707202507229736,0.0073723097877212,-0.0278874588101212,-0.049111887058244,0.00999999999999801
34.19,0.3985066824378031,-0.0280532794251534,9.709407656122757,0.0071860278818272,-0.027996647252548,-0.049158183132172,0.00999999999999801
34.2,0.3960781093895991,-0.0298448765703798,9.711653040612113,0.0069990273791332,-0.02810303605358,-0.0492032502540821,0.010000000000005116
34.21,0.3936241874775896,-0.0316353993032729,9.713937762573948,0.0068113269795339,-0.0282066145744258,-0.0492470872972985,0.00999999999999801
34.22,0.3911450737519384,-0.0334247831652076,9.716260908149945,0.0066229454529128,-0.0283073724573196,-0.0492896931658974,0.00999999999999801
34.230000000000004,0.3886409268750764,-0.0352129637385583,9.71862154811284,0.0064339016372654,-0.028405299626557,-0.0493310667947343,0.010000000000005116
34.24,0.3861119071115514,-0.0369998766490174,9.721018738238127,0.0062442144368159,-0.0285003862895028,-0.0493712071494707,0.00999999999999801
34.25,0.3835581763177639,-0.0387854575679131,9.72345151968172,0.0060539028201263,-0.0285926229375699,-0.0494101132265998,0.00999999999999801
34.26,0.3809798979316129,-0.0405696422145242,9.725918919363474,0.0058629858181995,-0.0286820003471703,-0.0494477840534716,0.00999999999999801
34.27,0.378377236962034,-0.0423523663583991,9.728419950356418,0.0056714825225766,-0.0287685095806376,-0.0494842186883175,0.010000000000005116
34.28,0.3757503599784432,-0.0441335658216581,9.730953612281498,0.0054794120834278,-0.0288521419871205,-0.0495194162202735,0.00999999999999801
34.29,0.3730994351000696,-0.045913176481313,9.733518891707728,0.0052867937076368,-0.0289328892034481,-0.0495533757694031,0.00999999999999801
34.300000000000004,0.3704246319851995,-0.0476911342715752,9.736114762557545,0.0050936466568805,-0.029010743154966,-0.0495860964867194,0.010000000000005116
34.31,0.3677261218203214,-0.0494673751861532,9.73874018651721,0.0048999902457034,-0.0290856960563439,-0.0496175775542062,0.00999999999999801
34.32,0.3650040773091638,-0.0512418352805659,9.74139411345215,0.004705843839585,-0.0291577404123542,-0.0496478181848383,0.00999999999999801
34.33,0.3622586726616474,-0.0530144506744438,9.74407548182698,0.0045112268530042,-0.0292268690186213,-0.0496768176226016,0.00999999999999801
34.34,0.3594900835827277,-0.0547851575538239,9.746783219130096,0.0043161587474973,-0.0292930749623422,-0.0497045751425117,0.010000000000005116
34.35,0.3566984872611669,-0.0565538921734468,9.74951624230268,0.0041206590297126,-0.0293563516229777,-0.049731090050632,0.00999999999999801
34.36,0.3538840623581754,-0.0583205908590603,9.752273458171905,0.0039247472494588,-0.0294166926729144,-0.0497563616840912,0.00999999999999801
34.37,0.3510469889959839,-0.0600851900097004,9.75505376388818,0.0037284429977506,-0.0294740920780976,-0.0497803894110997,0.00999999999999801
34.38,0.3481874487463179,-0.0618476260999915,9.757856047366298,0.0035317659048496,-0.0295285440986347,-0.0498031726309658,0.010000000000005116
34.39,0.3453056246187836,-0.0636078356824214,9.760679187730222,0.0033347356383013,-0.029580043289369,-0.0498247107741099,0.00999999999999801
34.4,0.3424017010491367,-0.0653657553896354,9.763522055761454,0.0031373719009682,-0.0296285845004243,-0.0498450033020798,0.00999999999999801
34.410000000000004,0.3394758638874928,-0.067121321936717,9.766383514350686,0.0029396944290592,-0.0296741628777199,-0.0498640497075631,0.010000000000005116
34.42,0.3365283003864382,-0.0688744721234569,9.769262418952628,0.0027417229901573,-0.0297167738634562,-0.0498818495144009,0.00999999999999801
34.43,0.3335591991890256,-0.0706251428366377,9.77215761804383,0.0025434773812411,-0.02975641319657,-0.0498984022775988,0.00999999999999801
34.44,0.3305687503167196,-0.072373271052305,9.775067953583257,0.0023449774267063,-0.0297930769131611,-0.0499137075833387,0.00999999999999801
34.45,0.3275571451572259,-0.0741187938380317,9.777992261475497,0.0021462429763828,-0.0298267613468884,-0.0499277650489886,0.010000000000005116
34.46,0.3245245764522493,-0.075861648355183,9.78092937203638,0.0019472939035504,-0.0298574631293365,-0.0499405743231128,0.00999999999999801
34.47,0.3214712382851507,-0.0776017718611875,9.783878110460847,0.0017481501029504,-0.0298851791903528,-0.0499521350854799,0.00999999999999801
34.480000000000004,0.3183973260685291,-0.0793391017117871,9.786837297292845,0.0015488314887967,-0.0299099067583543,-0.0499624470470715,0.010000000000005116
34.49,0.3153030365317198,-0.0810735753632917,9.78980574889709,0.001349357992785,-0.0299316433606048,-0.0499715099500892,0.00999999999999801
34.5,0.3121885677081957,-0.0828051303748401,9.792782277932522,0.0011497495620984,-0.0299503868234622,-0.0499793235679608,0.00999999999999801
34.51,0.3090541189228984,-0.0845337044106379,9.795765693827216,0.0009500261574138,-0.0299661352725959,-0.0499858877053463,0.00999999999999801
34.52,0.3058998907794789,-0.0862592352422066,9.798754803254594,0.000750207750905,-0.0299788871331739,-0.0499912021981426,0.010000000000005116
34.53,0.3027260851474646,-0.0879816607506226,9.801748410610733,0.0005503143242464,-0.029988641130021,-0.0499952669134877,0.00999999999999801
34.54,0.299532905149331,-0.0897009189287536,9.804745318492609,0.0003503658666139,-0.0299953962877455,-0.0499980817497638,0.00999999999999801
34.550000000000004,0.2963205551475069,-0.0914169478834908,9.807744328177026,0.0001503823726867,-0.0299991519308374,-0.0499996466366002,0.010000000000005116
34.56,0.2930892407312985,-0.0931296858379772,9.810744240100098,-4.961615935237597e-05,-0.0299999076837353,-0.0499999615348749,0.00999999999999801
34.57,0.2898391687037244,-0.0948390711338315,9.81374385433705,-0.0002496097298168,-0.0299976634708648,-0.0499990264367154,0.00999999999999801
34.58,0.2865705470682847,-0.0965450422333665,9.816741971082186,-0.0004495783395163,-0.0299924195166451,-0.049996841365499,0.00999999999999801
34.59,0.2832835850156471,-0.09824753772181,9.819737391128784,-0.0006495019917567,-0.0299841763454673,-0.0499934063758526,0.010000000000005116
34.6,0.2799784929102638,-0.0999464963095052,9.822728916348757,-0.000849360694339,-0.0299729347816417,-0.0499887215536505,0.00999999999999801
34.61,0.2766554822769001,-0.1016418568341265,9.825715350171908,-0.0010491344615596,-0.0299586959493154,-0.0499827870160132,0.00999999999999801
34.62,0.2733147657871037,-0.1033335582628801,9.828695498064524,-0.0012488033162084,-0.0299414612723596,-0.0499756029113038,0.00999999999999801
34.63,0.2699565572455837,-0.1050215396946972,9.83166816800719,-0.0014483472915664,-0.0299212324742276,-0.0499671694191244,0.010000000000005116
34.64,0.2665810715765479,-0.1067057403624256,9.834632170971553,-0.001647746433402,-0.0298980115777826,-0.0499574867503121,0.00999999999999801
34.65,0.2631885248099256,-0.1083860996350262,9.837586321395952,-0.0018469808019674,-0.0298718009050947,-0.0499465551469329,0.00999999999999801
34.660000000000004,0.2597791340675457,-0.1100625570197466,9.840529437659608,-0.0020460304739918,-0.0298426030772093,-0.0499343748822764,0.010000000000005116
34.67,0.2563531175492596,-0.111735052164299,9.843460342555252,-0.0022448755446738,-0.029810421013885,-0.0499209462608487,0.00999999999999801
34.68,0.2529106945189536,-0.1134035248590419,9.846377863760006,-0.002443496129672,-0.0297752579333013,-0.0499062696183644,0.00999999999999801
34.69,0.2494520852905234,-0.1150679150391365,9.849280834304286,-0.0026418723670935,-0.0297371173517369,-0.049890345321739,0.00999999999999801
34.7,0.2459775112137778,-0.1167281627867189,9.852168093038586,-0.00283998441948,-0.0296960030832181,-0.049873173769079,0.010000000000005116
34.71,0.2424871946602792,-0.1183842083330466,9.855038485097902,-0.003037812475791,-0.0296519192391375,-0.0498547553896723,0.00999999999999801
34.72,0.2389813590090897,-0.1200359920606589,9.857890862363682,-0.003235336753386,-0.029604870227843,-0.0498350906439775,0.00999999999999801
34.730000000000004,0.2354602286324925,-0.1216834545055228,9.860724083923056,-0.0034325375000018,-0.0295548607541962,-0.0498141800236122,0.010000000000005116
34.74,0.2319240288816378,-0.1233265363591653,9.863537016525171,-0.003629394995728,-0.0295018958191031,-0.0497920240513407,0.00999999999999801
34.75,0.2283729860720964,-0.1249651784708172,9.866328535034494,-0.0038258895549791,-0.0294459807190128,-0.0497686232810613,0.00999999999999801
34.76,0.2248073274693975,-0.1265993218495413,9.86909752288084,-0.0040220015284629,-0.0293871210453889,-0.049743978297792,0.00999999999999801
34.77,0.221227281274473,-0.1282289076663525,9.871842872505992,-0.0042177113051456,-0.0293253226841496,-0.0497180897176561,0.010000000000005116
34.78,0.2176330766090607,-0.1298538772563345,9.8745634858067,-0.0044129993142125,-0.0292605918150797,-0.0496909581878667,0.00999999999999801
34.79,0.2140249435010306,-0.1314741721207604,9.87725827457392,-0.0046078460270254,-0.0291929349112119,-0.0496625843867107,0.00999999999999801
34.800000000000004,0.2104031128696686,-0.1330897339291902,9.87992616092808,-0.0048022319590756,-0.0291223587381804,-0.0496329690235316,0.010000000000005116
34.81,0.2067678165109019,-0.1347005045215702,9.8825660777502,-0.0049961376719316,-0.0290488703535436,-0.049602112838712,0.00999999999999801
34.82,0.2031192870824551,-0.1363064259103361,9.885176969108755,-0.0051895437751838,-0.0289724771060788,-0.0495700166036548,0.00999999999999801
34.83,0.1994577580889663,-0.1379074402824902,9.887757790682013,-0.0053824309283832,-0.028893186635047,-0.0495366811207644,0.00999999999999801
34.84,0.1957834638670396,-0.1395034900016882,9.890307510175758,-0.0055747798429752,-0.0288110068694293,-0.0495021072234259,0.010000000000005116
34.85,0.1920966395702544,-0.1410945176103125,9.892825107736185,-0.0057665712842283,-0.0287259460271337,-0.0494662957759851,0.00999999999999801
34.86,0.1883975211541055,-0.142680465831541,9.895309576357834,-0.0059577860731585,-0.0286380126141737,-0.0494292476737262,0.00999999999999801
34.87,0.1846863453609089,-0.1442612775714081,9.897759922286388,-0.0061484050884463,-0.0285472154238172,-0.04939096384285,0.00999999999999801
34.88,0.1809633497046471,-0.1458368959208647,9.900175165416142,-0.0063384092683489,-0.0284535635357074,-0.0493514452404501,0.010000000000005116
34.89,0.1772287724557745,-0.1474072641578176,9.902554339682052,-0.0065277796126066,-0.0283570663149554,-0.0493106928544896,0.00999999999999801
34.9,0.1734828526259587,-0.1489723257491798,9.904896493446127,-0.0067164971843428,-0.0282577334112028,-0.049268707703776,0.00999999999999801
34.910000000000004,0.1697258299527885,-0.1505320243529059,9.907200689878096,-0.0069045431119578,-0.0281555747576569,-0.0492254908379358,0.010000000000005116
34.92,0.165957944884436,-0.1520863038200118,9.909466007330106,-0.0070918985910152,-0.0280506005700983,-0.0491810433373886,0.00999999999999801
34.93,0.1621794385642578,-0.1536351081966046,9.911691539705378,-0.0072785448861234,-0.0279428213458581,-0.0491353663133194,0.00999999999999801
34.94,0.1583905528153702,-0.1551783817258958,9.91387639682064,-0.0074644633328084,-0.0278322478627689,-0.0490884609076516,0.00999999999999801
34.95,0.1545915301251612,-0.156716068850205,9.91601970476217,-0.0076496353393806,-0.0277188911780868,-0.0490403282930177,0.010000000000005116
34.96,0.1507826136297948,-0.1582481142129591,9.918120606235377,-0.0078340423887935,-0.027602762627386,-0.0489909696727306,0.00999999999999801
34.97,0.1469640470986248,-0.1597744626606932,9.920178260907672,-0.0080176660404958,-0.0274838738234246,-0.0489403862807534,0.00999999999999801
34.980000000000004,0.1431360749185989,-0.1612950592450281,9.922191845744631,-0.0082004879322756,-0.027362236654984,-0.0488885793816681,0.010000000000005116
34.99,0.1392989420786387,-0.1628098492246481,9.924160555339167,-0.0083824897820957,-0.0272378632856798,-0.0488355502706446,0.00999999999999801
35.0,0.1354528941539345,-0.1643187780672805,9.926083602233684,-0.008563653389923,-0.0271107661527452,-0.0487813002734078,0.00999999999999801
35.01,0.1315981772902371,-0.1658217914516479,9.927960217235068,-0.0087439606395476,-0.0269809579657875,-0.0487258307462049,0.00999999999999801
35.02,0.1277350381881086,-0.1673188352694336,9.929789649722345,-0.0089233935003951,-0.0268484517055171,-0.0486691430757711,0.010000000000005116
35.03,0.1238637240871412,-0.1688098556272191,9.9315711679469,-0.0091019340293285,-0.02671326062245,-0.0486112386792953,0.00999999999999801
35.04,0.1199844827501093,-0.1702947988484326,9.933304059325208,-0.0092795643724439,-0.0265753982355816,-0.0485521190043843,0.00999999999999801
35.050000000000004,0.1160975624471326,-0.1717736114752811,9.934987630723816,-0.0094562667668551,-0.0264348783310356,-0.048491785529027,0.010000000000005116
35.06,0.1122032119397923,-0.1732462402706672,9.936621208736614,-0.0096320235424697,-0.0262917149606856,-0.048430239761557,0.00999999999999801
35.07,0.1083016804651847,-0.1747126322201132,9.93820413995418,-0.0098068171237567,-0.0261459224407493,-0.0483674832406155,0.00999999999999801
35.08,0.1043932177199943,-0.1761727345336691,9.939735791225129,-0.0099806300315037,-0.025997515350357,-0.048303517535112,0.00999999999999801
35.09,0.1004780738445009,-0.1776264946478093,9.941215549909376,-0.0101534448845648,-0.0258465085300942,-0.048238344244186,0.010000000000005116
35.1,0.0965564994065796,-0.179073860227324,9.942642824123173,-0.0103252444015985,-0.0256929170805171,-0.0481719649971663,0.00999999999999801
35.11,0.0926287453856541,-0.1805147791672114,9.94401704297587,-0.0104960114027964,-0.0255367563606427,-0.0481043814535306,0.00999999999999801
35.12,0.0886950631566412,-0.1819491995945444,9.945337656798248,-0.0106657288116006,-0.0253780419864127,-0.048035595302864,0.00999999999999801
35.13,0.084755704473859,-0.1833770698703424,9.946604137362383,-0.0108343796564119,-0.0252167898291323,-0.0479656082648166,0.010000000000005116
35.14,0.0808109214549222,-0.1847983385914299,9.94781597809294,-0.0110019470722861,-0.0250530160138831,-0.0478944220890609,0.00999999999999801
35.15,0.0768609665645956,-0.1862129545922862,9.94897269426978,-0.0111684143026212,-0.0248867369179099,-0.0478220385552475,0.00999999999999801
35.160000000000004,0.0729060925986423,-0.1876208669468882,9.950073823221857,-0.0113337647008332,-0.0247179691689836,-0.0477484594729608,0.010000000000005116
35.17,0.0689465526676496,-0.1890220249705431,9.95111892451227,-0.0114979817320198,-0.0245467296437388,-0.0476736866816743,0.00999999999999801
35.18,0.06498260018082,-0.1904163782217134,9.95210758011444,-0.0116610489746148,-0.0243730354659852,-0.0475977220507037,0.00999999999999801
35.19,0.0610144888297594,-0.1918038765038318,9.953039394579308,-0.0118229501220299,-0.0241969040049958,-0.0475205674791609,0.00999999999999801
35.2,0.0570424725722382,-0.1931844698671126,9.953913995193508,-0.0119836689842853,-0.0240183528737698,-0.0474422248959062,0.010000000000005116
35.21,0.0530668056159446,-0.1945581086103412,9.95473103212846,-0.0121431894896285,-0.0238373999272717,-0.0473626962595,0.00999999999999801
35.22,0.049087742402205,-0.1959247432826713,9.95549017858028,-0.012301495686142,-0.0236540632606454,-0.0472819835581541,0.00999999999999801
35.230000000000004,0.0451055375897052,-0.1972843246854047,9.956191130900514,-0.0124585717433382,-0.0234683612074045,-0.0472000888096818,0.010000000000005116
35.24,0.0411204460381974,-0.1986368038737553,9.956833608717576,-0.0126144019537421,-0.0232803123375999,-0.0471170140614477,0.00999999999999801
35.25,0.0371327227921788,-0.1999821321586184,9.957417355048904,-0.0127689707344626,-0.0230899354559617,-0.047032761390316,0.00999999999999801
35.26,0.033142623064578,-0.2013202611083226,9.957942136403751,-0.0129222626287504,-0.0228972496000195,-0.0469473329025992,0.00999999999999801
35.27,0.0291504022204084,-0.2026511425503702,9.958407742876576,-0.013074262307544,-0.0227022740381982,-0.046860730734005,0.010000000000005116
35.28,0.0251563157604502,-0.2039747285731708,9.958813988230991,-0.0132249545710019,-0.0225050282678916,-0.0467729570495831,0.00999999999999801
35.29,0.0211606193048717,-0.2052909715277728,9.959160709974274,-0.0133743243500235,-0.0223055320135124,-0.0466840140436711,0.00999999999999801
35.300000000000004,0.0171635685768753,-0.2065998240295719,9.95944776942235,-0.0135223567077553,-0.0221038052245196,-0.0465939039398394,0.010000000000005116
35.31,0.0131654193863519,-0.2079012389600172,9.95967505175527,-0.0136690368410849,-0.0218998680734242,-0.046502628990836,0.00999999999999801
35.32,0.0091664276134834,-0.209195169468314,9.959842466063126,-0.0138143500821213,-0.0216937409537714,-0.0464101914785299,0.00999999999999801
35.33,0.0051668491923747,-0.2104815689731022,9.95994994538243,-0.0139582818996613,-0.0214854444781012,-0.0463165937138539,0.00999999999999801
35.34,0.0011669400946777,-0.2117603911641409,9.959997446722888,-0.0141008179006433,-0.0212749994758875,-0.0462218380367474,0.010000000000005116
35.35,-0.0028330436867817,-0.213031590003967,9.959984951084596,-0.0142419438315858,-0.0210624269914555,-0.0461259268160974,0.00999999999999801
35.36,-0.0068328461544139,-0.2142951197295596,9.95991246346564,-0.0143816455800134,-0.0208477482818763,-0.0460288624496795,0.00999999999999801
35.37,-0.0108322113222245,-0.2155509348539866,9.959780012860106,-0.0145199091758676,-0.020630984814842,-0.0459306473640976,0.00999999999999801
35.38,-0.0148308832322097,-0.216798990168039,9.95958765224647,-0.0146567207929043,-0.0204121582665185,-0.0458312840147237,0.010000000000005116
35.39,-0.0188286059707285,-0.2180392407418582,9.959335458566407,-0.0147920667500755,-0.0201912905193786,-0.0457307748856366,0.00999999999999801
35.4,-0.022825123684892,-0.2192716419265596,9.959023532694031,-0.0149259335128983,-0.0199684036600127,-0.0456291224895592,0.00999999999999801
35.410000000000004,-0.0268201805989324,-0.2204961493558336,9.958651999395537,-0.0150583076948081,-0.019743519976921,-0.0455263293677959,0.010000000000005116
35.42,-0.0308135210305673,-0.221712718947543,9.95822100727928,-0.015189176058497,-0.0195166619582846,-0.0454223980901698,0.00999999999999801
35.43,-0.0348048894073739,-0.2229213069053159,9.957730728736363,-0.0153185255172376,-0.0192878522897162,-0.0453173312549571,0.00999999999999801
35.44,-0.0387940302831385,-0.2241218697201157,9.957181359871674,-0.0154463431361919,-0.019057113851992,-0.0452111314888233,0.00999999999999801
35.45,-0.0427806883542083,-0.2253143641718107,9.956573120425425,-0.0155726161337045,-0.0188244697187634,-0.0451038014467569,0.010000000000005116
35.46,-0.0467646084758242,-0.2264987473307295,9.955906253685288,-0.0156973318825808,-0.01858994315425,-0.0449953438120036,0.00999999999999801
35.47,-0.0507455356784599,-0.2276749765592061,9.955181026389068,-0.01582047791135,-0.0183535576109127,-0.0448857612959986,0.00999999999999801
35.480000000000004,-0.0547232151841351,-0.2288430095131156,9.954397728618014,-0.0159420419055117,-0.0181153367271088,-0.0447750566382988,0.010000000000005116
35.49,-0.0586973924227156,-0.2300028041433975,9.95355667368079,-0.0160620117087679,-0.0178753043247284,-0.0446632326065152,0.00999999999999801
35.5,-0.0626678130482163,-0.2311543186975706,9.952658197988155,-0.0161803753242381,-0.0176334844068116,-0.0445502919962426,0.00999999999999801
35.51,-0.0666342229550725,-0.2322975117212345,9.951702660918412,-0.0162971209156595,-0.0173899011551486,-0.0444362376309905,0.00999999999999801
35.52,-0.0705963682944058,-0.2334323420595659,9.950690444673643,-0.0164122368085703,-0.0171445789278614,-0.0443210723621119,0.010000000000005116
35.53,-0.0745539954902633,-0.2345587688587931,9.949621954126854,-0.016525711491477,-0.0168975422569688,-0.0442047990687327,0.00999999999999801
35.54,-0.0785068512558571,-0.2356767515676731,9.948497616660015,-0.0166375336170059,-0.0166488158459316,-0.0440874206576791,0.00999999999999801
35.550000000000004,-0.0824546826097693,-0.2367862499389511,9.947317881993122,-0.0167476920030377,-0.0163984245671837,-0.0439689400634052,0.010000000000005116
35.56,-0.0863972368921371,-0.2378872240308034,9.946083222004312,-0.0168561756338256,-0.0161463934596446,-0.0438493602479199,0.00999999999999801
35.57,-0.0903342617808341,-0.2389796342082818,9.94479413054112,-0.0169629736610968,-0.0158927477262147,-0.0437286842007121,0.00999999999999801
35.58,-0.0942655053076094,-0.2400634411447391,9.94345112322294,-0.0170680754051377,-0.0156375127312562,-0.0436069149386769,0.00999999999999801
35.59,-0.0981907158742261,-0.2411386058232426,9.942054737234798,-0.0171714703558614,-0.0153807139980555,-0.0434840555060394,0.010000000000005116
35.6,-0.1021096422685391,-0.2422050895379782,9.940605531112467,-0.0172731481738591,-0.0151223772062725,-0.043360108974279,0.00999999999999801
35.61,-0.1060220336805984,-0.2432628538956491,9.939104084519077,-0.0173730986914336,-0.0148625281893708,-0.0432350784420527,0.00999999999999801
35.62,-0.1099276397186928,-0.2443118608168516,9.937550998013243,-0.0174713119136164,-0.0146011929320355,-0.0431089670351171,0.00999999999999801
35.63,-0.1138262104253705,-0.2453520725374515,9.93594689280886,-0.0175677780191674,-0.0143383975675745,-0.0429817779062508,0.010000000000005116
35.64,-0.1177174962934284,-0.2463834516099375,9.934292410526623,-0.0176624873615562,-0.0140741683753055,-0.0428535142351756,0.00999999999999801
35.65,-0.121601248281906,-0.2474059609047743,9.932588212937388,-0.0177554304699275,-0.0138085317779274,-0.0427241792284764,0.00999999999999801
35.660000000000004,-0.1254772178320036,-0.2484195636117395,9.930834981697464,-0.017846598050048,-0.0135415143388784,-0.0425937761195217,0.010000000000005116
35.67,-0.1293451568829842,-0.2494242232412434,9.929033418075973,-0.0179359809852355,-0.0132731427596803,-0.0424623081683824,0.00999999999999801
35.68,-0.1332048178880757,-0.2504199036256478,9.927184242674342,-0.0180235703372711,-0.0130034438772671,-0.0423297786617506,0.00999999999999801
35.69,-0.1370559538302895,-0.2514065689205675,9.925288195138078,-0.0181093573472926,-0.0127324446613024,-0.0421961909128569,0.00999999999999801
35.7,-0.1408983182382416,-0.2523841836061586,9.923346033860913,-0.0181933334366705,-0.0124601722114817,-0.042061548261388,0.010000000000005116
35.71,-0.1447316652019179,-0.2533527124883962,9.921358535681463,-0.0182754902078658,-0.0121866537548234,-0.0419258540734033,0.00999999999999801
35.72,-0.1485557493884229,-0.2543121207003468,9.919326495572504,-0.0183558194452697,-0.0119119166429452,-0.0417891117412504,0.00999999999999801
35.730000000000004,-0.1523703260576757,-0.2552623737034185,9.91725072632298,-0.0184343131160257,-0.0116359883493291,-0.0416513246834805,0.010000000000005116
35.74,-0.156175151078068,-0.256203437288604,9.91513205821292,-0.0185109633708319,-0.0113588964665748,-0.0415124963447629,0.00999999999999801
35.75,-0.159969980942099,-0.2571352775777176,9.912971338681317,-0.0185857625447267,-0.0110806687036396,-0.0413726301957987,0.00999999999999801
35.76,-0.1637545727819527,-0.258057861024609,9.910769431987172,-0.0186587031578552,-0.0108013328830679,-0.0412317297332345,0.00999999999999801
35.77,-0.1675286843850448,-0.2589711544163737,9.908527218863808,-0.0187297779162168,-0.0105209169382088,-0.0410897984795744,0.010000000000005116
35.78,-0.1712920742095176,-0.2598751248745483,9.906245596166578,-0.0187989797123948,-0.0102394489104235,-0.0409468399830924,0.00999999999999801
35.79,-0.1750445013997086,-0.2607697398562939,9.90392547651414,-0.0188663016262674,-0.0099569569462799,-0.0408028578177436,0.00999999999999801
35.800000000000004,-0.17878572580156,-0.2616549671555677,9.901567787923415,-0.0189317369256992,-0.009673469294739,-0.0406578555830743,0.010000000000005116
35.81,-0.1825155079779839,-0.2625307749042826,9.899173473438411,-0.0189952790672148,-0.00938901430433,-0.0405118369041331,0.00999999999999801
35.82,-0.1862336092241956,-0.2633971315734543,9.896743490752996,-0.0190569216966531,-0.0091036204203147,-0.0403648054313794,0.00999999999999801
35.83,-0.1899397915829847,-0.2642540059743357,9.894278811827844,-0.0191166586498023,-0.0088173161818437,-0.0402167648405921,0.00999999999999801
35.84,-0.1936338178599467,-0.2651013672595425,9.89178042250166,-0.0191744839530172,-0.0085301302191021,-0.0400677188327784,0.010000000000005116
35.85,-0.1973154516386575,-0.2659391849241583,9.889249322096871,-0.0192303918238154,-0.0082420912504472,-0.0399176711340808,0.00999999999999801
35.86,-0.2009844572958137,-0.2667674288068377,9.886686523019886,-0.0192843766714565,-0.0079532280795356,-0.039766625495684,0.00999999999999801
35.87,-0.2046406000163039,-0.2675860690908914,9.884093050356164,-0.0193364330975007,-0.0076635695924437,-0.0396145856937209,0.00999999999999801
35.88,-0.2082836458082484,-0.2683950763053576,9.881469941460194,-0.0193865558963488,-0.0073731447547787,-0.0394615555291786,0.010000000000005116
35.89,-0.2119133615179519,-0.2691944213260624,9.878818245540565,-0.0194347400557626,-0.0070819826087826,-0.0393075388278034,0.00999999999999801
35.9,-0.2155295148448497,-0.269984075376673,9.876139023240276,-0.0194809807573665,-0.0067901122704274,-0.0391525394400049,0.00999999999999801
35.910000000000004,-0.2191318743563694,-0.2707640100297288,9.873433346212536,-0.0195252733771287,-0.0064975629265032,-0.0389965612407594,0.010000000000005116
35.92,-0.2227202095027239,-0.271534197207665,9.87070229669208,-0.0195676134858242,-0.0062043638317013,-0.0388396081295141,0.00999999999999801
35.93,-0.2262942906316904,-0.2722946091838278,9.8679469670623,-0.0196079968494774,-0.0059105443056864,-0.0386816840300885,0.00999999999999801
35.94,-0.2298538890032997,-0.2730452185834673,9.86516845941831,-0.0196464194297856,-0.0056161337301665,-0.0385227928905767,0.00999999999999801
35.95,-0.2333987768044725,-0.2737859983847276,9.86236788512612,-0.0196828773845228,-0.0053211615459534,-0.038362938683249,0.010000000000005116
35.96,-0.2369287271635917,-0.2745169219196145,9.859546364378112,-0.0197173670679239,-0.0050256572500202,-0.0382021254044524,0.00999999999999801
35.97,-0.2404435141650456,-0.2752379628749596,9.856705025744962,-0.0197498850310493,-0.00472965039255,-0.0380403570745103,0.00999999999999801
35.980000000000004,-0.2439429128636672,-0.2759490952933677,9.853845005724237,-0.0197804280221298,-0.0044331705739818,-0.0378776377376226,0.010000000000005116
35.99,-0.2474266992991265,-0.2766502935741473,9.850967448285816,-0.0198089929868916,-0.0041362474420506,-0.0377139714617643,0.00999999999999801
36.0,-0.250894650510287,-0.277341532474236,9.848073504414304,-0.0198355770688623,-0.0038389106888221,-0.0375493623385838,0.00999999999999801
36.01,-0.2543465445494535,-0.278022787109109,9.84516433164867,-0.0198601776096556,-0.0035411900477238,-0.0373838144833004,0.00999999999999801
36.02,-0.257782160496587,-0.2786940329536728,9.842241093619226,-0.0198827921492381,-0.0032431152905715,-0.037217332034602,0.010000000000005116
36.03,-0.2612012784734367,-0.2793552458431484,9.83930495958221,-0.0199034184261745,-0.0029447162245929,-0.0370499191545412,0.00999999999999801
36.04,-0.2646036796576206,-0.2800064019739444,9.83635710395209,-0.0199220543778545,-0.0026460226894458,-0.0368815800284312,0.00999999999999801
36.05,-0.2679891462966258,-0.2806474779045103,9.83339870583181,-0.0199386981406984,-0.0023470645542346,-0.0367123188647413,0.00999999999999801
36.06,-0.2713574617217399,-0.2812784505561808,9.830430948541176,-0.0199533480503437,-0.002047871714524,-0.036542139894992,0.010000000000005116
36.07,-0.274708410361927,-0.2818992972140097,9.827455019143535,-0.0199660026418117,-0.0017484740893485,-0.0363710473736485,0.00999999999999801
36.08,-0.2780417777576178,-0.282509995527584,9.824472107970973,-0.0199766606496538,-0.0014489016182212,-0.0361990455780151,0.00999999999999801
36.09,-0.2813573505744384,-0.2831105235118303,9.821483408148172,-0.0199853210080781,-0.0011491842581392,-0.0360261388081274,0.010000000000005116
36.1,-0.2846549166168572,-0.2837008595478061,9.818490115115226,-0.019991982851056,-0.0008493519805893,-0.035852331386646,0.00999999999999801
36.11,-0.2879342648417745,-0.2842809823834779,9.815493426149436,-0.0199966455124087,-0.0005494347685491,-0.0356776276587473,0.00999999999999801
36.12,-0.2911951853720233,-0.2848508711344858,9.812494539886428,-0.019999308525874,-0.0002494626134899,-0.0355020319920153,0.00999999999999801
36.13,-0.2944374695098041,-0.2854105052848974,9.809494655840725,-0.0199999716251527,5.0534487622923134e-05,-0.0353255487763324,0.010000000000005116
36.14,-0.297660909750036,-0.2859598646879427,9.80649497392595,-0.0199986347439355,0.0003505265353289,-0.0351481824237702,0.00999999999999801
36.15,-0.3008652997936453,-0.2864989295667425,9.803496693974871,-0.0199952980159094,0.0006504835306734,-0.0349699373684779,0.00999999999999801
36.16,-0.3040504345607642,-0.2870276805150205,9.800501015259492,-0.0199899617747444,0.0009503754782072,-0.0347908180665727,0.00999999999999801
36.17,-0.3072161102038523,-0.2875460984977985,9.797509136011358,-0.0199826265540601,0.001250172388985,-0.0346108289960279,0.010000000000005116
36.18,-0.3103621241207501,-0.2880541648520853,9.794522252942278,-0.0199732930873726,0.0015498442835656,-0.0344299746565609,0.00999999999999801
36.19,-0.3134882749676396,-0.2885518612875474,9.791541560765651,-0.0199619623080207,0.0018493611950094,-0.0342482595695207,0.00999999999999801
36.2,-0.3165943626719391,-0.2890391698871671,9.78856825171861,-0.0199486353490729,0.0021486931718751,-0.034065688277775,0.010000000000005116
36.21,-0.3196801884450888,-0.2895160731078865,9.78560351508513,-0.019933313543214,0.0024478102812139,-0.0338822653455966,0.00999999999999801
36.22,-0.3227455547952939,-0.289982553781242,9.782648536720334,-0.0199159984226119,0.0027466826115644,-0.0336979953585493,0.00999999999999801
36.23,-0.3257902655401597,-0.2904385951139797,9.779704498576166,-0.019896691718764,0.0030452802759429,-0.033512882923373,0.00999999999999801
36.24,-0.3288141258192311,-0.29088418068866,9.776772578228634,-0.0198753953623248,0.0033435734148313,-0.0333269326678692,0.010000000000005116
36.25,-0.3318169421064837,-0.2913192944642513,9.773853948406783,-0.0198521114829122,0.0036415321991646,-0.0331401492407845,0.00999999999999801
36.26,-0.3347985222227028,-0.2917439207767041,9.770949776523633,-0.0198268424088947,0.0039391268333125,-0.0329525373116949,0.00999999999999801
36.27,-0.33775867534778,-0.2921580443395177,9.768061224209204,-0.0197995906671585,0.0042363275580598,-0.0327641015708886,0.010000000000005116
36.28,-0.340697212032919,-0.2925616502442879,9.76518944684592,-0.0197703589828553,0.0045331046535815,-0.0325748467292495,0.00999999999999801
36.29,-0.3436139442127802,-0.2929547239612457,9.762335593106432,-0.019739150279129,0.0048294284424153,-0.0323847775181389,0.00999999999999801
36.3,-0.346508685217501,-0.2933372513397804,9.75950080449418,-0.019705967676824,0.0051252692924296,-0.0321938986892769,0.00999999999999801
36.31,-0.3493812497846388,-0.293709218608947,9.75668621488682,-0.0196708144941729,0.0054205976197856,-0.0320022150146246,0.010000000000005116
36.32,-0.3522314540710469,-0.294070612377964,9.753892950082664,-0.0196336942464648,0.0057153838918967,-0.0318097312862637,0.00999999999999801
36.33,-0.3550591156646225,-0.2944214196366953,9.751122127350392,-0.0195946106456933,0.0060095986303814,-0.0316164523162773,0.00999999999999801
36.34,-0.3578640535959901,-0.2947616277561173,9.74837485498215,-0.019553567600186,0.0063032124140112,-0.0314223829366297,0.010000000000005116
36.35,-0.360646088350077,-0.2950912244887739,9.745652231850258,-0.0195105692142133,0.0065961958816521,-0.0312275279990453,0.00999999999999801
36.36,-0.3634050418776097,-0.2954101979692189,9.742955346967667,-0.019465619787578,0.0068885197352017,-0.0310318923748874,0.00999999999999801
36.37,-0.3661407376065043,-0.2957185367144413,9.740285279052374,-0.0194187238151852,0.0071801547425181,-0.0308354809550363,0.00999999999999801
36.38,-0.368853000453169,-0.2960162296242796,9.73764309609594,-0.019369885986593,0.0074710717403439,-0.0306382986497673,0.010000000000005116
36.39,-0.371541656833705,-0.296303265981821,9.735029854936323,-0.0193191111855438,0.0077612416372214,-0.0304403503886279,0.00999999999999801
36.4,-0.3742065346750231,-0.2965796354537879,9.732446600835145,-0.0192664044894752,0.0080506354164029,-0.0302416411203142,0.00999999999999801
36.41,-0.3768474634258519,-0.2968453280909089,9.729894367059597,-0.0192117711690129,0.0083392241387517,-0.0300421758125474,0.00999999999999801
36.42,-0.3794642740676506,-0.297100334328278,9.727374174469167,-0.0191552166874434,0.0086269789456358,-0.0298419594519502,0.010000000000005116
36.43,-0.3820567991254326,-0.297344644985698,9.724887031107286,-0.0190967467001679,0.0089138710618144,-0.0296409970439209,0.00999999999999801
36.44,-0.384624872678479,-0.2975782512680116,9.722433931798138,-0.0190363670541363,0.0091998717983151,-0.0294392936125093,0.00999999999999801
36.45,-0.3871683303709601,-0.2978011447654182,9.720015857748738,-0.0189740837872628,0.0094849525553027,-0.0292368542002906,0.010000000000005116
36.46,-0.3896870094224495,-0.2980133174537757,9.717633776156466,-0.0189099031278223,0.0097690848249386,-0.0290336838682398,0.00999999999999801
36.47,-0.3921807486383487,-0.29821476169489,9.715288639822198,-0.0188438314938272,0.0100522401942329,-0.0288297876956044,0.00999999999999801
36.48,-0.3946493884202003,-0.2984054702367907,9.7129813867692,-0.0187758754923858,0.0103343903478849,-0.028625170779778,0.00999999999999801
36.49,-0.3970927707758986,-0.2985854362139906,9.71071293986793,-0.0187060419190417,0.0106155070711138,-0.0284198382361732,0.010000000000005116
36.5,-0.3995107393298079,-0.2987546531477338,9.708484206466904,-0.0186343377570941,0.0108955622524818,-0.0282137951980927,0.00999999999999801
36.51,-0.4019031393327651,-0.2989131149462293,9.706296078029766,-0.0185607701768993,0.0111745278867042,-0.0280070468166017,0.00999999999999801
36.52,-0.4042698176719909,-0.2990608159048694,9.704149429778711,-0.018485346535154,0.0114523760774502,-0.0277995982603988,0.010000000000005116
36.53,-0.406610622880874,-0.2991977507064352,9.702045120344428,-0.0184080743741596,0.0117290790401319,-0.0275914547156875,0.00999999999999801
36.54,-0.4089254051486811,-0.2993239144212891,9.699983991422624,-0.0183289614210679,0.0120046091046837,-0.0273826213860453,0.00999999999999801
36.55,-0.4112140163301414,-0.2994393025075507,9.697966867437392,-0.0182480155871081,0.0122789387183291,-0.0271731034922945,0.00999999999999801
36.56,-0.4134763099549153,-0.2995439108112614,9.695994555211431,-0.0181652449667962,0.0125520404483349,-0.0269629062723718,0.010000000000005116
36.57,-0.415712141236984,-0.2996377355665336,9.694067843643332,-0.0180806578371254,0.0128238869847558,-0.0267520349811967,0.00999999999999801
36.58,-0.4179213670839107,-0.2997207733956862,9.692187503392034,-0.0179942626567379,0.0130944511431648,-0.0265404948905403,0.00999999999999801
36.59,-0.4201038461059961,-0.2997930213093666,9.690354286568567,-0.0179060680650799,0.0133637058673717,-0.0263282912888938,0.010000000000005116
36.6,-0.422259438625323,-0.2998544767066572,9.688568926435218,-0.0178160828815372,0.013631624232128,-0.0261154294813365,0.00999999999999801
36.61,-0.4243880066847097,-0.2999051373751707,9.686832137112235,-0.017724316104553,0.0138981794458208,-0.0259019147894024,0.00999999999999801
36.62,-0.4264894140565261,-0.2999450014911284,9.685144613292191,-0.0176307769107285,0.0141633448531508,-0.0256877525509476,0.00999999999999801
36.63,-0.4285635262514185,-0.2999740676194266,9.683507029962112,-0.0175354746539051,0.0144270939377984,-0.0254729481200167,0.010000000000005116
36.64,-0.4306102105269127,-0.2999923347136875,9.681920042133502,-0.0174384188642293,0.0146894003250745,-0.0252575068667098,0.00999999999999801
36.65,-0.4326293358959143,-0.2999998021162978,9.680384284580326,-0.017339619247199,0.0149502377845593,-0.0250414341770466,0.00999999999999801
36.66,-0.4346207731350901,-0.2999964695584319,9.678900371585131,-0.0172390856826936,0.0152095802327243,-0.0248247354528331,0.00999999999999801
36.67,-0.4365843947931346,-0.2999823371600615,9.67746889669333,-0.0171368282239858,0.0154674017355404,-0.0246074161115264,0.010000000000005116
36.68,-0.4385200751989328,-0.2999574054299515,9.676090432475796,-0.0170328570967363,0.0157236765110725,-0.0243894815860986,0.00999999999999801
36.69,-0.4404276904695994,-0.2999216752656412,9.674765530299831,-0.0169271826979711,0.0159783789320565,-0.0241709373249014,0.00999999999999801
36.7,-0.4423071185184092,-0.2998751479534129,9.673494720108648,-0.016819815595042,0.0162314835284627,-0.0239517887915298,0.010000000000005116
36.71,-0.4441582390626069,-0.2998178251682448,9.672278510209374,-0.0167107665245699,0.0164829649900421,-0.023732041464686,0.00999999999999801
36.72,-0.4459809336311102,-0.2997497089737508,9.671117387069753,-0.0166000463913709,0.0167327981688582,-0.0235117008380417,0.00999999999999801
36.73,-0.4477750855720897,-0.2996708018221068,9.67001181512356,-0.0164876662673661,0.0169809580818016,-0.0232907724201008,0.00999999999999801
36.74,-0.449540580060432,-0.2995811065539616,9.668962236584836,-0.0163736373904742,0.0172274199130873,-0.0230692617340627,0.010000000000005116
36.75,-0.4512773041050935,-0.2994806263983351,9.667969071271,-0.016257971163488,0.0174721590167379,-0.0228471743176827,0.00999999999999801
36.76,-0.4529851465563277,-0.2993693649725023,9.667032716434932,-0.0161406791529337,0.017715150919047,-0.0226245157231348,0.00999999999999801
36.77,-0.4546639981128018,-0.2992473262818621,9.666153546606086,-0.0160217730879145,0.0179563713210268,-0.0224012915168719,0.010000000000005116
36.78,-0.4563137513285875,-0.2991145147197946,9.66533191344067,-0.0159012648589381,0.018195796100838,-0.0221775072794881,0.00999999999999801
36.79,-0.457934300620043,-0.2989709350675015,9.664568145580995,-0.0157791665167268,0.0184334013162022,-0.0219531686055773,0.00999999999999801
36.8,-0.4595255422725674,-0.2988165924938347,9.663862548524026,-0.015655490271013,0.018669163206796,-0.0217282811035946,0.00999999999999801
36.81,-0.4610873744472367,-0.2986514925551103,9.663215404499171,-0.0155302484893183,0.0189030581966266,-0.0215028503957162,0.010000000000005116
36.82,-0.4626196971873255,-0.2984756411949084,9.662626972355415,-0.0154034536957166,0.0191350628963901,-0.0212768821176978,0.00999999999999801
36.83,-0.4641224124247009,-0.2982890447438587,9.66209748745777,-0.0152751185695814,0.0193651541058097,-0.0210503819187347,0.00999999999999801
36.84,-0.4655954239861032,-0.2980917099194132,9.661627161593133,-0.0151452559443185,0.0195933088159565,-0.0208233554613198,0.010000000000005116
36.85,-0.4670386375992919,-0.2978836438256048,9.661216182885582,-0.0150138788060822,0.0198195042115492,-0.020595808421103,0.00999999999999801
36.86,-0.4684519608990892,-0.2976648539527899,9.660864715721118,-0.0148810002924768,0.020043717673237,-0.0203677464867485,0.00999999999999801
36.87,-0.4698353034332876,-0.2974353481773806,9.660572900681924,-0.0147466336912429,0.0202659267798605,-0.0201391753597925,0.00999999999999801
36.88,-0.4711885766684375,-0.2971951347615597,9.66034085449012,-0.0146107924389287,0.0204861093106944,-0.0199101007545014,0.010000000000005116
36.89,-0.4725116939955108,-0.2969442223529844,9.660168669961092,-0.0144734901195463,0.0207042432476687,-0.0196805283977285,0.00999999999999801
36.9,-0.4738045707354527,-0.2966826199844746,9.660056415966356,-0.0143347404632131,0.0209203067775718,-0.0194504640287707,0.00999999999999801
36.91,-0.4750671241445936,-0.2964103370736867,9.66000413740601,-0.0141945573447791,0.0211342782942308,-0.0192199133992251,0.00999999999999801
36.92,-0.4762992734199435,-0.2961273834227766,9.660011855190785,-0.0140529547824395,0.0213461364006721,-0.0189888822728457,0.010000000000005116
36.93,-0.4775009397043715,-0.2958337692180452,9.660079566233668,-0.0139099469363323,0.0215558599112617,-0.0187573764253985,0.00999999999999801
36.94,-0.4786720460916451,-0.2955295050295717,9.660207243451143,-0.0137655481071232,0.0217634278538233,-0.0185254016445176,0.00999999999999801
36.95,-0.4798125176313557,-0.2952146018108342,9.660394835774031,-0.0136197727345744,0.0219688194717358,-0.0182929637295602,0.010000000000005116
36.96,-0.480922281333713,-0.294889070898315,9.6606422681679,-0.0134726353961021,0.0221720142260082,-0.0180600684914626,0.00999999999999801
36.97,-0.4820012661742195,-0.2945529240110912,9.660949441663092,-0.0133241508053173,0.0223729917973347,-0.0178267217525933,0.00999999999999801
36.98,-0.483049403098214,-0.2942061732504145,9.661316233394304,-0.0131743338105554,0.0225717320881257,-0.0175929293466085,0.00999999999999801
36.99,-0.4840666250252903,-0.2938488310992754,9.661742496649731,-0.013023199393391,0.0227682152245175,-0.0173586971183065,0.010000000000005116
37.0,-0.4850528668535926,-0.2934809104219522,9.662228060929763,-0.0128707626671399,0.0229624215583603,-0.0171240309234806,0.00999999999999801
37.01,-0.4860080654639808,-0.2931024244635497,9.662772732015156,-0.0127170388753478,0.0231543316691825,-0.0168889366287735,0.00999999999999801
37.02,-0.48693215972407,-0.2927133868495215,9.663376292044736,-0.0125620433902654,0.0233439263661331,-0.0166534201115302,0.010000000000005116
37.03,-0.4878250904921423,-0.2923138115851798,9.664038499602544,-0.0124057917113125,0.0235311866899002,-0.0164174872596516,0.00999999999999801
37.04,-0.4886868006209338,-0.2919037130551908,9.664759089814382,-0.0122482994635266,0.0237160939146076,-0.0161811439714466,0.00999999999999801
37.05,-0.4895172349612905,-0.2914831060230574,9.665537774453776,-0.0120895823960011,0.0238986295496869,-0.0159443961554849,0.00999999999999801
37.06,-0.4903163403656976,-0.2910520056305873,9.66637424205725,-0.0119296563803107,0.0240787753417267,-0.0157072497304499,0.010000000000005116
37.07,-0.4910840656916823,-0.2906104273973481,9.667268158048916,-0.0117685374089237,0.0242565132762978,-0.0154697106249897,0.00999999999999801
37.08,-0.4918203618050857,-0.2901583872201088,9.668219164874298,-0.0116062415936028,0.024431825579755,-0.0152317847775697,0.00999999999999801
37.09,-0.4925251815832082,-0.289695901372266,9.669226882143343,-0.0114427851637943,0.0246046947210142,-0.0149934781363233,0.010000000000005116
37.1,-0.493198479917824,-0.2892229865032612,9.670290906782585,-0.0112781844650052,0.024775103413305,-0.0147547966589046,0.00999999999999801
37.11,-0.4938402137180697,-0.2887396596379787,9.671410813196346,-0.011112455957168,0.0249430346159002,-0.014515746312338,0.00999999999999801
37.12,-0.4944503419132011,-0.2882459381761327,9.672586153436995,-0.0109456162129955,0.0251084715358197,-0.0142763330728695,0.00999999999999801
37.13,-0.4950288254552227,-0.2877418398916427,9.673816457384117,-0.0107776819163228,0.0252713976295094,-0.0140365629258176,0.010000000000005116
37.14,-0.4955756273213842,-0.2872273829319932,9.675101232932525,-0.01060866986044,0.0254317966044955,-0.0137964418654238,0.00999999999999801
37.15,-0.4960907125165531,-0.2867025858175784,9.676439966189132,-0.0104385969464117,0.0255896524210141,-0.013555975894702,0.00999999999999801
37.16,-0.4965740480754534,-0.2861674674410376,9.677832121678488,-0.0102674801813874,0.0257449492936155,-0.0133151710252886,0.00999999999999801
37.17,-0.4970256030647735,-0.2856220470665757,9.67927714255696,-0.0100953366769013,0.0258976716927414,-0.0130740332772933,0.010000000000005116
37.18,-0.4974453485851482,-0.2850663443292662,9.680774450835456,-0.0099221836471603,0.0260478043462794,-0.012832568679147,0.00999999999999801
37.19,-0.4978332577730081,-0.2845003792343483,9.682323447610637,-0.009748038407323,0.0261953322410891,-0.012590783267452,0.00999999999999801
37.2,-0.4981893058022974,-0.2839241721565033,9.683923513304444,-0.0095729183717683,0.0263402406245043,-0.012348683086831,0.010000000000005116
37.21,-0.4985134698860632,-0.2833377438391248,9.685574007911928,-0.0093968410523538,0.026482515005807,-0.0121062741897761,0.00999999999999801
37.22,-0.4988057292779154,-0.2827411153935689,9.687274271257255,-0.0092198240566648,0.0266221411576778,-0.0118635626364971,0.00999999999999801
37.23,-0.4990660652733527,-0.2821343082983941,9.689023623257764,-0.0090418850862532,0.026759105117618,-0.0116205544947698,0.00999999999999801
37.24,-0.4992944612109596,-0.2815173443985913,9.690821364195967,-0.0088630419348679,0.0268933931893455,-0.0113772558397856,0.010000000000005116
37.25,-0.4994909024734747,-0.2808902459047945,9.69266677499947,-0.008683312486675,0.0270249919441652,-0.0111336727539979,0.00999999999999801
37.26,-0.499655376488724,-0.2802530353924808,9.694559117528549,-0.0085027147144695,0.0271538882223112,-0.0108898113269713,0.00999999999999801
37.27,-0.4997878727304267,-0.2796057358011599,9.696497634871424,-0.008321266677878,0.0272800691342632,-0.0106456776552285,0.010000000000005116
37.28,-0.4998883827188685,-0.2789483704335482,9.698481551647005,-0.0081389865215532,0.027403522062035,-0.0104012778420989,0.00999999999999801
37.29,-0.4999569000214446,-0.2782809629547271,9.700510074315035,-0.0079558924733587,0.0275242346604368,-0.0101566179975651,0.00999999999999801
37.3,-0.4999934202530708,-0.2776035373912934,9.702582391493497,-0.0077720028425467,0.0276421948583095,-0.0099117042381101,0.00999999999999801
37.31,-0.499997941076465,-0.2769161181304955,9.70469767428314,-0.0075873360179272,0.0277573908597313,-0.0096665426865656,0.010000000000005116
37.32,-0.4999704622022958,-0.2762187299193515,9.70685507659906,-0.0074019104660286,0.0278698111451982,-0.0094211394719573,0.00999999999999801
37.33,-0.4999109853892019,-0.275511397863762,9.709053735509093,-0.0072157447292516,0.0279794444727753,-0.009175500729353,0.00999999999999801
37.34,-0.499819514443679,-0.2747941474276046,9.71129277157899,-0.0070288574240148,0.0280862798792214,-0.0089296325997081,0.010000000000005116
37.35,-0.4996960552198364,-0.2740670044318175,9.713571289224175,-0.006841267238893,0.0281903066810847,-0.0086835412297135,0.00999999999999801
37.36,-0.4995406156190223,-0.2733299950534701,9.715888377067971,-0.0066529929327483,0.0282915144757717,-0.0084372327716405,0.00999999999999801
37.37,-0.4993532055893181,-0.2725831458248208,9.718243108306137,-0.0064640533328545,0.0283898931425873,-0.0081907133831876,0.00999999999999801
37.38,-0.4991338371249016,-0.2718264836323598,9.720634541077573,-0.006274467333014,0.0284854328437468,-0.0079439892273265,0.010000000000005116
37.39,-0.4988825242652799,-0.2710600357158458,9.723061718841052,-0.006084253891669,0.0285781240253597,-0.0076970664721486,0.00999999999999801
37.4,-0.4985992830943901,-0.2702838296673209,9.725523670757832,-0.0058934320300051,0.0286679574183851,-0.0074499512907099,0.00999999999999801
37.41,-0.4982841317395702,-0.2694978934301176,9.728019412079975,-0.0057020208300492,0.0287549240395586,-0.0072026498608767,0.00999999999999801
37.42,-0.4979370903703999,-0.2687022552978571,9.730547944544227,-0.0055100394327621,0.0288390151922905,-0.0069551683651723,0.010000000000005116
37.43,-0.4975581811974079,-0.2678969439134261,9.733108256771311,-0.0053175070361234,0.0289202224675355,-0.0067075129906211,0.00999999999999801
37.44,-0.4971474284706524,-0.2670819882679467,9.73569932467048,-0.0051244428932123,0.0289985377446339,-0.0064596899285944,0.00999999999999801
37.45,-0.4967048584781668,-0.2662574176997339,9.738320111849118,-0.0049308663102822,0.0290739531921233,-0.0062117053746557,0.010000000000005116
37.46,-0.4962304995442806,-0.2654232618932406,9.740969570027298,-0.0047367966448301,0.0291464612685216,-0.0059635655284065,0.00999999999999801
37.47,-0.4957243820278034,-0.2645795508779844,9.74364663945707,-0.004542253303661,0.0292160547230817,-0.0057152765933295,0.00999999999999801
37.48,-0.4951865383200826,-0.2637263150274707,9.746350249346364,-0.0043472557409465,0.0292827265965161,-0.0054668447766353,0.00999999999999801
37.49,-0.4946170028429331,-0.2628635850580993,9.749079318287263,-0.0041518234562807,0.0293464702216931,-0.0052182762891066,0.010000000000005116
37.5,-0.4940158120464309,-0.2619913920280546,9.751832754688586,-0.0039559759927292,0.0294072792243032,-0.0049695773449424,0.00999999999999801
37.51,-0.4933830044065811,-0.2611097673361925,9.754609457212478,-0.003759732934875,0.0294651475234968,-0.0047207541616034,0.00999999999999801
37.52,-0.4927186204228564,-0.260218742720905,9.757408315214958,-0.0035631139068603,0.0295200693324924,-0.004471812959656,0.010000000000005116
37.53,-0.4920227026156065,-0.2593183502589837,9.760228209190135,-0.0033661385704243,0.0295720391591546,-0.0042227599626178,0.00999999999999801
37.54,-0.4912952955233323,-0.2584086223644599,9.76306801121802,-0.0031688266229364,0.0296210518065442,-0.0039736013968004,0.00999999999999801
37.55,-0.490536445699839,-0.2574895917874381,9.765926585415672,-0.0029711977954267,0.0296671023734373,-0.0037243434911549,0.00999999999999801
37.56,-0.4897462017112581,-0.2565612916129213,9.768802788391517,-0.0027732718506136,0.0297101862548156,-0.0034749924771163,0.010000000000005116
37.57,-0.4889246141329336,-0.2556237552596155,9.771695469702712,-0.0025750685809265,0.0297502991423268,-0.0032255545884467,0.00999999999999801
37.58,-0.4880717355461905,-0.2546770164787272,9.774603472315311,-0.0023766078065272,0.0297874370247155,-0.0029760360610804,0.00999999999999801
37.59,-0.4871876205349669,-0.2537211093527501,9.777525633067038,-0.0021779093733276,0.0298215961882246,-0.0027264431329675,0.010000000000005116
37.6,-0.4862723256823225,-0.2527560682942394,9.780460783132549,-0.0019789931510057,0.0298527732169661,-0.0024767820439183,0.00999999999999801
37.61,-0.485325909566815,-0.2517819280445671,9.783407748490957,-0.0017798790310179,0.0298809649932631,-0.0022270590354471,0.00999999999999801
37.62,-0.4843484327587528,-0.2507987236726777,9.786365350395409,-0.0015805869246102,0.0299061686979616,-0.001977280350616,0.00999999999999801
37.63,-0.4833399578163174,-0.2498064905738222,9.78933240584458,-0.0013811367608271,0.029928381810712,-0.0017274522338789,0.010000000000005116
37.64,-0.482300549281562,-0.2488052644682851,9.792307728055846,-0.0011815484845189,0.0299476021102215,-0.0014775809309261,0.00999999999999801
37.65,-0.4812302736762775,-0.2477950814000982,9.795290126939998,-0.0009818420543469,0.0299638276744762,-0.001227672688527,0.00999999999999801
37.66,-0.4801291994977368,-0.2467759777357426,9.798278409577245,-0.0007820374407876,0.0299770568809333,-0.0009777337543745,0.00999999999999801
37.67,-0.4789973972143124,-0.2457479901628404,9.801271380694375,-0.000582154624136,0.0299872884066831,-0.0007277703769291,0.010000000000005116
37.68,-0.4778349392609638,-0.244711155688833,9.804267843142846,-0.0003822135925071,0.0299945212285815,-0.0004777888052623,0.00999999999999801
37.69,-0.4766419000346031,-0.2436655116396502,9.807266598377634,-0.0001822343398375,0.0299987546233525,-0.0002277952889002,0.00999999999999801
37.7,-0.4754183558893332,-0.242611095658363,9.810266446936629,1.776313611435184e-05,0.0299999881676599,2.2203922332309568e-05,0.010000000000005116
37.71,-0.4741643851315625,-0.2415479457038347,9.813266188920394,0.0002177588357672,0.0299982217381506,0.0002722025784678,0.00999999999999801
37.72,-0.4728800680149913,-0.2404761000493488,9.816264624472144,0.0004177327597181,0.0299934555114658,0.000522194429553,0.00999999999999801
37.73,-0.4715654867354759,-0.2393955972812313,9.819260554257632,0.0006176649107412,0.0299856899642243,0.0007721732258049,0.00999999999999801
37.74,-0.4702207254257707,-0.2383064762974669,9.822252779944892,0.0008175352957878,0.0299749258729745,0.0010221327177662,0.010000000000005116
37.75,-0.4688458701501399,-0.2372087763062936,9.825240104683536,0.0010173239279861,0.0299611643141163,0.0012720666564628,0.00999999999999801
37.76,-0.4674410088988526,-0.2361025368247912,9.82822133358351,0.0012170108286394,0.0299444066637943,0.0015219687935592,0.00999999999999801
37.77,-0.4660062315825466,-0.2349877976774614,9.831195274193,0.0014165760292241,0.0299246545977595,0.0017718328815152,0.010000000000005116
37.78,-0.4645416300264838,-0.2338645989947952,9.83416073697541,0.0016159995733862,0.0299019100912021,0.0020216526737413,0.00999999999999801
37.79,-0.4630472979646631,-0.2327329812118219,9.837116535785167,0.0018152615189377,0.0298761754185537,0.0022714219247558,0.00999999999999801
37.8,-0.4615233310338238,-0.2315929850666594,9.840061488342164,0.0020143419398501,0.0298474531532601,0.0025211343903407,0.00999999999999801
37.81,-0.4599698267673328,-0.2304446515990478,9.842994416704634,0.002213220928247,0.0298157461675241,0.002770783827697,0.010000000000005116
37.82,-0.4583868845889319,-0.2292880221488661,9.845914147740343,0.0024118785963954,0.0297810576320177,0.0030203639956018,0.00999999999999801
37.83,-0.4567746058063791,-0.2281231383546507,9.848819513595805,0.0026102950786941,0.0297433910155655,0.0032698686545642,0.00999999999999801
37.84,-0.4551330936049653,-0.2269500421520904,9.851709352163416,0.0028084505336603,0.0297027500847978,0.0035192915669806,0.010000000000005116
37.85,-0.4534624530409147,-0.225768775772524,9.854582507546278,0.0030063251459134,0.0296591389037739,0.003768626497291,0.00999999999999801
37.86,-0.4517627910346503,-0.2245793817414134,9.857437830520546,0.0032038991281571,0.0296125618335755,0.0040178672121352,0.00999999999999801
37.87,-0.4500342163639611,-0.223381902876814,9.860274178995104,0.0034011527231579,0.0295630235318708,0.0042670074805084,0.00999999999999801
37.88,-0.4482768396570352,-0.2221763822878355,9.863090418468376,0.0035980662057208,0.0295105289524486,0.0045160410739169,0.010000000000005116
37.89,-0.4464907733853834,-0.2209628633730911,9.865885422482124,0.0037946198846614,0.0294550833447233,0.0047649617665337,0.00999999999999801
37.9,-0.4446761318566369,-0.2197413898191285,9.868658073072009,0.0039907941047757,0.0293966922532093,0.0050137633353545,0.00999999999999801
37.91,-0.4428330312072332,-0.2185120055988638,9.87140726121476,0.0041865692488053,0.029335361516967,0.0052624395603532,0.00999999999999801
37.92,-0.4409615893949864,-0.2172747549699981,9.87413188727178,0.0043819257393987,0.0292710972690192,0.0055109842246368,0.010000000000005116
37.93,-0.4390619261915329,-0.2160296824734185,9.87683086142897,0.0045768440410697,0.029203905935737,0.0057593911146018,0.00999999999999801
37.94,-0.4371341631746693,-0.2147768329316011,9.879503104132656,0.0047713046621507,0.0291337942361978,0.006007654020089,0.00999999999999801
37.95,-0.4351784237205698,-0.213516251446994,9.882147546521386,0.0049652881567416,0.0290607691815129,0.0062557667345387,0.010000000000005116
37.96,-0.4331948329958936,-0.2122479834003945,9.88476313085346,0.0051587751266545,0.0289848380741271,0.0065037230551456,0.00999999999999801
37.97,-0.4311835179497692,-0.2109720744493153,9.88734881093002,0.0053517462233537,0.0289060085070879,0.006751516783015,0.00999999999999801
37.98,-0.4291446073056721,-0.2096885705263409,9.889903552513514,0.0055441821498904,0.0288242883632862,0.0069991417233166,0.00999999999999801
37.99,-0.4270782315531894,-0.2083975178374739,9.892426333741367,0.0057360636628322,0.0287396858146684,0.0072465916854394,0.010000000000005116
38.0,-0.4249845229396631,-0.2070989628604717,9.894916145534728,0.0059273715741877,0.0286522093214188,0.0074938604831476,0.00999999999999801
38.01,-0.4228636154617297,-0.205792952343174,9.897371992002071,0.0061180867533252,0.0285618676311138,0.0077409419347339,0.00999999999999801
38.02,-0.4207156448567429,-0.2044795333018159,9.899792890837563,0.0063081901288859,0.0284686697778471,0.0079878298631753,0.010000000000005116
38.03,-0.4185407485940902,-0.2031587530193435,9.902177873713944,0.0064976626906905,0.0283726250813265,0.0082345180962859,0.00999999999999801
38.04,-0.4163390658663891,-0.2018306590437043,9.904525986669857,0.0066864854916406,0.0282737431459415,0.008481000466873,0.00999999999999801
38.05,-0.4141107375805816,-0.2004952991861357,9.906836290491434,0.0068746396496138,0.0281720338598033,0.0087272708128904,0.00999999999999801
38.06,-0.4118559063489195,-0.1991527215194505,9.909107861087946,0.0070621063493507,0.0280675073937557,0.0089733229775917,0.010000000000005116
38.07,-0.4095747164798309,-0.1978029743763,9.911339789861444,0.0072488668443378,0.0279601742003583,0.009219150809686,0.00999999999999801
38.08,-0.4072673139686898,-0.1964461063474338,9.913531184070177,0.0074349024586811,0.0278500450128409,0.0094647481634903,0.00999999999999801
38.09,-0.4049338464884653,-0.1950821662799545,9.91568116718568,0.0076201945889744,0.0277371308440305,0.0097101088990835,0.010000000000005116
38.1,-0.4025744633802847,-0.1937112032755596,9.917788879243371,0.0078047247061589,0.0276214429852499,0.0099552268824599,0.00999999999999801
38.11,-0.4001893156438606,-0.1923332666887667,9.91985347718653,0.0079884743573766,0.0275029930051886,0.0102000959856826,0.00999999999999801
38.12,-0.3977785559278319,-0.1909484061251458,9.921874135203508,0.0081714251678157,0.0273817927487458,0.010444710087037,0.00999999999999801
38.13,-0.3953423385199965,-0.1895566714395251,9.923850045058042,0.0083535588425475,0.0272578543358462,0.0106890630711834,0.010000000000005116
38.14,-0.3928808193374422,-0.1881581127342056,9.92578041641253,0.0085348571683563,0.0271311901602279,0.0109331488293096,0.00999999999999801
38.15,-0.3903941559165523,-0.1867527803571494,9.927664477144171,0.0087153020155606,0.0270018128882028,0.0111769612592844,0.00999999999999801
38.16,-0.3878825074029358,-0.1853407249001681,9.9295014736538,0.0088948753398262,0.0268697354573903,0.0114204942658101,0.00999999999999801
38.17,-0.3853460345412458,-0.183921997197108,9.931290671167291,0.0090735591839701,0.0267349710754234,0.0116637417605738,0.010000000000005116
38.18,-0.3827848996648752,-0.1824966483220131,9.933031354029508,0.0092513356797568,0.0265975332186281,0.011906697662401,0.00999999999999801
38.19,-0.380199266685583,-0.1810647295872874,9.934722825990503,0.009428187049685,0.0264574356306755,0.0121493558974067,0.00999999999999801
38.2,-0.3775893010829962,-0.1796262925418507,9.936364410484058,0.0096040956087651,0.0263146923212075,0.0123917103991479,0.010000000000005116
38.21,-0.3749551698940248,-0.1781813889692839,9.937955450898253,0.0097790437662877,0.0261693175644363,0.0126337551087744,0.00999999999999801
38.22,-0.3722970417021646,-0.1767300708859568,9.939495310838138,0.0099530140275827,0.0260213258977164,0.0128754839751812,0.00999999999999801
38.23,-0.3696150866267114,-0.1752723905391638,9.94098337438027,0.0101259889957693,0.0258707321200909,0.0131168909551594,0.00999999999999801
38.24,-0.366909476311877,-0.1738084004052426,9.94241904631907,0.0102979513734945,0.0257175512908124,0.0133579700135467,0.010000000000005116
38.25,-0.3641803839157967,-0.1723381531876771,9.943801752404909,0.0104688839646639,0.0255617987278361,0.0135987151233794,0.00999999999999801
38.26,-0.3614279840994525,-0.1708617018152094,9.94513093957378,0.0106387696761609,0.0254034900062884,0.0138391202660423,0.00999999999999801
38.27,-0.3586524530154918,-0.1693790994399294,9.946406076168548,0.010807591519556,0.0252426409569094,0.0140791794314194,0.010000000000005116
38.28,-0.3558539682969592,-0.1678903994353624,9.94762665215157,0.0109753326128054,0.0250792676644704,0.0143188866180439,0.00999999999999801
38.29,-0.3530327090459201,-0.1663956553945479,9.948792179308729,0.0111419761819395,0.0249133864661642,0.0145582358332488,0.00999999999999801
38.3,-0.3501888558220024,-0.16489492112811,9.949902191444703,0.0113075055627405,0.0247450139499724,0.0147972210933162,0.00999999999999801
38.31,-0.3473225906308442,-0.16338825066232,9.950956244569436,0.011471904202408,0.0245741669530064,0.0150358364236268,0.010000000000005116
38.32,-0.3444340969124382,-0.1618756982371522,9.951953917075734,0.0116351556612152,0.0244008625598236,0.0152740758588099,0.00999999999999801
38.33,-0.3415235595293964,-0.1603573183043312,9.952894809907894,0.0117972436141522,0.0242251181007188,0.0155119334428921,0.00999999999999801
38.34,-0.3385911647551165,-0.1588331655253681,9.953778546721333,0.0119581518525588,0.0240469511499913,0.0157494032294462,0.010000000000005116
38.35,-0.3356371002618659,-0.1573032947696009,9.9546047740331,0.0121178642857452,0.023866379524188,0.0159864792817398,0.00999999999999801
38.36,-0.3326615551087623,-0.1557677611122116,9.955373161363296,0.0122763649426012,0.0236834212803209,0.016223155672884,0.00999999999999801
38.37,-0.3296647197296813,-0.1542266198322443,9.956083401367229,0.0124336379731933,0.0234980947140618,0.0164594264859812,0.00999999999999801
38.38,-0.326646785921059,-0.1526799264106186,9.956735209958364,0.0125896676503494,0.0233104183579129,0.0166952858142738,0.010000000000005116
38.39,-0.3236079468296355,-0.1511277365281333,9.957328326421962,0.0127444383712317,0.0231204109793536,0.0169307277612904,0.00999999999999801
38.4,-0.3205483969400743,-0.1495701060634539,9.957862513519345,0.0128979346588973,0.0229280915789634,0.0171657464409947,0.00999999999999801
38.41,-0.3174683320625185,-0.1480070910911088,9.958337557582787,0.0130501411638453,0.0227334793885217,0.0174003359779323,0.00999999999999801
38.42,-0.3143679493200757,-0.1464387478794711,9.958753268601011,0.0132010426655519,0.0225365938690859,0.0176344905073765,0.010000000000005116
38.43,-0.3112474471361818,-0.144865132888724,9.959109480295142,0.0133506240739928,0.0223374547090436,0.0178682041754764,0.00999999999999801
38.44,-0.3081070252219087,-0.1432863027688394,9.959406050185256,0.0134988704311518,0.0221360818221449,0.0181014711394027,0.00999999999999801
38.45,-0.3049468845631856,-0.1417023143575281,9.959642859647348,0.0136457669125168,0.0219324953455104,0.0183342855674933,0.010000000000005116
38.46,-0.301767227407943,-0.1401132246782048,9.959819813960792,0.0137912988285618,0.0217267156376186,0.0185666416393996,0.00999999999999801
38.47,-0.2985682572531479,-0.1385190909379261,9.959936842346226,0.0139354516262167,0.0215187632762686,0.0187985335462319,0.00999999999999801
38.48,-0.2953501788317967,-0.1369199705253319,9.95999389799385,0.0140782108903219,0.021308659056523,0.0190299554907047,0.00999999999999801
38.49,-0.2921131980998173,-0.135315921008587,9.959990958082171,0.0142195623450698,0.0210964239886291,0.0192609016872813,0.010000000000005116
38.5,-0.2888575222228658,-0.1337070001333009,9.95992802378711,0.0143594918554328,0.0208820792959166,0.0194913663623189,0.00999999999999801
38.51,-0.2855833595630886,-0.1320932658204493,9.959805120281548,0.0144979854285765,0.0206656464126763,0.0197213437542126,0.00999999999999801
38.52,-0.2822909196657768,-0.1304747761642933,9.959622296725248,0.014635029215259,0.0204471469820157,0.0199508281135397,0.010000000000005116
38.53,-0.2789804132459629,-0.1288515894302886,9.959379626245196,0.0147706095112157,0.0202266028536964,0.020179813703203,0.00999999999999801
38.54,-0.2756520521749264,-0.1272237640529794,9.959077205906349,0.0149047127585301,0.0200040360819472,0.0204082947985747,0.00999999999999801
38.55,-0.2723060494666383,-0.1255913586339034,9.958715156672806,0.0150373255469892,0.0197794689232596,0.0206362656876395,0.00999999999999801
38.56,-0.2689426192641326,-0.1239544319394825,9.958293623359438,0.0151684346154247,0.0195529238341626,0.0208637206711368,0.010000000000005116
38.57,-0.265561976825793,-0.1223130428988978,9.957812774573949,0.0152980268530389,0.0193244234689763,0.0210906540627039,0.00999999999999801
38.58,-0.2621643385115815,-0.1206672506019785,9.95727280264944,0.0154260893007161,0.0190939906775467,0.021317060189018,0.00999999999999801
38.59,-0.258749921769189,-0.1190171142970696,9.956673923567482,0.0155526091523184,0.0188616485029608,0.0215429333899377,0.010000000000005116
38.6,-0.2553189451201245,-0.1173626933888998,9.956016376871723,0.0156775737559658,0.0186274201792428,0.0217682680186446,0.00999999999999801
38.61,-0.2518716281457211,-0.1157040474364432,9.955300425572077,0.0158009706153022,0.0183913291290296,0.0219930584417848,0.00999999999999801
38.62,-0.2484081914730883,-0.1140412361507759,9.954526356039512,0.0159227873907446,0.0181533989612296,0.0222172990396094,0.00999999999999801
38.63,-0.2449288567609895,-0.1123743193929216,9.953694477891526,0.0160430119007168,0.0179136534686611,0.0224409842061153,0.010000000000005116
38.64,-0.2414338466856617,-0.1107033571717066,9.952805123868282,0.0161616321228681,0.0176721166256739,0.0226641083491847,0.00999999999999801
38.65,-0.2379233849265554,-0.1090284096415904,9.951858649699536,0.0162786361952751,0.0174288125857508,0.0228866658907258,0.00999999999999801
38.66,-0.2343976961520232,-0.1073495371005001,9.950855433962332,0.0163940124176281,0.017183765679093,0.0231086512668118,0.00999999999999801
38.67,-0.2308570060049463,-0.1056667999876689,9.94979587792959,0.0165077492524008,0.0169370004101871,0.0233300589278195,0.010000000000005116
38.68,-0.2273015410882842,-0.1039802588814512,9.9486804054096,0.0166198353260048,0.0166885414553544,0.0235508833385692,0.00999999999999801
38.69,-0.2237315289505795,-0.1022899744971426,9.94750946257649,0.016730259429926,0.0164384136602832,0.023771118978462,0.00999999999999801
38.7,-0.220147198071384,-0.1005960076847984,9.946283517791784,0.0168390105218461,0.0161866420375444,0.0239907603416186,0.010000000000005116
38.71,-0.2165487778466585,-0.0988984194270439,9.945003061417053,0.0169460777267463,0.0159332517640909,0.024209801937016,0.00999999999999801
38.72,-0.2129364985740677,-0.09719727083687,9.943668605617772,0.0170514503379956,0.0156782681787386,0.0244282382886259,0.00999999999999801
38.73,-0.2093105914382454,-0.0954926231554423,9.942280684158463,0.0171551178184207,0.0154217167796335,0.024646063935551,0.00999999999999801
38.74,-0.2056712884960188,-0.0937845377498962,9.940839852189216,0.0172570698013598,0.0151636232217019,0.0248632734321612,0.010000000000005116
38.75,-0.2020188226615325,-0.0920730761111188,9.9393466860236,0.0173572960916995,0.0149040133140846,0.0250798613482306,0.00999999999999801
38.76,-0.1983534276913497,-0.0903582998515464,9.937801782908174,0.0174557866668944,0.0146429130175557,0.0252958222690726,0.00999999999999801
38.77,-0.194675338169496,-0.0886402707029359,9.936205760783585,0.0175525316779692,0.0143803484419273,0.0255111507956754,0.010000000000005116
38.78,-0.1909847894924534,-0.0869190505141542,9.934559258037403,0.0176475214505032,0.0141163458434385,0.0257258415448369,0.00999999999999801
38.79,-0.1872820178540709,-0.0851947012489424,9.932862933248774,0.0177407464855983,0.0138509316221289,0.0259398891492997,0.00999999999999801
38.8,-0.183567260230468,-0.0834672849836845,9.931117464924997,0.0178321974608288,0.0135841323191994,0.0261532882578849,0.00999999999999801
38.81,-0.1798407543648727,-0.0817368639051827,9.929323551230128,0.0179218652311733,0.0133159746143581,0.0263660335356257,0.010000000000005116
38.82,-0.176102738752382,-0.0800035003084089,9.927481909705726,0.0180097408299296,0.0130464853231521,0.0265781196639013,0.00999999999999801
38.83,-0.1723534526247207,-0.0782672565942634,9.925593276983848,0.0180958154696109,0.0127756913942858,0.0267895413405696,0.00999999999999801
38.84,-0.1685931359349196,-0.0765281952673322,9.923658408492397,0.0181800805428251,0.0125036199069262,0.0270002932800998,0.010000000000005116
38.85,-0.1648220293419667,-0.0747863789336386,9.921678078152974,0.0182625276231349,0.0122302980679957,0.0272103702137042,0.00999999999999801
38.86,-0.161040374195395,-0.0730418702983792,9.919653078071311,0.0183431484659012,0.0119557532094504,0.0274197668894704,0.00999999999999801
38.87,-0.1572484125198432,-0.0712947321636776,9.917584218220444,0.0184219350091068,0.0116800127855472,0.0276284780724924,0.00999999999999801
38.88,-0.1534463869995624,-0.0695450274263179,9.915472326116724,0.0184988793741631,0.0114031043700985,0.0278364985450018,0.010000000000005116
38.89,-0.1496345409628915,-0.0677928190754818,9.913318246488837,0.0185739738666976,0.0111250556537156,0.0280438231064973,0.00999999999999801
38.9,-0.1458131183666743,-0.0660381701904805,9.911122840939912,0.0186472109773237,0.0108458944410382,0.0282504465738757,0.00999999999999801
38.91,-0.1419823637806506,-0.0642811439384845,9.908886987602898,0.0187185833823914,0.0105656486479547,0.0284563637815612,0.00999999999999801
38.92,-0.1381425223718098,-0.0625218035722491,9.906611580789315,0.0187880839447196,0.0102843462988113,0.0286615695816342,0.010000000000005116
38.93,-0.1342938398886898,-0.0607602124278374,9.90429753063156,0.01885570571431,0.0100020155236082,0.0288660588439604,0.00999999999999801
38.94,-0.1304365626456558,-0.0589964339223414,9.901945762718832,0.0189214419290421,0.0097186845551878,0.029069826456319,0.00999999999999801
38.95,-0.126570937507133,-0.0572305315515938,9.899557217726944,0.018985286015349,0.0094343817264105,0.0292728673245303,0.010000000000005116
38.96,-0.1226972118718143,-0.0554625688878922,9.897132851042048,0.0190472315888754,0.0091491354673228,0.0294751763725831,0.00999999999999801
38.97,-0.1188156336568163,-0.0536926095777017,9.894673632378488,0.0191072724551156,0.0088629743023126,0.0296767485427616,0.00999999999999801
38.98,-0.1149264512818182,-0.051920717339363,9.892180545390945,0.0191654026100329,0.0085759268472577,0.0298775787957724,0.00999999999999801
38.99,-0.111029913653168,-0.0501469559608086,9.889654587280967,0.0192216162406604,0.0082880218066649,0.0300776621108693,0.010000000000005116
39.0,-0.1071262701479421,-0.0483713892972566,9.88709676839813,0.0192759077256817,0.0079992879707981,0.03027699348598,0.00999999999999801
39.01,-0.1032157705979941,-0.0465940812689129,9.884508111835876,0.0193282716359937,0.0077097542128002,0.0304755679378304,0.00999999999999801
39.02,-0.0992986652739536,-0.0448150958586746,9.881889653022313,0.0193787027352489,0.0074194494858057,0.0306733805020699,0.010000000000005116
39.03,-0.0953752048692328,-0.0430344971098276,9.879242439306058,0.0194271959803795,0.0071284028200456,0.0308704262333941,0.00999999999999801
39.04,-0.0914456404839569,-0.0412523491237313,9.876567529537304,0.0194737465221012,0.0068366433199438,0.0310667002056704,0.00999999999999801
39.05,-0.0875102236088981,-0.0394687160575207,9.873865993644284,0.0195183497053989,0.006544200161207,0.0312621975120598,0.00999999999999801
39.06,-0.083569206109402,-0.0376836621217967,9.871138912205346,0.0195610010699913,0.0062511025879078,0.0314569132651394,0.010000000000005116
39.07,-0.0796228402092415,-0.0358972515783052,9.8683873760167,0.0196016963507774,0.005957379909559,0.0316508425970258,0.00999999999999801
39.08,-0.0756713784744837,-0.0341095487376347,9.865612485656136,0.0196404314782631,0.0056630614981838,0.0318439806594957,0.00999999999999801
39.09,-0.0717150737973291,-0.0323206179568915,9.862815351042796,0.019677202578968,0.0053681767853777,0.0320363226241079,0.010000000000005116
39.1,-0.0677541793799355,-0.0305305236373934,9.859997090993238,0.0197120059758126,0.0050727552593667,0.0322278636823228,0.00999999999999801
39.11,-0.0637889487181865,-0.0287393302223428,9.8571588327739,0.0197448381884862,0.0047768264620571,0.0324185990456242,0.00999999999999801
39.12,-0.0598196355854928,-0.026947102194507,9.85430171165023,0.019775695933795,0.004480419986082,0.032608523945638,0.00999999999999801
39.13,-0.0558464940165383,-0.0251539040739014,9.851426870432578,0.0198045761259901,0.0041835654718417,0.0327976336342516,0.010000000000005116
39.14,-0.0518697782910307,-0.0233598004154678,9.848535459019104,0.0198314758770763,0.0038862926045408,0.0329859233837324,0.00999999999999801
39.15,-0.0478897429174173,-0.0215648558067411,9.845628633935826,0.019856392497101,0.0035886311112179,0.0331733884868466,0.00999999999999801
39.16,-0.0439066426166018,-0.0197691348655333,9.842707557874013,0.019879323494423,0.0032906107577742,0.0333600242569766,0.00999999999999801
39.17,-0.0399207323056473,-0.0179727022376075,9.839773399225146,0.0199002665759615,0.0029922613459972,0.0335458260282375,0.010000000000005116
39.18,-0.0359322670814515,-0.0161756225943412,9.836827331613565,0.019919219647426,0.002693612710579,0.0337307891555949,0.00999999999999801
39.19,-0.0319415022044274,-0.0143779606304084,9.833870533427026,0.019936180813525,0.0023946947161345,0.0339149090149803,0.00999999999999801
39.2,-0.0279486930821631,-0.0125797810614457,9.830904187345388,0.0199511483781561,0.0020955372542138,0.0340981810034067,0.010000000000005116
39.21,-0.0239540952530831,-0.0107811486217235,9.827929479867532,0.0199641208445752,0.0017961702403141,0.0342806005390839,0.00999999999999801
39.22,-0.0199579643700832,-0.0089821280618152,9.824947600836785,0.0199750969155466,0.0014966236108871,0.0344621630615331,0.00999999999999801
39.23,-0.0159605561841742,-0.0071827841462668,9.821959742965,0.0199840754934723,0.0011969273203461,0.0346428640317008,0.00999999999999801
39.24,-0.011962126528119,-0.0053831816512648,9.818967101355492,0.0199910556805021,0.0008971113380707,0.0348226989320718,0.010000000000005116
39.25,-0.0079629313000491,-0.0035833853623048,9.815970873025002,0.0199960367786229,0.000597205645409,0.0350016632667833,0.00999999999999801
39.26,-0.003963226447094,-0.0017834600718598,9.812972256424912,0.0199990182897291,0.0002972402326805,0.0351797525617361,0.00999999999999801
39.27,3.673205100272846e-05,1.6529422957199714e-05,9.80997245096188,0.0199999999156722,-2.7549038237574555e-06,0.0353569623647072,0.010000000000005116
39.28,0.0040366881982589,0.0018165183227157,9.806972656518097,0.0199989815582904,-0.0003027497648397,0.0355332882454606,0.00999999999999801
39.29,0.0080363859988483,0.0036164418280098,9.803974072971345,0.0199959633194184,-0.0006027143511315,0.0357087257958585,0.00999999999999801
39.3,0.0120355694734786,0.0054162351417908,9.800977899715054,0.0199909455008778,-0.0009026186664907,0.0358832706299715,0.00999999999999801
39.31,0.016033982675769,0.0072158334716906,9.79798533517859,0.0199839286044461,-0.0012024327207352,0.0360569183841876,0.010000000000005116
39.32,0.0200313697086411,0.0090151720323636,9.79499757634786,0.0199749133318073,-0.0015021265327096,0.036229664717322,0.00999999999999801
39.33,0.0240274747406873,0.0108141860478182,9.79201581828656,0.0199639005844809,-0.0018016701332825,0.0364015053107254,0.00999999999999801
39.34,0.0280220420225569,0.012612810753744,9.789041253658157,0.0199508914637326,-0.0021010335683438,0.0365724358683921,0.010000000000005116
39.35,0.0320148159032983,0.0144109813998428,9.786075072248847,0.0199358872704637,-0.0024001869017988,0.0367424521170668,0.00999999999999801
39.36,0.0360055408467478,0.0162086332521686,9.783118460491645,0.0199188895050808,-0.0026991002185637,0.0369115498063522,0.00999999999999801
39.37,0.0399939614478748,0.0180057015954468,9.780172600991827,0.0198998998673465,-0.0029977436275561,0.037079724708815,0.00999999999999801
39.38,0.0439798224491239,0.0198021217354143,9.77723867205392,0.0198789202562087,-0.0032960872646841,0.0372469726200913,0.010000000000005116
39.39,0.0479628687567427,0.0215978290011369,9.77431784721038,0.0198559527696109,-0.003594101295832,0.037413289358992,0.00999999999999801
39.4,0.0519428454571341,0.0233927587473469,9.771411294752202,0.0198309997042828,-0.0038917559198455,0.0375786707676074,0.00999999999999801
39.41,0.0559194978331496,0.0251868463567706,9.76852017726161,0.01980406355551,-0.0041890213715103,0.0377431127114109,0.00999999999999801
39.42,0.0598925713803856,0.0269800272424446,9.76564565114706,0.0197751470168849,-0.0044858679245286,0.0379066110793622,0.010000000000005116
39.43,0.0638618118234983,0.0287722368500506,9.762788866180664,0.0197442529800375,-0.0047822658944927,0.0380691617840109,0.00999999999999801
39.44,0.0678269651324524,0.0305634106602385,9.759950965038326,0.0197113845343455,-0.0050781856418525,0.0382307607615977,0.00999999999999801
39.45,0.0717877775387914,0.0323534841909445,9.75713308284266,0.0196765449666262,-0.0053735975748802,0.0383914039721568,0.010000000000005116
39.46,0.0757439955518696,0.0341423929997116,9.754336346708971,0.0196397377608072,-0.0056684721526281,0.0385510873996161,0.00999999999999801
39.47,0.0796953659750864,0.0359300726860193,9.751561875294431,0.0196009665975786,-0.0059627798878845,0.0387098070518982,0.00999999999999801
39.48,0.0836416359220852,0.0377164588935917,9.748810778350606,0.0195602353540243,-0.0062564913501213,0.0388675589610202,0.00999999999999801
39.49,0.0875825528329328,0.0395014873127152,9.746084156279595,0.0195175481032348,-0.0065495771684365,0.0390243391831925,0.010000000000005116
39.5,0.091517864490294,0.0412850936825627,9.743383099693874,0.0194729091138995,-0.0068420080344929,0.0391801437989177,0.00999999999999801
39.51,0.0954473190355657,0.0430672137934964,9.740708688980062,0.0194263228498802,-0.0071337547054475,0.0393349689130886,0.00999999999999801
39.52,0.0993706649850002,0.0448477834893848,9.738061993866785,0.0193777939697644,-0.0074247880068766,0.0394888106550854,0.010000000000005116
39.53,0.1032876512457924,0.0466267386699111,9.7354440729968,0.0193273273263998,-0.007715078835692,0.0396416651788725,0.00999999999999801
39.54,0.1071980271321603,0.0484040152928809,9.732855973503552,0.0192749279664086,-0.0080045981630531,0.0397935286630948,0.00999999999999801
39.55,0.1111015423813836,0.0501795493765279,9.730298730592327,0.0192206011296831,-0.0082933170372686,0.0399443973111731,0.00999999999999801
39.56,0.1149979471698154,0.0519532770018167,9.7277733671262,0.0191643522488618,-0.0085812065866912,0.0400942673513991,0.010000000000005116
39.57,0.1188869921288809,0.0537251343147444,9.725280893216878,0.0191061869487859,-0.0088682380226061,0.0402431350370294,0.00999999999999801
39.58,0.1227684283610301,0.0554950575286379,9.722822305820698,0.0190461110459368,-0.0091543826421089,0.0403909966463799,0.00999999999999801
39.59,0.1266420074556709,0.0572629829264561,9.720398588339837,0.0189841305478548,-0.0094396118309764,0.040537848482918,0.010000000000005116
39.6,0.1305074815050597,0.0590288468630722,9.718010710228969,0.0189202516525381,-0.0097238970665269,0.0406836868753552,0.00999999999999801
39.61,0.1343646031201787,0.0607925857675753,9.7156596266075,0.018854480747823,-0.0100072099204739,0.0408285081777395,0.00999999999999801
39.62,0.1382131254465594,0.0625541361455574,9.713346277877536,0.0187868244107451,-0.0102895220617682,0.0409723087695459,0.00999999999999801
39.63,0.1420528021800932,0.0643134345813952,9.71107158934772,0.0187172894068818,-0.0105708052594311,0.0411150850557671,0.010000000000005116
39.64,0.1458833875827713,0.0660704177405317,9.70883647086314,0.0186458826896754,-0.0108510313853768,0.0412568334670032,0.00999999999999801
39.65,0.1497046364984372,0.0678250223717663,9.706641816441383,0.0185726113997384,-0.0111301724172265,0.0413975504595514,0.00999999999999801
39.66,0.1535163043684714,0.0695771853095216,9.704488503914956,0.0184974828641384,-0.0114082004411098,0.0415372325154943,0.00999999999999801
39.67,0.1573181472474227,0.071326843476118,9.702377394580168,0.0184205045956665,-0.0116850876544556,0.0416758761427877,0.010000000000005116
39.68,0.1611099218186463,0.0730739338840536,9.700309332852596,0.0183416842920855,-0.0119608063687734,0.0418134778753481,0.00999999999999801
39.69,0.1648913854098672,0.0748183936382603,9.69828514592936,0.0182610298353599,-0.0122353290124217,0.0419500342731394,0.00999999999999801
39.7,0.1686622960087081,0.0765601599383785,9.69630564345824,0.0181785492908682,-0.0125086281333651,0.0420855419222589,0.010000000000005116
39.71,0.1724224122781694,0.0782991700810064,9.694371617213834,0.0180942509065963,-0.0127806764019187,0.0422199974350221,0.00999999999999801
39.72,0.1761714935720999,0.0800353614619666,9.692483840780852,0.0180081431123121,-0.0130514466134826,0.0423533974500485,0.00999999999999801
39.73,0.1799092999505782,0.08176867157856,9.690643069244691,0.0179202345187234,-0.0133209116912616,0.0424857386323446,0.00999999999999801
39.74,0.1836355921952636,0.0834990380318067,9.688850038889434,0.0178305339166164,-0.013589044688972,0.0426170176733876,0.010000000000005116
39.75,0.187350131824731,0.085226398528701,9.687105466903308,0.0177390502759764,-0.0138558187935376,0.0427472312912084,0.00999999999999801
39.76,0.1910526811097103,0.0869506908844537,9.685410051091848,0.0176457927450914,-0.0141212073277704,0.0428763762304733,0.00999999999999801
39.77,0.1947430030883127,0.0886718530247263,9.683764469598774,0.0175507706496365,-0.0143851837530382,0.0430044492625657,0.010000000000005116
39.78,0.198420861581188,0.0903898229878645,9.682169380634743,0.0174539934917424,-0.0146477216719181,0.0431314471856663,0.00999999999999801
39.79,0.2020860212066496,0.0921045389271382,9.680625422214074,0.017355470949044,-0.0149087948308372,0.0432573668248336,0.00999999999999801
39.8,0.2057382473957341,0.0938159391129589,9.679133211899543,0.0172552128737135,-0.0151683771226974,0.0433822050320834,0.00999999999999801
39.81,0.2093773064072089,0.0955239619351016,9.67769334655539,0.0171532292914749,-0.0154264425894854,0.0435059586864668,0.010000000000005116
39.82,0.2130029653425408,0.0972285459049322,9.67630640210855,0.0170495304006016,-0.0156829654248698,0.043628624694149,0.00999999999999801
39.83,0.2166149921607958,0.0989296296576109,9.674972933318308,0.016944126570896,-0.0159379199767808,0.0437501999884861,0.00999999999999801
39.84,0.2202131556934918,0.1006271519543063,9.6736934735544,0.0168370283426534,-0.0161912807499758,0.0438706815301023,0.010000000000005116
39.85,0.2237972256593877,0.1023210516843991,9.672468534583674,0.0167282464256074,-0.0164430224085884,0.043990066306965,0.00999999999999801
39.86,0.2273669726792308,0.1040112678676819,9.671298606365388,0.016617791697859,-0.0166931197786626,0.0441083513344613,0.00999999999999801
39.87,0.2309221682904301,0.1056977396565537,9.670184156855228,0.0165056752047889,-0.0169415478506697,0.0442255336554714,0.00999999999999801
39.88,0.2344625849616817,0.1073804063382151,9.669125631818138,0.0163919081579529,-0.01718828178201,0.0443416103404437,0.010000000000005116
39.89,0.2379879961075239,0.1090592073368445,9.668123454650022,0.0162765019339611,-0.0174332968994953,0.0444565784874669,0.00999999999999801
39.9,0.2414981761028483,0.1107340822157871,9.667178026208385,0.0161594680733397,-0.0176765687018184,0.0445704352223433,0.00999999999999801
39.91,0.2449929002973348,0.1124049706797312,9.666289724651996,0.0160408182793769,-0.0179180728620019,0.0446831776986606,0.00999999999999801
39.92,0.2484719450298249,0.1140718125768696,9.665458905289634,0.0159205644169537,-0.0181577852298308,0.0447948030978626,0.010000000000005116
39.93,0.2519350876426446,0.1157345479010739,9.664685900437968,0.0157987185113558,-0.0183956818342681,0.0449053086293202,0.00999999999999801
39.94,0.2553821064958473,0.1173931167940542,9.663971019288631,0.0156752927470723,-0.0186317388858516,0.0450146915304009,0.00999999999999801
39.95,0.2588127809814091,0.1190474595475092,9.663314547784552,0.0155502994665768,-0.0188659327790731,0.0451229490665379,0.010000000000005116
39.96,0.2622268915373263,0.1206975166052757,9.66271674850558,0.0154237511690932,-0.0190982400947381,0.0452300785312984,0.00999999999999801
39.97,0.2656242196616901,0.1223432285654807,9.662177860563457,0.0152956605093458,-0.0193286376023088,0.0453360772464513,0.00999999999999801
39.98,0.2690045479266664,0.1239845361826714,9.661698099506168,0.0151660402962937,-0.0195571022622265,0.0454409425620343,0.00999999999999801
39.99,0.2723676599923924,0.1256213803699478,9.661277657231746,0.0150349034918504,-0.0197836112282154,0.04554467185642,0.010000000000005116
40.0,0.2757133406208453,0.127253702201099,9.660916701911496,0.0149022632095869,-0.0200081418495678,0.0456472625363813,0.00999999999999801
40.01,0.2790413756896114,0.1288814429127134,9.660615377922726,0.014768132713421,-0.0202306716734086,0.0457487120371567,0.00999999999999801
40.02,0.2823515522055793,0.1305045439063041,9.66037380579102,0.0146325254162904,-0.0204511784469411,0.045849017822514,0.010000000000005116
40.03,0.2856436583185788,0.1321229467504076,9.66019208214201,0.014495454878812,-0.0206696401196713,0.0459481773848137,0.00999999999999801
40.04,0.2889174833349485,0.1337365931826964,9.660070279662731,0.0143569348079253,-0.0208860348456141,0.0460461882450718,0.00999999999999801
40.05,0.2921728177310015,0.1353454251120761,9.66000844707255,0.0142169790555217,-0.0211003409854776,0.0461430479530221,0.00999999999999801
40.06,0.2954094531664452,0.136949384620768,9.66000660910368,0.0140756016170601,-0.0213125371088259,0.0462387540871768,0.010000000000005116
40.07,0.2986271824977218,0.1385484139664032,9.66006476649128,0.0139328166301664,-0.0215226019962237,0.0463333042548876,0.00999999999999801
40.08,0.3018257997912469,0.1401424555840998,9.660182895973175,0.0137886383732203,-0.0217305146413573,0.0464266960924052,0.00999999999999801
40.09,0.3050051003366113,0.1417314520885317,9.660360950299149,0.0136430812639274,-0.0219362542531356,0.0465189272649386,0.010000000000005116
40.1,0.3081648806596623,0.1433153462759934,9.66059885824984,0.0134961598578773,-0.0221398002577687,0.0466099954667132,0.00999999999999801
40.11,0.311304938535535,0.1448940811264682,9.660896524665244,0.0133478888470882,-0.0223411323008257,0.0466998984210287,0.00999999999999801
40.12,0.3144250730015999,0.146467599805671,9.66125383048276,0.0131982830585376,-0.0225402302492702,0.046788633880316,0.00999999999999801
40.13,0.3175250843703218,0.1480358456670993,9.661670632784828,0.0130473574526795,-0.0227370741934733,0.0468761996261933,0.010000000000005116
40.14,0.3206047742420201,0.1495987622540714,9.662146764856084,0.0128951271219491,-0.0229316444492045,0.0469625934695212,0.00999999999999801
40.15,0.3236639455175999,0.151156293301759,9.662682036250049,0.0127416072892524,-0.0231239215596004,0.0470478132504585,0.00999999999999801
40.16,0.326702402411149,0.1527083827392126,9.663276232865297,0.0125868133064446,-0.0233138862971104,0.0471318568385149,0.00999999999999801
40.17,0.3297199504624525,0.15425497469138,9.66392911703111,0.0124307606527953,-0.0235015196654186,0.0472147221326051,0.010000000000005116
40.18,0.3327163965494707,0.1557960134811181,9.664640427602524,0.0122734649334396,-0.0236868029013449,0.047296407061101,0.00999999999999801
40.19,0.3356915489006793,0.157331443631196,9.665409880064797,0.0121149418778184,-0.02386971747672,0.0473769095818838,0.00999999999999801
40.2,0.3386452171073407,0.1588612098662966,9.6662371666472,0.011955207338105,-0.0240502451002389,0.0474562276823947,0.010000000000005116
40.21,0.3415772121356953,0.1603852571149982,9.667121956446133,0.0117942772876207,-0.0242283677192894,0.0475343593796851,0.00999999999999801
40.22,0.3444873463390672,0.1619035305117644,9.66806389555747,0.011632167819236,-0.0244040675217583,0.0476113027204668,0.00999999999999801
40.23,0.3473754334698583,0.1634159753989194,9.66906260721813,0.0114688951437628,-0.0245773269378117,0.0476870557811602,0.00999999999999801
40.24,0.3502412886914752,0.1649225373286081,9.670117691956762,0.0113044755883327,-0.0247481286416523,0.0477616166679428,0.010000000000005116
40.25,0.3530847285901672,0.1664231620647637,9.671228727753538,0.0111389255947642,-0.0249164555532521,0.0478349835167962,0.00999999999999801
40.26,0.3559055711867462,0.1679177955850596,9.672395270208954,0.0109722617179185,-0.0250822908400602,0.0479071544935532,0.00999999999999801
40.27,0.358703635948254,0.1694063840828503,9.67361685272158,0.0108045006240445,-0.0252456179186863,0.047978127793943,0.010000000000005116
40.28,0.3614787437994983,0.1708888739691082,9.674892986674704,0.0106356590891119,-0.0254064204565583,0.0480479016436368,0.00999999999999801
40.29,0.3642307171345214,0.17236521187436,9.67622316163175,0.0104657539971335,-0.0255646823735566,0.0481164742982919,0.00999999999999801
40.3,0.3669593798279743,0.1738353446506007,9.67760684554048,0.0102948023384766,-0.0257203878436215,0.0481838440435958,0.00999999999999801
40.31,0.3696645572463732,0.1752992193732064,9.679043484945772,0.010122821208165,-0.0258735212963355,0.0482500091953081,0.010000000000005116
40.32,0.3723460762592847,0.1767567833428478,9.680532505211024,0.0099498278041682,-0.0260240674184811,0.0483149680993035,0.00999999999999801
40.33,0.3750037652504118,0.1782079840873778,9.68207331074798,0.0097758394256825,-0.0261720111555715,0.0483787191316128,0.00999999999999801
40.34,0.3776374541285638,0.1796527693637287,9.683665285254971,0.0096008734714006,-0.0263173377133563,0.0484412606984636,0.010000000000005116
40.35,0.3802469743385492,0.1810910871597842,9.685307791963425,0.0094249474377723,-0.0264600325593008,0.0485025912363199,0.00999999999999801
40.36,0.38283215887197,0.1825228856962588,9.687000173892544,0.0092480789172545,-0.0266000814240393,0.0485627092119214,0.00999999999999801
40.37,0.3853928422778939,0.1839481134285618,9.688741754112137,0.0090702855965515,-0.0267374703028021,0.0486216131223219,0.00999999999999801
40.38,0.3879288606734613,0.1853667190486485,9.690531836013326,0.0088915852548474,-0.0268721854568158,0.0486793014949269,0.010000000000005116
40.39,0.3904400517543583,0.1867786514868673,9.692369703587223,0.0087119957620275,-0.0270042134146771,0.0487357728875297,0.00999999999999801
40.4,0.3929262548052109,0.1881838599138055,9.694254621711302,0.0085315350768914,-0.0271335409737004,0.0487910258883487,0.00999999999999801
40.41,0.3953873107098766,0.1895822937421115,9.696185836443446,0.0083502212453571,-0.0272601552012377,0.0488450591160618,0.00999999999999801
40.42,0.3978230619616155,0.190973902628316,9.69816257532351,0.0081680723986568,-0.0273840434359715,0.0488978712198409,0.010000000000005116
40.43,0.4002333526731766,0.1923586364746519,9.7001840476823,0.0079851067515234,-0.0275051932891816,0.0489494608793862,0.00999999999999801
40.44,0.4026180285867794,0.1937364454308493,9.702249444957822,0.0078013426003691,-0.0276235926459837,0.0489998268049591,0.00999999999999801
40.45,0.4049769370839834,0.1951072798959348,9.704357941018708,0.0076167983214557,-0.0277392296665409,0.0490489677374139,0.010000000000005116
40.46,0.4073099271954418,0.1964710905200156,9.706508692494644,0.0074314923690576,-0.0278520927872473,0.0490968824482299,0.00999999999999801
40.47,0.4096168496105878,0.1978278282060565,9.708700839113716,0.0072454432736155,-0.027962170721885,0.0491435697395418,0.00999999999999801
40.48,0.4118975566871785,0.1991774441116473,9.710933504046505,0.0070586696398837,-0.0280694524627523,0.0491890284441698,0.00999999999999801
40.49,0.4141519024607311,0.2005198896507613,9.713205794256806,0.0068711901450703,-0.0281739272817643,0.0492332574256486,0.010000000000005116
40.5,0.4163797426538899,0.201855116495504,9.715516800858833,0.0066830235369684,-0.0282755847315264,0.0492762555782559,0.00999999999999801
40.51,0.4185809346856447,0.2031830765778524,9.717865599480756,0.0064941886320819,-0.0283744146463783,0.0493180218270403,0.00999999999999801
40.52,0.420755337680455,0.2045037220913892,9.720251250634446,0.0063047043137439,-0.0284704071434108,0.0493585551278477,0.010000000000005116
40.53,0.4229028124772693,0.2058170054930164,9.722672800091248,0.0061145895302285,-0.0285635526234542,0.0493978544673477,0.00999999999999801
40.54,0.4250232216384375,0.2071228795046733,9.725129279263664,0.0059238632928556,-0.0286538417720382,0.0494359188630587,0.00999999999999801
40.55,0.4271164294584951,0.2084212971150388,9.727619705592785,0.0057325446740898,-0.0287412655603231,0.049472747363373,0.00999999999999801
40.56,0.4291823019728543,0.2097122115812169,9.730143082941275,0.0055406528056339,-0.0288258152460029,0.0495083390475798,0.010000000000005116
40.57,0.4312207069663829,0.2109955764304261,9.732698401991843,0.0053482068765146,-0.0289074823741795,0.0495426930258891,0.00999999999999801
40.58,0.4332315139818536,0.2122713454616722,9.735284640650942,0.0051552261311644,-0.0289862587782082,0.049575808439453,0.00999999999999801
40.59,0.4352145943283073,0.2135394727474076,9.737900764457592,0.004961729867497,-0.0290621365805143,0.0496076844603881,0.010000000000005116
40.6,0.4371698210892769,0.2147999126351849,9.740545726997144,0.0047677374349778,-0.0291351081933807,0.0496383202917953,0.00999999999999801
40.61,0.4390970691309153,0.2160526197493064,9.743218470319857,0.0045732682326882,-0.0292051663197068,0.0496677151677806,0.00999999999999801
40.62,0.4409962151100093,0.2172975489924498,9.74591792536403,0.0043783417073863,-0.0292723039537386,0.0496958683534735,0.00999999999999801
40.63,0.4428671374818625,0.2185346555472992,9.748643012383642,0.0041829773515622,-0.0293365143817685,0.049722779145046,0.010000000000005116
40.64,0.4447097165080803,0.2197638948781497,9.751392641380216,0.0039871947014888,-0.0293977911828073,0.0497484468697295,0.00999999999999801
40.65,0.4465238342642371,0.2209852227325185,9.75416571253882,0.003791013335268,-0.0294561282292258,0.0497728708858324,0.00999999999999801
40.66,0.4483093746474142,0.2221985951427366,9.756961116667965,0.0035944528708726,-0.0295115196873681,0.0497960505827554,0.00999999999999801
40.67,0.4500662233836348,0.2234039684275263,9.75977773564326,0.0033975329641857,-0.0295639600181345,0.0498179853810074,0.010000000000005116
40.68,0.4517942680351827,0.2246012991935796,9.762614442854678,0.0032002733070336,-0.0296134439775357,0.0498386747322196,0.00999999999999801
40.69,0.453493398007787,0.2257905443371194,9.765470103657156,0.0030026936252177,-0.0296599666172169,0.0498581181191592,0.00999999999999801
40.7,0.4551635045577124,0.2269716610454492,9.76834357582445,0.0028048136765414,-0.0297035232849529,0.0498763150557427,0.010000000000005116
40.71,0.4568044807987081,0.2281446067984929,9.771233710005998,0.0026066532488349,-0.0297441096251133,0.0498932650870474,0.00999999999999801
40.72,0.4584162217088536,0.2293093393703321,9.774139350186667,0.0024082321579757,-0.0297817215790979,0.0499089677893236,0.00999999999999801
40.73,0.4599986241372836,0.23046581683072,9.777059334149133,0.0022095702459074,-0.0298163553857425,0.0499234227700045,0.00999999999999801
40.74,0.4615515868107813,0.231613997546591,9.779992493938728,0.002010687378656,-0.0298480075816955,0.0499366296677163,0.010000000000005116
40.75,0.4630750103402642,0.2327538401835652,9.782937656330654,0.0018116034443423,-0.0298766750017635,0.0499485881522873,0.00999999999999801
40.76,0.4645687972271481,0.2338853037074302,9.785893643299222,0.0016123383511938,-0.0299023547792286,0.0499592979247559,0.00999999999999801
40.77,0.4660328518695846,0.2350083473856213,9.78885927248906,0.0014129120255537,-0.0299250443461342,0.0499687587173785,0.010000000000005116
40.78,0.467467080568571,0.2361229307886874,9.791833357688024,0.0012133444098886,-0.0299447414335427,0.0499769702936357,0.00999999999999801
40.79,0.4688713915339628,0.2372290137917464,9.7948147093017,0.0010136554607936,-0.0299614440717617,0.0499839324482385,0.00999999999999801
40.8,0.4702456948903399,0.2383265565759295,9.797802134829183,0.0008138651469971,-0.0299751505905413,0.0499896450071334,0.00999999999999801
40.81,0.4715899026827519,0.2394155196298152,9.8007944393401,0.0006139934473643,-0.0299858596192411,0.0499941078275068,0.010000000000005116
40.82,0.4729039288823611,0.240495863750851,9.803790425952542,0.0004140603488983,-0.0299935700869671,0.0499973207977883,0.00999999999999801
40.83,0.4741876893919406,0.2415675500467647,9.806788896311808,0.0002140858447426,-0.0299982812226789,0.049999283837654,0.00999999999999801
40.84,0.4754411020512548,0.2426305399369673,9.809788651069738,1.408993218066497e-05,-0.0299999925552669,0.0499999968980278,0.010000000000005116
40.85,0.4766640866423201,0.2436847951539355,9.81278849036442,-0.0001859073893626,-0.0299987039135994,0.0499994599610833,0.00999999999999801
40.86,0.4778565648945423,0.2447302777445955,9.815787214300135,-0.0003858861203219,-0.0299944154265393,0.0499976730402439,0.00999999999999801
40.87,0.4790184604897183,0.2457669500716882,9.818783623427294,-0.0005858262629907,-0.0299871275229318,0.0499946361801826,0.00999999999999801
40.88,0.4801496990669286,0.2467947748151217,9.821776519222196,-0.0007857078235216,-0.0299768409315612,0.0499903494568207,0.010000000000005116
40.89,0.4812502082272893,0.2478137149733144,9.824764704566425,-0.0009855108139247,-0.0299635566810781,0.0499848129773259,0.00999999999999801
40.9,0.482319917538589,0.2488237338645325,9.827746984225689,-0.0011852152540677,-0.0299472760998964,0.0499780268801102,0.00999999999999801
40.91,0.4833587585397986,0.249824795128205,9.830722165327886,-0.0013848011736731,-0.0299280008160607,0.0499699913348254,0.00999999999999801
40.92,0.4843666647454477,0.2508168627262329,9.833689057840242,-0.001584248614315,-0.0299057327570834,0.0499607065423599,0.010000000000005116
40.93,0.4853435716498824,0.2517999009442913,9.836646475045312,-0.0017835376314156,-0.0298804741497516,0.049950172734833,0.00999999999999801
40.94,0.486289416731396,0.2527738743931095,9.839593234015648,-0.0019826482962394,-0.0298522275199053,0.0499383901755892,0.00999999999999801
40.95,0.4872041394562251,0.2537387480097502,9.842528156086948,-0.0021815606978859,-0.0298209956921836,0.049925359159192,0.010000000000005116
40.96,0.488087681282427,0.2546944870588658,9.845450067329514,-0.0023802549452804,-0.0297867817897436,0.0499110800114161,0.00999999999999801
40.97,0.4889399856636278,0.2556410571339537,9.848357799017812,-0.002578711169164,-0.0297495892339468,0.0498955530892395,0.00999999999999801
40.98,0.4897609980526372,0.256578424158595,9.851250188097932,-0.0027769095240797,-0.0297094217440178,0.0498787787808343,0.00999999999999801
40.99,0.4905506659049419,0.2575065543876766,9.85412607765281,-0.0029748301903569,-0.0296662833366722,0.0498607575055575,0.010000000000005116
41.0,0.4913089386820704,0.2584254144086103,9.856984317364963,-0.0031724533760941,-0.0296201783257147,0.0498414897139399,0.00999999999999801
41.01,0.4920357678548223,0.2593349711425357,9.85982376397662,-0.0033697593191374,-0.0295711113216081,0.0498209758876754,0.00999999999999801
41.02,0.49273110690638,0.2602351918455087,9.862643281746998,-0.0035667282890571,-0.0295190872310118,0.0497992165396086,0.010000000000005116
41.03,0.4933949113352809,0.2611260441096796,9.865441742906576,-0.00376334058912,-0.0294641112562916,0.049776212213722,0.00999999999999801
41.04,0.4940271386582675,0.2620074958644646,9.868218028108204,-0.00395957655826,-0.0294061888949991,0.0497519634851225,0.00999999999999801
41.05,0.4946277484130081,0.2628795153776959,9.87097102687482,-0.004155416573044,-0.0293453259393222,0.0497264709600271,0.00999999999999801
41.06,0.4951967021606828,0.2637420712567634,9.873699638043622,-0.0043508410496334,-0.0292815284755057,0.0496997352757477,0.010000000000005116
41.07,0.4957339634884456,0.2645951324497502,9.876402770206523,-0.0045458304457436,-0.0292148028832429,0.0496717571006749,0.00999999999999801
41.08,0.4962394980117553,0.2654386682465452,9.8790793421467,-0.0047403652625973,-0.0291451558350373,0.0496425371342617,0.00999999999999801
41.09,0.4967132733765758,0.2662726482799506,9.881728283271064,-0.0049344260468752,-0.0290725942955357,0.0496120761070056,0.010000000000005116
41.1,0.4971552592614437,0.2670970425267754,9.884348534038484,-0.0051279933926603,-0.0289971255208317,0.0495803747804309,0.00999999999999801
41.11,0.4975654273794144,0.2679118213089156,9.88693904638359,-0.0053210479433794,-0.0289187570577398,0.0495474339470689,0.00999999999999801
41.12,0.4979437514798683,0.2687169552944227,9.88949878413598,-0.0055135703937384,-0.028837496743041,0.0495132544304389,0.00999999999999801
41.13,0.4982902073501921,0.2695124154985615,9.89202672343469,-0.0057055414916528,-0.028753352702699,0.0494778370850268,0.010000000000005116
41.14,0.4986047728173277,0.2702981732848492,9.894521853137698,-0.0058969420401725,-0.0286663333510479,0.0494411827962647,0.00999999999999801
41.15,0.4988874277491935,0.2710742003660903,9.896983175226394,-0.0060877528994023,-0.0285764473899502,0.0494032924805077,0.00999999999999801
41.16,0.4991381540559697,0.2718404688053952,9.89940970520476,-0.0062779549884153,-0.028483703807927,0.0493641670850117,0.00999999999999801
41.17,0.4993569356912584,0.2725969510171814,9.90180047249316,-0.006467529287161,-0.0283881118792595,0.0493238075879097,0.010000000000005116
41.18,0.4995437586531097,0.2733436197681709,9.90415452081655,-0.0066564568383676,-0.0282896811630607,0.049282214998187,0.00999999999999801
41.19,0.4996986109849177,0.2740804481783703,9.90647090858699,-0.0068447187494374,-0.0281884215023203,0.0492393903556561,0.00999999999999801
41.2,0.4998214827761863,0.2748074097220364,9.90874870928026,-0.0070322961943363,-0.0280843430229198,0.0491953347309308,0.010000000000005116
41.21,0.4999123661631625,0.2755244782286307,9.910987011806444,-0.0072191704154758,-0.0279774561326207,0.0491500492253995,0.00999999999999801
41.22,0.4999712553293406,0.2762316278837659,9.913184920874386,-0.0074053227255898,-0.0278677715200227,0.0491035349711974,0.00999999999999801
41.23,0.4999981465058341,0.2769288332301307,9.915341557349755,-0.0075907345096024,-0.0277553001534958,0.0490557931311786,0.00999999999999801
41.24,0.499993037971617,0.2776160691684066,9.917456058606724,-0.0077753872264895,-0.0276400532800829,0.0490068248988865,0.010000000000005116
41.25,0.4999559300536336,0.2782933109581754,9.919527578872977,-0.0079592624111334,-0.0275220424243753,0.0489566314985243,0.00999999999999801
41.26,0.4998868251267779,0.2789605342188049,9.921555289568026,-0.0081423416761689,-0.0274012793873602,0.0489052141849245,0.00999999999999801
41.27,0.4997857276137418,0.279617714930331,9.923538379634635,-0.0083246067138221,-0.0272777762452407,0.0488525742435172,0.010000000000005116
41.28,0.4996526439847318,0.2802648294343179,9.925476055863214,-0.0085060392977411,-0.0271515453482281,0.0487987129902982,0.00999999999999801
41.29,0.4994875827570543,0.2809018544347134,9.927367543209108,-0.0086866212848185,-0.0270225993193069,0.0487436317717961,0.00999999999999801
41.3,0.4992905544945717,0.2815287669986873,9.9292120851026,-0.0088663346170065,-0.0268909510529724,0.0486873319650384,0.00999999999999801
41.31,0.4990615718070258,0.282145544557454,9.931008943751522,-0.0090451613231212,-0.0267566137139418,0.0486298149775174,0.010000000000005116
41.32,0.4988006493492301,0.282752164907088,9.932757400436374,-0.0092230835206412,-0.0266196007358369,0.0485710822471547,0.00999999999999801
41.33,0.4985078038201331,0.2833486062093228,9.934456755797797,-0.009400083417495,-0.0264799258198413,0.0485111352422656,0.00999999999999801
41.34,0.4981830539617484,0.283934846992336,9.9361063301163,-0.0095761433138406,-0.0263376029333302,0.0484499754615221,0.010000000000005116
41.35,0.4978264205579563,0.2845108661515219,9.937705463584154,-0.0097512456038348,-0.0261926463084738,0.0483876044339154,0.00999999999999801
41.36,0.4974379264331731,0.2850766429502536,9.93925351656929,-0.0099253727773946,-0.0260450704408136,0.0483240237187181,0.00999999999999801
41.37,0.4970175964508901,0.2856321570206275,9.940749869871157,-0.0100985074219477,-0.0258948900878136,0.0482592349054447,0.00999999999999801
41.38,0.4965654575120817,0.2861773883641968,9.94219392496838,-0.0102706322241742,-0.0257421202673836,0.0481932396138122,0.010000000000005116
41.39,0.4960815385534873,0.2867123173526921,9.94358510425818,-0.010441729971737,-0.0255867762563787,0.0481260394936994,0.00999999999999801
41.4,0.4955658705457543,0.2872369247287276,9.944922851287387,-0.010611783555004,-0.0254288735890704,0.0480576362251058,0.00999999999999801
41.41,0.4950184864914583,0.2877511916064945,9.946206630975029,-0.0107807759687588,-0.0252684280555938,0.0479880315181095,0.00999999999999801
41.42,0.4944394214229937,0.2882550994724406,9.947435929826344,-0.0109486903139005,-0.0251054557003687,0.0479172271128247,0.010000000000005116
41.43,0.4938287124003264,0.2887486301859372,9.94861025613818,-0.0111155097991347,-0.0249399728204946,0.0478452247793578,0.00999999999999801
41.44,0.4931863985086247,0.2892317659799316,9.949729140195675,-0.0112812177426519,-0.0247719959641218,0.0477720263177633,0.00999999999999801
41.45,0.4925125208557591,0.2897044894615884,9.950792134460125,-0.0114457975737959,-0.0246015419287957,0.047697633557999,0.010000000000005116
41.46,0.4918071225696698,0.2901667836129122,9.951798813747992,-0.0116092328347206,-0.024428627759778,0.04762204835988,0.00999999999999801
41.47,0.4910702487956053,0.2906186317913637,9.952748775400986,-0.0117715071820361,-0.0242532707483415,0.0475452726130323,0.00999999999999801
41.48,0.4903019466932362,0.2910600177304581,9.95364163944711,-0.0119326043884431,-0.0240754884300411,0.0474673082368456,0.00999999999999801
41.49,0.4895022654336354,0.2914909255403483,9.954477048752652,-0.0120925083443549,-0.0238952985829605,0.0473881571804252,0.010000000000005116
41.5,0.4886712561961293,0.2919113397083998,9.955254669165027,-0.0122512030595093,-0.0237127192259344,0.0473078214225435,0.00999999999999801
41.51,0.4878089721650268,0.2923212450997484,9.955974189646442,-0.0124086726645671,-0.0235277686167462,0.0472263029715901,0.00999999999999801
41.52,0.4869154685262101,0.2927206269578443,9.956635322398292,-0.0125649014126991,-0.0233404652503027,0.0471436038655221,0.010000000000005116
41.53,0.4859908024636077,0.2931094709049831,9.957237802976296,-0.0127198736811604,-0.0231508278567845,0.047059726171813,0.00999999999999801
41.54,0.4850350331555331,0.2934877629428253,9.957781390396253,-0.0128735739728535,-0.022958875399773,0.0469746719874005,0.00999999999999801
41.55,0.4840482217708939,0.2938554894528984,9.958265867230445,-0.0130259869178773,-0.0227646270743536,0.0468884434386349,0.00999999999999801
41.56,0.4830304314652828,0.2942126371970872,9.958691039694596,-0.0131770972750642,-0.0225681023051975,0.0468010426812255,0.010000000000005116
41.57,0.4819817273769329,0.294559193318112,9.959056737725389,-0.0133268899335045,-0.0223693207446175,0.0467124719001866,0.00999999999999801
41.58,0.4809021766225461,0.2948951453399894,9.95936281504849,-0.0134753499140571,-0.0221683022706041,0.0466227333097832,0.00999999999999801
41.59,0.4797918482930029,0.2952204811684837,9.959609149237048,-0.0136224623708478,-0.021965066984837,0.0465318291534752,0.010000000000005116
41.6,0.4786508134489386,0.2955351890915395,9.959795641760673,-0.0137682125927534,-0.0217596352106757,0.046439761703862,0.00999999999999801
41.61,0.4774791451161916,0.2958392577797056,9.959922218024843,-0.0139125860048731,-0.0215520274911263,0.0463465332626249,0.00999999999999801
41.62,0.4762769182811375,0.2961326762865424,9.95998882740074,-0.0140555681699862,-0.0213422645867878,0.0462521461604701,0.00999999999999801
41.63,0.4750442098858812,0.2964154340490153,9.9599954432455,-0.0141971447899952,-0.0211303674737756,0.0461566027570702,0.010000000000005116
41.64,0.4737810988233402,0.296687520887875,9.959942062912877,-0.0143373017073561,-0.0209163573416248,0.0460599054410055,0.00999999999999801
41.65,0.4724876659321926,0.2969489270080251,9.959828707754284,-0.014476024906494,-0.02070025559117,0.0459620566297036,0.00999999999999801
41.66,0.4711639939916997,0.2971996429988734,9.959655423110284,-0.0146133005152047,-0.0204820838324062,0.0458630587693798,0.00999999999999801
41.67,0.4698101677164149,0.2974396598346711,9.959422278292417,-0.0147491148060414,-0.0202618638823275,0.0457629143349756,0.010000000000005116
41.68,0.468426273750759,0.2976689688748383,9.959129366555503,-0.0148834541976884,-0.0200396177627455,0.0456616258300964,0.00999999999999801
41.69,0.4670124006634722,0.2978875618642742,9.958776805060332,-0.0150163052563185,-0.0198153676980869,0.0455591957869497,0.00999999999999801
41.7,0.465568638941947,0.2980954309336548,9.958364734826803,-0.0151476546969366,-0.019589136113171,0.0454556267662812,0.010000000000005116
41.71,0.4640950809864458,0.2982925685997161,9.957893320677512,-0.0152774893847079,-0.0193609456309682,0.045350921357311,0.00999999999999801
41.72,0.4625918211041723,0.2984789677655233,9.957362751171836,-0.0154057963362719,-0.0191308190703363,0.0452450821776689,0.00999999999999801
41.73,0.4610589555032431,0.2986546217207267,9.9567732385305,-0.0155325627210405,-0.0188987794437396,0.0451381118733288,0.00999999999999801
41.74,0.4594965822865389,0.2988195241418028,9.956125018550702,-0.0156577758624807,-0.0186648499549476,0.0450300131185429,0.010000000000005116
41.75,0.4579048014454095,0.2989736690922822,9.955418350511792,-0.0157814232393828,-0.0184290539967141,0.0449207886157744,0.00999999999999801
41.76,0.456283714853284,0.2991170510229634,9.954653517071565,-0.015903492487112,-0.0181914151484384,0.04481044109563,0.00999999999999801
41.77,0.4546334262591525,0.2992496647721125,9.953830824153194,-0.0160239713988455,-0.0179519571738071,0.0446989733167921,0.010000000000005116
41.78,0.452954041280923,0.2993715055656486,9.95295060082288,-0.0161428479267923,-0.0177107040184186,0.0445863880659494,0.00999999999999801
41.79,0.451245667398658,0.2994825690173164,9.95201319915822,-0.0162601101833987,-0.017467679807387,0.0444726881577273,0.00999999999999801
41.8,0.4495084139477044,0.2995828511288438,9.951018994107384,-0.0163757464425369,-0.017222908842931,0.0443578764346174,0.00999999999999801
41.81,0.4477423921116915,0.2996723482900854,9.949968383339131,-0.0164897451406772,-0.0169764156019431,0.0442419557669071,0.010000000000005116
41.82,0.445947714915411,0.2997510572791531,9.948861787083764,-0.0166020948780448,-0.0167282247335421,0.0441249290526068,0.00999999999999801
41.83,0.444124497217594,0.2998189752625318,9.947699647965026,-0.0167127844197597,-0.0164783610566078,0.0440067992173784,0.00999999999999801
41.84,0.4422728557035477,0.2998760997951815,9.946482430823076,-0.0168218026969599,-0.0162268495572996,0.0438875692144615,0.010000000000005116
41.85,0.4403929088776984,0.2999224288206252,9.945210622528537,-0.0169291388079085,-0.0159737153865582,0.0437672420246001,0.00999999999999801
41.86,0.4384847770560031,0.2999579606710229,9.943884731787769,-0.0170347820190839,-0.0157189838575896,0.0436458206559677,0.00999999999999801
41.87,0.4365485823582437,0.2999826940672319,9.942505288939394,-0.0171387217662529,-0.0154626804433342,0.0435233081440921,0.00999999999999801
41.88,0.4345844487002216,0.2999966281188524,9.941072845742156,-0.0172409476555277,-0.0152048307739199,0.0433997075517796,0.010000000000005116
41.89,0.4325925017858223,0.2999997623242604,9.939587975154236,-0.0173414494644042,-0.0149454606340991,0.0432750219690388,0.00999999999999801
41.9,0.4305728690989648,0.2999920965706246,9.938051271104072,-0.0174402171427854,-0.0146845959606693,0.0431492545130027,0.00999999999999801
41.91,0.4285256798954536,0.2999736311339114,9.936463348252792,-0.0175372408139859,-0.0144222628398804,0.0430224083278511,0.00999999999999801
41.92,0.4264510651947007,0.2999443666788745,9.934824841748368,-0.0176325107757193,-0.0141584875048262,0.042894486584732,0.010000000000005116
41.93,0.4243491577713351,0.2999043042590311,9.933136406971554,-0.0177260175010687,-0.0138932963328202,0.0427654924816825,0.00999999999999801
41.94,0.4222200921467182,0.299853445316624,9.931398719273748,-0.0178177516394397,-0.0136267158427587,0.0426354292435482,0.00999999999999801
41.95,0.4200640045803196,0.2997917916825696,9.92961247370686,-0.0179077040174949,-0.0133587726924682,0.0425043001219034,0.010000000000005116
41.96,0.4178810330610093,0.2997193455763921,9.9277783847453,-0.0179958656400714,-0.013089493676041,0.0423721083949694,0.00999999999999801
41.97,0.4156713172982215,0.2996361096061435,9.9258971860002,-0.0180822276910803,-0.012818905721154,0.0422388573675324,0.00999999999999801
41.98,0.4134349987130068,0.2995420867683097,9.923969629925976,-0.0181667815343886,-0.0125470358863771,0.0421045503708611,0.00999999999999801
41.99,0.4111722204289933,0.2994372804477029,9.921996487519356,-0.0182495187146824,-0.0122739113584676,0.0419691907626235,0.010000000000005116
42.0,0.4088831272632209,0.2993216944173391,9.919978548010995,-0.0183304309583126,-0.0119995594496505,0.0418327819268028,0.00999999999999801
42.01,0.4065678657168687,0.2991953328383029,9.917916618549793,-0.0184095101741223,-0.011724007594888,0.0416953272736126,0.00999999999999801
42.02,0.4042265839658815,0.2990582002595977,9.915811523880034,-0.0184867484542558,-0.0114472833491358,0.0415568302394122,0.010000000000005116
42.03,0.4018594318515003,0.2989103016179813,9.913664106011527,-0.0185621380749494,-0.0111694143845882,0.0414172942866203,0.00999999999999801
42.04,0.3994665608706483,0.298751642237789,9.911475223882787,-0.018635671497304,-0.0108904284879101,0.0412767229036283,0.00999999999999801
42.05,0.3970481241662473,0.2985822278307412,9.909245753017478,-0.0187073413680385,-0.0106103535574582,0.0411351196047136,0.00999999999999801
42.06,0.3946042765174294,0.2984020644957384,9.90697658517422,-0.0187771405202255,-0.0103292176004927,0.0409924879299512,0.010000000000005116
42.07,0.3921351743296057,0.2982111587186411,9.904668627989896,-0.0188450619740081,-0.0100470487303749,0.0408488314451256,0.00999999999999801
42.08,0.3896409756244713,0.2980095173720368,9.902322804616611,-0.0189110989372975,-0.0097638751637565,0.0407041537416415,0.00999999999999801
42.09,0.3871218400298941,0.2977971477149919,9.89994005335243,-0.0189752448064524,-0.009479725217758,0.0405584584364337,0.010000000000005116
42.1,0.3845779287696945,0.2975740573927914,9.897521327266094,-0.0190374931669392,-0.0091946273071378,0.0404117491718775,0.00999999999999801
42.11,0.3820094046533204,0.2973402544366629,9.895067593815789,-0.0190978377939739,-0.008908609941449,0.0402640296156968,0.00999999999999801
42.12,0.379416432065443,0.2970957472634872,9.892579834462175,-0.019156272653144,-0.0086217017221898,0.0401153034608727,0.00999999999999801
42.13,0.3767991769554183,0.2968405446754962,9.890059044275826,-0.0192127919010123,-0.008333931339943,0.0399655744255514,0.010000000000005116
42.14,0.3741578068266823,0.2965746558599559,9.887506231539207,-0.0192673898857011,-0.0080453275715073,0.0398148462529511,0.00999999999999801
42.15,0.371492490726024,0.2962980903888346,9.884922417343375,-0.0193200611474574,-0.0077559192770188,0.0396631227112682,0.00999999999999801
42.16,0.3688033992327594,0.2960108582184592,9.882308635179555,-0.0193708004191991,-0.0074657353970657,0.0395104075935831,0.00999999999999801
42.17,0.3660907044478285,0.2957129696891574,9.87966593052577,-0.019419602627041,-0.0071748049497946,0.0393567047177662,0.010000000000005116
42.18,0.363354579982774,0.2954044355248836,9.87699536042864,-0.0194664628908032,-0.0068831570280074,0.0392020179263811,0.00999999999999801
42.19,0.360595200948623,0.2950852668328347,9.874297993080598,-0.0195113765244983,-0.0065908207962534,0.0390463510865897,0.00999999999999801
42.2,0.3578127439446941,0.2947554751030487,9.871574907392615,-0.0195543390368004,-0.0062978254879118,0.0388897080900546,0.010000000000005116
42.21,0.3550073870472885,0.2944150722079927,9.868827192562668,-0.019595346131494,-0.0060042004022699,0.0387320928528429,0.00999999999999801
42.22,0.3521793097982849,0.2940640704021341,9.866055947640048,-0.0196343937079039,-0.0057099749015912,0.0385735093153272,0.00999999999999801
42.23,0.3493286931936645,0.2937024823214996,9.86326228108577,-0.0196714778613049,-0.0054151784081804,0.0384139614420875,0.00999999999999801
42.24,0.3464557196719195,0.2933303209832215,9.860447310329215,-0.0197065948833127,-0.0051198404014417,0.0382534532218126,0.010000000000005116
42.25,0.3435605731023696,0.292947599785068,9.857612161321152,-0.0197397412622542,-0.0048239904149294,0.0380919886671995,0.00999999999999801
42.26,0.3406434387734121,0.2925543325049602,9.854757968083378,-0.0197709136835192,-0.0045276580333955,0.0379295718148537,0.00999999999999801
42.27,0.3377045033806433,0.2921505333004778,9.851885872255137,-0.0198001090298916,-0.0042308728898311,0.0377662067251879,0.010000000000005116
42.28,0.3347439550149276,0.2917362167083493,9.848997022636462,-0.019827324381861,-0.0039336646625037,0.0376018974823211,0.00999999999999801
42.29,0.3317619831503526,0.2913113976439266,9.84609257472869,-0.019852557017915,-0.003636063071988,0.0374366481939756,0.00999999999999801
42.3,0.3287587786320946,0.29087609140065,9.84317369027225,-0.0198758044148109,-0.003338097878195,0.037270462991375,0.00999999999999801
42.31,0.3257345336642202,0.290430313649498,9.840241536782017,-0.0198970642478284,-0.0030397988773961,0.037103346029141,0.010000000000005116
42.32,0.3226894417973778,0.289974080438421,9.83729728708028,-0.019916334391002,-0.0027411958992426,0.0369353014851886,0.00999999999999801
42.33,0.3196236979164048,0.2895074081917652,9.834342118827674,-0.0199336129173334,-0.0024423188037836,0.0367663335606228,0.00999999999999801
42.34,0.3165374982278577,0.2890303137096813,9.831377214052091,-0.0199488980989843,-0.0021431974784792,0.0365964464796328,0.010000000000005116
42.35,0.313431040247474,0.2885428141675191,9.828403758675917,-0.0199621884074494,-0.0018438618352131,0.036425644489387,0.00999999999999801
42.36,0.3103045227874988,0.2880449271152094,9.82542294204165,-0.0199734825137088,-0.0015443418073001,0.0362539318599262,0.00999999999999801
42.37,0.3071581459439794,0.2875366704766328,9.822435956436204,-0.0199827792883614,-0.0012446673464933,0.036081312884057,0.00999999999999801
42.38,0.3039921110839627,0.2870180625489723,9.819443996613993,-0.0199900778017374,-0.0009448684199888,0.0359077918772449,0.010000000000005116
42.39,0.3008066208326019,0.2864891220020581,9.816448259319056,-0.0199953773239915,-0.00064497500743,0.0357333731775061,0.00999999999999801
42.4,0.29760187906018,0.2859498678776931,9.813449942806365,-0.019998677325176,-0.0003450170979079,0.0355580611452991,0.00999999999999801
42.41,0.2943780908690795,0.2854003195889664,9.81045024636255,-0.0199999774752935,-4.502468696334552e-05,0.0353818601634152,0.00999999999999801
42.42,0.2911354625806471,0.284840496919558,9.807450369826196,-0.0199992776443301,0.0002549722264122,0.0352047746368702,0.010000000000005116
42.43,0.2878742017219807,0.2842704200230236,9.804451513107916,-0.0199965779022683,0.0005549436427776,0.0350268089927929,0.00999999999999801
42.44,0.2845945170126678,0.2836901094220691,9.801454875710412,-0.0199918785190799,0.0008548595652411,0.034847967680315,0.00999999999999801
42.45,0.2812966183514047,0.2830995860078136,9.79846165624869,-0.0199851799646995,0.0011546900024608,0.03466825517046,0.010000000000005116
42.46,0.2779807168025827,0.2824988710390373,9.79547305197063,-0.0199764829089769,0.0014544049716422,0.0344876759560315,0.00999999999999801
42.47,0.2746470245827722,0.281887986141413,9.79249025827809,-0.0199657882216105,0.0017539745015385,0.0343062345515004,0.00999999999999801
42.48,0.2712957550471314,0.2812669533067312,9.789514468248775,-0.0199530969720599,0.0020533686354464,0.0341239354928921,0.00999999999999801
42.49,0.2679271226757696,0.2806357948921078,9.786546872159027,-0.0199384104294397,0.0023525574342017,0.0339407833376739,0.010000000000005116
42.5,0.2645413430600119,0.2799945336191766,9.783588657007712,-0.0199217300623918,0.0026515109791741,0.03375678266464,0.00999999999999801
42.51,0.2611386328885919,0.2793431925732748,9.780641006041447,-0.0199030575389391,0.0029501993752582,0.0335719380737977,0.00999999999999801
42.52,0.2577192099338022,0.2786817952026087,9.777705098281317,-0.0198823947263183,0.0032485927538634,0.0333862541862519,0.010000000000005116
42.53,0.2542832930375477,0.2780103653174132,9.77478210805128,-0.0198597436907935,0.0035466612759001,0.0331997356440904,0.00999999999999801
42.54,0.2508311020973309,0.2773289270890918,9.77187320450846,-0.0198351066974493,0.0038443751347649,0.033012387110267,0.00999999999999801
42.55,0.2473628580521967,0.2766375050493459,9.768979551175482,-0.0198084862099646,0.00414170455932,0.0328242132684852,0.00999999999999801
42.56,0.2438787828685833,0.2759361240892954,9.766102305475105,-0.0197798848903659,0.0044386198168703,0.0326352188230813,0.010000000000005116
42.57,0.240379099526107,0.2752248094585792,9.763242618267242,-0.0197493055987614,0.0047350912161378,0.0324454084989066,0.00999999999999801
42.58,0.2368640320033133,0.2745035867644463,9.76040163338865,-0.0197167513930546,0.0050310891102296,0.0322547870412093,0.00999999999999801
42.59,0.2333338052633178,0.2737724819708358,9.757580487195396,-0.0196822255286392,0.0053265838996031,0.0320633592155157,0.010000000000005116
42.6,0.2297886452394298,0.2730315213974427,9.75478030810835,-0.0196457314580726,0.0056215460350253,0.0318711298075119,0.00999999999999801
42.61,0.226228778820684,0.2722807317187661,9.752002216161808,-0.0196072728307317,0.0059159460205286,0.0316781036229228,0.00999999999999801
42.62,0.2226544338373129,0.271520139963154,9.749247322555506,-0.019566853492447,0.0062097544163598,0.0314842854873931,0.00999999999999801
42.63,0.2190658390461691,0.2707497735118273,9.746516729210157,-0.0195244774851188,0.0065029418419243,0.0312896802463658,0.010000000000005116
42.64,0.2154632241161071,0.2699696600978951,9.743811528326692,-0.0194801490463123,0.0067954789787235,0.0310942927649622,0.00999999999999801
42.65,0.2118468196132462,0.2691798278053561,9.741132801949396,-0.0194338726088347,0.0070873365732877,0.030898127927859,0.00999999999999801
42.66,0.2082168569862339,0.2683803050680875,9.7384816215331,-0.019385652800291,0.0073784854401009,0.0307011906391667,0.00999999999999801
42.67,0.2045735685514521,0.2675711206688215,9.735859047514628,-0.0193354944426219,0.0076688964645186,0.0305034858223076,0.010000000000005116
42.68,0.2009171874781107,0.266752303738109,9.733266128888618,-0.0192834025516214,0.0079585406056806,0.0303050184198916,0.00999999999999801
42.69,0.197247947773347,0.2659238837532717,9.730703902787948,-0.0192293823364352,0.0082473888994141,0.0301057933935936,0.00999999999999801
42.7,0.193566084267253,0.265085890537338,9.728173394068891,-0.0191734391990398,0.0085354124611306,0.0299058157240285,0.010000000000005116
42.71,0.1898718325978395,0.2642383542579747,9.725675614901204,-0.0191155787337023,0.0088225824887137,0.0297050904106281,0.00999999999999801
42.72,0.186165429195946,0.2633813054263964,9.723211564363249,-0.0190558067264211,0.0091088702654,0.0295036224715146,0.00999999999999801
42.73,0.1824471112701282,0.2625147748962668,9.720782228042378,-0.0189941291543469,0.0093942471626507,0.0293014169433758,0.00999999999999801
42.74,0.1787171167914676,0.261638793862593,9.71838857764074,-0.0189305521851857,0.0096786846430134,0.0290984788813397,0.010000000000005116
42.75,0.1749756844783311,0.2607533938605977,9.716031570586576,-0.0188650821765815,0.0099621542629774,0.028894813358847,0.00999999999999801
42.76,0.1712230537811161,0.2598586067645841,9.71371214965128,-0.0187977256754804,0.0102446276758168,0.0286904254675254,0.00999999999999801
42.77,0.1674594648668998,0.2589544647867913,9.711431242572305,-0.0187284894174764,0.010526076634426,0.0284853203170612,0.010000000000005116
42.78,0.1636851586040914,0.2580410004762342,9.709189761682063,-0.0186573803261378,0.0108064729941433,0.0282795030350728,0.00999999999999801
42.79,0.1599003765470068,0.2571182467175278,9.706988603543037,-0.0185844055123143,0.0110857887155665,0.0280729787669814,0.00999999999999801
42.8,0.156105360920399,0.2561862367297078,9.70482864858912,-0.0185095722734265,0.0113639958673565,0.0278657526758829,0.00999999999999801
42.81,0.1523003546039762,0.2552450040650346,9.702710760773508,-0.018432888092736,0.0116410666290295,0.0276578299424189,0.010000000000005116
42.82,0.1484856011168472,0.2542945826077811,9.70063578722308,-0.0183543606385969,0.0119169732937405,0.0274492157646469,0.00999999999999801
42.83,0.1446613446019262,0.253335006573018,9.698604557899593,-0.0182739977636892,0.0121916882710529,0.0272399153579104,0.00999999999999801
42.84,0.1408278298103284,0.2523663105053773,9.69661788526769,-0.0181918075042334,0.0124651840896981,0.0270299339547086,0.010000000000005116
42.85,0.1369853020856953,0.2513885292778144,9.69467656396994,-0.0181077980791869,0.0127374334003217,0.0268192768045658,0.00999999999999801
42.86,0.1331340073484828,0.2504016980903481,9.69278137050898,-0.0180219778894224,0.0130084089782198,0.0266079491738998,0.00999999999999801
42.87,0.1292741920802464,0.2494058524687933,9.69093306293692,-0.0179343555168871,0.0132780837260604,0.0263959563458903,0.00999999999999801
42.88,0.125406103307839,0.2484010282634848,9.689132380552143,-0.0178449397237454,0.0135464306765936,0.0261833036203467,0.010000000000005116
42.89,0.121529988587625,0.2473872616479874,9.687380043603603,-0.0177537394515021,0.0138134229953476,0.0259699963135765,0.00999999999999801
42.9,0.117646095989627,0.2463645891177877,9.685676753002712,-0.0176607638201083,0.0140790339833132,0.0257560397582511,0.00999999999999801
42.91,0.1137546740816387,0.2453330474889866,9.684023190042996,-0.0175660221270498,0.0143432370796132,0.025541439303273,0.00999999999999801
42.92,0.1098559719133373,0.2442926738969731,9.682420016127596,-0.0174695238464169,0.0146060058641576,0.0253262003136428,0.010000000000005116
42.93,0.1059502390003344,0.2432435057950822,9.6808678725047,-0.0173712786279572,0.0148673140602873,0.0251103281703238,0.00999999999999801
42.94,0.1020377253081998,0.2421855809532529,9.679367380011064,-0.0172712962961108,0.0151271355374004,0.0248938282701084,0.00999999999999801
42.95,0.0981186812364672,0.2411189374566654,9.67791913882368,-0.0171695868490274,0.0153854443135658,0.0246767060254826,0.010000000000005116
42.96,0.0941933576026336,0.2400436137043702,9.67652372821971,-0.0170661604575671,0.0156422145581208,0.0244589668644916,0.00999999999999801
42.97,0.0902620056260646,0.2389596484079063,9.675181706344793,-0.0169610274642828,0.0158974205942551,0.0242406162306028,0.00999999999999801
42.98,0.086324876911938,0.2378670805899074,9.673893609989785,-0.0168541983823861,0.016151036901578,0.0240216595825707,0.00999999999999801
42.99,0.0823822234351615,0.2367659495826968,9.67265995437605,-0.0167456838946964,0.0164030381186697,0.0238021023943003,0.010000000000005116
43.0,0.078434297524205,0.235656295026872,9.671481232949391,-0.0166354948525719,0.0166533990456187,0.0235819501547098,0.00999999999999801
43.01,0.0744813518449755,0.2345381568698777,9.67035791718266,-0.016523642274825,0.0169020946465409,0.0233612083675936,0.00999999999999801
43.02,0.0705236393846509,0.2334115753645648,9.669290456387186,-0.0164101373466203,0.0171491000520837,0.0231398825514847,0.010000000000005116
43.03,0.0665614134354811,0.2322765910677479,9.668279277533056,-0.016294991418356,0.017394390561912,0.0229179782395175,0.00999999999999801
43.04,0.0625949275785676,0.2311332448387391,9.667324785078328,-0.0161782160045289,0.0176379416471793,0.0226955009792879,0.00999999999999801
43.05,0.0586244356676547,0.2299815778378771,9.666427360807257,-0.0160598227825832,0.0178797289529804,0.0224724563327157,0.00999999999999801
43.06,0.0546501918128731,0.2288216315250516,9.665587363677586,-0.0159398235917424,0.0181197283007857,0.0222488498759058,0.010000000000005116
43.07,0.0506724503644658,0.2276534476582046,9.66480512967697,-0.0158182304318256,0.0183579156908606,0.0220246871990078,0.00999999999999801
43.08,0.0466914658965349,0.2264770682918277,9.664080971688575,-0.0156950554620474,0.0185942673046647,0.0217999739060769,0.00999999999999801
43.09,0.0427074931907204,0.2252925357754511,9.663415179365948,-0.0155703109998021,0.0188287595072336,0.0215747156149337,0.010000000000005116
43.1,0.0387207872199191,0.2240998927521197,9.662808019017133,-0.0154440095194321,0.0190613688495422,0.0213489179570239,0.00999999999999801
43.11,0.0347316031319559,0.2228991821568511,9.662259733498177,-0.0153161636509801,0.0192920720708503,0.0211225865772771,0.00999999999999801
43.12,0.0307401962332438,0.2216904472150987,9.661770542115978,-0.0151867861789265,0.019520846101028,0.020895727133966,0.00999999999999801
43.13,0.0267468219724654,0.2204737314411877,9.661340640540567,-0.0150558900409105,0.0197476680628631,0.0206683452985647,0.010000000000005116
43.14,0.0227517359242139,0.2192490786367567,9.66097020072684,-0.014923488326437,0.019972515274348,0.0204404467556076,0.00999999999999801
43.15,0.0187551937726256,0.2180165328891743,9.660659370845789,-0.0147895942755671,0.0201953652509492,0.0202120372025462,0.00999999999999801
43.16,0.0147574512950376,0.2167761385699522,9.660408275225212,-0.0146542212775942,0.0204161957078549,0.0199831223496073,0.00999999999999801
43.17,0.0107587643456075,0.2155279403331541,9.660217014300018,-0.0145173828697054,0.0206349845622031,0.0197537079196506,0.010000000000005116
43.18,0.006759388838928,0.2142719831137818,9.660085664572025,-0.0143790927356274,0.0208517099352909,0.0195237996480247,0.00999999999999801
43.19,0.0027595807336736,0.2130083121261579,9.660014278579371,-0.0142393647042584,0.0210663501547614,0.0192934032824245,0.00999999999999801
43.2,-0.0012404039838093,0.2117369728623017,9.660002884875505,-0.0140982127482849,0.0212788837567719,0.019062524582747,0.010000000000005116
43.21,-0.0052403093158608,0.2104580110902914,9.660051488017748,-0.0139556509827852,0.0214892894881389,0.0188311693209478,0.00999999999999801
43.22,-0.0092398792699011,0.2091714728526106,9.6601600685655,-0.0138116936638169,0.0216975463084648,0.0185993432808965,0.00999999999999801
43.23,-0.0132388578748256,0.2078774044644969,9.660328583087988,-0.0136663551869918,0.0219036333922412,0.0183670522582317,0.00999999999999801
43.24,-0.017236989197365,0.2065758525122746,9.660556964181648,-0.0135196500860367,0.0221075301309312,0.0181343020602172,0.010000000000005116
43.25,-0.0212340173584757,0.2052668638516714,9.660845120497088,-0.0133715930313394,0.022309216135031,0.0179010985055956,0.00999999999999801
43.26,-0.0252296865497234,0.2039504856061383,9.661192936775624,-0.0132221988284818,0.0225086712361082,0.0176674474244438,0.00999999999999801
43.27,-0.0292237410496506,0.2026267651651499,9.66160027389538,-0.0130714824167598,0.0227058754888191,0.0174333546580264,0.010000000000005116
43.28,-0.0332159252401187,0.2012957501824993,9.662066968926943,-0.0129194588676891,0.0229008091729025,0.0171988260586507,0.00999999999999801
43.29,-0.037205983622709,0.199957488574582,9.662592835198522,-0.0127661433834978,0.0230934527951526,0.0169638674895193,0.00999999999999801
43.3,-0.0411936608350542,0.1986120285186715,9.663177662370618,-0.0126115512956064,0.0232837870913678,0.0167284848245841,0.00999999999999801
43.31,-0.0451787016671596,0.1972594184511843,9.66382121652016,-0.0124556980630952,0.0234717930282767,0.0164926839483996,0.010000000000005116
43.32,-0.0491608510777792,0.1958997070659369,9.664523240234072,-0.0122985992711574,0.0236574518054427,0.0162564707559755,0.00999999999999801
43.33,-0.0531398542107136,0.1945329433123931,9.665283452712224,-0.0121402706295412,0.0238407448571425,0.0160198511526291,0.00999999999999801
43.34,-0.0571154564111169,0.1931591763938979,9.666101549879762,-0.0119807279709789,0.024021653854224,0.0157828310538381,0.010000000000005116
43.35,-0.0610874032418018,0.1917784557659145,9.66697720450873,-0.0118199872496035,0.0242001607059379,0.015545416385093,0.00999999999999801
43.36,-0.0650554404995338,0.1903908311342364,9.667910066348949,-0.0116580645393531,0.0243762475617479,0.0153076130817479,0.00999999999999801
43.37,-0.0690193142312758,0.1889963524531989,9.66889976226812,-0.0114949760323637,0.0245498968131153,0.015069427088873,0.00999999999999801
43.38,-0.0729787707504691,0.1875950699238838,9.669945896401073,-0.0113307380373501,0.0247210910952596,0.0148308643611056,0.010000000000005116
43.39,-0.0769335566532444,0.1861870339923133,9.6710480503081,-0.0111653669779752,0.0248898132888952,0.0145919308625018,0.00999999999999801
43.4,-0.0808834188346504,0.1847722953476264,9.672205783142338,-0.0109988793912069,0.0250560465219432,0.0143526325663864,0.00999999999999801
43.41,-0.0848281045048625,0.1833509049202616,9.673418631826088,-0.0108312919256651,0.0252197741712192,0.0141129754552042,0.00999999999999801
43.42,-0.088767361205341,0.1819229138801232,9.674686111236046,-0.0106626213399568,0.0253809798640944,0.0138729655203708,0.010000000000005116
43.43,-0.092700936824998,0.1804883736347319,9.676007714397349,-0.0104928845010001,0.0255396474801339,0.013632608762122,0.00999999999999801
43.44,-0.0966285796163435,0.1790473358273834,9.677382912686353,-0.0103220983823373,0.0256957611527083,0.0133919111893642,0.00999999999999801
43.45,-0.1005500382115761,0.1775998523352805,9.678811156042077,-0.0101502800624379,0.0258493052705806,0.013150878819524,0.010000000000005116
43.46,-0.1044650616386807,0.1761459752676751,9.680291873186224,-0.0099774467229908,0.0260002644794668,0.0129095176783983,0.00999999999999801
43.47,-0.1083733993375012,0.1746857569639846,9.681824471851677,-0.009803615647186,0.0261486236835719,0.0126678338000031,0.00999999999999801
43.48,-0.1122748011757555,0.1732192499919078,9.683408339019406,-0.009628804217986,0.0262943680470991,0.0124258332264225,0.00999999999999801
43.49,-0.1161690174650541,0.1717465071455398,9.68504284116366,-0.0094530299163883,0.0264374829957335,0.0121835220076586,0.010000000000005116
43.5,-0.1200557989768907,0.170267581443464,9.686727324505377,-0.0092763103196765,0.0265779542180994,0.0119409062014791,0.00999999999999801
43.51,-0.1239348969585682,0.1687825261268443,9.688461115273675,-0.0090986630996629,0.0267157676671917,0.0116979918732664,0.00999999999999801
43.52,-0.1278060631491469,0.1672913946575116,9.690243519975372,-0.0089201060209215,0.0268509095617805,0.011454785095866,0.010000000000005116
43.53,-0.1316690497953084,0.1657942407160404,9.692073825672344,-0.0087406569390114,0.0269833663877887,0.011211291949435,0.00999999999999801
43.54,-0.1355236096672226,0.1642911181998083,9.693951300266718,-0.0085603337986913,0.0271131248996442,0.0109675185212892,0.00999999999999801
43.55,-0.13936949607438,0.1627820812210636,9.695875192793691,-0.0083791546321249,0.027240172121604,0.0107234709057514,0.00999999999999801
43.56,-0.1432064628813601,0.1612671841049772,9.697844733721904,-0.0081971375570779,0.0273644953490516,0.0104791552039996,0.010000000000005116
43.57,-0.1470342645235934,0.1597464813876788,9.699859135261242,-0.0080143007751061,0.027486082149768,0.0102345775239136,0.00999999999999801
43.58,-0.1508526560230847,0.1582200278143032,9.701917591677953,-0.0078306625697354,0.0276049203651744,0.0099897439799224,0.00999999999999801
43.59,-0.1546613930040884,0.156687878337014,9.70401927961691,-0.0076462413046332,0.0277209981115484,0.0097446606928519,0.010000000000005116
43.6,-0.1584602317087239,0.1551500881130269,9.706163358430963,-0.0074610554217724,0.0278343037812119,0.0094993337897718,0.00999999999999801
43.61,-0.1622489290126177,0.1536067125026239,9.708348970517177,-0.007275123439587,0.0279448260436925,0.0092537694038417,0.00999999999999801
43.62,-0.166027242440439,0.1520578070671613,9.710575241659852,-0.0070884639511202,0.0280525538468559,0.0090079736741585,0.00999999999999801
43.63,-0.1697949301814146,0.1505034275670646,9.71284128138022,-0.0069010956221652,0.0281574764180119,0.0087619527456024,0.010000000000005116
43.64,-0.1735517511048117,0.1489436299598308,9.7151461832926,-0.006713037189399,0.0282595832649904,0.0085157127686842,0.00999999999999801
43.65,-0.1772974647753804,0.1473784703980052,9.717489025466964,-0.0065243074585081,0.028358864177192,0.0082692598993903,0.00999999999999801
43.66,-0.1810318314687208,0.1458080052271604,9.71986887079768,-0.006334925302308,0.0284553092266082,0.0080226002990295,0.00999999999999801
43.67,-0.184754612186636,0.1442322909838755,9.722284767378342,-0.006144909658857,0.0285489087688144,0.0077757401340791,0.010000000000005116
43.68,-0.1884655686724373,0.1426513843936932,9.724735748882532,-0.0059542795295608,0.0286396534439344,0.0075286855760305,0.00999999999999801
43.69,-0.1921644634261698,0.1410653423690781,9.727220834950328,-0.0057630539772735,0.0287275341775763,0.0072814428012345,0.00999999999999801
43.7,-0.1958510597198382,0.1394742220073719,9.729739031580438,-0.005571252124391,0.0288125421817401,0.0070340179907476,0.010000000000005116
43.71,-0.199525121612535,0.1378780805887384,9.73228933152778,-0.0053788931509388,0.028894668955696,0.0067864173301774,0.00999999999999801
43.72,-0.2031864139655496,0.1362769755740936,9.734870714706386,-0.0051859962926539,0.0289739062868351,0.0065386470095274,0.00999999999999801
43.73,-0.206834702457428,0.1346709646030452,9.7374821485974,-0.0049925808390612,0.0290502462514904,0.0062907132230426,0.00999999999999801
43.74,-0.2104697535989484,0.1330601054918173,9.74012258866208,-0.0047986661315453,0.029123681215729,0.006042622169055,0.010000000000005116
43.75,-0.2140913347480755,0.1314444562311613,9.74279097875961,-0.004604271561415,0.0291942038361157,0.0057943800498279,0.00999999999999801
43.76,-0.2176992141248582,0.1298240749842779,9.745486251569526,-0.0044094165679655,0.0292618070604472,0.0055459930714014,0.00999999999999801
43.77,-0.2212931608262448,0.1281990200847141,9.748207329018646,-0.0042141206365336,0.0293264841284574,0.0052974674434367,0.010000000000005116
43.78,-0.22487294484087,0.1265693500342737,9.750953122712264,-0.0040184032965499,0.0293882285724934,0.0050488093790621,0.00999999999999801
43.79,-0.2284383370637849,0.1249351235009025,9.753722534369516,-0.0038222841195853,0.0294470342181623,0.0048000250947159,0.00999999999999801
43.8,-0.2319891093111012,0.1232963993165763,9.756514456262668,-0.0036257827173937,0.0295028951849485,0.0045511208099922,0.00999999999999801
43.81,-0.2355250343346039,0.1216532364751917,9.75932777166018,-0.003428918739952,0.0295558058868018,0.0043021027474854,0.010000000000005116
43.82,-0.2390458858363047,0.1200056941304335,9.762161355273408,-0.0032317118734938,0.0296057610326962,0.004052977132634,0.00999999999999801
43.83,-0.242551438482903,0.1183538315936462,9.765014073706686,-0.0030341818385413,0.0296527556271588,0.0038037501935654,0.00999999999999801
43.84,-0.2460414679202322,0.1166977083317027,9.76788478591068,-0.0028363483879332,0.0296967849707692,0.0035544281609399,0.010000000000005116
43.85,-0.2495157507875965,0.1150373839648647,9.770772343638775,-0.0026382313048502,0.0297378446606297,0.0033050172677957,0.00999999999999801
43.86,-0.2529740647320752,0.1133729182646269,9.773675591906391,-0.0024398504008351,0.0297759305908056,0.0030555237493919,0.00999999999999801
43.87,-0.2564161884227594,0.1117043711515758,9.776593369452923,-0.0022412255138132,0.0298110389527356,0.0028059538430536,0.00999999999999801
43.88,-0.2598419015649137,0.1100318026932274,9.77952450920626,-0.0020423765061075,0.0298431662356128,0.0025563137880151,0.010000000000005116
43.89,-0.2632509849140544,0.1083552731018654,9.78246783874958,-0.0018433232624532,0.0298723092267357,0.0023066098252652,0.00999999999999801
43.9,-0.2666432202900167,0.1066748427323741,9.78542218079031,-0.0016440856880088,0.0298984650118294,0.0020568481973899,0.00999999999999801
43.91,-0.2700183905909005,0.1049905720800653,9.788386353631024,-0.0014446837063655,0.0299216309753372,0.0018070351484165,0.00999999999999801
43.92,-0.2733762798069465,0.1033025217785007,9.791359171642103,-0.0012451372575557,0.0299418048006821,0.0015571769236588,0.010000000000005116
43.93,-0.2767166730343972,0.1016107525973086,9.79433944573599,-0.0010454662960577,0.0299589844704984,0.001307279769559,0.00999999999999801
43.94,-0.280039356489229,0.099915325439998,9.797325983842772,-0.0008456907888013,0.0299731682668333,0.0010573499335331,0.00999999999999801
43.95,-0.2833441175208321,0.0982163013417603,9.80031759138704,-0.0006458307131706,0.0299843547713192,0.0008073936638138,0.010000000000005116
43.96,-0.2866307446256256,0.0965137414672828,9.80331307176565,-0.0004459060550069,0.0299925428653147,0.0005574172092951,0.00999999999999801
43.97,-0.2898990274606023,0.0948077071085369,9.8063112268264,-0.0002459368066093,0.0299977317300174,0.0003074268193751,0.00999999999999801
43.98,-0.2931487568567735,0.0930982596825722,9.809310857347231,-4.5942964735935874e-05,0.0299999208465452,5.742874380062796e-05,0.00999999999999801
43.99,-0.2963797248325642,0.0913854607293147,9.81231076351594,0.0001540554713955,0.0299991099959882,-0.0001925707674893,0.010000000000005116
44.0,-0.2995917246071326,0.0896693719093414,9.81530974541005,0.0003540385021082,0.0299952992594307,-0.0004425654645201,0.00999999999999801
44.01,-0.3027845506135837,0.0879500550016628,9.81830660347679,0.0005539861292658,0.0299884890179433,-0.0006925490974374,0.00999999999999801
44.02,-0.3059579985121486,0.0862275719015016,9.821300139012896,0.0007538783582722,0.0299786799525444,-0.0009425154166635,0.010000000000005116
44.03,-0.3091118652032422,0.0845019846180666,9.82428915464406,0.0009536952000709,0.0299658730441324,-0.0011924581730531,0.00999999999999801
44.04,-0.3122459488404699,0.0827733552723105,9.82727245480389,0.0011534166731443,0.0299500695733875,-0.0014423711180504,0.00999999999999801
44.05,-0.3153600488435543,0.0810417460947031,9.830248846212092,0.0013530228055117,0.0299312711206435,-0.0016922480038451,0.00999999999999801
44.06,-0.3184539659111554,0.0793072194229908,9.833217138351792,0.0015524936367259,0.0299094795657301,-0.0019420825835277,0.010000000000005116
44.07,-0.3215275020336342,0.0775698376999435,9.836176143945709,0.0017518092198702,0.0298846970877847,-0.0021918686112468,0.00999999999999801
44.08,-0.3245804605057333,0.0758296634711175,9.839124679431054,0.0019509496235524,0.0298569261650343,-0.0024415998423649,0.00999999999999801
44.09,-0.32761264593915,0.0740867593825941,9.842061565432957,0.0021498949338981,0.029826169574548,-0.0026912700336141,0.010000000000005116
44.1,-0.3306238642750488,0.0723411881787353,9.84498562723616,0.0023486252565419,0.0297924303919594,-0.0029408729432526,0.00999999999999801
44.11,-0.3336139227964894,0.070593012699916,9.847895695254945,0.0025471207186172,0.0297557119911585,-0.0031904023312206,0.00999999999999801
44.12,-0.3365826301407416,0.0688422958802625,9.850790605500892,0.0027453614707432,0.0297160180439549,-0.0034398519592966,0.00999999999999801
44.13,-0.3395297963115541,0.0670891007453911,9.853669200048513,0.0029433276890101,0.0296733525197101,-0.0036892155912528,0.010000000000005116
44.14,-0.3424552326912952,0.0653334904101407,9.856530327498357,0.0031409995769607,0.0296277196849411,-0.0039384869930113,0.00999999999999801
44.15,-0.3453587520530326,0.0635755280762904,9.859372843437598,0.0033383573675711,0.0295791241028932,-0.0041876599328001,0.00999999999999801
44.16,-0.3482401685725234,0.0618152770302945,9.862195610897762,0.0035353813252268,0.0295275706330843,-0.0044367281813088,0.00999999999999801
44.17,-0.3510992978400913,0.0600528006410037,9.864997500809498,0.0037320517476961,0.0294730644308182,-0.0046856855118439,0.010000000000005116
44.18,-0.3539359568724365,0.0582881623573744,9.8677773924542,0.0039283489681005,0.0294156109466699,-0.0049345257004853,0.00999999999999801
44.19,-0.3567499641243519,0.0565214257061954,9.870534173912276,0.0041242533568818,0.0293552159259399,-0.0051832425262411,0.00999999999999801
44.2,-0.3595411395003385,0.0547526542897953,9.8732667425079,0.0043197453237644,0.0292918854080798,-0.0054318297712039,0.010000000000005116
44.21,-0.3623093043661154,0.052981911783754,9.875974005250065,0.0045148053197143,0.0292256257260888,-0.0056802812207052,0.00999999999999801
44.22,-0.3650542815600808,0.0512092619346105,9.878654879269767,0.0047094138388945,0.0291564435058798,-0.0059285906634718,0.00999999999999801
44.23,-0.3677758954046361,0.0494347685575679,9.881308292253156,0.0049035514206155,0.0290843456656171,-0.0061767518917808,0.00999999999999801
44.24,-0.3704739717174147,0.0476584955341963,9.883933182870402,0.0050971986512805,0.0290093394150248,-0.006424758701614,0.010000000000005116
44.25,-0.3731483378224581,0.0458805068101325,9.886528501200264,0.0052903361663281,0.0289314322546653,-0.0066726048928143,0.00999999999999801
44.26,-0.3757988225612511,0.0441008663927797,9.889093209150014,0.0054829446521676,0.0288506319751898,-0.0069202842692398,0.00999999999999801
44.27,-0.3784252563036724,0.0423196383489976,9.891626280870666,0.0056750048481112,0.0287669466565589,-0.0071677906389192,0.010000000000005116
44.28,-0.3810274709588568,0.0405368868028064,9.894126703167304,0.005866497548299,0.0286803846672347,-0.0074151178142058,0.00999999999999801
44.29,-0.3836052999859594,0.0387526759330694,9.896593475904348,0.0060574036036206,0.028590954663344,-0.0076622596119332,0.00999999999999801
44.3,-0.3861585784047998,0.036967069971182,9.899025612405598,0.0062477039236299,0.0284986655878127,-0.0079092098535695,0.00999999999999801
44.31,-0.3886871428064285,0.0351801331987691,9.901422139848876,0.0064373794784531,0.0284035266694715,-0.0081559623653713,0.010000000000005116
44.32,-0.3911908313635915,0.0333919299453615,9.90378209965516,0.0066264113006929,0.0283055474221328,-0.0084025109785387,0.00999999999999801
44.33,-0.3936694838410712,0.0316025245860812,9.906104547871994,0.0068147804873246,0.0282047376436398,-0.0086488495293694,0.00999999999999801
44.34,-0.3961229416059595,0.0298119815393278,9.908388555551056,0.0070024682015866,0.0281011074148862,-0.0088949718594124,0.010000000000005116
44.35,-0.3985510476377946,0.0280203652644608,9.910633209119728,0.0071894556748638,0.0279946670988088,-0.009140871815622,0.00999999999999801
44.36,-0.4009536465386173,0.0262277402594694,9.912837610746507,0.0073757242085647,0.0278854273393502,-0.0093865432505123,0.00999999999999801
44.37,-0.4033305845429222,0.0244341710586623,9.915000878700145,0.0075612551759911,0.0277733990603955,-0.0096319800223102,0.00999999999999801
44.38,-0.4056817095274861,0.0226397222303339,9.917122147702289,0.0077460300242011,0.0276585934646791,-0.0098771759951095,0.010000000000005116
44.39,-0.4080068710211107,0.0208444583744513,9.919200569273633,0.0079300302758635,0.0275410220326651,-0.0101221250390231,0.00999999999999801
44.4,-0.410305920214258,0.0190484441203195,9.92123531207325,0.0081132375311067,0.0274206965213986,-0.0103668210303379,0.00999999999999801
44.41,-0.4125787099685624,0.0172517441242545,9.92322556223116,0.0082956334693579,0.0272976289633303,-0.0106112578516671,0.00999999999999801
44.42,-0.4148250948262534,0.0154544230672653,9.92517052367383,0.008477199851175,0.0271718316651138,-0.0108554293921024,0.010000000000005116
44.43,-0.4170449310194707,0.0136565456527157,9.927069418442615,0.0086579185200714,0.0270433172063739,-0.0110993295473684,0.00999999999999801
44.44,-0.419238076479452,0.0118581766039966,9.92892148700493,0.0088377714043306,0.0269120984384493,-0.0113429522199738,0.00999999999999801
44.45,-0.4214043908456401,0.0100593806621992,9.930725988558043,0.0090167405188143,0.0267781884831075,-0.0115862913193646,0.010000000000005116
44.46,-0.4235437354746531,0.0082602225837866,9.932482201325389,0.00919480796676,0.0266416007312326,-0.0118293407620757,0.00999999999999801
44.47,-0.4256559734491631,0.0064607671382521,9.93418942284528,0.0093719559415712,0.0265023488414858,-0.0120720944718839,0.00999999999999801
44.48,-0.4277409695866646,0.0046610791057972,9.93584697025187,0.0095481667285984,0.0263604467389399,-0.0123145463799592,0.00999999999999801
44.49,-0.4297985904481144,0.002861223275,9.937454180548295,0.0097234227069094,0.0262159086136873,-0.0125566904250162,0.010000000000005116
44.5,-0.431828704346478,0.0010612644404729,9.939010410871868,0.0098977063510525,0.0260687489194198,-0.0127985205534666,0.00999999999999801
44.51,-0.4338311813551607,-0.0007387325994593,9.940515038751208,0.0100710002328086,0.0259189823719842,-0.0130400307195697,0.00999999999999801
44.52,-0.4358058933163208,-0.0025387030450979,9.941967462355226,0.010243287022934,0.0257666239479104,-0.0132812148855842,0.010000000000005116
44.53,-0.43775271384906,-0.004338582097701,9.943367100733845,0.010414549492893,0.025611688882914,-0.0135220670219181,0.00999999999999801
44.54,-0.4396715183575322,-0.0061383049618171,9.944713394050371,0.0105847705165815,0.0254541926703724,-0.0137625811072808,0.00999999999999801
44.55,-0.441562184038907,-0.0079378068476176,9.946005803805436,0.010753933072039,0.0252941510597753,-0.0140027511288327,0.00999999999999801
44.56,-0.4434245898912196,-0.0097370229732288,9.947243813052363,0.0109220202431508,0.0251315800551508,-0.0142425710823355,0.010000000000005116
44.57,-0.4452586167211345,-0.0115358885670646,9.94842692660396,0.01108901522134,0.0249664959134637,-0.0144820349723031,0.00999999999999801
44.58,-0.4470641471515621,-0.0133343388701568,9.949554671230588,0.0112549013072478,0.0247989151429905,-0.0147211368121506,0.00999999999999801
44.59,-0.4488410656291696,-0.0151323091384919,9.950626595849425,0.0114196619124041,0.0246288545016687,-0.0149598706243448,0.010000000000005116
44.6,-0.4505892584317793,-0.0169297346453312,9.95164227170492,0.0115832805608854,0.0244563309954208,-0.0151982304405523,0.00999999999999801
44.61,-0.4523086136756517,-0.0187265506835506,9.952601292540267,0.0117457408909633,0.0242813618764535,-0.0154362103017904,0.00999999999999801
44.62,-0.4539990213226351,-0.020522692567969,9.95350327475993,0.0119070266567401,0.024103964641533,-0.0156738042585749,0.00999999999999801
44.63,-0.45566037318722,-0.0223180956376724,9.954347857583036,0.0120671217297739,0.0239241570302348,-0.0159110063710694,0.010000000000005116
44.64,-0.4572925629434526,-0.0241126952583411,9.955134703187722,0.0122260101006906,0.0237419570231705,-0.0161478107092332,0.00999999999999801
44.65,-0.4588954861317443,-0.0259064268245858,9.955863496846238,0.0123836758807854,0.0235573828401887,-0.0163842113529703,0.00999999999999801
44.66,-0.4604690401655609,-0.0276992257622637,9.956533947050834,0.012540103303612,0.0233704529385538,-0.0166202023922771,0.00999999999999801
44.67,-0.4620131243379801,-0.0294910275308035,9.957145785630372,0.0126952767265582,0.0231811860111005,-0.0168557779273896,0.010000000000005116
44.68,-0.4635276398281404,-0.0312817676255384,9.957698767857574,0.012849180632411,0.0229896009843638,-0.0170909320689317,0.00999999999999801
44.69,-0.4650124897075701,-0.033071381580016,9.958192672546923,0.0130017996309083,0.0227957170166865,-0.0173256589380623,0.00999999999999801
44.7,-0.4664675789463824,-0.0348598049683306,9.95862730214313,0.0131531184602773,0.0225995534963038,-0.017559952666622,0.010000000000005116
44.71,-0.4678928144193616,-0.0366469734074302,9.959002482800152,0.0133031219887612,0.0224011300394045,-0.0177938073972795,0.00999999999999801
44.72,-0.4692881049119262,-0.0384328225594439,9.959318064450724,0.013451795216132,0.0222004664881687,-0.0180272172836787,0.00999999999999801
44.73,-0.4706533611259597,-0.0402172881339983,9.9595739208664,0.0135991232751911,0.0219975829087844,-0.018260176490585,0.00999999999999801
44.74,-0.4719884956855293,-0.0420003058905223,9.95976994970802,0.0137450914332552,0.0217924995894406,-0.0184926791940299,0.010000000000005116
44.75,-0.4732934231424813,-0.0437818116405692,9.959906072566664,0.0138896850936301,0.0215852370382982,-0.0187247195814581,0.00999999999999801
44.76,-0.4745680599819016,-0.0455617412501265,9.959982234995,0.0140328897970704,0.0213758159814396,-0.0189562918518719,0.00999999999999801
44.77,-0.4758123246274696,-0.0473400306419206,9.959998406529076,0.0141746912232251,0.0211642573607958,-0.019187390215977,0.010000000000005116
44.78,-0.4770261374466717,-0.0491166157977221,9.959954580700494,0.0143150751920696,0.0209505823320529,-0.0194180088963259,0.00999999999999801
44.79,-0.4782094207559008,-0.0508914327606606,9.959850775038998,0.0144540276653241,0.0207348122625356,-0.0196481421274637,0.00999999999999801
44.8,-0.479362098825431,-0.052664417637517,9.959687031065467,0.0145915347478571,0.0205169687290708,-0.0198777841560718,0.00999999999999801
44.81,-0.4804840978842583,-0.0544355066010241,9.959463414275316,0.0147275826890748,0.0202970735158307,-0.0201069292411111,0.010000000000005116
44.82,-0.4815753461248249,-0.0562046358921736,9.95918001411227,0.0148621578842966,0.0200751486121532,-0.0203355716539667,0.00999999999999801
44.83,-0.4826357737076169,-0.0579717418225011,9.95883694393262,0.014995246876115,0.0198512162103437,-0.02056370567859,0.00999999999999801
44.84,-0.4836653127656327,-0.059736760776384,9.958434340959863,0.0151268363557419,0.0196252987034556,-0.0207913256116426,0.010000000000005116
44.85,-0.4846638974087205,-0.0614996292133304,9.957972366229823,0.0152569131643388,0.0193974186830517,-0.0210184257626376,0.00999999999999801
44.86,-0.4856314637278058,-0.0632602836702672,9.957451204526228,0.0153854642943333,0.019167598936944,-0.0212450004540832,0.00999999999999801
44.87,-0.4865679497989751,-0.0650186607638228,9.956871064306812,0.0155124768907195,0.0189358624469155,-0.021471044021624,0.00999999999999801
44.88,-0.4874732956874389,-0.0667746971926151,9.956232177619928,0.0156379382523438,0.018702232386422,-0.0216965508141827,0.010000000000005116
44.89,-0.4883474434513684,-0.068528329739519,9.955534800011732,0.0157618358331743,0.0184667321182752,-0.0219215151941009,0.00999999999999801
44.9,-0.4891903371456066,-0.0702794952739523,9.95477921042397,0.0158841572435563,0.0182293851923054,-0.022145931537281,0.00999999999999801
44.91,-0.4900019228252442,-0.0720281307541481,9.9539657110824,0.0160048902514508,0.0179902153430073,-0.0223697942333263,0.00999999999999801
44.92,-0.4907821485490738,-0.0737741732294146,9.953094627375917,0.0161240227836575,0.0177492464871669,-0.0225930976856807,0.010000000000005116
44.93,-0.491530964382917,-0.0755175598424115,9.952166307726388,0.0162415429270224,0.0175065027214688,-0.0228158363117696,0.00999999999999801
44.94,-0.4922483224028146,-0.0772582278314109,9.95118112344929,0.0163574389296292,0.0172620083200872,-0.0230380045431391,0.00999999999999801
44.95,-0.4929341766980994,-0.0789961145325534,9.950139468605204,0.0164716992019743,0.0170157877322584,-0.023259596825595,0.010000000000005116
44.96,-0.49358848337433,-0.0807311573821022,9.949041759842176,0.0165843123181254,0.0167678655798363,-0.0234806076193416,0.00999999999999801
44.97,-0.4942112005561019,-0.0824632939187052,9.947888436229078,0.016695267016865,0.0165182666548294,-0.0237010313991207,0.00999999999999801
44.98,-0.4948022883897292,-0.0841924617856341,9.946679959079976,0.0168045522028156,0.016267015916922,-0.0239208626543493,0.00999999999999801
44.99,-0.4953617090457917,-0.0859185987330296,9.945416811769617,0.0169121569475496,0.016014138490979,-0.0241400958892573,0.010000000000005116
45.0,-0.4958894267215579,-0.0876416426201508,9.944099499540084,0.0170180704906823,0.0157596596645318,-0.0243587256230254,0.00999999999999801
45.01,-0.4963854076432775,-0.089361531417602,9.942728549298703,0.0171222822409476,0.0155036048852513,-0.0245767463899216,0.00999999999999801
45.02,-0.4968496200683405,-0.0910782032095752,9.941304509407296,0.0172247817772574,0.0152459997584016,-0.0247941527394383,0.010000000000005116
45.03,-0.4972820342873098,-0.0927915961960683,9.939827949462828,0.0173255588497433,0.0149868700442813,-0.0250109392364276,0.00999999999999801
45.04,-0.4976826226258236,-0.0945016486951189,9.93829946006959,0.0174246033807822,0.0147262416556456,-0.0252271004612387,0.00999999999999801
45.05,-0.4980513594463646,-0.0962082991450245,9.93671965260296,0.0175219054660035,0.0144641406551159,-0.0254426310098523,0.00999999999999801
45.06,-0.4983882211499019,-0.0979114861065505,9.935089158964864,0.0176174553752797,0.0142005932525743,-0.0256575254940157,0.010000000000005116
45.07,-0.4986931861774021,-0.09961114826515,9.933408631331014,0.0177112435536995,0.0139356258025412,-0.0258717785413781,0.00999999999999801
45.08,-0.4989662350112069,-0.101307224433171,9.93167874189006,0.0178032606225233,0.0136692648015409,-0.0260853847956244,0.00999999999999801
45.09,-0.4992073501762846,-0.1029996535520545,9.929900182574707,0.0178934973801209,0.0134015368854513,-0.0262983389166095,0.010000000000005116
45.1,-0.4994165162413468,-0.1046883746945321,9.928073664784977,0.0179819448028916,0.0131324688268412,-0.0265106355804913,0.00999999999999801
45.11,-0.4995937198198366,-0.1063733270668281,9.926199919103626,0.0180685940461669,0.0128620875322921,-0.0267222694798644,0.00999999999999801
45.12,-0.4997389495707856,-0.1080544500108379,9.924279695003946,0.0181534364450947,0.0125904200397081,-0.0269332353238923,0.00999999999999801
45.13,-0.4998521961995393,-0.1097316830063172,9.92231376054997,0.0182364635155059,0.012317493515612,-0.0271435278384399,0.010000000000005116
45.14,-0.499933452458352,-0.1114049656730593,9.920302902089274,0.0183176669547625,0.012043335252429,-0.0273531417662052,0.00999999999999801
45.15,-0.499982713146851,-0.1130742377730689,9.918247923938427,0.0183970386425883,0.0117679726657569,-0.027562071866851,0.00999999999999801
45.16,-0.499999975112369,-0.1147394392127307,9.91614964806129,0.0184745706418807,0.0114914332916246,-0.0277703129171358,0.00999999999999801
45.17,-0.4999852372501461,-0.1164005100449726,9.91400891374024,0.0185502551995042,0.0112137447837395,-0.0279778597110438,0.010000000000005116
45.18,-0.4999385005034005,-0.1180573904714242,9.91182657724046,0.0186240847470663,0.0109349349107208,-0.0281847070599163,0.00999999999999801
45.19,-0.4998597678632679,-0.119710020844568,9.909603511467454,0.0186960519016737,0.0106550315533235,-0.0283908497925802,0.00999999999999801
45.2,-0.4997490443686106,-0.121358341669892,9.90734060561789,0.018766149466671,0.0103740627016497,-0.0285962827554781,0.010000000000005116
45.21,-0.4996063371056943,-0.1230022936080216,9.905038764823937,0.01883437043236,0.0100920564523511,-0.0288010008127964,0.00999999999999801
45.22,-0.4994316552077352,-0.1246418174768646,9.90269890979122,0.018900707976701,0.0098090410058172,-0.0290049988465945,0.00999999999999801
45.23,-0.499225009854315,-0.1262768542537417,9.900321976430554,0.0189651554659949,0.0095250446633567,-0.0292082717569322,0.00999999999999801
45.24,-0.4989864142706661,-0.1279073450775025,9.897908915483594,0.0190277064555465,0.0092400958243675,-0.029410814461997,0.010000000000005116
45.25,-0.4987158837268239,-0.1295332312506536,9.895460692142544,0.0190883546903088,0.008954222983496,-0.0296126218982322,0.00999999999999801
45.26,-0.4984134355366516,-0.1311544542414702,9.8929782856641,0.019147094105509,0.008667454727788,-0.0298136890204622,0.00999999999999801
45.27,-0.4980790890567294,-0.1327709556860997,9.890462688977747,0.0192039188272546,0.0083798197338299,-0.0300140108020196,0.010000000000005116
45.28,-0.4977128656851181,-0.1343826773906618,9.88791490828863,0.0192588231731206,0.0080913467648817,-0.0302135822348701,0.00999999999999801
45.29,-0.497314788859989,-0.1359895613333522,9.885335962675049,0.0193118016527182,0.0078020646679998,-0.0304123983297383,0.00999999999999801
45.3,-0.4968848840581222,-0.1375915496665223,9.88272688368086,0.0193628489682438,0.0075120023711526,-0.0306104541162324,0.00999999999999801
45.31,-0.4964231787932787,-0.1391885847187624,9.88008871490288,0.0194119600150081,0.0072211888803285,-0.0308077446429678,0.010000000000005116
45.32,-0.4959297026144383,-0.140780608996986,9.877422511573442,0.0194591298819475,0.006929653276634,-0.0310042649776916,0.00999999999999801
45.33,-0.4954044871039071,-0.1423675651884889,9.87472934013833,0.0195043538521146,0.0066374247133865,-0.0312000102074058,0.00999999999999801
45.34,-0.4948475658752989,-0.1439493961630227,9.872010277830208,0.0195476274031501,0.0063445324131986,-0.03139497543849,0.010000000000005116
45.35,-0.4942589745713828,-0.1455260449748402,9.86926641223775,0.0195889462077349,0.0060510056650567,-0.0315891557968232,0.00999999999999801
45.36,-0.4936387508618003,-0.1470974548647544,9.866498840870602,0.019628306134023,0.0057568738213908,-0.0317825464279067,0.00999999999999801
45.37,-0.4929869344406583,-0.148663569262181,9.863708670720415,0.0196657032460545,0.0054621662951401,-0.0319751424969849,0.00999999999999801
45.38,-0.492303567023984,-0.1502243317871707,9.860897017818044,0.0197011338041495,0.0051669125568115,-0.0321669391891662,0.010000000000005116
45.39,-0.4915886923470594,-0.1517796862524384,9.858065006787164,0.0197345942652817,0.0048711421315332,-0.032357931709543,0.00999999999999801
45.4,-0.4908423561616204,-0.1533295766653941,9.855213770394428,0.0197660812834327,0.004574884596101,-0.0325481152833123,0.00999999999999801
45.41,-0.4900646062329269,-0.1548739472301503,9.852344449096377,0.0197955917099271,0.0042781695760213,-0.0327374851558949,0.00999999999999801
45.42,-0.4892554923367096,-0.1564127423495309,9.849458190583272,0.0198231225937467,0.0039810267425494,-0.0329260365930536,0.010000000000005116
45.43,-0.4884150662559823,-0.1579459066270803,9.846556149320037,0.0198486711818262,0.0036834858097208,-0.0331137648810123,0.00999999999999801
45.44,-0.4875433817777266,-0.1594733848690492,9.843639486084482,0.019872234919328,0.0033855765313807,-0.0333006653265736,0.00999999999999801
45.45,-0.4866404946894501,-0.160995122086386,9.840709367503012,0.019893811449898,0.0030873286982086,-0.0334867332572364,0.010000000000005116
45.46,-0.4857064627756212,-0.1625110634967151,9.837766965583995,0.0199133986159012,0.0027887721347397,-0.0336719640213117,0.00999999999999801
45.47,-0.4847413458139623,-0.1640211545263095,9.834813457248966,0.0199309944586372,0.0024899366963812,-0.0338563529880402,0.00999999999999801
45.48,-0.4837452055716275,-0.1655253408120553,9.83185002386188,0.0199465972185364,0.0021908522664279,-0.0340398955477074,0.00999999999999801
45.49,-0.4827181058012558,-0.1670235682034085,9.828877850756577,0.0199602053353359,0.0018915487530738,-0.0342225871117588,0.010000000000005116
45.5,-0.4816601122368804,-0.1685157827643449,9.825898126762674,0.0199718174482354,0.0015920560864207,-0.0344044231129148,0.00999999999999801
45.51,-0.4805712925897272,-0.1700019307753006,9.82291204373004,0.0199814323960331,0.0012924042154856,-0.0345853990052849,0.00999999999999801
45.52,-0.4794517165438828,-0.1714819587351103,9.819920796052068,0.0199890492172423,0.0009926231052058,-0.0347655102644813,0.010000000000005116
45.53,-0.4783014557518332,-0.1729558133629248,9.816925580187952,0.0199946671501874,0.0006927427334429,-0.0349447523877316,0.00999999999999801
45.54,-0.4771205838298743,-0.1744234416001364,9.813927594184102,0.0199982856330795,0.0003927930879839,-0.0351231208939923,0.00999999999999801
45.55,-0.475909176353407,-0.17588479061229,9.810928037194945,0.0199999043040736,9.280416354330748e-05,-0.0353006113240601,0.00999999999999801
45.56,-0.4746673108520977,-0.1773398077909761,9.807928109003283,0.0199995230013037,-0.0002071940412361,-0.0354772192406832,0.010000000000005116
45.57,-0.473395066804912,-0.1787884407557336,9.804929009540396,0.0199971417629,-0.0005071715267841,-0.0356529402286731,0.00999999999999801
45.58,-0.4720925256350372,-0.1802306373559339,9.80193193840608,0.0199927608269841,-0.0008070982956021,-0.0358277698950142,0.00999999999999801
45.59,-0.4707597707046611,-0.1816663456726551,9.798938094388827,0.0199863806316462,-0.0011069443552633,-0.0360017038689741,0.010000000000005116
45.6,-0.4693968873096456,-0.1830955140205503,9.795948674986333,0.0199780018149004,-0.0014066797214112,-0.0361747378022122,0.00999999999999801
45.61,-0.4680039626740639,-0.184518090949716,9.792964875926492,0.0199676252146213,-0.0017062744207593,-0.0363468673688894,0.00999999999999801
45.62,-0.4665810859446149,-0.1859340252475345,9.78998789068915,0.0199552518684605,-0.0020056984940871,-0.0365180882657754,0.00999999999999801
45.63,-0.4651283481849247,-0.1873432659405266,9.787018910028706,0.019940883013742,-0.0023049219992371,-0.0366883962123568,0.010000000000005116
45.64,-0.4636458423697155,-0.1887457622961771,9.784059121497842,0.0199245200873396,-0.0026039150141078,-0.0368577869509437,0.00999999999999801
45.65,-0.4621336633788508,-0.1901414638247686,9.781109708972505,0.0199061647255322,-0.002902647639647,-0.0370262562467765,0.00999999999999801
45.66,-0.4605919079912711,-0.1915303202811994,9.778171852178378,0.0198858187638406,-0.0032010900028412,-0.0371937998881317,0.00999999999999801
45.67,-0.4590206748787963,-0.1929122816667844,9.775246726219011,0.0198634842368441,-0.0034992122597026,-0.0373604136864267,0.010000000000005116
45.68,-0.4574200645998066,-0.1942872982310631,9.77233550110579,0.0198391633779767,-0.003796984598254,-0.0375260934763254,0.00999999999999801
45.69,-0.4557901795928164,-0.1956553204735893,9.769439341289935,0.0198128586193041,-0.0040943772415097,-0.0376908351158417,0.00999999999999801
45.7,-0.4541311241699068,-0.1970162991457101,9.766559405196764,0.0197845725912803,-0.0043913604504534,-0.0378546344864433,0.010000000000005116
45.71,-0.4524430045100601,-0.1983701852523377,9.763696844762316,0.0197543081224844,-0.0046879045270114,-0.0380174874931542,0.00999999999999801
45.72,-0.4507259286523598,-0.199716930053721,9.760852804972592,0.0197220682393382,-0.0049839798170232,-0.0381793900646579,0.00999999999999801
45.73,-0.4489800064890717,-0.2010564850671925,9.758028423405593,0.019687856165803,-0.0052795567132068,-0.0383403381533985,0.00999999999999801
45.74,-0.4472053497586198,-0.2023888020689141,9.755224829776289,0.0196516753230577,-0.0055746056581185,-0.0385003277356821,0.010000000000005116
45.75,-0.4454020720384307,-0.20371383309562,9.752443145484746,0.0196135293291565,-0.0058690971471099,-0.0386593548117776,0.00999999999999801
45.76,-0.4435702887376614,-0.2050315304463355,9.749684483167597,0.0195734219986669,-0.0061630017312774,-0.0388174154060162,0.00999999999999801
45.77,-0.4417101170898146,-0.2063418466840983,9.74694994625298,0.0195313573422885,-0.0064562900204079,-0.0389745055668916,0.010000000000005116
45.78,-0.4398216761452474,-0.2076447346376654,9.74424062851921,0.019487339566452,-0.0067489326859163,-0.0391306213671575,0.00999999999999801
45.79,-0.4379050867635325,-0.2089401474032112,9.741557613657251,0.0194413730728983,-0.0070409004637803,-0.0392857589039274,0.00999999999999801
45.8,-0.4359604716057325,-0.2102280383460159,9.738901974837276,0.0193934624582383,-0.0073321641574654,-0.0394399142987709,0.00999999999999801
45.81,-0.4339879551265607,-0.2115083611021448,9.736274774279408,0.0193436125134937,-0.0076226946408448,-0.039593083697811,0.010000000000005116
45.82,-0.4319876635663951,-0.2127810695801168,9.733677062828836,0.0192918282236174,-0.0079124628611122,-0.0397452632718207,0.00999999999999801
45.83,-0.429959724943211,-0.2140461179625636,9.731109879535506,0.0192381147669952,-0.0082014398416873,-0.0398964492163188,0.00999999999999801
45.84,-0.4279042690443897,-0.2153034607078821,9.728574251238507,0.019182477514928,-0.0084895966851129,-0.0400466377516645,0.010000000000005116
45.85,-0.4258214274184091,-0.2165530525518672,9.726071192155352,0.0191249220310946,-0.0087769045759444,-0.040195825123152,0.00999999999999801
45.86,-0.4237113333664186,-0.2177948485093474,9.7236017034763,0.0190654540709956,-0.0090633347836324,-0.040344007601105,0.00999999999999801
45.87,-0.4215741219337211,-0.2190288038758037,9.721166772963894,0.0190040795813772,-0.0093488586653948,-0.0404911814809692,0.00999999999999801
45.88,-0.4194099299011149,-0.2202548742289765,9.718767374557874,0.0189408046996374,-0.0096334476690816,-0.0406373430834054,0.010000000000005116
45.89,-0.4172188957761533,-0.2214730154304629,9.716404467985614,0.0188756357532116,-0.009917073336029,-0.0407824887543809,0.00999999999999801
45.9,-0.4150011597842744,-0.2226831836273137,9.714078998378236,0.0188085792589401,-0.0101997073039071,-0.0409266148652617,0.00999999999999801
45.91,-0.4127568638598207,-0.2238853352536043,9.711791895892576,0.0187396419224164,-0.0104813213095547,-0.0410697178129026,0.00999999999999801
45.92,-0.4104861516369674,-0.225079427032004,9.709544075339137,0.0186688306373169,-0.0107618871918056,-0.041211794019737,0.010000000000005116
45.93,-0.4081891684405236,-0.2262654159753397,9.707336435816163,0.0185961524847109,-0.0110413768943055,-0.0413528399338674,0.00999999999999801
45.94,-0.4058660612766259,-0.2274432593881364,9.70516986035004,0.0185216147323532,-0.011319762468317,-0.0414928520291533,0.00999999999999801
45.95,-0.4035169788233417,-0.2286129148681602,9.703045215542057,0.0184452248339568,-0.0115970160755151,-0.0416318268052996,0.010000000000005116
45.96,-0.4011420714211485,-0.2297743403079383,9.700963351221812,0.0183669904284481,-0.0118731099907695,-0.041769760787944,0.00999999999999801
45.97,-0.3987414910633051,-0.2309274938962802,9.698925100107276,0.0182869193392023,-0.0121480166049191,-0.0419066505287442,0.00999999999999801
45.98,-0.3963153913861371,-0.2320723341197834,9.696931277471718,0.0182050195732616,-0.0124217084275317,-0.0420424926054639,0.00999999999999801
45.99,-0.3938639276591979,-0.2332088197643213,9.69498268081761,0.0181212993205344,-0.0126941580896528,-0.0421772836220581,0.010000000000005116
46.0,-0.391387256775325,-0.2343369099165336,9.693080089557627,0.0180357669529761,-0.0129653383465433,-0.0423110202087585,0.00999999999999801
46.01,-0.3888855372406138,-0.2354565639652979,9.691224264702916,0.0179484310237524,-0.0132352220804036,-0.0424436990221573,0.00999999999999801
46.02,-0.3863589291642564,-0.2365677416031894,9.689415948558665,0.0178593002663831,-0.0135037823030853,-0.0425753167452914,0.010000000000005116
46.03,-0.3838075942483093,-0.2376704028279311,9.687655864427224,0.01776838359387,-0.0137709921587897,-0.0427058700877241,0.00999999999999801
46.04,-0.3812316957773387,-0.2387645079438401,9.68594471631878,0.0176756900978045,-0.0140368249267539,-0.0428353557856289,0.00999999999999801
46.05,-0.3786313986079628,-0.2398500175632503,9.684283188669758,0.0175812290474588,-0.014301254023923,-0.0429637706018702,0.00999999999999801
46.06,-0.3760068691583152,-0.2409268926079306,9.68267194606907,0.0174850098888594,-0.0145642530076072,-0.043091111326084,0.010000000000005116
46.07,-0.3733582753973873,-0.2419950943104979,9.681111632992266,0.0173870422438419,-0.0148257955781275,-0.043217374774759,0.00999999999999801
46.08,-0.3706857868342734,-0.2430545842158053,9.67960287354378,0.0172873359090892,-0.0150858555814447,-0.0433425577913155,0.00999999999999801
46.09,-0.3679895745073243,-0.2441053241823309,9.678146271207266,0.0171859008551515,-0.0153444070117755,-0.0434666572461848,0.010000000000005116
46.1,-0.3652698109732185,-0.2451472763835492,9.676742408604248,0.01708274722545,-0.0156014240141919,-0.0435896700368867,0.00999999999999801
46.11,-0.3625266702958888,-0.2461804033092937,9.67539184726104,0.0169778853352614,-0.015856880887208,-0.043711593088108,0.00999999999999801
46.12,-0.3597603280354,-0.2472046677671057,9.67409512738418,0.0168713256706876,-0.0161107520853494,-0.0438324233517787,0.00999999999999801
46.13,-0.3569709612367148,-0.2482200328835775,9.672852767644324,0.016763078887606,-0.016363012221708,-0.0439521578071487,0.010000000000005116
46.14,-0.3541587484183588,-0.2492264621056726,9.671665264968803,0.0166531558106049,-0.0166136360704801,-0.0440707934608625,0.00999999999999801
46.15,-0.3513238695609875,-0.2502239192020478,9.67053309434286,0.0165415674319003,-0.0168625985694898,-0.0441883273470352,0.00999999999999801
46.16,-0.3484665060958825,-0.251212368264357,9.66945670861964,0.016428324910237,-0.0171098748226949,-0.0443047565273258,0.00999999999999801
46.17,-0.3455868408933329,-0.2521917737085389,9.668436538339092,0.0163134395697731,-0.0173554401026756,-0.0444200780910106,0.010000000000005116
46.18,-0.3426850582509236,-0.2531621002761035,9.66747299155572,0.0161969228989466,-0.0175992698531089,-0.0445342891550567,0.00999999999999801
46.19,-0.3397613438817585,-0.2541233130354002,9.66656645367539,0.0160787865493276,-0.017841339691223,-0.0446473868641935,0.00999999999999801
46.2,-0.336815884902554,-0.2550753773828735,9.665717287301169,0.0159590423344526,-0.0180816254102358,-0.044759368390984,0.010000000000005116
46.21,-0.3338488698216819,-0.2560182590443079,9.66492583208828,0.0158377022286433,-0.0183201029817754,-0.044870230935896,0.00999999999999801
46.22,-0.3308604885270974,-0.2569519240760673,9.66419240460826,0.0157147783658093,-0.0185567485582835,-0.0449799717273715,0.00999999999999801
46.23,-0.3278509322741779,-0.2578763388663113,9.663517298222326,0.0155902830382341,-0.0187915384753998,-0.0450885880218967,0.00999999999999801
46.24,-0.3248203936734991,-0.2587914701362055,9.662900782964025,0.0154642286953471,-0.019024449254328,-0.0451960771040695,0.010000000000005116
46.25,-0.3217690666784997,-0.259697284941125,9.662343105431235,0.0153366279424774,-0.0192554576041844,-0.0453024362866688,0.00999999999999801
46.26,-0.3186971465730605,-0.2605937506718331,9.661844488687548,0.0152074935395939,-0.0194845404243266,-0.0454076629107203,0.00999999999999801
46.27,-0.3156048299590222,-0.2614808350556624,9.661405132173003,0.0150768384000292,-0.0197116748066636,-0.0455117543455642,0.010000000000005116
46.28,-0.3124923147435956,-0.2623585061576689,9.66102521162435,0.0149446755891886,-0.0199368380379461,-0.0456147079889197,0.00999999999999801
46.29,-0.3093598001266864,-0.263226732381788,9.660704879004744,0.0148110183232429,-0.0201600076020387,-0.0457165212669513,0.00999999999999801
46.3,-0.3062074865881637,-0.2640854824719708,9.66044426244296,0.0146758799678073,-0.0203811611821713,-0.0458171916343324,0.00999999999999801
46.31,-0.3030355758750208,-0.2649347255133052,9.660243466182148,0.0145392740366049,-0.0206002766631697,-0.0459167165743088,0.010000000000005116
46.32,-0.2998442709884549,-0.2657744309331337,9.660102570538138,0.0144012141901148,-0.0208173321336687,-0.0460150935987623,0.00999999999999801
46.33,-0.2966337761708953,-0.2666045685021526,9.660021631867307,0.0142617142342067,-0.021032305888302,-0.0461123202482726,0.00999999999999801
46.34,-0.2934042968929087,-0.2674251083354992,9.660000682544045,0.0141207881187598,-0.0212451764298735,-0.0462083940921783,0.010000000000005116
46.35,-0.2901560398400694,-0.2682360208938266,9.660039730947798,0.0139784499362684,-0.0214559224715061,-0.0463033127286384,0.00999999999999801
46.36,-0.2868892128997228,-0.2690372769843718,9.660138761459727,0.013834713920432,-0.0216645229387714,-0.0463970737846919,0.00999999999999801
46.37,-0.2836040251476754,-0.2698288477620015,9.660297734468957,0.0136895944447325,-0.0218709569717966,-0.0464896749163172,0.00999999999999801
46.38,-0.280300686834816,-0.2706107047302533,9.660516586388388,0.0135431060209964,-0.0220752039273505,-0.0465811138084911,0.010000000000005116
46.39,-0.2769794093736808,-0.2713828197423608,9.66079522968018,0.0133952632979442,-0.0222772433809074,-0.0466713881752458,0.00999999999999801
46.4,-0.2736404053248878,-0.2721451650022667,9.66113355289073,0.0132460810597248,-0.0224770551286906,-0.0467604957597269,0.00999999999999801
46.41,-0.2702838883835504,-0.2728977130656243,9.661531420695264,0.0130955742244377,-0.0226746191896918,-0.0468484343342495,0.00999999999999801
46.42,-0.2669100733656191,-0.2736404368407845,9.661988673951967,0.0129437578426413,-0.0228699158076694,-0.0469352017003537,0.010000000000005116
46.43,-0.2635191761940976,-0.2743733095897714,9.662505129765629,0.012790647095847,-0.0230629254531244,-0.04702079568886,0.00999999999999801
46.44,-0.2601114138852444,-0.2750963049292451,9.663080581560813,0.0126362572950019,-0.0232536288252531,-0.047105214159923,0.00999999999999801
46.45,-0.2566870045346869,-0.2758093968314524,9.663714799164474,0.0124806038789575,-0.0234420068538775,-0.0471884550030855,0.010000000000005116
46.46,-0.253246167303458,-0.2765125596251608,9.664407528898026,0.0123237024129257,-0.0236280407013512,-0.0472705161373306,0.00999999999999801
46.47,-0.2497891224039597,-0.2772057679965856,9.665158493678812,0.0121655685869223,-0.0238117117644448,-0.0473513955111342,0.00999999999999801
46.48,-0.2463160910858888,-0.2778889969903015,9.66596739313093,0.0120062182141981,-0.023993001676205,-0.0474310911025164,0.00999999999999801
46.49,-0.2428272956220671,-0.2785622220101373,9.666833903705388,0.0118456672296577,-0.0241718923077917,-0.0475096009190913,0.010000000000005116
46.5,-0.2393229592942075,-0.2792254188200651,9.667757678809508,0.0116839316882657,-0.0243483657702907,-0.0475869229981176,0.00999999999999801
46.51,-0.2358033063786448,-0.279878563545072,9.668738348945563,0.0115210277634414,-0.0245224044165029,-0.0476630554065475,0.00999999999999801
46.52,-0.2322685621319581,-0.2805216326720186,9.66977552185858,0.0113569717454415,-0.0246939908427089,-0.0477379962410748,0.010000000000005116
46.53,-0.2287189527765758,-0.2811546030504845,9.670868782693216,0.0111917800397313,-0.0248631078904087,-0.0478117436281823,0.00999999999999801
46.54,-0.2251547054862883,-0.2817774518936056,9.67201769415972,0.0110254691653436,-0.0250297386480387,-0.0478842957241893,0.00999999999999801
46.55,-0.221576048371699,-0.2823901567788908,9.673221796708818,0.0108580557532271,-0.0251938664526621,-0.0479556507152972,0.00999999999999801
46.56,-0.2179832104656451,-0.2829926956490294,9.674480608715548,0.0106895565445837,-0.0253554748916349,-0.0480258068176349,0.010000000000005116
46.57,-0.2143764217085294,-0.2835850468126882,9.67579362667189,0.0105199883891938,-0.025514547804248,-0.0480947622773035,0.00999999999999801
46.58,-0.2107559129335948,-0.2841671889452885,9.677160325388169,0.0103493682437316,-0.0256710692833427,-0.04816251537042,0.00999999999999801
46.59,-0.2071219158521702,-0.2847391010897774,9.678580158203122,0.0101777131700694,-0.0258250236769017,-0.0482290644031608,0.010000000000005116
46.6,-0.2034746630388319,-0.2853007626573786,9.68005255720255,0.0100050403335717,-0.0259763955896137,-0.0482944077118035,0.00999999999999801
46.61,-0.1998143879165083,-0.2858521534283362,9.681576933446488,0.0098313670013781,-0.0261251698844137,-0.0483585436627686,0.00999999999999801
46.62,-0.1961413247415646,-0.2863932535526428,9.683152677204763,0.0096567105406772,-0.0262713316839961,-0.0484214706526609,0.00999999999999801
46.63,-0.1924557085887835,-0.2869240435507522,9.684779158200882,0.0094810884169693,-0.0264148663723029,-0.0484831871083089,0.010000000000005116
46.64,-0.1887577753363441,-0.2874445043142809,9.686455725864132,0.0093045181923207,-0.0265557595959847,-0.0485436914868042,0.00999999999999801
46.65,-0.1850477616507157,-0.2879546171066985,9.6881817095898,0.0091270175236066,-0.0266939972658366,-0.0486029822755407,0.00999999999999801
46.66,-0.1813259049715012,-0.2884543635639997,9.689956419007412,0.0089486041607459,-0.026829565558207,-0.0486610579922518,0.00999999999999801
46.67,-0.177592443496261,-0.288943725695365,9.69177914425686,0.0087692959449264,-0.0269624509163794,-0.0487179171850474,0.010000000000005116
46.68,-0.1738476161652584,-0.2894226858838115,9.693649156272349,0.0085891108068201,-0.0270926400519287,-0.0487735584324508,0.00999999999999801
46.69,-0.1700916626461611,-0.2898912268868238,9.695565707074,0.0084080667647906,-0.02722011994605,-0.0488279803434337,0.00999999999999801
46.7,-0.1663248233187055,-0.2903493318369763,9.697528030067057,0.0082261819230913,-0.0273448778508601,-0.0488811815574511,0.010000000000005116
46.71,-0.1625473392593364,-0.2907969842425404,9.69953534034848,0.0080434744700549,-0.0274669012906724,-0.0489331607444755,0.00999999999999801
46.72,-0.1587594522257374,-0.2912341679880778,9.70158683502092,0.0078599626762744,-0.0275861780632446,-0.0489839166050299,0.00999999999999801
46.73,-0.154961404641379,-0.2916608673350209,9.703681693513865,0.0076756648927761,-0.0277026962409989,-0.0490334478702204,0.00999999999999801
46.74,-0.1511534395800236,-0.2920770669222393,9.70581907791184,0.007490599549185,-0.0278164441722146,-0.0490817533017679,0.010000000000005116
46.75,-0.1473358007501288,-0.2924827517665927,9.707998133289593,0.0073047851518811,-0.0279274104821934,-0.0491288316920393,0.00999999999999801
46.76,-0.143508732479273,-0.2928779072634704,9.710217988054024,0.0071182402821493,-0.0280355840743967,-0.0491746818640771,0.00999999999999801
46.77,-0.1396724796985228,-0.2932625191873179,9.712477754292824,0.006930983594321,-0.0281409541315556,-0.0492193026716296,0.010000000000005116
46.78,-0.13582728792675,-0.2936365736921467,9.714776528129626,0.0067430338139093,-0.0282435101167519,-0.0492626929991787,0.00999999999999801
46.79,-0.1319734032549089,-0.2940000573120351,9.717113390085547,0.0065544097357353,-0.0283432417744728,-0.0493048517619686,0.00999999999999801
46.8,-0.1281110723303062,-0.2943529569616126,9.719487405446966,0.0063651302220496,-0.0284401391316355,-0.0493457779060324,0.00999999999999801
46.81,-0.1242405423408063,-0.2946952599365294,9.721897624639384,0.0061752142006461,-0.0285341924985851,-0.0493854704082187,0.010000000000005116
46.82,-0.1203620609990005,-0.2950269539139153,9.724343083607264,0.0059846806629685,-0.0286253924700632,-0.0494239282762169,0.00999999999999801
46.83,-0.1164758765263777,-0.2953480269528235,9.726822804199625,0.0057935486622118,-0.0287137299261487,-0.0494611505485824,0.00999999999999801
46.84,-0.1125822376374107,-0.295658467494659,9.729335794561292,0.0056018373114167,-0.0287991960331697,-0.0494971362947602,0.010000000000005116
46.85,-0.108681393523663,-0.2959582643635954,9.731881049529624,0.0054095657815588,-0.0288817822445866,-0.0495318846151087,0.00999999999999801
46.86,-0.1047735938378297,-0.2962474067669784,9.734457551036574,0.0052167532996307,-0.0289614803018471,-0.0495653946409215,0.00999999999999801
46.87,-0.10085908867775,-0.2965258842957123,9.737064268515889,0.00502341914672,-0.0290382822352119,-0.0495976655344499,0.00999999999999801
46.88,-0.0969381285704214,-0.2967936869246366,9.739700159315335,0.0048295826560805,-0.0291121803645517,-0.0496286964889231,0.010000000000005116
46.89,-0.0930109644559559,-0.2970508050128852,9.742364169113737,0.0046352632112003,-0.0291831673001151,-0.049658486728569,0.00999999999999801
46.9,-0.0890778476715095,-0.2972972293042346,9.745055232342692,0.0044404802438616,-0.0292512359432677,-0.0496870355086329,0.00999999999999801
46.91,-0.0851390299352172,-0.2975329509274374,9.747772272612794,0.0042452532321988,-0.0293163794872019,-0.0497143421153971,0.00999999999999801
46.92,-0.0811947633300733,-0.2977579613965402,9.750514203144158,0.0040496016987506,-0.0293785914176177,-0.0497404058661976,0.010000000000005116
46.93,-0.0772453002877871,-0.2979722526111904,9.75327992720113,0.0038535452085072,-0.0294378655133737,-0.0497652261094421,0.00999999999999801
46.94,-0.0732908935726524,-0.2981758168569277,9.756068338530964,0.0036571033669542,-0.0294941958471099,-0.0497888022246259,0.00999999999999801
46.95,-0.0693317962653422,-0.2983686468054612,9.758878321806309,0.003460295818112,-0.0295475767858398,-0.0498111336223471,0.010000000000005116
46.96,-0.0653682617467361,-0.2985507355149333,9.761708753071314,0.0032631422425716,-0.029598002991514,-0.0498322197443222,0.00999999999999801
46.97,-0.0614005436816941,-0.2987220764301703,9.764558500191216,0.0030656623555263,-0.029645469421554,-0.049852060063399,0.00999999999999801
46.98,-0.0574288960028109,-0.2988826633829179,9.767426423305167,0.0028678759048,-0.0296899713293563,-0.0498706540835708,0.00999999999999801
46.99,-0.053453572894186,-0.2990324905920629,9.770311375282152,0.0026698026688732,-0.0297315042647672,-0.0498880013399879,0.010000000000005116
47.0,-0.0494748287751447,-0.2991715526638421,9.773212202179852,0.0024714624549044,-0.0297700640745278,-0.0499041013989698,0.00999999999999801
47.01,-0.0454929182839493,-0.2992998445920359,9.776127743706182,0.0022728750967497,-0.0298056469026893,-0.0499189538580159,0.00999999999999801
47.02,-0.0415080962615048,-0.2994173617581487,9.779056833683406,0.0020740604529791,-0.0298382491909984,-0.0499325583458155,0.010000000000005116
47.03,-0.0375206177350747,-0.2995240999315752,9.781998300514584,0.0018750384048918,-0.0298678676792536,-0.0499449145222571,0.00999999999999801
47.04,-0.0335307379019165,-0.2996200552697528,9.784950967652208,0.0016758288545266,-0.0298944994056307,-0.0499560220784369,0.00999999999999801
47.05,-0.0295387121129707,-0.2997052243182996,9.787913654068788,0.0014764517226723,-0.0299181417069792,-0.0499658807366667,0.00999999999999801
47.06,-0.0255447958565393,-0.2997796040111391,9.79088517472926,0.0012769269468762,-0.0299387922190887,-0.0499744902504804,0.010000000000005116
47.07,-0.0215492447418924,-0.2998431916706103,9.793864341064978,0.0010772744794495,-0.0299564488769252,-0.0499818504046407,0.00999999999999801
47.08,-0.0175523144829338,-0.2998959850075643,9.79684996144913,0.0008775142854726,-0.0299711099148376,-0.0499879610151441,0.00999999999999801
47.09,-0.0135542608818396,-0.2999379821214469,9.799840841673374,0.0006776663407983,-0.0299827738667344,-0.0499928219292256,0.010000000000005116
47.1,-0.0095553398126789,-0.2999691815003664,9.802835785425492,0.0004777506300547,-0.0299914395662301,-0.0499964330253628,0.00999999999999801
47.11,-0.0055558072050283,-0.2999895820211485,9.80583359476792,0.0002777871446463,-0.0299971061467619,-0.0499987942132782,0.00999999999999801
47.12,-0.0015559190276165,-0.2999991829493766,9.808833070616888,7.779588075495503e-05,-0.0299997730416766,-0.0499999054339425,0.00999999999999801
47.13,0.0024440687280855,-0.2999979839394184,9.811833013222053,-0.0001222031626598,-0.0299994399842868,-0.049999766659575,0.010000000000005116
47.14,0.0064439000642232,-0.2999859850344382,9.814832222646366,-0.00032218998586,-0.0299961070078981,-0.0499983778936452,0.00999999999999801
47.15,0.0104433189929528,-0.2999631866663952,9.81782949924605,-0.0005221445903301,-0.0299897744458052,-0.0499957391708722,0.00999999999999801
47.16,0.014442069552835,-0.2999295896560281,9.82082364415043,-0.0007220469807765,-0.0299804429312592,-0.0499918505572238,0.00999999999999801
47.17,0.0184398958251954,-0.2998851952128258,9.82381345974146,-0.0009218771671263,-0.0299681133974036,-0.0499867121499152,0.010000000000005116
47.18,0.0224365419505136,-0.2998300049349834,9.826797750132773,-0.0011216151665276,-0.0299527870771817,-0.0499803240774064,0.00999999999999801
47.19,0.0264317521448088,-0.299764020809345,9.829775321647997,-0.001321241005347,-0.0299344655032126,-0.0499726864993987,0.00999999999999801
47.2,0.0304252707159887,-0.2996872452113319,9.832744983298232,-0.001520734721167,-0.0299131505076384,-0.0499637996068313,0.010000000000005116
47.21,0.0344168420802244,-0.2995996809048573,9.835705547258408,-0.001720076364782,-0.0298888442219411,-0.0499536636218761,0.00999999999999801
47.22,0.0384062107783182,-0.299501331042227,9.838655829342416,-0.001919246002194,-0.0298615490767289,-0.049942278797932,0.00999999999999801
47.23,0.0423931214920314,-0.2993921991640251,9.841594649476765,-0.0021182237166052,-0.0298312678014935,-0.0499296454196191,0.00999999999999801
47.24,0.0463773190604357,-0.2992722891989877,9.844520832172574,-0.0023169896104098,-0.0297980034243373,-0.0499157638027713,0.010000000000005116
47.25,0.0503585484962538,-0.2991416054638606,9.847433206995786,-0.0025155238071842,-0.0297617592716702,-0.0499006342944281,0.00999999999999801
47.26,0.0543365550021536,-0.299000152663244,9.850330609035304,-0.0027138064536741,-0.0297225389678774,-0.0498842572728266,0.00999999999999801
47.27,0.0583110839870836,-0.2988479358894234,9.853211879368944,-0.0029118177217803,-0.0296803464349564,-0.0498666331473914,0.010000000000005116
47.28,0.0622818810825419,-0.2986849606221864,9.856075865526984,-0.0031095378105407,-0.0296351858921255,-0.0498477623587247,0.00999999999999801
47.29,0.0662486921588663,-0.298511232728625,9.858921421953152,-0.0033069469481113,-0.0295870618554013,-0.0498276453785953,0.00999999999999801
47.3,0.0702112633415089,-0.2983267584629243,9.861747410462817,-0.003504025393743,-0.0295359791371474,-0.0498062827099267,0.00999999999999801
47.31,0.0741693410272629,-0.2981315444661385,9.86455270069825,-0.0037007534397552,-0.029481942845593,-0.0497836748867843,0.010000000000005116
47.32,0.0781226719005042,-0.2979255977659499,9.867336170580764,-0.0038971114135074,-0.0294249583843222,-0.0497598224743627,0.00999999999999801
47.33,0.0820710029494096,-0.2977089257764178,9.870096706759515,-0.0040930796793659,-0.0293650314517337,-0.0497347260689709,0.00999999999999801
47.34,0.0860140814821468,-0.2974815362977101,9.872833205056846,-0.0042886386406674,-0.0293021680404708,-0.0497083862980176,0.010000000000005116
47.35,0.0899516551430216,-0.2972434375158237,9.875544570909918,-0.0044837687416785,-0.0292363744368223,-0.049680803819996,0.00999999999999801
47.36,0.0938834719286706,-0.296994638002289,9.87822971980854,-0.004678450469552,-0.0291676572200936,-0.0496519793244663,0.00999999999999801
47.37,0.0978092802041652,-0.2967351467138617,9.880887577728958,-0.0048726643562772,-0.0290960232619493,-0.0496219135320396,0.00999999999999801
47.38,0.1017288287191122,-0.2964649729921998,9.88351708156344,-0.0050663909806274,-0.0290214797257253,-0.0495906071943591,0.010000000000005116
47.39,0.105641866623741,-0.2961841265635286,9.886117179545508,-0.0052596109701014,-0.0289440340657133,-0.0495580610940815,0.00999999999999801
47.4,0.1095481434849684,-0.295892617538289,9.888686831670642,-0.0054523050028614,-0.0288636940264146,-0.0495242760448578,0.00999999999999801
47.41,0.1134474093024052,-0.2955904564107741,9.891225010112253,-0.0056444538096649,-0.0287804676417663,-0.0494892528913123,0.00999999999999801
47.42,0.1173394145243664,-0.2952776540587523,9.893730699632805,-0.0058360381757909,-0.0286943632343375,-0.0494529925090221,0.010000000000005116
47.43,0.1212239100638533,-0.2949542217430745,9.896202897989896,-0.0060270389429627,-0.0286053894144971,-0.0494154958044948,0.00999999999999801
47.44,0.1251006473144703,-0.2946201711072688,9.898640616337149,-0.0062174370112627,-0.028513555079553,-0.0493767637151461,0.00999999999999801
47.45,0.1289693781663636,-0.294275514177122,9.901042879619723,-0.0064072133410429,-0.0284188694128621,-0.0493367972092763,0.010000000000005116
47.46,0.1328298550220757,-0.2939202633602469,9.903408726964342,-0.0065963489548282,-0.0283213418829123,-0.0492955972860459,0.00999999999999801
47.47,0.1366818308124021,-0.293554431445634,9.905737212063606,-0.0067848249392149,-0.0282209822423753,-0.0492531649754508,0.00999999999999801
47.48,0.1405250590122139,-0.2931780316031927,9.908027403554524,-0.0069726224467619,-0.0281178005271314,-0.0492095013382965,0.00999999999999801
47.49,0.1443592936562147,-0.2927910773832773,9.910278385391036,-0.0071597226978745,-0.0280118070552662,-0.0491646074661718,0.010000000000005116
47.5,0.1481842893546926,-0.2923935827161973,9.91248925721042,-0.0073461069826838,-0.0279030124260386,-0.0491184844814211,0.00999999999999801
47.51,0.1519998013092354,-0.2919855619117182,9.91465913469342,-0.0075317566629165,-0.0277914275188209,-0.0490711335371166,0.00999999999999801
47.52,0.1558055853283768,-0.2915670296585442,9.916787149917983,-0.0077166531737595,-0.0276770634920106,-0.0490225558170295,0.010000000000005116
47.53,0.1596013978432354,-0.2911380010237919,9.91887245170639,-0.0079007780257156,-0.0275599317819153,-0.0489727525356002,0.00999999999999801
47.54,0.1633869959231125,-0.2906984914524459,9.920914205965726,-0.008084112806453,-0.0274400441016084,-0.0489217249379082,0.00999999999999801
47.55,0.1671621372910199,-0.2902485167668025,9.922911596021512,-0.0082666391826467,-0.0273174124397579,-0.0488694742996407,0.00999999999999801
47.56,0.1709265803391952,-0.2897880931659025,9.924863822944356,-0.0084483389018108,-0.0271920490594279,-0.048816001927061,0.010000000000005116
47.57,0.1746800841445749,-0.289317237224946,9.926770105869522,-0.0086291937941249,-0.027063966496852,-0.0487613091569757,0.00999999999999801
47.58,0.1784224084841901,-0.2888359658946953,9.928629682309252,-0.0088091857742507,-0.0269331775601795,-0.0487053973567011,0.00999999999999801
47.59,0.182153313850567,-0.2883442965008663,9.930441808457768,-0.0089882968431401,-0.0267996953281953,-0.0486482679240293,0.010000000000005116
47.6,0.1858725614670323,-0.287842246743505,9.932205759488768,-0.0091665090898353,-0.0266635331490113,-0.0485899222871931,0.00999999999999801
47.61,0.1895799133030047,-0.2873298346963476,9.933920829845365,-0.0093438046932602,-0.0265247046387319,-0.0485303619048305,0.00999999999999801
47.62,0.1932751320892357,-0.2868070788061727,9.935586333522275,-0.0095201659240023,-0.0263832236800925,-0.0484695882659479,0.00999999999999801
47.63,0.1969579813329905,-0.2862739978921359,9.93720160434024,-0.0096955751460855,-0.0262391044210709,-0.0484076028898831,0.010000000000005116
47.64,0.2006282253331616,-0.2857306111450926,9.938765996212467,-0.0098700148187337,-0.0260923612734732,-0.0483444073262673,0.00999999999999801
47.65,0.2042856291953925,-0.2851769381269068,9.940278883403067,-0.0100434674981249,-0.0259430089114917,-0.0482800031549863,0.00999999999999801
47.66,0.2079299588470906,-0.2846129987697476,9.941739660777335,-0.010215915839136,-0.0257910622702381,-0.0482143919861409,0.00999999999999801
47.67,0.2115609810523893,-0.2840388133753709,9.943147744043795,-0.0103873425970763,-0.02563653654425,-0.0481475754600071,0.010000000000005116
47.68,0.2151784634271134,-0.2834544026143888,9.94450256998792,-0.010557730629413,-0.0254794471859712,-0.0480795552469945,0.00999999999999801
47.69,0.2187821744536288,-0.282859787525526,9.945803596697392,-0.0107270628974848,-0.0253198099042066,-0.0480103330476048,0.00999999999999801
47.7,0.2223718834956566,-0.2822549895148603,9.947050303778877,-0.0108953224682062,-0.0251576406625512,-0.0479399105923895,0.010000000000005116
47.71,0.2259473608130402,-0.281640030355056,9.948242192566164,-0.01106249251576,-0.0249929556777943,-0.0478682896419062,0.00999999999999801
47.72,0.2295083775764582,-0.2810149321845764,9.949378786319626,-0.011228556323281,-0.0248257714182971,-0.0477954719866751,0.00999999999999801
47.73,0.23305470588205,-0.2803797175068869,9.95045963041692,-0.0113934972845268,-0.0246561046023459,-0.0477214594471335,0.00999999999999801
47.74,0.2365861187660114,-0.2797344091896486,9.951484292534818,-0.0115572989055387,-0.0244839721964814,-0.0476462538735914,0.010000000000005116
47.75,0.2401023902191295,-0.279079030463891,9.952452362822134,-0.011719944806291,-0.0243093914138004,-0.0475698571461839,0.00999999999999801
47.76,0.2436032952012251,-0.2784136049231769,9.95336345406366,-0.0118814187223293,-0.0241323797122358,-0.0474922711748254,0.00999999999999801
47.77,0.2470886096555808,-0.2777381565227538,9.95421720183505,-0.0120417045063967,-0.0239529547928101,-0.0474134978991611,0.010000000000005116
47.78,0.2505581105232579,-0.2770527095786924,9.955013264648574,-0.012200786130048,-0.023771134597866,-0.0473335392885187,0.00999999999999801
47.79,0.2540115757573821,-0.2763572887670074,9.955751324089723,-0.0123586476852535,-0.0235869373092713,-0.0472523973418595,0.00999999999999801
47.8,0.2574487843373633,-0.2756519191227729,9.956431084944564,-0.0125152733859895,-0.0234003813466013,-0.0471700740877277,0.00999999999999801
47.81,0.2608695162830226,-0.2749366260392212,9.957052275317814,-0.0126706475698162,-0.023211485365297,-0.0470865715842005,0.010000000000005116
47.82,0.2642735526686799,-0.2742114352668247,9.957614646741607,-0.0128247546994447,-0.023020268254799,-0.0470018919188361,0.00999999999999801
47.83,0.2676606756371747,-0.273476372912374,9.958117974274872,-0.0129775793642905,-0.022826749136659,-0.0469160372086218,0.00999999999999801
47.84,0.2710306684137901,-0.2727314654380329,9.958562056593308,-0.0131291062820146,-0.0226309473626274,-0.0468290095999208,0.010000000000005116
47.85,0.2743833153201355,-0.2719767396603914,9.958946716069908,-0.0132793203000513,-0.0224328825127188,-0.0467408112684188,0.00999999999999801
47.86,0.2777184017879595,-0.2712122227494961,9.959271798846007,-0.0134282063971241,-0.0222325743932529,-0.0466514444190696,0.00999999999999801
47.870000000000005,0.2810357143728633,-0.2704379422278717,9.959537174892835,-0.0135757496847474,-0.0220300430348746,-0.0465609112860395,0.010000000000005116
47.88,0.284335040767971,-0.2696539259695349,9.95974273806351,-0.0137219354087152,-0.0218253086905513,-0.0464692141326524,0.00999999999999801
47.89,0.2876161698175253,-0.2688602021989862,9.9598884061355,-0.013866748950577,-0.0216183918335467,-0.0463763552513323,0.00999999999999801
47.9,0.2908788915303811,-0.2680567994901948,9.95997412084352,-0.0140101758290993,-0.0214093131553739,-0.0462823369635463,0.00999999999999801
47.91,0.2941229970934683,-0.2672437467655713,9.959999847902832,-0.014152201701714,-0.0211980935637265,-0.0461871616197467,0.00999999999999801
47.92,0.2973482788851354,-0.2664210732949275,9.959965577022954,-0.0142928123659518,-0.0209847541803879,-0.0460908315993122,0.010000000000005116
47.93,0.3005545304884455,-0.2655888086944181,9.959871321911782,-0.0144319937608637,-0.0207693163391185,-0.0459933493104884,0.00999999999999801
47.94,0.3037415467043935,-0.2647469829254792,9.959717120270104,-0.0145697319684261,-0.0205518015835229,-0.0458947171903272,0.00999999999999801
47.95,0.3069091235650349,-0.2638956262937477,9.959503033776516,-0.0147060132149332,-0.0203322316648952,-0.0457949377046266,0.010000000000005116
47.96,0.3100570583465207,-0.2630347694479702,9.959229148062768,-0.0148408238723737,-0.0201106285400447,-0.0456940133478686,0.00999999999999801
47.97,0.3131851495821048,-0.2621644433789004,9.95889557267949,-0.0149741504597942,-0.0198870143690989,-0.0455919466431568,0.00999999999999801
47.98,0.3162931970750216,-0.2612846794181826,9.958502441052389,-0.0151059796446473,-0.0196614115132885,-0.0454887401421534,0.00999999999999801
47.99,0.3193810019112812,-0.2603955092372245,9.958049910428867,-0.015236298244124,-0.0194338425327115,-0.0453843964250157,0.010000000000005116
48.0,0.3224483664724363,-0.2594969648460571,9.957538161815153,-0.0153650932264733,-0.0192043301840759,-0.0452789181003311,0.00999999999999801
48.01,0.3254950944481967,-0.2585890785921803,9.956967399903858,-0.0154923517123041,-0.0189728974184256,-0.0451723078050524,0.00999999999999801
48.02,0.3285209908490172,-0.2576718831594012,9.956337852992142,-0.015618060975874,-0.0187395673788439,-0.0450645682044311,0.010000000000005116
48.03,0.3315258620185582,-0.2567454115666581,9.955649772890377,-0.0157422084463612,-0.0185043633981407,-0.044955701991952,0.00999999999999801
48.04,0.334509515646088,-0.2558096971668264,9.954903434821423,-0.0158647817091223,-0.018267308996518,-0.0448457118892644,0.00999999999999801
48.05,0.3374717607787981,-0.2548647736455237,9.954099137310562,-0.0159857685069331,-0.0180284278792182,-0.0447346006461153,0.00999999999999801
48.06,0.3404124078340084,-0.2539106750198961,9.953237202066074,-0.0161051567412146,-0.0177877439341542,-0.0446223710402801,0.010000000000005116
48.07,0.3433312686113087,-0.2529474356373896,9.952317973850562,-0.0162229344732429,-0.0175452812295199,-0.0445090258774929,0.00999999999999801
48.08,0.3462281563046079,-0.2519750901745184,9.95134182034306,-0.016339089925343,-0.0173010640113837,-0.0443945679913769,0.00999999999999801
48.09,0.3491028855140878,-0.2509936736356142,9.950309131991949,-0.0164536114820664,-0.0170551167012637,-0.0442790002433733,0.010000000000005116
48.1,0.3519552722580499,-0.2500032213515664,9.949220321858808,-0.0165664876913529,-0.0168074638936862,-0.0441623255226699,0.00999999999999801
48.11,0.3547851339847213,-0.2490037689785503,9.948075825453168,-0.0166777072656755,-0.0165581303537256,-0.0440445467461285,0.00999999999999801
48.120000000000005,0.3575922895839223,-0.2479953524967433,9.946876100558333,-0.0167872590831698,-0.0163071410145278,-0.0439256668582124,0.010000000000005116
48.13,0.360376559398643,-0.24697800820903,9.945621627048263,-0.016895132188745,-0.016054520974818,-0.0438056888309127,0.00999999999999801
48.14,0.3631377652365704,-0.2459517727396946,9.944312906695645,-0.0170013157951805,-0.0158002954963894,-0.0436846156636738,0.00999999999999801
48.15,0.3658757303814758,-0.2449166830331041,9.942950462971158,-0.0171057992842042,-0.0155444900015781,-0.0435624503833185,0.00999999999999801
48.16,0.3685902796045222,-0.2438727763523741,9.941534840834132,-0.0172085722075544,-0.0152871300707201,-0.0434391960439724,0.00999999999999801
48.17,0.3712812391754834,-0.2428200902780342,9.940066606514549,-0.0173096242880242,-0.0150282414395945,-0.0433148557269878,0.010000000000005116
48.18,0.3739484368738701,-0.2417586627066695,9.938546347286556,-0.0174089454204898,-0.0147678499968484,-0.043189432540866,0.00999999999999801
48.19,0.3765917019999353,-0.2406885318495566,9.93697467123358,-0.0175065256729207,-0.0145059817814091,-0.0430629296211801,0.00999999999999801
48.2,0.3792108653856179,-0.2396097362312908,9.93535220700508,-0.0176023552873732,-0.0142426629798797,-0.0429353501304964,0.010000000000005116
48.21,0.3818057594053528,-0.2385223146883998,9.93367960356512,-0.0176964246809654,-0.0139779199239214,-0.0428066972582958,0.00999999999999801
48.22,0.3843762179868062,-0.2374263063679398,9.931957529932776,-0.0177887244468365,-0.013711779087619,-0.0426769742208933,0.00999999999999801
48.23,0.386922076621511,-0.2363217507260919,9.930186674914534,-0.0178792453550869,-0.013444267084834,-0.0425461842613578,0.00999999999999801
48.24,0.389443172375381,-0.2352086875267418,9.928367746828796,-0.0179679783537011,-0.0131754106665442,-0.0424143306494319,0.010000000000005116
48.25,0.3919393438991465,-0.2340871568400427,9.926501473222542,-0.0180549145694531,-0.0129052367181673,-0.0422814166814489,0.00999999999999801
48.26,0.3944104314386862,-0.2329571990409793,9.92458860058033,-0.0181400453087939,-0.0126337722568729,-0.0421474456802509,0.00999999999999801
48.27,0.3968562768452391,-0.2318188548079085,9.922629894025713,-0.0182233620587205,-0.0123610444288807,-0.0420124209951061,0.010000000000005116
48.28,0.3992767235855317,-0.2306721651211017,9.9206261370152,-0.0183048564876273,-0.0120870805067467,-0.0418763460016246,0.00999999999999801
48.29,0.4016716167518031,-0.2295171712612638,9.918578131024876,-0.0183845204461393,-0.0118119078866345,-0.0417392241016741,0.00999999999999801
48.3,0.404040803071706,-0.2283539148080469,9.916486695229828,-0.0184623459679271,-0.0115355540855767,-0.0416010587232948,0.00999999999999801
48.31,0.4063841309181225,-0.2271824376385598,9.914352666176493,-0.0185383252705034,-0.0112580467387234,-0.0414618533206144,0.010000000000005116
48.32,0.4087014503188744,-0.2260027819258541,9.91217689744804,-0.0186124507560011,-0.010979413596578,-0.0413216113737603,0.00999999999999801
48.33,0.4109926129663071,-0.2248149901374066,9.909960259322949,-0.0186847150119336,-0.0106996825222223,-0.0411803363887741,0.00999999999999801
48.34,0.4132574722267971,-0.2236191050335935,9.90770363842691,-0.0187551108119354,-0.0104188814885307,-0.0410380318975229,0.010000000000005116
48.35,0.4154958831501229,-0.2224151696661514,9.9054079373782,-0.0188236311164852,-0.0101370385753727,-0.0408947014576118,0.00999999999999801
48.36,0.4177077024787474,-0.2212032273766214,9.903074074426629,-0.0188902690736097,-0.0098541819668047,-0.0407503486522941,0.00999999999999801
48.370000000000005,0.4198927886569924,-0.2199833217947951,9.900702983086257,-0.0189550180195687,-0.0095703399482516,-0.0406049770903824,0.010000000000005116
48.38,0.4220510018400865,-0.2187554968371438,9.898295611762007,-0.0190178714795215,-0.0092855409036792,-0.0404585904061585,0.00999999999999801
48.39,0.4241822039031206,-0.2175197967052312,9.895852923370311,-0.0190788231681745,-0.0089998133127543,-0.0403111922592816,0.00999999999999801
48.4,0.4262862584498923,-0.2162762658841293,9.89337589495396,-0.0191378669904097,-0.008713185747998,-0.0401627863346977,0.00999999999999801
48.41,0.4283630308216322,-0.2150249491408133,9.890865517291289,-0.019194997041894,-0.0084256868719276,-0.0400133763425472,0.00999999999999801
48.42,0.4304123881056101,-0.213765891522551,9.888322794499896,-0.0192502076096699,-0.0081373454341916,-0.0398629660180722,0.010000000000005116
48.43,0.4324341991436631,-0.2124991383552806,9.885748743634991,-0.0193034931727266,-0.0078481902686933,-0.039711559121523,0.00999999999999801
48.44,0.4344283345405766,-0.2112247352419799,9.883144394282604,-0.0193548484025523,-0.0075582502907082,-0.0395591594380641,0.00999999999999801
48.45,0.436394666672364,-0.2099427280610214,9.880510788147744,-0.0194042681636666,-0.0072675544939924,-0.0394057707776795,0.010000000000005116
48.46,0.4383330696944383,-0.2086531629645271,9.877848978637765,-0.0194517475141348,-0.0069761319478837,-0.0392513969750779,0.00999999999999801
48.47,0.4402434195496714,-0.2073560863767014,9.875160030440965,-0.0194972817060613,-0.0066840117943936,-0.0390960418895963,0.00999999999999801
48.48,0.4421255939763227,-0.2060515449921591,9.87244501910078,-0.0195408661860649,-0.0063912232452939,-0.0389397094051036,0.00999999999999801
48.49,0.4439794725158696,-0.2047395857742513,9.869705030585544,-0.0195824965957338,-0.0060977955791958,-0.0387824034299039,0.010000000000005116
48.5,0.4458049365207219,-0.2034202559533683,9.866941160854129,-0.0196221687720619,-0.0058037581386213,-0.0386241278966385,0.00999999999999801
48.51,0.447601869161803,-0.2020936030252396,9.864154515417578,-0.0196598787478645,-0.0055091403270694,-0.0384648867621873,0.00999999999999801
48.52,0.4493701554360405,-0.2007596747492273,9.86134620889691,-0.0196956227521755,-0.0052139716060755,-0.0383046840075703,0.010000000000005116
48.53,0.4511096821737147,-0.1994185191466075,9.858517364577292,-0.0197293972106243,-0.0049182814922662,-0.0381435236378483,0.00999999999999801
48.54,0.4528203380457067,-0.1980701844988349,9.855669113958731,-0.0197611987457931,-0.0046220995544062,-0.0379814096820219,0.00999999999999801
48.55,0.4545020135706277,-0.196714719345811,9.8528025963035,-0.019791024177555,-0.0043254554104423,-0.0378183461929316,0.00999999999999801
48.56,0.4561546011218165,-0.1953521724841375,9.849918958180442,-0.0198188705233915,-0.0040283787245421,-0.0376543372471563,0.010000000000005116
48.57,0.4577779949342325,-0.1939825929653518,9.84701935300636,-0.0198447349986914,-0.0037308992041264,-0.037489386944911,0.00999999999999801
48.58,0.4593720911112287,-0.1926060300941702,9.844104940584655,-0.0198686150170286,-0.0034330465968993,-0.0373234994099446,0.00999999999999801
48.59,0.4609367876311923,-0.1912225334267051,9.841176886641446,-0.0198905081904213,-0.0031348506878732,-0.0371566787894368,0.010000000000005116
48.6,0.462471984354079,-0.1898321527686894,9.838236362359266,-0.0199104123295703,-0.0028363412963909,-0.0369889292538946,0.00999999999999801
48.61,0.4639775830278252,-0.1884349381736766,9.835284543908624,-0.0199283254440782,-0.0025375482731426,-0.0368202549970476,0.00999999999999801
48.620000000000005,0.4654534872946282,-0.187030939941239,9.832322611977538,-0.0199442457426487,-0.0022385014971814,-0.0366506602357432,0.010000000000005116
48.63,0.4668996026971175,-0.1856202086151636,9.829351751299294,-0.019958171633265,-0.0019392308729361,-0.036480149209842,0.00999999999999801
48.64,0.4683158366844036,-0.1842027949816258,9.826373150178547,-0.0199701017233498,-0.0016397663272195,-0.0363087261821105,0.00999999999999801
48.65,0.4697020986179921,-0.1827787500673618,9.82338800001604,-0.0199800348199039,-0.0013401378062366,-0.0361363954381156,0.00999999999999801
48.66,0.4710582997775949,-0.1813481251378345,9.820397494832026,-0.0199879699296261,-0.0010403752725897,-0.0359631612861166,0.00999999999999801
48.67,0.4723843533667994,-0.1799109716953896,9.817402830788714,-0.0199939062590118,-0.0007405087022828,-0.0357890280569588,0.010000000000005116
48.68,0.4736801745186276,-0.1784673414773931,9.814405205711788,-0.0199978432144332,-0.0004405680817227,-0.0356140001039635,0.00999999999999801
48.69,0.474945680300969,-0.1770172864543779,9.811405818611313,-0.0199997804021979,-0.0001405834047215,-0.0354380818028205,0.00999999999999801
48.7,0.4761807897218879,-0.1755608588281682,9.808405869202137,-0.0199997176285888,0.0001594153305031,-0.035261277551478,0.010000000000005116
48.71,0.4773854237347983,-0.1740981110300012,9.805406557424025,-0.0199976548998833,0.0004593981243273,-0.0350835917700334,0.00999999999999801
48.72,0.478559505243537,-0.1726290957186398,9.8024090829617,-0.0199935924223524,0.000759334978722,-0.0349050289006218,0.00999999999999801
48.73,0.4797029591072901,-0.1711538657784763,9.799414644764974,-0.0199875306022406,0.0010591959002518,-0.0347255934073056,0.00999999999999801
48.74,0.4808157121453966,-0.1696724743176295,9.796424440569211,-0.0199794700457248,0.001358950903074,-0.0345452897759629,0.010000000000005116
48.75,0.4818976931420439,-0.1681849746660318,9.793439666416216,-0.0199694115588539,0.0016585700119383,-0.034364122514175,0.00999999999999801
48.76,0.4829488328508184,-0.166691420373511,9.790461516175853,-0.0199573561474682,0.0019580232651836,-0.0341820961511141,0.00999999999999801
48.77,0.4839690639991366,-0.1651918652078575,9.787491181068503,-0.0199433050170988,0.0022572807177343,-0.0339992152374296,0.010000000000005116
48.78,0.4849583212925525,-0.1636863631528983,9.78452984918862,-0.0199272595728472,0.002556312444094,-0.0338154843451351,0.00999999999999801
48.79,0.4859165414189386,-0.1621749684065445,9.781578705029462,-0.0199092214192442,0.0028550885413396,-0.0336309080674932,0.00999999999999801
48.8,0.4868436630525329,-0.1606577353788411,9.778638929009343,-0.0198891923600902,0.0031535791321105,-0.033445491018901,0.00999999999999801
48.81,0.4877396268578668,-0.159134718690016,9.775711696999482,-0.0198671743982746,0.003451754367596,-0.0332592378347755,0.010000000000005116
48.82,0.488604375493564,-0.1576059731685056,9.77279817985365,-0.019843169735575,0.0037495844305211,-0.0330721531714364,0.00999999999999801
48.83,0.4894378536160054,-0.1560715538489815,9.76989954293986,-0.0198171807724378,0.0040470395381278,-0.0328842417059904,0.00999999999999801
48.84,0.4902400078828773,-0.1545315159703738,9.767016945674223,-0.0197892101077376,0.0043440899451535,-0.0326955081362145,0.010000000000005116
48.85,0.4910107869565795,-0.1529859149738822,9.76415154105722,-0.0197592605385176,0.0046407059468045,-0.0325059571804381,0.00999999999999801
48.86,0.4917501415075138,-0.1514348065009732,9.76130447521249,-0.0197273350597097,0.004936857881728,-0.0323155935774252,0.00999999999999801
48.870000000000005,0.4924580242172427,-0.1498782463913841,9.75847688692841,-0.0196934368638352,0.0052325161349777,-0.0321244220862559,0.010000000000005116
48.88,0.4931343897815136,-0.1483162906811137,9.755669907202591,-0.0196575693406855,0.005527651140974,-0.0319324474862077,0.00999999999999801
48.89,0.4937791949131608,-0.1467489956003959,9.752884658789505,-0.019619736076983,0.0058222333864626,-0.0317396745766355,0.00999999999999801
48.9,0.494392398344877,-0.1451764175716863,9.75012225575137,-0.0195799408560225,0.0061162334134644,-0.031546108176852,0.00999999999999801
48.91,0.4949739608318514,-0.1435986132076213,9.747383803012577,-0.019538187657293,0.0064096218222219,-0.0313517531260069,0.00999999999999801
48.92,0.4955238451542827,-0.1420156393089904,9.744670395917703,-0.0194944806560795,0.0067023692741383,-0.0311566142829667,0.010000000000005116
48.93,0.4960420161197632,-0.140427552862683,9.74198311979342,-0.0194488242230458,0.0069944464947125,-0.0309606965261922,0.00999999999999801
48.94,0.4965284405655268,-0.1388344110396378,9.739323049514336,-0.019401222923797,0.007285824276466,-0.0307640047536171,0.00999999999999801
48.95,0.4969830873605761,-0.1372362711927882,9.736691249073097,-0.0193516815184235,0.0075764734818636,-0.0305665438825253,0.010000000000005116
48.96,0.4974059274076708,-0.1356331908549992,9.734088771154797,-0.0193002049610245,0.0078663650462265,-0.0303683188494286,0.00999999999999801
48.97,0.4977969336451918,-0.1340252277369867,9.731516656715897,-0.0192467983992129,0.00815546998064,-0.0301693346099423,0.00999999999999801
48.98,0.4981560810488743,-0.1324124397252495,9.728975934567876,-0.0191914671736003,0.0084437593748519,-0.029969596138662,0.00999999999999801
48.99,0.4984833466334065,-0.1307948848799846,9.726467620965725,-0.0191342168172631,0.0087312044001625,-0.0297691084290392,0.010000000000005116
49.0,0.4987787094539025,-0.129172621432989,9.723992719201435,-0.0190750530551894,0.0090177763123091,-0.0295678764932562,0.00999999999999801
49.01,0.499042150607243,-0.1275457077855723,9.72155221920272,-0.019013981803706,0.0093034464543392,-0.0293659053621008,0.00999999999999801
49.02,0.4992736532332844,-0.1259142025064503,9.719147097137034,-0.0189510091698871,0.009588186259477,-0.0291632000848407,0.010000000000005116
49.03,0.4994732025159368,-0.1242781643296367,9.716778315021138,-0.0188861414509437,0.0098719672539787,-0.0289597657290976,0.00999999999999801
49.04,0.4996407856841147,-0.1226376521523294,9.714446820336294,-0.0188193851335936,0.0101547610599817,-0.0287556073807196,0.00999999999999801
49.05,0.4997763920125527,-0.1209927250327894,9.712153545649288,-0.0187507468934128,0.0104365393983411,-0.0285507301436545,0.00999999999999801
49.06,0.4998800128224918,-0.1193434421882154,9.709899408239425,-0.0186802335941684,0.0107172740914576,-0.0283451391398231,0.010000000000005116
49.07,0.4999516414822355,-0.1176898629926117,9.707685309731604,-0.0186078522871313,0.0109969370660959,-0.0281388395089894,0.00999999999999801
49.08,0.4999912734075742,-0.1160320469746517,9.705512135735717,-0.018533610210372,0.0112755003561918,-0.0279318364086336,0.00999999999999801
49.09,0.4999989060620782,-0.1143700538155302,9.703380755492375,-0.0184575147880363,0.0115529361056484,-0.0277241350138223,0.010000000000005116
49.1,0.4999745389572601,-0.1127039433468242,9.701292021525274,-0.018379573629603,0.0118292165711217,-0.0275157405170796,0.00999999999999801
49.11,0.4999181736526064,-0.1110337755483307,9.69924676930014,-0.018299794529123,0.0121043141247955,-0.0273066581282572,0.00999999999999801
49.120000000000005,0.4998298137554772,-0.1093596105459072,9.697245816890597,-0.0182181854644398,0.012378201257144,-0.0270968930744036,0.010000000000005116
49.13,0.499709464920876,-0.1076815086093158,9.695289964650923,-0.018134754596392,0.0126508505796816,-0.0268864505996347,0.00999999999999801
49.14,0.4995571348510869,-0.1059995301500451,9.693379994895947,-0.0180495102679968,0.0129222348277036,-0.026675335965001,0.00999999999999801
49.15,0.4993728332951826,-0.1043137357191359,9.6915166715881,-0.0179624610036161,0.0131923268630114,-0.0264635544483576,0.00999999999999801
49.16,0.4991565720483994,-0.1026241860050056,9.68970074003186,-0.0178736155081035,0.0134610996766266,-0.0262511113442311,0.00999999999999801
49.17,0.4989083649513836,-0.1009309418312646,9.687932926575638,-0.0177829826659349,0.0137285263914915,-0.0260380119636884,0.010000000000005116
49.18,0.4986282278893048,-0.0992340641545172,9.686213938321249,-0.0176905715403187,0.0139945802651577,-0.0258242616342028,0.00999999999999801
49.19,0.4983161787908389,-0.0975336140621785,9.68454446284107,-0.0175963913722907,0.0142592346924594,-0.0256098656995213,0.00999999999999801
49.2,0.497972237627022,-0.0958296527702652,9.682925167903036,-0.0175004515797889,0.0145224632081748,-0.0253948295195311,0.010000000000005116
49.21,0.4975964264099713,-0.0941222416212027,9.681356701203534,-0.0174027617567129,0.0147842394896711,-0.0251791584701256,0.00999999999999801
49.22,0.4971887691914761,-0.0924114420816081,9.679839690108327,-0.0173033316719634,0.0150445373595387,-0.0249628579430698,0.00999999999999801
49.23,0.4967492920614592,-0.090697315740077,9.678374741401631,-0.0172021712684661,0.0153033307882076,-0.0247459333458654,0.00999999999999801
49.24,0.4962780231463076,-0.0889799243049755,9.676962441043395,-0.0170992906621771,0.0155605938965501,-0.0245283901016164,0.010000000000005116
49.25,0.49577499260707,-0.0872593296022099,9.67560335393493,-0.0169947001410713,0.0158163009584702,-0.0243102336488924,0.00999999999999801
49.26,0.4952402326375303,-0.0855355935730015,9.67429802369296,-0.0168884101641136,0.0160704264034746,-0.0240914694415932,0.00999999999999801
49.27,0.4946737774621428,-0.0838087782716614,9.673046972432177,-0.0167804313602129,0.0163229448192308,-0.0238721029488127,0.010000000000005116
49.28,0.4940756633338461,-0.0820789458633568,9.671850700556403,-0.01667077452716,0.0165738309541073,-0.0236521396547019,0.00999999999999801
49.29,0.4934459285317407,-0.0803461586218647,9.670709686558444,-0.0165594506305467,0.0168230597196999,-0.0234315850583317,0.00999999999999801
49.3,0.4927846133586379,-0.0786104789273385,9.669624386828682,-0.0164464708026697,0.0170706061933399,-0.0232104446735552,0.00999999999999801
49.31,0.4920917601384836,-0.0768719692640629,9.668595235472536,-0.0163318463414179,0.0173164456205858,-0.0229887240288709,0.010000000000005116
49.32,0.491367413213648,-0.075130692218195,9.667622644136832,-0.0162155887091417,0.0175605534177,-0.0227664286672832,0.00999999999999801
49.33,0.4906116189420865,-0.0733867104755213,9.666707001845133,-0.0160977095315076,0.0178029051741062,-0.0225435641461646,0.00999999999999801
49.34,0.489824425694373,-0.0716400868191962,9.665848674842149,-0.015978220596335,0.0180434766548308,-0.0223201360371164,0.010000000000005116
49.35,0.4890058838506096,-0.0698908841274828,9.665048006447233,-0.0158571338524179,0.0182822438029259,-0.0220961499258298,0.00999999999999801
49.36,0.4881560457971934,-0.068139165371489,9.664305316917073,-0.0157344614083299,0.0185191827418759,-0.021871611411946,0.00999999999999801
49.370000000000005,0.4872749659234682,-0.0663849936129008,9.663620903317574,-0.0156102155312129,0.0187542697779845,-0.0216465261089158,0.010000000000005116
49.38,0.4863627006182482,-0.0646284320017121,9.662995039405054,-0.0154844086455514,0.0189874814027437,-0.0214208996438605,0.00999999999999801
49.39,0.4854193082662003,-0.0628695437739512,9.662427975516731,-0.0153570533319289,0.0192187942951854,-0.0211947376574298,0.00999999999999801
49.4,0.4844448492441118,-0.0611083922494054,9.661919938470604,-0.0152281623257708,0.0194481853242132,-0.0209680458036615,0.00999999999999801
49.41,0.4834393859170286,-0.0593450408293363,9.661471131474713,-0.01509774851607,0.0196756315509155,-0.0207408297498401,0.00999999999999801
49.42,0.4824029826342612,-0.0575795529942076,9.661081734045872,-0.0149658249440992,0.0199011102308588,-0.0205130951763553,0.010000000000005116
49.43,0.4813357057252642,-0.0558119923013907,9.660751901937862,-0.0148324048021055,0.0201245988163633,-0.0202848477765595,0.00999999999999801
49.44,0.4802376234953972,-0.0540424223828776,9.660481767079132,-0.0146975014319918,0.0203460749587566,-0.0200560932566258,0.00999999999999801
49.45,0.4791088062215464,-0.0522709069429943,9.660271437520016,-0.0145611283239827,0.0205655165106092,-0.0198268373354051,0.010000000000005116
49.46,0.4779493261476327,-0.0504975097561084,9.66012099738954,-0.0144232991152756,0.0207829015279484,-0.0195970857442839,0.00999999999999801
49.47,0.4767592574799864,-0.0487222946643239,9.66003050686175,-0.0142840275886763,0.0209982082724538,-0.0193668442270397,0.00999999999999801
49.48,0.4755386763825938,-0.0469453255751924,9.660000002131646,-0.0141433276712213,0.0212114152136306,-0.0191361185396983,0.00999999999999801
49.49,0.4742876609722296,-0.0451666664594125,9.660029495400718,-0.0140012134327854,0.0214225010309621,-0.0189049144503903,0.010000000000005116
49.5,0.473006291313454,-0.0433863813485169,9.660118974872049,-0.0138576990846739,0.0216314446160424,-0.0186732377392057,0.00999999999999801
49.51,0.4716946494134858,-0.0416045343325796,9.660268404755042,-0.0137127989782019,0.0218382250746873,-0.0184410941980501,0.00999999999999801
49.52,0.4703528192169598,-0.0398211895578975,9.66047772527974,-0.0135665276032593,0.0220428217290233,-0.0182084896304999,0.010000000000005116
49.53,0.4689808866005519,-0.038036411224693,9.660746852720722,-0.0134188995868619,0.0222452141195553,-0.0179754298516575,0.00999999999999801
49.54,0.4675789393674788,-0.0362502635847934,9.6610756794306,-0.0132699296916881,0.0224453820072129,-0.017741920688005,0.00999999999999801
49.55,0.4661470672418861,-0.0344628109393177,9.661464073883076,-0.0131196328146034,0.0226433053753743,-0.0175079679772592,0.00999999999999801
49.56,0.4646853618631025,-0.0326741176363712,9.661911880725546,-0.0129680239851703,0.0228389644318674,-0.017273577568226,0.010000000000005116
49.57,0.4631939167797705,-0.0308842480687197,9.662418920841244,-0.0128151183641453,0.0230323396109498,-0.0170387553206533,0.00999999999999801
49.58,0.4616728274438691,-0.0290932666714721,9.662984991420885,-0.0126609312419631,0.0232234115752646,-0.0168035071050849,0.00999999999999801
49.59,0.4601221912045941,-0.0273012379197654,9.66360986604378,-0.0125054780372073,0.0234121612177747,-0.016567838802714,0.010000000000005116
49.6,0.4585421073021365,-0.0255082263264442,9.664293294768417,-0.0123487742950692,0.0235985696636731,-0.0163317563052361,0.00999999999999801
49.61,0.4569326768613285,-0.023714296439729,9.665035004232417,-0.0121908356857921,0.0237826182722705,-0.0160952655147011,0.00999999999999801
49.620000000000005,0.4552940028851658,-0.0219195128409021,9.665834697761882,-0.0120316780031054,0.0239642886388595,-0.0158583723433664,0.010000000000005116
49.63,0.4536261902482253,-0.0201239401419824,9.666692055490063,-0.0118713171626448,0.0241435625965548,-0.0156210827135493,0.00999999999999801
49.64,0.4519293456899477,-0.0183276429833899,9.667606734485304,-0.0117097692003607,0.0243204222181099,-0.0153834025574779,0.00999999999999801
49.65,0.4502035778078043,-0.0165306860316293,9.668578368888198,-0.0115470502709147,0.0244948498177102,-0.0151453378171438,0.00999999999999801
49.66,0.4484489970503471,-0.014733133976957,9.66960657005794,-0.0113831766460639,0.0246668279527411,-0.0149068944441529,0.00999999999999801
49.67,0.4466657157101522,-0.0129350515310526,9.67069092672777,-0.0112181647130346,0.0248363394255323,-0.0146680783995774,0.010000000000005116
49.68,0.4448538479166134,-0.0111365034246901,9.671831005169482,-0.0110520309728825,0.0250033672850778,-0.014428895653806,0.00999999999999801
49.69,0.4430135096286495,-0.0093375544054081,9.673026349366896,-0.0108847920388431,0.0251678948287309,-0.0141893521863947,0.00999999999999801
49.7,0.4411448186272842,-0.0075382692351739,9.674276481198271,-0.0107164646346702,0.0253299056038743,-0.0139494539859176,0.010000000000005116
49.71,0.4392478945081056,-0.0057387126880624,9.675580900627546,-0.0105470655929644,0.0254893834095655,-0.0137092070498176,0.00999999999999801
49.72,0.4373228586736064,-0.0039389495479149,9.67693908590434,-0.0103766118534885,0.0256463122981568,-0.0134686173842553,0.00999999999999801
49.73,0.4353698343254246,-0.002139044606007,9.678350493772648,-0.0102051204614743,0.0258006765768902,-0.0132276910039598,0.00999999999999801
49.74,0.4333889464564537,-0.0003390626587254,9.679814559688143,-0.0100326085659183,0.0259524608094663,-0.0129864339320782,0.010000000000005116
49.75,0.4313803218428376,0.0014609314947741,9.681330698043984,-0.0098590934178662,0.0261016498175885,-0.0127448522000248,0.00999999999999801
49.76,0.4293440890358695,0.0032608730548988,9.682898302405036,-0.0096845923686882,0.0262482286824802,-0.0125029518473301,0.00999999999999801
49.77,0.4272803783537505,0.0050606972239468,9.68451674575046,-0.0095091228683436,0.0263921827463772,-0.0122607389214903,0.010000000000005116
49.78,0.4251893218732614,0.0068603392084391,9.686185380724496,-0.0093327024636366,0.0265334976139929,-0.0120182194778161,0.00999999999999801
49.79,0.4230710534213054,0.0086597342214619,9.687903539895403,-0.0091553487964604,0.0266721591539584,-0.011775399579281,0.00999999999999801
49.8,0.4209257085663365,0.010458817484989,9.689670536022422,-0.0089770796020339,0.0268081535002352,-0.0115322852963696,0.00999999999999801
49.81,0.4187534246096949,0.0122575242322141,9.691485662330658,-0.0087979127071282,0.0269414670535021,-0.0112888827069265,0.010000000000005116
49.82,0.4165543405768145,0.0140557897098917,9.693348192793794,-0.0086178660282834,0.0270720864825147,-0.0110451978960037,0.00999999999999801
49.83,0.4143285972083188,0.0158535491806567,9.695257382424474,-0.0084369575700172,0.027199998725439,-0.0108012369557088,0.00999999999999801
49.84,0.4120763369510256,0.0176507379253656,9.697212467572305,-0.0082552054230247,0.0273251909911575,-0.0105570059850524,0.010000000000005116
49.85,0.4097977039488247,0.0194472912454143,9.699212666229291,-0.0080726277623694,0.0274476507605478,-0.0103125110897964,0.00999999999999801
49.86,0.4074928440334463,0.0212431444650774,9.701257178342642,-0.0078892428456649,0.0275673657877349,-0.0100677583823003,0.00999999999999801
49.870000000000005,0.4051619047151403,0.0230382329338362,9.703345186134772,-0.0077050690112502,0.027684324101316,-0.0098227539813687,0.010000000000005116
49.88,0.4028050351732297,0.0248324920286964,9.7054758544304,-0.0075201246763553,0.0277985140055572,-0.0095775040120995,0.00999999999999801
49.89,0.4004223862465563,0.0266258571565244,9.70764833099062,-0.0073344283352595,0.0279099240815631,-0.0093320146057287,0.00999999999999801
49.9,0.3980141104238425,0.0284182637563715,9.709861746853774,-0.0071479985574422,0.0280185431884191,-0.0090862918994788,0.00999999999999801
49.91,0.3955803618339146,0.0302096473017935,9.712115216683028,-0.0069608539857256,0.028124360464305,-0.0088403420364046,0.00999999999999801
49.92,0.3931212962358538,0.0319999433031732,9.714407839120495,-0.0067730133344113,0.0282273653275813,-0.00859417116524,0.010000000000005116
49.93,0.3906370710090213,0.033789087310051,9.716738697147768,-0.0065844953874078,0.0283275474778476,-0.0083477854402439,0.00999999999999801
49.94,0.3881278451429814,0.0355770149134349,9.719106858452715,-0.0063953189963525,0.0284248968969723,-0.0081011910210466,0.00999999999999801
49.95,0.3855937792273284,0.0373636617481242,9.72151137580239,-0.0062055030787269,0.0285194038500947,-0.0078543940724955,0.010000000000005116
49.96,0.3830350354414252,0.0391489634950259,9.72395128742191,-0.0060150666159648,0.0286110588865981,-0.0076074007645019,0.00999999999999801
49.97,0.3804517775439962,0.0409328558834698,9.72642561737916,-0.0058240286515537,0.0286998528410553,-0.0073602172718853,0.00999999999999801
49.98,0.3778441708626602,0.0427152746935226,9.72893337597515,-0.0056324082891305,0.028785776834145,-0.0071128497742202,0.00999999999999801
49.99,0.3752123822833642,0.0444961557582998,9.731473560139872,-0.0054402246905723,0.0288688222735392,-0.0068653044556813,0.010000000000005116
50.0,0.3725565802396744,0.0462754349662752,9.734045153833536,-0.0052474970740785,0.0289489808547633,-0.0066175875048886,0.00999999999999801
50.01,0.3698769347020125,0.0480530482635885,9.73664712845295,-0.0050542447122502,0.0290262445620261,-0.0063697051147529,0.00999999999999801
50.02,0.3671736171667808,0.0498289316563561,9.739278443242956,-0.0048604869301624,0.0291006056690212,-0.006121663482321,0.010000000000005116
50.03,0.3644468006453811,0.0516030212129646,9.741938045712722,-0.0046662431034322,0.0291720567396997,-0.005873468808621,0.00999999999999801
50.04,0.3616966596531353,0.0533752530663815,9.744624872056724,-0.00447153265628,0.0292405906290142,-0.0056251272985067,0.00999999999999801
50.05,0.3589233701981305,0.0551455634164546,9.747337847580246,-0.0042763750595884,0.029306200483633,-0.0053766451605027,0.00999999999999801
50.06,0.3561271097699477,0.0569138885321994,9.75007588712925,-0.0040807898289546,0.029368879742625,-0.00512802860665,0.010000000000005116
50.07,0.353308057328295,0.0586801647541027,9.752837895524427,-0.0038847965227386,0.0294286221381169,-0.0048792838523491,0.00999999999999801
50.08,0.3504663932915714,0.0604443284964133,9.755622767999242,-0.0036884147401076,0.0294854216959186,-0.0046304171162061,0.00999999999999801
50.09,0.3476022995253002,0.0622063162494271,9.758429390641838,-0.0034916641190761,0.029539272736122,-0.0043814346198762,0.010000000000005116
50.1,0.3447159593305073,0.0639660645817721,9.761256640840578,-0.0032945643345426,0.0295901698736676,-0.0041323425879091,0.00999999999999801
50.11,0.3418075574319827,0.0657235101427015,9.76410338773308,-0.0030971350963211,0.0296381080188843,-0.0038831472475926,0.00999999999999801
50.120000000000005,0.3388772799664499,0.0674785896643649,9.766968492658542,-0.0028993961471707,0.0296830823779974,-0.0036338548287969,0.010000000000005116
50.13,0.3359253144706691,0.0692312399640861,9.769850809613192,-0.0027013672608219,0.0297250884536086,-0.00338447156382,0.00999999999999801
50.14,0.332951849869427,0.0709813979466465,9.772749185708683,-0.0025030682399982,0.0297641220451452,-0.0031350036872302,0.00999999999999801
50.15,0.3299570764634381,0.0727290006065458,9.77566246163322,-0.0023045189144363,0.0298001792492807,-0.0028854574357116,0.00999999999999801
50.16,0.3269411859171805,0.07447398503028,9.778589472115277,-0.0021057391389033,0.0298332564603246,-0.0026358390479071,0.00999999999999801
50.17,0.3239043712466226,0.0762162883985953,9.781529046389684,-0.0019067487912113,0.0298633503705835,-0.0023861547642639,0.010000000000005116
50.18,0.3208468268068614,0.0779558479887586,9.784480008665929,-0.0017075677702292,0.0298904579706913,-0.0021364108268759,0.00999999999999801
50.19,0.3177687482797027,0.0796926011768145,9.787441178598444,-0.001508215993893,0.0299145765499107,-0.0018866134793285,0.00999999999999801
50.2,0.3146703326611162,0.0814264854398359,9.790411371758742,-0.0013087133972141,0.0299357036964039,-0.0016367689665422,0.010000000000005116
50.21,0.3115517782486466,0.0831574383581735,9.793389400109156,-0.0011090799302862,0.0299538372974737,-0.0013868835346172,0.00999999999999801
50.22,0.3084132846287147,0.0848853976177122,9.796374072478056,-0.0009093355562895,0.0299689755397753,-0.001136963430676,0.00999999999999801
50.23,0.3052550526638353,0.0866103010121052,9.799364195036288,-0.0007095002494948,0.0299811169094969,-0.0008870149027081,0.00999999999999801
50.24,0.3020772844797789,0.0883320864450137,9.802358571774697,-0.0005095939932666,0.0299902601925118,-0.000637044199414,0.010000000000005116
50.25,0.2988801834526274,0.0900506919323511,9.80535600498251,-0.0003096367780637,0.0299964044744992,-0.0003870575700481,0.00999999999999801
50.26,0.2956639541957525,0.0917660556045043,9.808355295726413,-0.000109648599441,0.0299995491410361,-0.0001370612642631,0.00999999999999801
50.27,0.2924288025467231,0.0934781157085665,9.811355244330096,9.035054395030438e-05,0.0299996938776584,0.0001129384680464,0.010000000000005116
50.28,0.289174935554152,0.0951868106105588,9.814354650854114,0.0002903406523624,0.0299968386698926,0.0003629353769001,0.00999999999999801
50.29,0.2859025614644103,0.0968920787976493,9.817352315575851,0.0004903017269513,0.0299909838032571,0.0006129232123882,0.00999999999999801
50.3,0.2826118897083168,0.0985938588803674,9.820347039469391,0.0006902137717761,0.0299821298632337,0.0008628957248281,0.00999999999999801
50.31,0.2793031308877525,0.100292089594814,9.823337624685102,0.0008900567957989,0.029970277735209,0.0011128466649197,0.010000000000005116
50.32,0.2759764967621467,0.1019867098048667,9.82632287502877,0.0010898108148838,0.0299554286043859,0.0013627697839026,0.00999999999999801
50.33,0.2726322002349449,0.1036776585043799,9.829301596440065,0.0012894558537953,0.0299375839556652,0.0016126588337118,0.00999999999999801
50.34,0.2692704553399864,0.1053648748193862,9.832272597470132,0.0014889719481962,0.0299167455734968,0.0018625075671344,0.010000000000005116
50.35,0.2658914772277998,0.1070482980102773,9.835234689758174,0.0016883391466429,0.0298929155417015,0.0021123097379647,0.00999999999999801
50.36,0.2624954821518251,0.1087278674740003,9.838186688506772,0.0018875375125819,0.0298660962432628,0.0023620591011615,0.00999999999999801
50.370000000000005,0.259082687454591,0.1104035227462388,9.841127412955784,0.0020865471263427,0.0298362903600881,0.002611749413004,0.010000000000005116
50.38,0.2556533115537961,0.112075203503581,9.844055686854642,0.0022853480871295,0.0298035008727409,0.002861374431247,0.00999999999999801
50.39,0.2522075739283216,0.1137428495657002,9.846970338932827,0.0024839205150121,0.0297677310601426,0.0031109279152783,0.00999999999999801
50.4,0.2487456951042054,0.1154064008975203,9.84987020336837,0.0026822445529131,0.0297289844992446,0.0033604036262737,0.00999999999999801
50.41,0.2452678966405045,0.1170657976113729,9.852754120254165,0.0028803003685941,0.0296872650646707,0.0036097953273536,0.00999999999999801
50.42,0.2417744011151365,0.1187209799691526,9.8556209360619,0.0030780681566384,0.0296425769283297,0.0038590967837383,0.010000000000005116
50.43,0.2382654321106257,0.1203718883844762,9.858469504103482,0.0032755281404321,0.029594924558998,0.0041083017629043,0.00999999999999801
50.44,0.2347412141997845,0.1220184634248172,9.861298684989675,0.0034726605741413,0.0295443127218727,0.0043574040347402,0.00999999999999801
50.45,0.2312019729313594,0.1236606458136548,9.864107347085849,0.0036694457446871,0.0294907464780953,0.0046063973717023,0.010000000000005116
50.46,0.2276479348155865,0.1252983764325975,9.866894366964605,0.0038658639737162,0.0294342311842457,0.0048552755489699,0.00999999999999801
50.47,0.224079327309686,0.1269315963235199,9.86965862985516,0.0040618956195694,0.0293747724918062,0.0051040323446017,0.00999999999999801
50.48,0.2204963788033232,0.1285602466906851,9.87239903008921,0.0042575210792457,0.0293123763465963,0.0053526615396908,0.00999999999999801
50.49,0.2168993186039828,0.130184268902853,9.8751144715432,0.0044527207903619,0.0292470489881787,0.0056011569185201,0.010000000000005116
50.5,0.2132883769222833,0.1318036044953993,9.877803868076754,0.0046474752331096,0.0291787969492347,0.0058495122687182,0.00999999999999801
50.51,0.2096637848572664,0.1334181951724195,9.880466143967116,0.0048417649322069,0.0291076270549114,0.0060977213814141,0.00999999999999801
50.52,0.2060257743815804,0.1350279828088236,9.883100234339429,0.005035570458846,0.0290335464221388,0.0063457780513933,0.010000000000005116
50.53,0.2023745783266572,0.1366329094524277,9.885705085592662,0.0052288724326352,0.0289565624589187,0.0065936760772516,0.00999999999999801
50.54,0.1987104303678015,0.1382329173260488,9.888279655821044,0.0054216515235387,0.028876682863583,0.0068414092615514,0.00999999999999801
50.55,0.1950335650092254,0.1398279488295762,9.890822915230816,0.0056138884538079,0.0287939156240247,0.0070889714109761,0.00999999999999801
50.56,0.1913442175690599,0.1414179465420453,9.893333846552116,0.0058055639999098,0.0287082690168989,0.0073363563364845,0.010000000000005116
50.57,0.1876426241642854,0.143002853223713,9.895811445445904,0.0059966589944497,0.0286197516067949,0.0075835578534667,0.00999999999999801
50.58,0.1839290216956128,0.1445826118181088,9.898254720905646,0.0061871543280873,0.0285283722453799,0.0078305697818975,0.00999999999999801
50.59,0.1802036478323262,0.1461571654540941,9.90066269565374,0.0063770309514482,0.0284341400705139,0.0080773859464918,0.010000000000005116
50.6,0.1764667409970942,0.1477264574479081,9.903034406532395,0.006566269877028,0.028337064505336,0.0083240001768579,0.00999999999999801
50.61,0.1727185403506723,0.1492904313052083,9.905368904888878,0.006754852181092,0.0282371552573217,0.0085704063076532,0.00999999999999801
50.620000000000005,0.1689592857766158,0.1508490307231049,9.907665256954974,0.006942759005567,0.0281344223173124,0.0088165981787373,0.010000000000005116
50.63,0.1651892178659475,0.1524021995921871,9.909922544220477,0.007129971559927,0.0280288759585168,0.0090625696353259,0.00999999999999801
50.64,0.1614085779017203,0.1539498819985435,9.912139863800569,0.0073164711230725,0.0279205267354826,0.0093083145281457,0.00999999999999801
50.65,0.157617607843598,0.1554920222257735,9.914316328796987,0.0075022390452029,0.0278093854830419,0.0095538267135871,0.00999999999999801
50.66,0.1538165503123738,0.1570285647569984,9.916451068652758,0.0076872567496806,0.0276954633152272,0.0097991000538585,0.00999999999999801
50.67,0.1500056485744356,0.1585594542768501,9.918543229500392,0.0078715057348893,0.0275787716241606,0.0100441284171386,0.010000000000005116
50.68,0.146185146526187,0.1600846356734714,9.920591974503452,0.0080549675760841,0.0274593220789138,0.0102889056777315,0.00999999999999801
50.69,0.1423552886784619,0.1616040540404985,9.92259648419125,0.0082376239272337,0.0273371266243418,0.0105334257162183,0.00999999999999801
50.7,0.1385163201408485,0.1631176546790342,9.924555956786635,0.0084194565228554,0.0272121974798881,0.010777682419611,0.010000000000005116
50.71,0.1346684866060262,0.1646253830996164,9.926469608526702,0.0086004471798408,0.0270845471383633,0.0110216696815044,0.00999999999999801
50.72,0.1308120343340313,0.1661271850241874,9.928336673976265,0.0087805777992753,0.026954188364695,0.0112653814022298,0.00999999999999801
50.73,0.126947210136486,0.1676230063880401,9.93015640633404,0.0089598303682471,0.0268211341946519,0.011508811489007,0.00999999999999801
50.74,0.1230742613608232,0.1691127933417644,9.93192807773134,0.0091381869616485,0.0266853979335404,0.0117519538560963,0.010000000000005116
50.75,0.119193435874446,0.1705964922531934,9.933650979523238,0.0093156297439688,0.0265469931548732,0.0119948024249512,0.00999999999999801
50.76,0.115304982048854,0.1720740497093248,9.935324422571982,0.0094921409710778,0.0264059336990129,0.0122373511243702,0.00999999999999801
50.77,0.1114091487437682,0.1735454125182524,9.93694773752267,0.0096677029919998,0.0262622336717875,0.0124795938906487,0.010000000000005116
50.78,0.1075061852911938,0.1750105277110713,9.938520275070962,0.0098422982506789,0.0261159074430802,0.0127215246677297,0.00999999999999801
50.79,0.1035963414794527,0.1764693425437929,9.940041406222806,0.0100159092877348,0.0259669696453918,0.0129631374073566,0.00999999999999801
50.8,0.0996798675372177,0.1779218044992433,9.941510522546023,0.0101885187422087,0.0258154351723777,0.0132044260692236,0.00999999999999801
50.81,0.0957570141174878,0.1793678612889465,9.942927036413671,0.0103601093532986,0.0256613191773593,0.0134453846211265,0.010000000000005116
50.82,0.0918280322815359,0.180807460855014,9.944290381239092,0.0105306639620865,0.0255046370718076,0.0136860070391141,0.00999999999999801
50.83,0.0878931734828654,0.1822405513720189,9.945600011702531,0.0107001655132538,0.0253454045238025,0.0139262873076385,0.00999999999999801
50.84,0.0839526895510893,0.183667081248857,9.946855403969264,0.0108685970567867,0.0251836374564659,0.0141662194197058,0.010000000000005116
50.85,0.0800068326758377,0.1850869991306047,9.948056055899126,0.0110359417496708,0.0250193520463702,0.0144057973770252,0.00999999999999801
50.86,0.0760558553906073,0.1865002539003738,9.94920148724735,0.0112021828575766,0.0248525647219192,0.0146450151901605,0.00999999999999801
50.870000000000005,0.0721000105565887,0.1879067946811453,9.950291239856671,0.0113673037565319,0.0246832921617062,0.014883866878679,0.010000000000005116
50.88,0.0681395513465046,0.1893065708376005,9.951324877840571,0.0115312879345842,0.0245115512928466,0.0151223464713005,0.00999999999999801
50.89,0.0641747312283961,0.1906995319779516,9.952301987757645,0.0116941189934523,0.0243373592892839,0.0153604480060479,0.00999999999999801
50.9,0.0602058039493939,0.1920856279557469,9.953222178776947,0.0118557806501662,0.0241607335700734,0.0155981655303951,0.00999999999999801
50.91,0.056233023519482,0.193464808871681,9.954085082834348,0.012016256738695,0.0239816917976396,0.0158354931014167,0.00999999999999801
50.92,0.0522566441952662,0.19483702507539,9.95489035477972,0.0121755312115633,0.0238002518760108,0.0160724247859353,0.010000000000005116
50.93,0.0482769204636588,0.1962022271672386,9.955637672515026,0.0123335881414566,0.0236164319490279,0.0163089546606713,0.00999999999999801
50.94,0.0442941070256166,0.1975603660000982,9.956326737123137,0.0124904117228138,0.0234302503985304,0.0165450768123903,0.00999999999999801
50.95,0.0403084587798438,0.1989113926811199,9.956957272987394,0.0126459862734075,0.0232417258425181,0.0167807853380509,0.010000000000005116
50.96,0.0363202308064713,0.2002552585734866,9.95752902790186,0.012800296235912,0.0230508771332896,0.0170160743449518,0.00999999999999801
50.97,0.0323296783507208,0.2015919152981715,9.958041773172193,0.0129533261794597,0.0228577233555569,0.0172509379508804,0.00999999999999801
50.98,0.0283370568065911,0.2029213147356791,9.958495303707124,0.0131050608011841,0.0226622838245365,0.0174853702842588,0.00999999999999801
50.99,0.0243426217005017,0.204243409027771,9.95888943810048,0.0132554849277491,0.022464578084019,0.0177193654842907,0.010000000000005116
51.0,0.0203466286749288,0.2055581505791953,9.95922401870376,0.0134045835168674,0.0222646259044134,0.0179529177011084,0.00999999999999801
51.01,0.0163493334720693,0.2068654920593997,9.95949891168919,0.0135523416588046,0.0220624472807713,0.0181860210959185,0.00999999999999801
51.02,0.0123509919174445,0.2081653864042323,9.959714007103235,0.0136987445778696,0.0218580624307862,0.0184186698411487,0.010000000000005116
51.03,0.0083518599035529,0.2094577868176346,9.959869218910598,0.0138437776338922,0.0216514917927731,0.0186508581205919,0.00999999999999801
51.04,0.0043521933734817,0.2107426467733337,9.959964485028626,0.0139874263236879,0.0214427560236237,0.0188825801295535,0.00999999999999801
51.05,0.0003522483045166,0.2120199200165098,9.959999767352144,0.0141296762825075,0.0212318759967406,0.0191138300749955,0.00999999999999801
51.06,-0.0036477193082197,0.213289560565462,9.95997505176869,0.0142705132854734,0.0210188727999512,0.019344602175681,0.010000000000005116
51.07,-0.0076474534681618,0.2145515227132698,9.959890348164173,0.0144099232490029,0.0208037677333975,0.0195748906623196,0.00999999999999801
51.08,-0.0116466981936959,0.2158057610294307,9.959745690418895,0.0145478922322156,0.0205865823074068,0.0198046897777112,0.00999999999999801
51.09,-0.015645197534521,0.2170522303615031,9.959541136394035,0.0146844064383285,0.0203673382403407,0.02003399377689,0.010000000000005116
51.1,-0.0196426955880405,0.2182908858367233,9.959276767908475,0.0148194522160343,0.0201460574564234,0.0202627969272677,0.00999999999999801
51.11,-0.0236389365157506,0.219521682863628,9.95895269070608,0.0149530160608681,0.0199227620835488,0.0204910935087775,0.00999999999999801
51.120000000000005,-0.0276336645595925,0.2207445771336595,9.958569034413411,0.0150850846165567,0.0196974744510679,0.020718877814017,0.010000000000005116
51.13,-0.0316266240583313,0.2219595246227537,9.958125952487874,0.0152156446763544,0.0194702170875566,0.0209461441483901,0.00999999999999801
51.14,-0.0356175594639291,0.2231664815929324,9.957623622156326,0.0153446831843641,0.0192410127185617,0.0211728868302504,0.00999999999999801
51.15,-0.0396062153578751,0.2243654045938765,9.957062244344204,0.0154721872368426,0.019009884264329,0.0213991001910428,0.00999999999999801
51.16,-0.0435923364675606,0.2255562504644873,9.95644204359515,0.015598144083491,0.0187768548375113,0.021624778575445,0.00999999999999801
51.17,-0.0475756676825917,0.22673897633444,9.95576326798119,0.0157225411287293,0.0185419477408573,0.021849916341509,0.010000000000005116
51.18,-0.0515559540711267,0.2279135396257332,9.955026189003522,0.0158453659329568,0.0183051864648807,0.0220745078608025,0.00999999999999801
51.19,-0.0555329408961988,0.2290798980542145,9.954231101483913,0.0159666062137954,0.018066594685512,0.0222985475185492,0.00999999999999801
51.2,-0.0595063736320159,0.2302380096311064,9.953378323446762,0.0160862498473182,0.01782619626173,0.0225220297137694,0.010000000000005116
51.21,-0.0634759979802249,0.2313878326645173,9.952468195991916,0.0162042848692614,0.0175840152331771,0.0227449488594197,0.00999999999999801
51.22,-0.0674415598862297,0.2325293257609421,9.95150108315823,0.0163206994762211,0.0173400758177542,0.0229672993825331,0.00999999999999801
51.23,-0.0714028055554287,0.2336624478267527,9.950477371777932,0.0164354820268339,0.0170944024091993,0.0231890757243583,0.00999999999999801
51.24,-0.0753594814694373,0.2347871580696769,9.949397471321932,0.0165486210429401,0.016847019574649,0.023410272340498,0.010000000000005116
51.25,-0.0793113344023545,0.2359034160002677,9.94826181373601,0.0166601052107324,0.0165979520521804,0.0236308837010485,0.00999999999999801
51.26,-0.0832581114369449,0.2370111814333594,9.94707085326806,0.0167699233818871,0.0163472247483381,0.0238509042907373,0.00999999999999801
51.27,-0.0871995599808222,0.2381104144895179,9.945825066286387,0.0168780645746785,0.0160948627356434,0.0240703286090611,0.010000000000005116
51.28,-0.0911354277826212,0.2392010755964701,9.944524951089182,0.0169845179750774,0.0158408912500877,0.0242891511704232,0.00999999999999801
51.29,-0.0950654629481531,0.2402831254905338,9.943171027705182,0.0170892729378325,0.0155853356886077,0.0245073665042712,0.00999999999999801
51.3,-0.0989894139565052,0.2413565252180317,9.941763837685688,0.0171923189875349,0.0153282216065464,0.0247249691552331,0.00999999999999801
51.31,-0.102907029676149,0.2424212361366876,9.940303943887947,0.0172936458196654,0.0150695747150981,0.0249419536832537,0.010000000000005116
51.32,-0.1068180593810225,0.2434772199170233,9.938791930250016,0.0173932433016252,0.0148094208787362,0.0251583146637313,0.00999999999999801
51.33,-0.1107222527665527,0.2445244385437383,9.937228401557189,0.0174911014737492,0.0145477861126276,0.0253740466876527,0.00999999999999801
51.34,-0.1146193599657023,0.2455628543170748,9.935613983200088,0.0175872105503018,0.0142846965800307,0.0255891443617285,0.010000000000005116
51.35,-0.1185091315649375,0.2465924298541755,9.933949320924544,0.0176815609204552,0.0140201785896798,0.025803602308528,0.00999999999999801
51.36,-0.1223913186202001,0.247613128090434,9.932235080573264,0.0177741431492511,0.0137542585931534,0.0260174151666136,0.00999999999999801
51.370000000000005,-0.1262656726728506,0.248624912280824,9.930471947819534,0.017864947978544,0.0134869631822293,0.0262305775906754,0.010000000000005116
51.38,-0.1301319457655486,0.2496277460012221,9.928660627892947,0.0179539663279263,0.0132183190862263,0.0264430842516633,0.00999999999999801
51.39,-0.1339898904581325,0.2506215931497246,9.926801845297325,0.0180411892956374,0.0129483531693299,0.0266549298369223,0.00999999999999801
51.4,-0.1378392598434656,0.2516064179479403,9.92489634352092,0.0181266081594532,0.0126770924279068,0.0268661090503235,0.00999999999999801
51.41,-0.1416798075632178,0.2525821849422844,9.922944884739035,0.0182102143775586,0.012404563987805,0.027076616612398,0.00999999999999801
51.42,-0.1455112878236424,0.2535488590052488,9.920948249509172,0.0182919995894013,0.0121307951016417,0.0272864472604672,0.010000000000005116
51.43,-0.1493334554113175,0.2545064053366718,9.918907236458791,0.0183719556165284,0.0118558131460771,0.0274955957487761,0.00999999999999801
51.44,-0.1531460657088152,0.2554547894649898,9.916822661965908,0.0184500744634037,0.0115796456190778,0.0277040568486233,0.00999999999999801
51.45,-0.1569488747103847,0.2563939772484767,9.914695359832518,0.0185263483182077,0.011302320137166,0.0279118253484924,0.010000000000005116
51.46,-0.1607416390375445,0.2573239348764721,9.912526180951115,0.0186007695536185,0.0110238644326593,0.0281188960541814,0.00999999999999801
51.47,-0.1645241159546689,0.2582446288706035,9.91031599296433,0.0186733307275744,0.0107443063508959,0.0283252637889335,0.00999999999999801
51.48,-0.168296063384533,0.2591560260859864,9.908065679917886,0.0187440245840187,0.0104636738474507,0.0285309233935663,0.00999999999999801
51.49,-0.1720572399237854,0.260058093712418,9.905776141907,0.0188128440536246,0.0101819949853407,0.0287358697266001,0.010000000000005116
51.5,-0.1758074048584081,0.2609507992755627,9.903448294716354,0.0188797822545023,0.0098992979322171,0.0289400976643875,0.00999999999999801
51.51,-0.1795463181791287,0.2618341106381162,9.901083069453778,0.0189448324928878,0.0096156109575496,0.0291436021012405,0.00999999999999801
51.52,-0.1832737405967774,0.2627079960009647,9.898681412177844,0.0190079882638113,0.0093309624297992,0.029346377949559,0.010000000000005116
51.53,-0.1869894335575787,0.2635724239043296,9.896244283519446,0.0190692432517483,0.0090453808135818,0.0295484201399571,0.00999999999999801
51.54,-0.1906931592584578,0.2644273632288997,9.893772658297546,0.0191285913312511,0.0087588946668208,0.0297497236213906,0.00999999999999801
51.55,-0.1943846806622408,0.2652727831969518,9.89126752512928,0.0191860265675613,0.008471532637892,0.0299502833612833,0.00999999999999801
51.56,-0.1980637615128047,0.2661086533734582,9.888729886034517,0.0192415432172029,0.0081833234627592,0.0301500943456516,0.010000000000005116
51.57,-0.2017301663502373,0.2669349436671828,9.88616075603506,0.0192951357285575,0.0078942959620996,0.0303491515792317,0.00999999999999801
51.58,-0.205383660525884,0.2677516243317638,9.883561162748649,0.0193467987424184,0.0076044790384222,0.0305474500856029,0.00999999999999801
51.59,-0.209024010217361,0.268558665966787,9.88093214597794,0.0193965270925273,0.0073139016731779,0.0307449849073132,0.010000000000005116
51.6,-0.2126509824435277,0.2693560395188393,9.87827475729459,0.0194443158060907,0.0070225929238614,0.0309417511060019,0.00999999999999801
51.61,-0.2162643450794059,0.2701437162825588,9.87559005961864,0.0194901601042771,0.0067305819211046,0.0311377437625246,0.00999999999999801
51.620000000000005,-0.219863866871017,0.2709216679016685,9.872879126793366,0.0195340554026947,0.0064378978657643,0.031332957977075,0.010000000000005116
51.63,-0.223449317450192,0.2716898663699928,9.870143043155752,0.0195759973118505,0.0061445700260025,0.0315273888693078,0.00999999999999801
51.64,-0.2270204673493238,0.2724482840324699,9.867382903102772,0.0196159816375883,0.0058506277343586,0.031721031578461,0.00999999999999801
51.65,-0.2305770880160317,0.2731968935861465,9.864599810653647,0.0196540043815089,0.0055561003848168,0.0319138812634768,0.00999999999999801
51.66,-0.2341189518278131,0.2739356680811599,9.861794879008244,0.0196900617413697,0.0052610174298663,0.0321059331031233,0.00999999999999801
51.67,-0.23764583210659,0.2746645809217063,9.858969230101833,0.0197241501114646,0.0049654083775572,0.0322971822961144,0.010000000000005116
51.68,-0.2411575031332252,0.2753836058670038,9.856123994156292,0.0197562660829852,0.0046693027885482,0.0324876240612301,0.00999999999999801
51.69,-0.2446537401619779,0.276092717032231,9.85326030922807,0.019786406444361,0.0043727302731515,0.0326772536374364,0.00999999999999801
51.7,-0.2481343194348685,0.2767918888894639,9.850379320752948,0.0198145681815809,0.0040757204883711,0.0328660662840038,0.010000000000005116
51.71,-0.2515990181960086,0.2774810962685898,9.847482181087912,0.0198407484784948,0.0037783031349385,0.0330540572806258,0.00999999999999801
51.72,-0.2550476147058661,0.2781603143582176,9.844570049050198,0.0198649447170947,0.003480507954341,0.0332412219275373,0.00999999999999801
51.73,-0.2584798882554385,0.2788295187065706,9.841644089453789,0.019887154477777,0.0031823647258482,0.0334275555456321,0.00999999999999801
51.74,-0.2618956191803872,0.2794886852223633,9.838705472643516,0.0199073755395841,0.0028839032635351,0.0336130534765791,0.010000000000005116
51.75,-0.2652945888751048,0.2801377901756723,9.835755374026917,0.0199256058804266,0.0025851534132988,0.0337977110829399,0.00999999999999801
51.76,-0.2686765798066851,0.2807768101987902,9.832794973604113,0.0199418436772857,0.0022861450498755,0.0339815237482839,0.00999999999999801
51.77,-0.2720413755288688,0.2814057222870653,9.829825455495788,0.0199560873063953,0.0019869080738522,0.0341644868773042,0.010000000000005116
51.78,-0.2753887606958753,0.282024503799729,9.826848007469607,0.0199683353434042,0.0016874724086774,0.0343465958959318,0.00999999999999801
51.79,-0.2787185210761935,0.2826331324607149,9.823863820465077,0.019978586563519,0.0013878679976679,0.0345278462514509,0.00999999999999801
51.8,-0.2820304435663015,0.2832315863594569,9.820874088117202,0.0199868399416262,0.001088124801015,0.0347082334126122,0.00999999999999801
51.81,-0.2853243162042874,0.2838198439516782,9.81788000627907,0.0199930946523949,0.000788272792789,0.0348877528697457,0.010000000000005116
51.82,-0.2885999281834238,0.2843978840601702,9.814882772543491,0.0199973500703592,0.0004883419579406,0.0350664001348746,0.00999999999999801
51.83,-0.291857069865665,0.2849656858755509,9.811883585764,0.0199996057699808,0.0001883622893034,0.0352441707418265,0.00999999999999801
51.84,-0.2950955327950609,0.2855232289570164,9.808883645575316,0.0199998615256918,-0.0001116362154059,0.0354210602463456,0.010000000000005116
51.85,-0.298315109711078,0.2860704932330758,9.805884151913515,0.0199981173119167,-0.0004116235565866,0.0355970642262033,0.00999999999999801
51.86,-0.3015155945618982,0.2866074590022745,9.802886304536075,0.0199943733030754,-0.0007115697357546,0.0357721782813093,0.00999999999999801
51.870000000000005,-0.3046967825175892,0.2871341069339026,9.79989130254197,0.0199886298735658,-0.0010114447585423,0.0359463980338215,0.010000000000005116
51.88,-0.3078584699831964,0.2876504180686916,9.79690034389207,0.0199808875977259,-0.0013112186376967,0.036119719128255,0.00999999999999801
51.89,-0.3110004546118068,0.2881563738194962,9.793914624929952,0.0199711472497769,-0.0016108613960801,0.0362921372315915,0.00999999999999801
51.9,-0.3141225353174794,0.2886519559719641,9.790935339903394,0.0199594098037456,-0.0019103430696662,0.0364636480333874,0.00999999999999801
51.91,-0.317224512288112,0.2891371466851917,9.78796368048668,0.0199456764333666,-0.0022096337105375,0.0366342472458818,0.00999999999999801
51.92,-0.3203061869982344,0.2896119284923653,9.78500083530396,0.0199299485119657,-0.002508703389879,0.0368039306041029,0.010000000000005116
51.93,-0.3233673622217227,0.2900762843013909,9.7820479894538,0.0199122276123218,-0.002807522200972,0.0369726938659758,0.00999999999999801
51.94,-0.3264078420444019,0.2905301973955101,9.77910632403517,0.0198925155065101,-0.0031060602621845,0.0371405328124277,0.00999999999999801
51.95,-0.3294274318766065,0.2909736514339006,9.776177015675014,0.0198708141657248,-0.0034042877199593,0.0373074432474938,0.010000000000005116
51.96,-0.3324259384656154,0.291406630452264,9.773261236057625,0.0198471257600819,-0.0037021747517989,0.0374734209984217,0.00999999999999801
51.97,-0.3354031699080276,0.2918291188634033,9.770360151455966,0.0198214526584022,-0.0039996915692484,0.0376384619157764,0.00999999999999801
51.98,-0.3383589356620524,0.2922411014577812,9.7674749222652,0.0197937974279745,-0.0042968084208743,0.0378025618735436,0.00999999999999801
51.99,-0.3412930465596878,0.2926425634040682,9.764606702538536,0.0197641628342987,-0.0045934955952385,0.0379657167692328,0.010000000000005116
52.0,-0.3442053148188352,0.2930334902496783,9.76175663952562,0.0197325518408097,-0.0048897234238711,0.0381279225239801,0.00999999999999801
52.01,-0.3470955540553252,0.2934138679212867,9.75892587321366,0.0196989676085802,-0.0051854622842361,0.0382891750826501,0.00999999999999801
52.02,-0.3499635792948308,0.293783682725339,9.75611553587143,0.0196634134960057,-0.0054806826026941,0.0384494704139374,0.010000000000005116
52.03,-0.3528092069847129,0.2941429213485417,9.753326751596406,0.0196258930584677,-0.0057753548574588,0.0386088045104669,0.00999999999999801
52.04,-0.3556322550057758,0.2944915708583429,9.75056063586511,0.0195864100479787,-0.0060694495815505,0.0387671733888944,0.00999999999999801
52.05,-0.3584325426839072,0.2948296187033987,9.747818295086953,0.0195449684128068,-0.0063629373657422,0.0389245730900065,0.00999999999999801
52.06,-0.361209890801649,0.2951570527140226,9.74510082616168,0.0195015722970811,-0.0066557888614995,0.0390809996788185,0.010000000000005116
52.07,-0.3639641216096748,0.2954738611026255,9.742409316040634,0.019456226040377,-0.0069479747839171,0.039236449244674,0.00999999999999801
52.08,-0.3666950588381479,0.29578003246414,9.739744841291976,0.0194089341772823,-0.0072394659146463,0.0393909179013419,0.00999999999999801
52.09,-0.3694025277080228,0.2960755557764302,9.737108467670074,0.0193597014369438,-0.0075302331048171,0.0395444017871141,0.010000000000005116
52.1,-0.3720863549422135,0.2963604204006882,9.734501249689234,0.0193085327425948,-0.0078202472779524,0.039696897064901,0.00999999999999801
52.11,-0.3747463687766906,0.2966346160818189,9.731924230201882,0.0192554332110619,-0.0081094794328767,0.0398483999223289,0.00999999999999801
52.120000000000005,-0.3773823989714817,0.2968981329488072,9.72937843998145,0.0192004081522539,-0.0083979006466158,0.0399989065718343,0.010000000000005116
52.13,-0.3799942768215514,0.2971509615150741,9.726864897310088,0.0191434630686311,-0.0086854820772883,0.0401484132507585,0.00999999999999801
52.14,-0.3825818351676067,0.2973930926788188,9.724384607571348,0.0190846036546543,-0.008972194966991,0.0402969162214425,0.00999999999999801
52.15,-0.3851449084067989,0.2976245177233455,9.721938562848054,0.0190238357962157,-0.0092580106446737,0.0404444117713198,0.00999999999999801
52.16,-0.3876833325033201,0.2978452283173776,9.719527741525486,0.0189611655700507,-0.0095429005290072,0.0405908962130094,0.00999999999999801
52.17,-0.3901969449988856,0.2980552165153574,9.717153107900026,0.0188965992431296,-0.00982683613124,0.0407363658844076,0.010000000000005116
52.18,-0.3926855850231581,0.2982544747577327,9.714815611793464,0.0188301432720313,-0.0101097890580486,0.0408808171487805,0.00999999999999801
52.19,-0.3951490933040277,0.298442995871228,9.712516188173078,0.0187618043022975,-0.0103917310143762,0.0410242463948538,0.00999999999999801
52.2,-0.3975873121778032,0.298620773069104,9.710255756777654,0.0186915891677682,-0.0106726338062624,0.041166650036904,0.010000000000005116
52.21,-0.4000000855993066,0.2987877999514003,9.708035221749617,0.0186195048898985,-0.0109524693436615,0.0413080245148473,0.00999999999999801
52.22,-0.4023872591518669,0.2989440705051674,9.705855471273363,0.018545558677056,-0.0112312096432533,0.0414483662943292,0.00999999999999801
52.23,-0.4047486800571893,0.2990895791046825,9.703717377220029,0.0184697579238003,-0.0115088268312403,0.0415876718668126,0.00999999999999801
52.24,-0.4070841971851399,0.2992243205116512,9.70162179479872,0.0183921102101438,-0.0117852931461346,0.0417259377496653,0.010000000000005116
52.25,-0.4093936610634238,0.2993482898753977,9.69956956221447,0.0183126233007929,-0.0120605809415354,0.0418631604862474,0.00999999999999801
52.26,-0.4116769238871371,0.2994614827330383,9.697561500332949,0.0182313051443723,-0.0123346626888924,0.0419993366459978,0.00999999999999801
52.27,-0.4139338395282423,0.2995638950096424,9.695598412352131,0.01814816387263,-0.0126075109802597,0.0421344628245195,0.010000000000005116
52.28,-0.4161642635449069,0.2996555230183789,9.693681083481042,0.018063207799624,-0.0128790985310349,0.0422685356436651,0.00999999999999801
52.29,-0.418368053190753,0.2997363634606495,9.691810280625662,0.0179764454208905,-0.0131493981826895,0.042401551751621,0.00999999999999801
52.3,-0.4205450674239995,0.299806413426207,9.689986752082188,0.0178878854125953,-0.0134183829054839,0.0425335078229917,0.00999999999999801
52.31,-0.4226951669164767,0.2998656703932603,9.688211227237728,0.0177975366306653,-0.0136860258011695,0.042664400558882,0.010000000000005116
52.32,-0.4248182140625489,0.2999141322285648,9.686484416278542,0.0177054081099036,-0.0139523001056799,0.0427942266869804,0.00999999999999801
52.33,-0.4269140729879273,0.2999517971874998,9.684807009905994,0.0176115090630853,-0.0142171791918067,0.0429229829616405,0.00999999999999801
52.34,-0.4289826095583541,0.2999786639141308,9.683179679060263,0.0175158488800368,-0.0144806365718621,0.0430506661639622,0.010000000000005116
52.35,-0.4310236913881932,0.2999947314412586,9.681603074651996,0.0174184371266969,-0.0147426459003272,0.0431772731018719,0.00999999999999801
52.36,-0.4330371878489076,0.2999999991904538,9.680077827301933,0.0173192835441596,-0.0150031809764879,0.0433028006102029,0.00999999999999801
52.370000000000005,-0.4350229700774095,0.2999944669720782,9.678604547088671,0.0172183980477006,-0.0152622157470536,0.0434272455507741,0.010000000000005116
52.38,-0.4369809109843121,0.2999781349852909,9.677183823304665,0.0171157907257854,-0.015519724308763,0.0435506048124683,0.00999999999999801
52.39,-0.4389108852620693,0.2999510038180418,9.675816224220473,0.0170114718390608,-0.0157756809109745,0.0436728753113105,0.00999999999999801
52.4,-0.4408127693929826,0.2999130744470499,9.674502296857504,0.0169054518193285,-0.0160300599582413,0.0437940539905444,0.00999999999999801
52.41,-0.4426864416571203,0.2998643482377684,9.673242566769174,0.016797741268502,-0.0162828360128708,0.0439141378207097,0.00999999999999801
52.42,-0.4445317821400951,0.2998048269443357,9.672037537830732,0.0166883509575468,-0.0165339837974678,0.0440331237997165,0.010000000000005116
52.43,-0.4463486727407446,0.2997345127095119,9.670887692037685,0.0165772918254027,-0.0167834781974634,0.0441510089529217,0.00999999999999801
52.44,-0.4481369971786921,0.2996534080646019,9.669793489313012,0.0164645749778905,-0.0170312942636253,0.0442677903332026,0.00999999999999801
52.45,-0.449896641001787,0.299561515929364,9.66875536732322,0.0163502116866008,-0.0172774072145538,0.0443834650210309,0.010000000000005116
52.46,-0.4516274915934191,0.2994588396119053,9.667773741303265,0.0162342133877677,-0.0175217924391585,0.0444980301245452,0.00999999999999801
52.47,-0.4533294381797444,0.2993453828085621,9.66684900389046,0.0161165916811242,-0.0177644254991206,0.044611482779624,0.00999999999999801
52.48,-0.4550023718367653,0.299221149603767,9.665981524967446,0.0159973583287431,-0.0180052821313367,0.0447238201499569,0.00999999999999801
52.49,-0.4566461854972929,0.299086144469902,9.665171651514225,0.0158765252538602,-0.0182443382503438,0.0448350394271154,0.010000000000005116
52.5,-0.4582607739578169,0.2989403722671374,9.664419707469378,0.0157541045396823,-0.0184815699507295,0.0449451378306233,0.00999999999999801
52.51,-0.4598460338852283,0.2987838382432568,9.6637259936005,0.0156301084281788,-0.0187169535095213,0.0450541126080264,0.00999999999999801
52.52,-0.4614018638234315,0.2986165480334679,9.663090787383886,0.0155045493188575,-0.0189504653885598,0.0451619610349609,0.010000000000005116
52.53,-0.4629281641998402,0.2984385076602004,9.662514342893555,0.0153774397675248,-0.0191820822368512,0.0452686804152216,0.00999999999999801
52.54,-0.4644248373317539,0.2982497235328885,9.66199689069962,0.0152487924850299,-0.019411780892904,0.0453742680808297,0.00999999999999801
52.55,-0.4658917874326017,0.2980502024477402,9.661538637776054,0.0151186203359936,-0.0196395383870441,0.0454787213920991,0.00999999999999801
52.56,-0.4673289206180766,0.2978399515874932,9.66113976741792,0.0149869363375226,-0.0198653319437115,0.0455820377377022,0.010000000000005116
52.57,-0.4687361449121477,0.297618978521156,9.660800439168042,0.0148537536579069,-0.020089138983739,0.045684214534736,0.00999999999999801
52.58,-0.4701133702529383,0.2973872912037346,9.660520788753198,0.0147190856153036,-0.020310937126609,0.0457852492287859,0.00999999999999801
52.59,-0.4714605084984988,0.2971448979759475,9.66030092802982,0.0145829456764045,-0.0205307041926921,0.0458851392939897,0.010000000000005116
52.6,-0.4727774734324403,0.2968918075639252,9.66014094493927,0.0144453474550902,-0.0207484182054648,0.0459838822331009,0.00999999999999801
52.61,-0.4740641807694553,0.2966280290788948,9.660040903472652,0.0143063047110682,-0.0209640573937071,0.0460814755775514,0.00999999999999801
52.620000000000005,-0.4753205481607158,0.2963535720168531,9.660000843645214,0.0141658313484969,-0.0211776001936803,0.0461779168875125,0.010000000000005116
52.63,-0.4765464951991364,0.2960684462582253,9.66002078148036,0.0140239414145956,-0.0213890252512819,0.0462732037519564,0.00999999999999801
52.64,-0.477741943424524,0.2957726620675074,9.660100709003212,0.0138806490982395,-0.0215983114241824,0.0463673337887167,0.00999999999999801
52.65,-0.4789068163286024,0.2954662300928987,9.660240594243836,0.0137359687285407,-0.0218054377839391,0.0464603046445471,0.00999999999999801
52.66,-0.4800410393599023,0.2951491613659165,9.660440381249996,0.0135899147734155,-0.0220103836180887,0.0465521139951814,0.00999999999999801
52.67,-0.4811445399285358,0.2948214673010014,9.660699990109554,0.013442501838138,-0.0222131284322182,0.0466427595453902,0.010000000000005116
52.68,-0.4822172474108451,0.2944831596951044,9.66101931698243,0.0132937446638787,-0.0224136519520154,0.0467322390290398,0.00999999999999801
52.69,-0.4832590931539157,0.2941342507272623,9.661398234142128,0.0131436581262312,-0.0226119341252954,0.0468205502091476,0.00999999999999801
52.7,-0.4842700104799775,0.2937747529581602,9.66183659002684,0.0129922572337239,-0.0228079551240062,0.0469076908779387,0.010000000000005116
52.71,-0.4852499346906656,0.2934046793296798,9.662334209300054,0.0128395571263202,-0.0230016953462111,0.046993658856901,0.00999999999999801
52.72,-0.4861988030711643,0.2930240431644309,9.662890892920698,0.0126855730739034,-0.0231931354180493,0.0470784519968395,0.00999999999999801
52.73,-0.4871165548942229,0.2926328581652744,9.663506418222749,0.0125303204747504,-0.0233822561956734,0.0471620681779301,0.00999999999999801
52.74,-0.4880031314240369,0.2922311384148288,9.664180539004285,0.012373814853992,-0.023569038767163,0.0472445053097725,0.010000000000005116
52.75,-0.4888584759200104,0.2918188983749609,9.664912985625984,0.0122160718620596,-0.0237534644544166,0.0473257613314428,0.00999999999999801
52.76,-0.4896825336403884,0.2913961528862679,9.665703465118966,0.0120571072731211,-0.0239355148150193,0.0474058342115448,0.00999999999999801
52.77,-0.4904752518457594,0.2909629171675417,9.666551661301972,0.0118969369835027,-0.0241151716440868,0.0474847219482605,0.010000000000005116
52.78,-0.4912365798024262,0.2905192068152215,9.66745723490784,0.0117355770101001,-0.0242924169760857,0.0475624225694007,0.00999999999999801
52.79,-0.4919664687856606,0.2900650378028319,9.6684198237192,0.0115730434887762,-0.0244672330866306,0.0476389341324538,0.00999999999999801
52.8,-0.4926648720828183,0.2896004264804085,9.669439042713362,0.0114093526727474,-0.0246396024942562,0.0477142547246349,0.00999999999999801
52.81,-0.4933317449963239,0.2891253895739085,9.670514484216316,0.0112445209309592,-0.0248095079621652,0.0477883824629329,0.010000000000005116
52.82,-0.4939670448465401,0.2886399441846095,9.671645718065802,0.0110785647464484,-0.0249769324999526,0.0478613154941583,0.00999999999999801
52.83,-0.4945707309744936,0.2881441077884931,9.672832291783363,0.0109115007146949,-0.0251418593653039,0.0479330519949891,0.00999999999999801
52.84,-0.4951427647444779,0.2876378982356152,9.674073730755332,0.0107433455419628,-0.0253042720656704,0.0480035901720166,0.010000000000005116
52.85,-0.4956831095465265,0.2871213337494661,9.675369538422672,0.0105741160436294,-0.025464154359917,0.04807292826179,0.00999999999999801
52.86,-0.4961917307987573,0.2865944329263113,9.676719196479596,0.0104038291425034,-0.0256214902599476,0.0481410645308606,0.00999999999999801
52.870000000000005,-0.4966685959495834,0.2860572147345228,9.678122165080874,0.0102325018671328,-0.0257762640323036,0.0482079972758253,0.010000000000005116
52.88,-0.4971136744797976,0.2855096985138982,9.67957788305777,0.0100601513501026,-0.0259284601997363,0.0482737248233689,0.00999999999999801
52.89,-0.4975269379045265,0.2849519039749624,9.681085768142506,0.0098867948263209,-0.0260780635427561,0.0483382455303062,0.00999999999999801
52.9,-0.4979083597750513,0.2843838511982581,9.68264521720115,0.0097124496312955,-0.0262250591011532,0.0484015577836228,0.00999999999999801
52.91,-0.4982579156805032,0.2838055606336236,9.684255606474874,0.0095371331994006,-0.0263694321754944,0.0484636600005158,0.00999999999999801
52.92,-0.4985755832494233,0.2832170530994581,9.685916291829438,0.0093608630621334,-0.0265111683285925,0.0485245506284329,0.010000000000005116
52.93,-0.4988613421511952,0.2826183497819679,9.687626609012844,0.0091836568463607,-0.0266502533869502,0.0485842281451116,0.00999999999999801
52.94,-0.4991151740973473,0.2820094722344087,9.68938587392102,0.0090055322725564,-0.0267866734421778,0.0486426910586171,0.00999999999999801
52.95,-0.4993370628427215,0.2813904423763054,9.69119338287146,0.0088265071530293,-0.0269204148523834,0.0486999379073797,0.010000000000005116
52.96,-0.4995269941865135,0.280761282492667,9.693048412884686,0.0086465993901424,-0.0270514642435372,0.048755967260231,0.00999999999999801
52.97,-0.4996849559731827,0.2801220152331815,9.694950221973423,0.008465826974522,-0.0271798085108095,0.0488107777164401,0.00999999999999801
52.98,-0.4998109380932283,0.2794726636113999,9.696898049439396,0.0082842079832588,-0.0273054348198806,0.0488643679057486,0.00999999999999801
52.99,-0.4999049324838376,0.2788132510039117,9.698891116177586,0.0081017605781009,-0.027428330608224,0.0489167364884044,0.010000000000005116
53.0,-0.4999669331294019,0.2781438011494995,9.700928624987872,0.0079185030036366,-0.0275484835863635,0.0489678821551958,0.00999999999999801
53.01,-0.4999969360619009,0.2774643381482851,9.7030097608939,0.0077344535854707,-0.0276658817391014,0.0490178036274837,0.00999999999999801
53.02,-0.4999949393611571,0.276774886460863,9.705133691469053,0.0075496307283915,-0.0277805133267202,0.049066499657234,0.010000000000005116
53.03,-0.4999609431549588,0.2760754709074208,9.707299567169414,0.007364052914531,-0.0278923668861567,0.0491139690270483,0.00999999999999801
53.04,-0.4998949496190517,0.2753661166668417,9.70950652167359,0.0071777387015156,-0.0280014312321481,0.049160210550195,0.00999999999999801
53.05,-0.4997969629769993,0.2746468492758016,9.711753672229204,0.0069907067206114,-0.0281076954583508,0.0492052230706383,0.00999999999999801
53.06,-0.4996669894999133,0.2739176946278502,9.71404012000599,0.0068029756748609,-0.0282111489384306,0.0492490054630677,0.010000000000005116
53.07,-0.4995050375060522,0.273178678972475,9.716364950455326,0.0066145643372119,-0.0283117813271257,0.0492915566329255,0.00999999999999801
53.08,-0.499311117360288,0.2724298289141599,9.718727233676027,0.0064254915486414,-0.0284095825612812,0.0493328755164348,0.00999999999999801
53.09,-0.4990852414734436,0.2716711714114264,9.721126024786308,0.0062357762162705,-0.0285045428608553,0.0493729610806256,0.010000000000005116
53.1,-0.4988274243014993,0.2709027337758625,9.7235603643017,0.0060454373114745,-0.0285966527298969,0.0494118123233608,0.00999999999999801
53.11,-0.4985376823446658,0.2701245436711401,9.72602927851886,0.0058544938679852,-0.0286859029574959,0.0494494282733615,0.00999999999999801
53.120000000000005,-0.4982160341463288,0.2693366291120189,9.72853177990502,0.0056629649799877,-0.0287722846187042,0.0494858079902309,0.010000000000005116
53.13,-0.4978625002918645,0.2685390184633381,9.731066867492986,0.0054708698002115,-0.0288557890754273,0.0495209505644779,0.00999999999999801
53.14,-0.4974771034073182,0.2677317404389948,9.733633527281528,0.0052782275380143,-0.0289364079772892,0.04955485511754,0.00999999999999801
53.15,-0.4970598681579586,0.266914824100911,9.736230732640951,0.0050850574574618,-0.0290141332624671,0.0495875208018052,0.00999999999999801
53.16,-0.4966108212466997,0.2660882988579856,9.738857444723742,0.0048913788754009,-0.0290889571584971,0.049618946800633,0.00999999999999801
53.17,-0.4961299914123909,0.2652521944650391,9.741512612880088,0.0046972111595288,-0.0291608721830519,0.049649132328375,0.010000000000005116
53.18,-0.4956174094279765,0.2644065410217397,9.744195175078127,0.004502573726455,-0.0292298711446891,0.0496780766303948,0.00999999999999801
53.19,-0.4950731080985296,0.2635513689715189,9.74690405832875,0.0043074860397608,-0.02929594714357,0.0497057789830862,0.00999999999999801
53.2,-0.4944971222591486,0.262686709100478,9.749638179114775,0.004111967608052,-0.0293590935721497,0.0497322386938919,0.010000000000005116
53.21,-0.4938894887727309,0.2618125925362807,9.75239644382434,0.0039160379830091,-0.029419304115838,0.0497574551013204,0.00999999999999801
53.22,-0.4932502465276129,0.2609290507470273,9.755177749188338,0.0037197167574313,-0.0294765727536307,0.0497814275749629,0.00999999999999801
53.23,-0.492579436435079,0.2600361155401268,9.757980982721708,0.0035230235632774,-0.0295308937587119,0.0498041555155089,0.00999999999999801
53.24,-0.4918771014267466,0.2591338190611518,9.76080502316841,0.0033259780697031,-0.0295822616990261,0.0498256383547609,0.010000000000005116
53.25,-0.4911432864518172,0.2582221937926764,9.76364874094992,0.0031285999810935,-0.0296306714378222,0.0498458755556491,0.00999999999999801
53.26,-0.4903780384741975,0.257301272553113,9.766510998617042,0.002930909035093,-0.0296761181341667,0.0498648666122446,0.00999999999999801
53.27,-0.4895814064694974,0.2563710884955252,9.769390651304873,0.0027329250006312,-0.0297185972434279,0.0498826110497719,0.010000000000005116
53.28,-0.4887534414218942,0.25543167510644,9.77228654719073,0.0025346676759469,-0.02975810451773,0.049899108424621,0.00999999999999801
53.29,-0.4878941963208666,0.2544830662046383,9.775197527954871,0.0023361568866072,-0.0297946360063787,0.0499143583243584,0.00999999999999801
53.3,-0.4870037261578087,0.2535252959399361,9.778122429243805,0.0021374124835256,-0.0298281880562556,0.0499283603677374,0.00999999999999801
53.31,-0.4860820879225077,0.2525583987919613,9.781060081136012,0.0019384543409769,-0.0298587573121836,0.0499411142047076,0.010000000000005116
53.32,-0.4851293405994946,0.251582409568907,9.784009308609903,0.0017393023546094,-0.0298863407172626,0.0499526195164238,0.00999999999999801
53.33,-0.4841455451642744,0.2505973634062784,9.786968932013812,0.001539976439456,-0.0299109355131751,0.0499628760152538,0.00999999999999801
53.34,-0.4831307645794175,0.2496032957656316,9.78993776753784,0.0013404965279417,-0.0299325392404619,0.0499718834447857,0.010000000000005116
53.35,-0.4820850637905357,0.2486002424332945,9.79291462768736,0.0011408825678919,-0.0299511497387684,0.0499796415798341,0.00999999999999801
53.36,-0.4810085097221237,0.2475882395190785,9.795898321758004,0.000941154520536,-0.0299667651470602,0.0499861502264461,0.00999999999999801
53.370000000000005,-0.4799011712732723,0.2465673234549794,9.798887656311924,0.0007413323585122,-0.0299793839038096,0.049991409221906,0.010000000000005116
53.38,-0.4787631193132654,0.245537530993865,9.801881435655154,0.0005414360638704,-0.0299890047471513,0.0499954184347389,0.00999999999999801
53.39,-0.477594426677041,0.244498899208153,9.804878462315878,0.0003414856260735,-0.029995626715009,0.049998177764715,0.00999999999999801
53.4,-0.4763951681605277,0.2434514654884753,9.807877537523389,0.0001415010399986,-0.0299992491451915,0.049999687142851,0.00999999999999801
53.41,-0.4751654205158593,0.2423952675423327,9.810877461687594,-5.84976960625634e-05,-0.0299998716754588,0.0499999465314126,0.00999999999999801
53.42,-0.4739052624464694,0.2413303433927373,9.81387703487882,-0.0002584905824027,-0.0299974942435584,0.049998955923915,0.010000000000005116
53.43,-0.4726147746020424,0.2402567313768434,9.816875057307788,-0.0004584576199,-0.0299921170872314,0.0499967153451235,0.00999999999999801
53.44,-0.4712940395733584,0.2391744701445676,9.8198703298055,-0.0006583788120175,-0.029983740744189,0.0499932248510523,0.00999999999999801
53.45,-0.4699431418870098,0.2380835986571974,9.822861654302894,-0.0008582341668024,-0.0299723660520586,0.0499884845289637,0.010000000000005116
53.46,-0.4685621679999885,0.2369841561859886,9.825847834310052,-0.0010580036988858,-0.0299579941482999,0.0499824944973654,0.00999999999999801
53.47,-0.4671512062941496,0.2358761823107513,9.828827675394786,-0.001257667431481,-0.0299406264700913,0.0499752549060079,0.00999999999999801
53.48,-0.4657103470705618,0.2347597169184254,9.831799985660398,-0.0014572053983811,-0.029920264754186,0.0499667659358806,0.00999999999999801
53.49,-0.4642396825437249,0.2336348002016445,9.834763576222404,-0.0016565976459557,-0.0298969110367389,0.0499570277992074,0.010000000000005116
53.5,-0.462739306835664,0.2325014726572888,9.8377172616841,-0.0018558242351461,-0.029870567653102,0.0499460407394412,0.00999999999999801
53.51,-0.461209315969915,0.231359775085029,9.84065986061068,-0.0020548652434596,-0.029841237237592,0.0499338050312578,0.00999999999999801
53.52,-0.4596498078653683,0.2302097485858502,9.843590196001813,-0.0022537007669612,-0.0298089227232257,0.0499203209805493,0.010000000000005116
53.53,-0.4580608823300117,0.2290514345605863,9.846507095762403,-0.002452310922264,-0.0297736273414279,0.0499055889244163,0.00999999999999801
53.54,-0.4564426410545384,0.2278848747084172,9.849409393171443,-0.0026506758485183,-0.0297353546217072,0.0498896092311595,0.00999999999999801
53.55,-0.4547951876058351,0.2267101110253672,9.85229592734867,-0.0028487757093967,-0.0296941083913036,0.0498723823002703,0.00999999999999801
53.56,-0.4531186274203613,0.2255271858028065,9.855165543718892,-0.0030465906950779,-0.029649892774806,0.0498539085624211,0.010000000000005116
53.57,-0.4514130677973983,0.2243361416259151,9.858017094473826,-0.0032441010242285,-0.029602712193739,0.0498341884794544,0.00999999999999801
53.58,-0.4496786178921769,0.2231370213721521,9.860849439031192,-0.0034412869459801,-0.0295525713661215,0.0498132225443713,0.00999999999999801
53.59,-0.4479153887089002,0.221929868209717,9.863661444490928,-0.003638128741905,-0.0294994753059945,0.049791011281319,0.010000000000005116
53.6,-0.4461234930936358,0.2207147255959977,9.866451986088345,-0.0038346067279873,-0.0294434293229196,0.0497675552455779,0.00999999999999801
53.61,-0.4443030457270884,0.2194916372759926,9.869219947644009,-0.0040307012565923,-0.0293844390214486,0.0497428550235478,0.00999999999999801
53.620000000000005,-0.4424541631172696,0.2182606472807492,9.871964222010202,-0.0042263927184306,-0.0293225103005624,0.0497169112327328,0.010000000000005116
53.63,-0.4405769635920369,0.2170217999257787,9.874683711513772,-0.004421661544519,-0.0292576493530815,0.0496897245217264,0.00999999999999801
53.64,-0.4386715672915159,0.2157751398094478,9.877377328395172,-0.0046164882081376,-0.0291898626650466,0.049661295570195,0.00999999999999801
53.65,-0.436738096160423,0.2145207118113874,9.880043995243568,-0.0048108532267825,-0.02911915701507,0.0496316250888609,0.00999999999999801
53.66,-0.4347766739402469,0.21325856109087,9.882682645427776,-0.0050047371641139,-0.0290455394736577,0.0496007138194845,0.00999999999999801
53.67,-0.4327874261613421,0.2119887330851852,9.8852922235229,-0.0051981206318993,-0.0289690174025026,0.049568562534846,0.010000000000005116
53.68,-0.4307704801348893,0.2107112735080041,9.887871685732495,-0.0053909842919532,-0.028889598453748,0.0495351720387258,0.00999999999999801
53.69,-0.4287259649447438,0.2094262283477335,9.890420000306078,-0.0055833088580705,-0.0288072905692227,0.0495005431658847,0.00999999999999801
53.7,-0.4266540114391764,0.2081336438658604,9.892936147951788,-0.0057750750979548,-0.0287221019796464,0.0494646767820425,0.010000000000005116
53.71,-0.4245547522225115,0.2068335665952866,9.895419122244116,-0.0059662638351418,-0.0286340412038071,0.049427573783857,0.00999999999999801
53.72,-0.4224283216466187,0.2055260433386533,9.897867930026456,-0.0061568559509171,-0.0285431170477091,0.0493892350989013,0.00999999999999801
53.73,-0.4202748558023253,0.2042111211666566,9.900281591808342,-0.0063468323862281,-0.0284493386036922,0.0493496616856405,0.00999999999999801
53.74,-0.4180944925107179,0.2028888474163526,9.902659142157242,-0.0065361741435894,-0.0283527152495226,0.0493088545334078,0.010000000000005116
53.75,-0.4158873713142991,0.2015592696894537,9.904999630084715,-0.0067248622889831,-0.0282532566474553,0.04926681466238,0.00999999999999801
53.76,-0.4136536334680702,0.2002224358506143,9.907302119426804,-0.006912877953752,-0.0281509727432675,0.0492235431235516,0.00999999999999801
53.77,-0.4113934219304928,0.1988783940257083,9.909565689218466,-0.0071002023364863,-0.0280458737652644,0.0491790409987088,0.010000000000005116
53.78,-0.4091068813543357,0.1975271926000962,9.911789434061964,-0.0072868167049036,-0.0279379702232563,0.0491333094004025,0.00999999999999801
53.79,-0.4067941580774116,0.1961688802168834,9.91397246448901,-0.0074727023977228,-0.0278272729075074,0.0490863494719201,0.00999999999999801
53.8,-0.4044554001132225,0.194803505775169,9.916113907316545,-0.0076578408265296,-0.0277137928876571,0.0490381623872576,0.00999999999999801
53.81,-0.4020907571414822,0.1934311184282855,9.918212905995984,-0.0078422134776351,-0.0275975415116128,0.0489887493510894,0.010000000000005116
53.82,-0.3997003804985293,0.192051767582029,9.920268620955843,-0.0080258019139281,-0.0274785304044152,0.048938111598739,0.00999999999999801
53.83,-0.3972844231676575,0.1906655028928829,9.92228022993755,-0.0082085877767177,-0.0273567714670759,0.0488862503961474,0.00999999999999801
53.84,-0.3948430397693068,0.1892723742662211,9.924246928324331,-0.0083905527875703,-0.027232276875387,0.0488331670398421,0.010000000000005116
53.85,-0.3923763865511838,0.1878724318545288,9.926167929463055,-0.0085716787501361,-0.0271050590787041,0.0487788628569042,0.00999999999999801
53.86,-0.3898846213782545,0.1864657260555816,9.928042464978882,-0.0087519475519699,-0.0269751307987009,0.0487233392049355,0.00999999999999801
53.870000000000005,-0.3873679037226352,0.1850523075106313,9.929869785082593,-0.008931341166342,-0.0268425050280969,0.0486665974720242,0.010000000000005116
53.88,-0.3848263946533988,0.183632227102598,9.931649158870512,-0.00910984165404,-0.0267071950293589,0.0486086390767109,0.00999999999999801
53.89,-0.3822602568262608,0.1822055359542229,9.933379874616852,-0.0092874311651641,-0.0265692143333738,0.0485494654679524,0.00999999999999801
53.9,-0.3796696544731614,0.1807722854262299,9.935061240058388,-0.0094640919409112,-0.0264285767380964,0.0484890781250859,0.00999999999999801
53.91,-0.3770547533917694,0.1793325271154833,9.93669258267136,-0.0096398063153511,-0.0262852963071687,0.0484274785577916,0.00999999999999801
53.92,-0.3744157209348637,0.1778863128531318,9.938273249940478,-0.0098145567171925,-0.0261393873685148,0.0483646683060556,0.010000000000005116
53.93,-0.3717527259996162,0.1764336947027276,9.939802609619903,-0.0099883256715409,-0.0259908645129068,0.048300648940131,0.00999999999999801
53.94,-0.3690659390167983,0.1749747249583689,9.941280049986164,-0.0101610958016457,-0.0258397425925065,0.0482354220604986,0.00999999999999801
53.95,-0.3663555319398553,0.173509456142809,9.942704980082803,-0.010332849830638,-0.0256860367193799,0.0481689892978269,0.010000000000005116
53.96,-0.3636216782339171,0.1720379410055669,9.944076829956789,-0.0105035705832579,-0.0255297622639864,0.0481013523129316,0.00999999999999801
53.97,-0.3608645528646904,0.1705602325210287,9.945395050886455,-0.0106732409875723,-0.0253709348536413,0.0480325127967337,0.00999999999999801
53.98,-0.3580843322872528,0.1690763838865402,9.946659115601015,-0.0108418440766825,-0.025209570370953,0.0479624724702175,0.00999999999999801
53.99,-0.3552811944347745,0.167586448520492,9.947868518491427,-0.0110093629904197,-0.0250456849522357,0.0478912330843877,0.010000000000005116
54.0,-0.352455318707124,0.1660904800603964,9.949022775812669,-0.0111757809770323,-0.0248792949858945,0.0478187964202251,0.00999999999999801
54.01,-0.3496068859593808,0.1645885323609564,9.950121425877196,-0.0113410813948603,-0.0247104171107873,0.0477451642886426,0.00999999999999801
54.02,-0.3467360784902633,0.1630806594921269,9.951164029239632,-0.0115052477139998,-0.0245390682145609,0.0476703385304395,0.010000000000005116
54.03,-0.3438430800304798,0.1615669157371685,9.952150168872535,-0.0116682635179555,-0.0243652654319624,0.047594321016256,0.00999999999999801
54.04,-0.3409280757309393,0.1600473555906926,9.9530794503332,-0.0118301125052829,-0.0241890261431249,0.047517113646526,0.00999999999999801
54.05,-0.3379912521509167,0.1585220337567006,9.953951501921432,-0.0119907784912183,-0.0240103679718305,0.0474387183514297,0.00999999999999801
54.06,-0.3350327972461291,0.1569910051466137,9.954765974828224,-0.0121502454092967,-0.0238293087837476,0.0473591370908453,0.010000000000005116
54.07,-0.3320529003566753,0.1554543248772965,9.955522543275269,-0.0123084973129594,-0.023645866684644,0.0472783718543003,0.00999999999999801
54.08,-0.3290517521949366,0.1539120482690728,9.95622090464528,-0.0124655183771478,-0.0234600600185768,0.0471964246609214,0.00999999999999801
54.09,-0.3260295448333735,0.152364230843734,9.95686077960302,-0.0126212928998865,-0.0232719073660575,0.047113297559384,0.010000000000005116
54.1,-0.3229864716922282,0.15081092832254,9.957441912207036,-0.0127758053038528,-0.023081427542195,0.0470289926278616,0.00999999999999801
54.11,-0.3199227275271377,0.149252196624214,9.957964070012036,-0.0129290401379352,-0.0228886395948127,0.0469435119739728,0.00999999999999801
54.120000000000005,-0.3168385084166856,0.1476880918629287,9.958427044161857,-0.0130809820787781,-0.0226935628025446,0.0468568577347296,0.010000000000005116
54.13,-0.3137340117498448,0.1461186703462867,9.958830649473017,-0.0132316159323138,-0.0224962166729077,0.0467690320764836,0.00999999999999801
54.14,-0.310609436213337,0.144543988573293,9.959174724508769,-0.0133809266352826,-0.0222966209403502,0.0466800371948715,0.00999999999999801
54.15,-0.3074649817789354,0.1429641032323232,9.959459131643683,-0.0135288992567385,-0.0220947955642791,0.0465898753147608,0.00999999999999801
54.16,-0.3043008496906449,0.1413790711990735,9.959683757118706,-0.013675518999543,-0.0218907607270638,0.0464985486901938,0.00999999999999801
54.17,-0.3011172424518421,0.1397889495345314,9.959848511086635,-0.0138207712018436,-0.0216845368320181,0.0464060596043313,0.010000000000005116
54.18,-0.2979143638123063,0.1381937954829051,9.959953327648089,-0.0139646413385413,-0.0214761445013596,0.0463124103693957,0.00999999999999801
54.19,-0.2946924187551716,0.1365936664695645,9.95999816487783,-0.0141071150227423,-0.0212656045741477,0.046217603326613,0.00999999999999801
54.2,-0.2914516134838246,0.1349886200989811,9.959983004841568,-0.014248178007197,-0.0210529381041995,0.0461216408461542,0.010000000000005116
54.21,-0.2881921554086996,0.1333787141526568,9.959907853603118,-0.0143878161857244,-0.0208381663579851,0.0460245253270765,0.00999999999999801
54.22,-0.2849142531339948,0.1317640065870259,9.959772741221972,-0.014526015594623,-0.0206213108125,0.0459262591972628,0.00999999999999801
54.23,-0.28161811644434,0.1301445555313865,9.95957772174128,-0.0146627624140672,-0.0204023931531178,0.045826844913361,0.00999999999999801
54.24,-0.2783039562913611,0.1285204192858074,9.959322873166236,-0.0147980429694888,-0.0201814352714224,0.0457262849607233,0.010000000000005116
54.25,-0.2749719847801709,0.1268916563190122,9.959008297432868,-0.0149318437329451,-0.0199584592630177,0.0456245818533431,0.00999999999999801
54.26,-0.2716224151558146,0.1252583252662939,9.958634120367275,-0.0150641513244713,-0.0197334874253187,0.0455217381337929,0.00999999999999801
54.27,-0.2682554617895989,0.1236204849273938,9.958200491635305,-0.0151949525134186,-0.0195065422553215,0.0454177563731601,0.010000000000005116
54.28,-0.264871340165393,0.1219781942643874,9.957707584682655,-0.0153242342197768,-0.0192776464473544,0.0453126391709837,0.00999999999999801
54.29,-0.2614702668658288,0.1203315123995611,9.957155596665542,-0.0154519835154832,-0.0190468228908071,0.0452063891551879,0.00999999999999801
54.3,-0.2580524595584305,0.1186804986132841,9.95654474837181,-0.0155781876257148,-0.0188140946678429,0.0450990089820178,0.00999999999999801
54.31,-0.2546181369817021,0.1170252123418746,9.955875284132636,-0.0157028339301655,-0.0185794850510905,0.044990501335972,0.010000000000005116
54.32,-0.2511675189311194,0.1153657131754595,9.955147471724784,-0.0158259099643088,-0.0183430175013157,0.0448808689297361,0.00999999999999801
54.33,-0.2477008262450568,0.1137020608558295,9.954361602263516,-0.0159474034206439,-0.0181047156650767,0.0447701145041145,0.00999999999999801
54.34,-0.2442182807906567,0.1120343152742886,9.95351799008614,-0.0160673021499265,-0.0178646033723582,0.0446582408279621,0.010000000000005116
54.35,-0.2407201054496519,0.1103625364694974,9.952616972626275,-0.0161855941623834,-0.0176227046341897,0.0445452506981149,0.00999999999999801
54.36,-0.2372065241040639,0.1086867846253125,9.951658910278896,-0.016302267628912,-0.0173790436402434,0.0444311469393203,0.00999999999999801
54.370000000000005,-0.2336777616218934,0.1070071200686193,9.950644186256165,-0.0164173108822629,-0.0171336447564154,0.0443159324041663,0.010000000000005116
54.38,-0.2301340438427471,0.1053236032671603,9.94957320643416,-0.0165307124182066,-0.0168865325223898,0.0441996099730104,0.00999999999999801
54.39,-0.2265755975633472,0.1036362948273586,9.948446399190535,-0.0166424608966841,-0.0166377316491841,0.0440821825539072,0.00999999999999801
54.4,-0.2230026505230377,0.1019452554921359,9.947264215233162,-0.0167525451429405,-0.0163872670166783,0.0439636530825362,0.00999999999999801
54.41,-0.2194154313892128,0.1002505461387255,9.94602712741986,-0.0168609541486431,-0.0161351636711265,0.0438440245221277,0.00999999999999801
54.42,-0.2158141697426758,0.0985522277764812,9.94473563056926,-0.0169676770729816,-0.0158814468226538,0.0437232998633898,0.010000000000005116
54.43,-0.2121990960629365,0.0968503615446805,9.943390241262884,-0.0170727032437524,-0.0156261418427333,0.0436014821244326,0.00999999999999801
54.44,-0.2085704417134828,0.0951450087103261,9.941991497638517,-0.017176022158426,-0.0153692742616503,0.0434785743506932,0.00999999999999801
54.45,-0.2049284389269482,0.0934362306659297,9.940539959174956,-0.0172776234851972,-0.0151108697659486,0.0433545796148595,0.010000000000005116
54.46,-0.201273320790271,0.0917240889273225,9.939036206468236,-0.0173774970640178,-0.0148509541958628,0.0432295010167935,0.00999999999999801
54.47,-0.1976053212297676,0.0900086451314221,9.937480840999388,-0.0174756329076131,-0.0145895535427332,0.0431033416834536,0.00999999999999801
54.48,-0.1939246749961514,0.0882899610340138,9.93587448489386,-0.0175720212024808,-0.0143266939464071,0.0429761047688165,0.00999999999999801
54.49,-0.1902316176495282,0.0865680985075457,9.93421778067268,-0.0176666523098714,-0.0140624016926254,0.0428477934537986,0.010000000000005116
54.5,-0.186526385544311,0.0848431195388827,9.932511390995447,-0.0177595167667532,-0.0137967032103931,0.0427184109461761,0.00999999999999801
54.51,-0.1828092158140832,0.0831150862270772,9.93075599839528,-0.0178506052867579,-0.0135296250693369,0.0425879604805048,0.00999999999999801
54.52,-0.1790803463564421,0.081384060781142,9.928952305005811,-0.0179399087611094,-0.0132611939770483,0.0424564453180395,0.010000000000005116
54.53,-0.1753400158177634,0.0796501055178122,9.927101032280351,-0.0180274182595346,-0.0129914367764131,0.0423238687466526,0.00999999999999801
54.54,-0.1715884635779183,0.0779132828592839,9.925202920703304,-0.0181131250311567,-0.0127203804429264,0.0421902340807514,0.00999999999999801
54.55,-0.167825929734973,0.0761736553309853,9.923258729493996,-0.0181970205053699,-0.0124480520819955,0.0420555446611955,0.00999999999999801
54.56,-0.1640526550898124,0.0744312855593256,9.921269236302985,-0.0182790962926967,-0.01217447892623,0.0419198038552136,0.010000000000005116
54.57,-0.1602688811307193,0.0726862362694222,9.919235236901022,-0.0183593441856267,-0.0118996883327172,0.0417830150563186,0.00999999999999801
54.58,-0.1564748500179421,0.0709385702828633,9.91715754486075,-0.0184377561594376,-0.0116237077802875,0.0416451816842234,0.00999999999999801
54.59,-0.1526708045681704,0.0691883505154355,9.91503699123128,-0.0185143243729973,-0.0113465648667659,0.041506307184755,0.010000000000005116
54.6,-0.1488569882390179,0.0674356399748616,9.912874424205796,-0.0185890411695483,-0.0110682873062134,0.0413663950297689,0.00999999999999801
54.61,-0.1450336451134312,0.0656805017585315,9.910670708782268,-0.0186618990774731,-0.0107889029261537,0.0412254487170615,0.00999999999999801
54.620000000000005,-0.1412010198840586,0.0639229990512317,9.908426726417485,-0.0187328908110417,-0.010508439664792,0.0410834717702833,0.010000000000005116
54.63,-0.1373593578376098,0.0621631951228696,9.906143374674476,-0.0188020092711398,-0.0102269255682209,0.0409404677388507,0.00999999999999801
54.64,-0.1335089048391481,0.0604011533261968,9.90382156686349,-0.0188692475459792,-0.0099443887876155,0.0407964401978569,0.00999999999999801
54.65,-0.1296499073163477,0.0586369370945276,9.901462231676696,-0.0189345989117882,-0.0096608575764183,0.0406513927479829,0.00999999999999801
54.66,-0.1257826122437259,0.0568706099394557,9.89906631281671,-0.0189980568334849,-0.0093763602875139,0.0405053290154075,0.00999999999999801
54.67,-0.121907267126861,0.055102235448568,9.896634768619135,-0.0190596149653299,-0.0090909253703946,0.0403582526517164,0.010000000000005116
54.68,-0.118024119986511,0.0533318772831552,9.894168571669228,-0.0191192671515613,-0.0088045813683139,0.040210167333811,0.00999999999999801
54.69,-0.1141334193427639,0.0515595991759201,9.891668708412883,-0.0191770074270102,-0.0085173569154336,0.0400610767638165,0.00999999999999801
54.7,-0.1102354141991363,0.049785464928683,9.889136178762076,-0.0192328300176972,-0.0082292807339593,0.0399109846689894,0.010000000000005116
54.71,-0.1063303540266303,0.0480095384100853,9.8865719956949,-0.0192867293414098,-0.0079403816312695,0.0397598948016243,0.00999999999999801
54.72,-0.1024184887477572,0.0462318835532899,9.88397718485039,-0.0193387000082604,-0.0076506884970336,0.03960781093896,0.00999999999999801
54.73,-0.098500068720563,0.0444525643536797,9.88135278411829,-0.0193887368212257,-0.0073602303003233,0.039454736883085,0.00999999999999801
54.74,-0.0945753447225955,0.0426716448665535,9.878699843223902,-0.0194368347766662,-0.0070690360867167,0.039300676460843,0.010000000000005116
54.75,-0.0906445679348439,0.0408891892048207,9.87601942330821,-0.0194829890648262,-0.0067771349753922,0.0391456335237364,0.00999999999999801
54.76,-0.0867079899256878,0.0391052615366947,9.87331259650344,-0.0195271950703156,-0.0064845561562178,0.0389896119478305,0.00999999999999801
54.77,-0.0827658626347694,0.0373199260833724,9.870580445504226,-0.0195694483725705,-0.0061913288868314,0.0388326156336565,0.010000000000005116
54.78,-0.0788184383568929,0.0355332471167439,9.86782406313454,-0.019609744746296,-0.0058974824897159,0.0386746485061144,0.00999999999999801
54.79,-0.0748659697258685,0.0337452889570588,9.865044551910575,-0.0196480801618883,-0.0056030463492659,0.0385157145143738,0.00999999999999801
54.8,-0.0709087096983322,0.0319561159706115,9.862243023599769,-0.0196844507858377,-0.0053080499088501,0.0383558176317763,0.00999999999999801
54.81,-0.0669469115375788,0.0301657925674427,9.85942059877608,-0.0197188529811122,-0.0050125226678669,0.0381949618557359,0.010000000000005116
54.82,-0.0629808287973416,0.0283743831990015,9.85657840637182,-0.0197512833075209,-0.004716494178794,0.0380331512076384,0.00999999999999801
54.83,-0.0590107153055552,0.0265819523558274,9.853717583226045,-0.0197817385220582,-0.0044199940442337,0.0378703897327415,0.00999999999999801
54.84,-0.0550368251481316,0.0247885645652372,9.85083927362987,-0.0198102155792281,-0.004123051913952,0.0377066815000737,0.010000000000005116
54.85,-0.0510594126526879,0.022994284389004,9.847944628868763,-0.0198367116313484,-0.003825697481915,0.0375420306023323,0.00999999999999801
54.86,-0.0470787323722591,0.0211991764210142,9.84503480676203,-0.0198612240288362,-0.0035279604833179,0.0373764411557812,0.00999999999999801
54.870000000000005,-0.043095039069028,0.0194033052849605,9.842110971199714,-0.019883750320472,-0.0032298706916122,0.0372099173001478,0.010000000000005116
54.88,-0.0391085876980098,0.0176067356320164,9.83917429167706,-0.0199042882536455,-0.0029314579155291,0.03704246319852,0.00999999999999801
54.89,-0.0351196333907244,0.015809532138489,9.836225942826724,-0.0199228357745806,-0.0026327519960973,0.0368740830372416,0.00999999999999801
54.9,-0.031128431438893,0.014011759503512,9.83326710394893,-0.0199393910285404,-0.0023337828036599,0.0367047810258077,0.00999999999999801
54.91,-0.0271352372780712,0.0122134824467061,9.830298958539778,-0.0199539523600136,-0.0020345802348867,0.0365345613967598,0.00999999999999801
54.92,-0.0231403064713256,0.0104147657058512,9.82732269381786,-0.0199665183128789,-0.0017351742097856,0.0363634284055799,0.010000000000005116
54.93,-0.019143894692868,0.0086156740345557,9.824339500249383,-0.0199770876305517,-0.0014355946687096,0.0361913863305838,0.00999999999999801
54.94,-0.0151462577116845,0.0068162721999254,9.821350571071996,-0.0199856592561089,-0.0011358715693631,0.0360184394728144,0.00999999999999801
54.95,-0.0111476513751703,0.0050166249802321,9.81835710181752,-0.0199922323323952,-0.0008360348838059,0.035844592155934,0.010000000000005116
54.96,-0.0071483315927802,0.0032167971625813,9.81536028983374,-0.0199968062021084,-0.0005361145954573,0.0356698487261168,0.00999999999999801
54.97,-0.0031485543196081,0.0014168535405801,9.812361333805502,-0.0199993804078653,-0.0002361406960959,0.0354942135519392,0.00999999999999801
54.98,0.0008514244599727,-0.0003831410879955,9.80936143327522,-0.0199999546922476,6.385681713847785e-05,0.0353176910242713,0.00999999999999801
54.99,0.0048513487486717,-0.0021831219235334,9.806361788163118,-0.0199985289978272,0.0003638479447442,0.0351402855561674,0.010000000000005116
55.0,0.0088509625527067,-0.0039830241669178,9.80336359828724,-0.0199951034671723,0.0006638026878586,0.0349620015827548,0.00999999999999801
55.01,0.0128500098981631,-0.0057827830218624,9.800368062883564,-0.0199896784428334,0.0009636910512575,0.0347828435611236,0.00999999999999801
55.02,0.016848234847372,-0.0075823336972427,9.797376380126307,-0.0199822544673081,0.0012634830463545,0.0346028159702149,0.010000000000005116
55.03,0.0208453815152981,-0.0093816114094288,9.79438974664869,-0.0199728322829879,0.0015631486941995,0.0344219233107092,0.00999999999999801
55.04,0.0248411940859259,-0.0111805513846174,9.79140935706428,-0.0199614128320834,0.0018626580284778,0.0342401701049136,0.00999999999999801
55.05,0.0288354168286113,-0.0129790888611637,9.78843640348917,-0.0199479972565301,0.0021619810985056,0.0340575608966486,0.00999999999999801
55.06,0.0328277941144586,-0.0147771590919126,9.785472075065156,-0.0199325868978745,0.002461087972225,0.0338741002511351,0.010000000000005116
55.07,0.0368180704326913,-0.0165746973465302,9.78251755748408,-0.0199151832971395,0.0027599487391981,0.0336897927548796,0.00999999999999801
55.08,0.04080599040698,-0.0183716389138313,9.779574032513583,-0.0198957881946707,0.0030585335135972,0.03350464301556,0.00999999999999801
55.09,0.0447912988118146,-0.0201679191041199,9.776642677524404,-0.0198744035299622,0.003356812437194,0.0333186556619098,0.010000000000005116
55.1,0.048773740588814,-0.0219634732514967,9.77372466501946,-0.0198510314414627,0.0036547556823441,0.0331318353436035,0.00999999999999801
55.11,0.0527530608630602,-0.0237582367162064,9.770821162164845,-0.0198256742663615,0.0039523334549716,0.0329441867311393,0.00999999999999801
55.120000000000005,0.0567290049594211,-0.0255521448869644,9.767933330322982,-0.019798334540355,0.0042495159975475,0.0327557145157225,0.010000000000005116
55.13,0.060701318418828,-0.027345133183264,9.765062324588111,-0.0197690149973931,0.0045462735920646,0.032566423409149,0.00999999999999801
55.14,0.064669747014572,-0.0291371370577202,9.762209293324243,-0.0197377185694055,0.0048425765630111,0.0323763181436864,0.00999999999999801
55.15,0.0686340367685844,-0.0309280919983912,9.759375377705846,-0.019704448386009,0.0051383952803367,0.0321854034719565,0.00999999999999801
55.16,0.0725939339676706,-0.0327179335310926,9.756561711261378,-0.0196692077741942,0.0054337001624165,0.031993684166816,0.00999999999999801
55.17,0.0765491851797581,-0.0345065972217163,9.753769419419909,-0.019632000257993,0.0057284616790079,0.0318011650212378,0.010000000000005116
55.18,0.0804995372701264,-0.0362940186785687,9.750999619060936,-0.0195928295581259,0.0060226503542051,0.0316078508481904,0.00999999999999801
55.19,0.0844447374175829,-0.0380801335546685,9.74825341806768,-0.0195516995916303,0.0063162367693858,0.031413746480518,0.00999999999999801
55.2,0.088384533130672,-0.0398648775500729,9.745531914883918,-0.0195086144714686,0.0066091915661532,0.0312188567708195,0.010000000000005116
55.21,0.0923186722638092,-0.041648186414191,9.74283619807464,-0.0194635785061168,0.0069014854492715,0.0310231865913279,0.00999999999999801
55.22,0.0962469030334294,-0.0434299959480961,9.74016734589063,-0.0194165961991341,0.007193089189596,0.0308267408337874,0.00999999999999801
55.23,0.1001689740341112,-0.0452102420068375,9.737526425837167,-0.0193676722487118,0.007483973626996,0.0306295244093314,0.00999999999999801
55.24,0.1040846342546458,-0.0469888605017494,9.734914494247075,-0.0193168115472044,0.0077741096732698,0.0304315422483606,0.010000000000005116
55.25,0.107993633094112,-0.048765787402758,9.732332595858155,-0.0192640191806395,0.0080634683150546,0.0302327993004185,0.00999999999999801
55.26,0.111895720377922,-0.0505409587406869,9.72978176339534,-0.0192093004282099,0.0083520206167274,0.0300333005340686,0.00999999999999801
55.27,0.1157906463738283,-0.0523143106095594,9.727263017157604,-0.0191526607617451,0.0086397377232988,0.0298330509367694,0.010000000000005116
55.28,0.119678161807883,-0.0540857791689,9.72477736460986,-0.0190941058451647,0.0089265908632973,0.0296320555147508,0.00999999999999801
55.29,0.123558017880432,-0.0558553006460317,9.722325799979986,-0.0190336415339114,0.0092125513516484,0.0294303192928876,0.00999999999999801
55.3,0.1274299662820179,-0.0576228113383726,9.719909303861144,-0.0189712738743661,0.0094975905925416,0.0292278473145748,0.00999999999999801
55.31,0.1312937592092509,-0.0593882476157285,9.717528842819569,-0.0189070091032427,0.00978168008229,0.0290246446416015,0.010000000000005116
55.32,0.1351491493807094,-0.0611515459225842,9.71518536900793,-0.0188408536469647,0.0100647914121815,0.0288207163540239,0.00999999999999801
55.33,0.1389958900527417,-0.062912642780391,9.712879819784511,-0.0187728141210227,0.0103468962713191,0.0286160675500385,0.00999999999999801
55.34,0.1428337350352544,-0.0646714747898523,9.71061311733826,-0.0187028973293126,0.0106279664494521,0.0284107033458547,0.010000000000005116
55.35,0.1466624387074754,-0.0664279786332057,9.708386168319931,-0.0186311102634552,0.0109079738397966,0.028204628875567,0.00999999999999801
55.36,0.1504817560336831,-0.0681820910765024,9.706199863479444,-0.0185574601020974,0.0111868904418471,0.0279978492910265,0.00999999999999801
55.370000000000005,0.154291442578869,-0.0699337489718841,9.70405507730958,-0.0184819542101938,0.011464688364176,0.0277903697617117,0.010000000000005116
55.38,0.1580912545243911,-0.0716828892598557,9.701952667696212,-0.0184046001382708,0.0117413398272221,0.0275821954746005,0.00999999999999801
55.39,0.1618809486835888,-0.0734294489715556,9.699893475575154,-0.0183254056216711,0.0120168171660699,0.027373331634039,0.00999999999999801
55.4,0.1656602825173226,-0.0751733652310208,9.697878324595798,-0.0182443785797803,0.0122910928332151,0.0271637834616123,0.00999999999999801
55.41,0.1694290141495239,-0.0769145752574606,9.695908020791668,-0.0181615271152352,0.0125641394013198,0.0269535561960138,0.00999999999999801
55.42,0.1731869023826513,-0.0786530163674958,9.693983352258016,-0.0180768595131131,0.0128359295659541,0.0267426550929143,0.010000000000005116
55.43,0.1769337067131372,-0.0803886259774342,9.692105088836591,-0.0179903842401037,0.0131064361483285,0.0265310854248303,0.00999999999999801
55.44,0.18066918734679,-0.0821213416055215,9.690273981807724,-0.0179021099436622,0.01337563209801,0.0263188524809925,0.00999999999999801
55.45,0.1843931052141209,-0.0838511008741821,9.688490763589805,-0.0178120454511447,0.0136434904956282,0.0261059615672133,0.010000000000005116
55.46,0.1881052219856542,-0.0855778415122631,9.68675614744635,-0.0177201997689254,0.0139099845555662,0.0258924180057548,0.00999999999999801
55.47,0.1918053000871901,-0.0873015013572941,9.685070827200686,-0.017626582081496,0.0141750876286403,0.0256782271351947,0.00999999999999801
55.48,0.1954931027149899,-0.0890220183577067,9.683435476958442,-0.0175312017505472,0.0144387732047642,0.0254633943102935,0.00999999999999801
55.49,0.1991683938509408,-0.0907393305750688,9.68185075083791,-0.0174340683140327,0.0147010149155997,0.0252479249018609,0.010000000000005116
55.5,0.2028309382776711,-0.0924533761863321,9.68031728270841,-0.0173351914852151,0.0149617865371945,0.0250318242966207,0.00999999999999801
55.51,0.2064805015935813,-0.0941640934860376,9.678835685936743,-0.017234581151695,0.0152210619926037,0.0248150978970769,0.00999999999999801
55.52,0.2101168502278712,-0.0958714208885473,9.677406553141871,-0.0171322473744217,0.015478815354498,0.0245977511213779,0.010000000000005116
55.53,0.2137397514554663,-0.0975752969302592,9.676030455957854,-0.0170282003866879,0.0157350208477556,0.0243797894031822,0.00999999999999801
55.54,0.2173489734119214,-0.0992756602718196,9.674707944805215,-0.0169224505931055,0.0159896528520409,0.0241612181915212,0.00999999999999801
55.55,0.2209442851082696,-0.1009724497003321,9.673439548670784,-0.0168150085685657,0.0162426859043658,0.0239420429506636,0.00999999999999801
55.56,0.2245254564457863,-0.1026656041315603,9.672225774896102,-0.0167058850571816,0.0164940947016357,0.0237222691599794,0.010000000000005116
55.57,0.2280922582307252,-0.1043550626121277,9.671067108974498,-0.0165950909712133,0.0167438541031804,0.0235019023138017,0.00999999999999801
55.58,0.2316444621889927,-0.1060407643217114,9.669964014356893,-0.0164826373899771,0.016991939133268,0.0232809479212903,0.00999999999999801
55.59,0.2351818409807542,-0.1077226485752318,9.668916932266418,-0.0163685355587373,0.0172383249836023,0.0230594115062932,0.010000000000005116
55.6,0.2387041682149618,-0.1094006548250376,9.667926281521956,-0.0162527968875821,0.0174829870158033,0.0228372986072096,0.00999999999999801
55.61,0.2422112184638813,-0.111074722663085,9.666992458370595,-0.0161354329502821,0.0177259007638719,0.0226146147768503,0.00999999999999801
55.620000000000005,0.2457027672774998,-0.1127447918231125,9.666115836329144,-0.0160164554831331,0.0179670419366357,0.0223913655822992,0.010000000000005116
55.63,0.2491785911978727,-0.1144108021828109,9.66529676603473,-0.0158958763837829,0.0182063864201782,0.022167556604775,0.00999999999999801
55.64,0.2526384677734619,-0.1160726937659869,9.664535575104551,-0.0157737077100409,0.0184439102802507,0.0219431934394902,0.00999999999999801
55.65,0.2560821755733502,-0.1177304067447233,9.663832568004834,-0.0156499616786726,0.0186795897646649,0.0217182816955123,0.00999999999999801
55.66,0.2595094942014111,-0.1193838814415317,9.66318802592904,-0.0155246506641779,0.0189134013056692,0.021492826995623,0.00999999999999801
55.67,0.2629202043104191,-0.1210330583315017,9.662602206685408,-0.015397787197554,0.0191453215223038,0.0212668349761783,0.010000000000005116
55.68,0.2663140876160975,-0.1226778780444433,9.662075344593823,-0.0152693839650418,0.0193753272227406,0.021040311286967,0.00999999999999801
55.69,0.2696909269110672,-0.1243182813670225,9.661607650392098,-0.0151394538068576,0.0196033954066012,0.0208132615910693,0.00999999999999801
55.7,0.2730505060787718,-0.1259542092449028,9.66119931115168,-0.0150080097159087,0.0198295032672574,0.0205856915647157,0.010000000000005116
55.71,0.2763926101072885,-0.1275856027848513,9.660850490202815,-0.014875064836495,0.0200536281941112,0.0203576068971453,0.00999999999999801
55.72,0.2797170251030971,-0.1292124032568769,9.660561327069235,-0.0147406324629935,0.0202757477748569,0.0201290132904627,0.00999999999999801
55.73,0.2830235383047786,-0.1308345520963441,9.660331937412344,-0.0146047260385294,0.0204958397977217,0.0198999164594961,0.00999999999999801
55.74,0.2863119380966137,-0.1324519909060639,9.660162412984937,-0.0144673591536321,0.0207138822536864,0.0196703221316547,0.010000000000005116
55.75,0.2895820140221354,-0.134064661458414,9.660052821594528,-0.0143285455448756,0.0209298533386872,0.0194402360467845,0.00999999999999801
55.76,0.2928335567976063,-0.1356725056974325,9.660003207076212,-0.0141882990935049,0.0211437314557956,0.0192096639570256,0.00999999999999801
55.77,0.2960663583253958,-0.1372754657409004,9.660013589275136,-0.0140466338240484,0.0213554952173783,0.0189786116266681,0.010000000000005116
55.78,0.2992802117073068,-0.1388734838824236,9.660083964038556,-0.0139035639029151,0.0215651234472353,0.0187470848320085,0.00999999999999801
55.79,0.3024749112578254,-0.1404665025935272,9.660214303217508,-0.0137591036369777,0.0217725951827185,0.0185150893612046,0.00999999999999801
55.8,0.3056502525172681,-0.1420544645257097,9.660404554678056,-0.0136132674721424,0.0219778896768273,0.0182826310141309,0.00999999999999801
55.81,0.3088060322648752,-0.1436373125125073,9.660654642322154,-0.0134660699919044,0.0221809864002831,0.0180497156022341,0.010000000000005116
55.82,0.3119420485318257,-0.1452149895715692,9.66096446611808,-0.0133175259158888,0.022381865043583,0.0178163489483874,0.00999999999999801
55.83,0.3150581006141434,-0.1467874389066897,9.66133390214044,-0.0131676500983796,0.02258050551903,0.0175825368867449,0.00999999999999801
55.84,0.3181539890855642,-0.1483546039098626,9.66176280261976,-0.0130164575268334,0.0227768879627423,0.0173482852625958,0.010000000000005116
55.85,0.3212295158102798,-0.1499164281633171,9.662250996001562,-0.0128639633203816,0.0229709927366389,0.0171135999322189,0.00999999999999801
55.86,0.324284483955627,-0.1514728554415486,9.662798287015002,-0.0127101827283178,0.0231628004304042,0.016878486762735,0.00999999999999801
55.870000000000005,0.3273186980046926,-0.1530238297133432,9.663404456750971,-0.0125551311285728,0.0233522918634289,0.016642951631961,0.010000000000005116
55.88,0.3303319637688103,-0.1545692951437947,9.664069262749663,-0.0123988240261776,0.0235394480867273,0.0164070004282631,0.00999999999999801
55.89,0.3333240883999974,-0.1561091960963146,9.664792439097535,-0.0122412770517121,0.0237242503848331,0.0161706390504091,0.00999999999999801
55.9,0.3362948804033012,-0.1576434771346347,9.665573696533691,-0.0120825059597425,0.0239066802776706,0.0159338734074211,0.00999999999999801
55.91,0.3392441496490528,-0.1591720830248034,9.66641272256558,-0.0119225266272455,0.0240867195224027,0.0156967094184275,0.00999999999999801
55.92,0.3421717073850168,-0.1606949587371739,9.667309181593968,-0.0117613550520213,0.0242643501152545,0.0154591530125162,0.010000000000005116
55.93,0.3450773662485025,-0.1622120494483848,9.6682627150472,-0.011599007351093,0.0244395542933151,0.0152212101285848,0.00999999999999801
55.94,0.347960940278337,-0.1637233005433344,9.669272941524609,-0.0114354997590954,0.0246123145363126,0.0149828867151929,0.00999999999999801
55.95,0.3508222449267641,-0.1652286576171466,9.67033945694907,-0.0112708486266513,0.0247826135683667,0.0147441887304134,0.010000000000005116
55.96,0.3536610970712605,-0.1667280664771293,9.671461834728635,-0.0111050704187371,0.0249504343597161,0.0145051221416836,0.00999999999999801
55.97,0.3564773150262629,-0.1682214731447253,9.672639625927165,-0.0109381817130351,0.0251157601284213,0.0142656929256558,0.00999999999999801
55.98,0.3592707185547809,-0.1697088238574561,9.67387235944387,-0.0107701991982769,0.0252785743420436,0.0140259070680477,0.00999999999999801
55.99,0.3620411288799398,-0.1711900650708566,9.675159542201786,-0.010601139672574,0.025438860719297,0.0137857705634936,0.010000000000005116
56.0,0.3647883686964291,-0.1726651434604029,9.676500659344976,-0.0104310200417382,0.0255966032316775,0.0135452894153934,0.00999999999999801
56.01,0.3675122621818338,-0.1741340059234308,9.677895174444458,-0.0102598573175907,0.0257517861050652,0.0133044696357633,0.00999999999999801
56.02,0.3702126350079051,-0.1755965995810554,9.67934252971279,-0.0100876686162611,0.0259043938213022,0.0130633172450851,0.010000000000005116
56.03,0.3728893143517015,-0.1770528717800577,9.68084214622716,-0.0099144711564764,0.026054411119744,0.0128218382721563,0.00999999999999801
56.04,0.3755421289066563,-0.1785027700947959,9.682393424160956,-0.0097402822578381,0.0262018229987857,0.0125800387539385,0.00999999999999801
56.05,0.3781709088935482,-0.1799462423290924,9.683995743023692,-0.0095651193390908,0.0263466147173624,0.0123379247354068,0.00999999999999801
56.06,0.380775486071353,-0.1813832365180975,9.685648461909182,-0.0093889999163806,0.0264887717964227,0.0120955022693996,0.010000000000005116
56.07,0.383355693748018,-0.1828137009301756,9.687350919751909,-0.0092119416015029,0.0266282800203773,0.0118527774164656,0.00999999999999801
56.08,0.3859113667911372,-0.1842375840687658,9.689102435591437,-0.0090339621001416,0.02676512543852,0.0116097562447136,0.00999999999999801
56.09,0.3884423416385059,-0.1856548346742288,9.690902308844784,-0.0088550792100984,0.0268992943664231,0.0113664448296599,0.010000000000005116
56.1,0.3909484563085955,-0.187065401725691,9.692749819586645,-0.0086753108195136,0.0270307733873055,0.0111228492540776,0.00999999999999801
56.11,0.3934295504109271,-0.1884692344428957,9.694644228837353,-0.0084946749050763,0.0271595493533747,0.0108789756078433,0.00999999999999801
56.120000000000005,0.3958854651563226,-0.1898662822880167,9.696584778858472,-0.0083131895302271,0.0272856093871416,0.0106348299877853,0.010000000000005116
56.13,0.3983160433670747,-0.1912564949674776,9.698570693455864,-0.0081308728433528,0.0274089408827076,0.0103904184975316,0.00999999999999801
56.14,0.4007211294870116,-0.192639822433777,9.70060117829017,-0.0079477430759697,0.027529531507026,0.0101457472473567,0.00999999999999801
56.15,0.4031005695914385,-0.1940162148872739,9.70267542119453,-0.0077638185409022,0.027647369201135,0.009900822354029,0.00999999999999801
56.16,0.4054542113970049,-0.1953856227779886,9.704792592499436,-0.0075791176304503,0.0277624421813633,0.0096556499406579,0.00999999999999801
56.17,0.4077819042714367,-0.1967479968073849,9.706951845364594,-0.0073936588145514,0.0278747389405087,0.0094102361365414,0.010000000000005116
56.18,0.4100834992431823,-0.1981032879301448,9.709152316117647,-0.0072074606389324,0.0279842482489889,0.0091645870770116,0.00999999999999801
56.19,0.4123588490109513,-0.1994514473559344,9.71139312459964,-0.0070205417232557,0.0280909591559643,0.0089187089032822,0.00999999999999801
56.2,0.414607807953139,-0.20079242655116,9.713673374517052,-0.006832920759257,0.0281948609904332,0.0086726077622946,0.010000000000005116
56.21,0.416830232137133,-0.2021261772407152,9.715992153800316,-0.0066446165088765,0.0282959433622987,0.0084262898065647,0.00999999999999801
56.22,0.4190259793285479,-0.2034526514097193,9.71834853496864,-0.0064556478023824,0.0283941961634079,0.0081797611940286,0.00999999999999801
56.23,0.421194909000317,-0.2047718013052456,9.720741575500975,-0.0062660335364875,0.0284896095685625,0.0079330280878885,0.00999999999999801
56.24,0.4233368823416736,-0.2060835794380403,9.723170318213011,-0.0060757926724608,0.0285821740365014,0.0076860966564595,0.010000000000005116
56.25,0.4254517622670592,-0.2073879385842321,9.72563379164005,-0.0058849442342301,0.0286718803108551,0.0074389730730145,0.00999999999999801
56.26,0.4275394134248821,-0.2086848317870328,9.728131010425562,-0.00569350730648,0.0287587194210709,0.00719166351563,0.00999999999999801
56.27,0.4295997022061789,-0.2099742123584271,9.730660975715336,-0.0055015010327436,0.0288426826833101,0.0069441741670321,0.010000000000005116
56.28,0.4316324967531691,-0.2112560338808537,9.733222675556982,-0.0053089446134888,0.0289237617013165,0.0066965112144418,0.00999999999999801
56.29,0.4336376669676991,-0.2125302502088762,9.73581508530472,-0.0051158573041966,0.0290019483672557,0.00644868084942,0.00999999999999801
56.3,0.4356150845195579,-0.2137968154708444,9.73843716802922,-0.0049222584134371,0.0290772348625265,0.0062006892677126,0.00999999999999801
56.31,0.4375646228546953,-0.2150556840705456,9.741087874932347,-0.0047281673009383,0.029149613658542,0.0059525426690966,0.010000000000005116
56.32,0.4394861572033267,-0.2163068106888464,9.743766145766688,-0.0045336033756495,0.0292190775174828,0.005704247257224,0.00999999999999801
56.33,0.4413795645879065,-0.2175501502853219,9.746470909259614,-0.0043385860938012,0.0292856194930211,0.005455809239467,0.00999999999999801
56.34,0.4432447238310115,-0.2187856580998856,9.749201083541791,-0.0041431349569588,0.0293492329310147,0.005207234826763,0.010000000000005116
56.35,0.4450815155630852,-0.2200132896543849,9.751955576579917,-0.0039472695100734,0.0294099114701727,0.0049585302334597,0.00999999999999801
56.36,0.4468898222300821,-0.2212330007542167,9.754733286613488,-0.0037510093395264,0.029467649042692,0.0047097016771588,0.00999999999999801
56.370000000000005,0.448669528100996,-0.2224447474899174,9.757533102595538,-0.0035543740711711,0.0295224398748632,0.0044607553785612,0.010000000000005116
56.38,0.4504205192752568,-0.223648486238731,9.760353904636998,-0.0033573833683709,0.029574278487649,0.0042116975613115,0.00999999999999801
56.39,0.4521426836900258,-0.2248441736661925,9.763194564454666,-0.0031600569300316,0.0296231596972311,0.0039625344518422,0.00999999999999801
56.4,0.4538359111273711,-0.2260317667276867,9.766053945822486,-0.0029624144886327,0.0296690786155293,0.003713272279218,0.00999999999999801
56.41,0.4555000932213133,-0.2272112226699914,9.76893090502604,-0.0027644758082534,0.0297120306506902,0.00346391727498,0.00999999999999801
56.42,0.4571351234647648,-0.2283824990328161,9.771824291320002,-0.0025662606825972,0.029752011507546,0.0032144756729908,0.010000000000005116
56.43,0.4587408972163513,-0.2295455536503422,9.774732947388433,-0.0023677889330113,0.0297890171880442,0.0029649537092771,0.00999999999999801
56.44,0.4603173117070976,-0.2307003446527278,9.777655709807688,-0.0021690804065052,0.0298230439916477,0.0027153576218752,0.00999999999999801
56.45,0.4618642660470174,-0.2318468304676215,9.780591409511768,-0.0019701549737659,0.0298540885157046,0.0024656936506739,0.010000000000005116
56.46,0.4633816612315596,-0.2329849698216578,9.783538872259934,-0.0017710325271711,0.0298821476557882,0.00221596803726,0.00999999999999801
56.47,0.4648694001479488,-0.2341147217419429,9.786496919106384,-0.0015717329787995,0.0299072186060079,0.0019661870247605,0.00999999999999801
56.48,0.466327387581405,-0.2352360455575296,9.789464366871826,-0.0013722762584396,0.0299292988592896,0.0017163568576877,0.00999999999999801
56.49,0.4677555302212287,-0.2363489009008817,9.79244002861671,-0.0011726823115976,0.0299483862076264,0.0014664837817829,0.010000000000005116
56.5,0.4691537366667772,-0.237453247709327,9.79542271411602,-0.0009729710975017,0.0299644787422993,0.0012165740438601,0.00999999999999801
56.51,0.4705219174333165,-0.2385490462264997,9.79841123033532,-0.0007731625871068,0.0299775748540683,0.0009666338916495,0.00999999999999801
56.52,0.4718599849577469,-0.2396362570037715,9.801404381907972,-0.0005732767610974,0.0299876732333331,0.0007166695736417,0.010000000000005116
56.53,0.4731678536041989,-0.2407148409016719,9.804400971613257,-0.0003733336078897,0.0299947728702643,0.0004666873389321,0.00999999999999801
56.54,0.4744454396695279,-0.241784759091297,9.80739980085524,-0.0001733531216324,0.029998873054904,0.0002166934370634,0.00999999999999801
56.55,0.4756926613886639,-0.2428459730557075,9.810399670142214,2.6644699792788588e-05,0.0299999733772371,-3.3305882130108225e-05,0.00999999999999801
56.56,0.4769094389398383,-0.2438984445913153,9.81339937956646,0.00022663985677,0.0299980737272325,-0.0002833043686781,0.010000000000005116
56.57,0.4780956944497053,-0.2449421358092589,9.816397729284205,0.0004266123499505,0.0299931742948534,-0.0005332957726317,0.00999999999999801
56.58,0.4792513519983182,-0.245977009136767,9.819393519995533,0.0006265421822515,0.0299852755700391,-0.0007832738442188,0.00999999999999801
56.59,0.4803763376239873,-0.2470030273185117,9.822385553424112,0.0008264093608565,0.0299743783426554,-0.0010332323340007,0.010000000000005116
56.6,0.4814705793280155,-0.2480201534179493,9.82537263279646,0.0010261938992139,0.029960483702416,-0.0012831649930279,0.00999999999999801
56.61,0.4825340070793094,-0.2490283508186498,9.828353563320654,0.0012258758190366,0.0299435930387733,-0.0015330655729971,0.00999999999999801
56.620000000000005,0.4835665528188548,-0.2500275832256161,9.831327152664231,0.0014254351522991,0.0299237080407797,-0.0017829278264071,0.010000000000005116
56.63,0.4845681504640758,-0.251017814666589,9.834292211431102,0.0016248519432341,0.0299008306969184,-0.002032745506714,0.00999999999999801
56.64,0.485538735913067,-0.251999009493344,9.83724755363729,0.0018241062503288,0.0298749632949046,-0.0022825123684892,0.00999999999999801
56.65,0.4864782470486892,-0.2529711323829718,9.84019199718532,0.0020231781483186,0.0298461084214571,-0.002532222167574,0.00999999999999801
56.66,0.4873866237425518,-0.253934148339157,9.843124364337031,0.0022220477301796,0.029814268962039,-0.0027818686612367,0.00999999999999801
56.67,0.488263807858856,-0.2548880226934257,9.84604348218466,0.0024206951091192,0.02977944810057,-0.0030314456083275,0.010000000000005116
56.68,0.4891097432581167,-0.2558327211064042,9.848948183119989,0.0026191004205651,0.029741649319107,-0.0032809467694361,0.00999999999999801
56.69,0.4899243758007588,-0.2567682095690539,9.851837305301368,0.0028172438241515,0.0297008763974967,-0.0035303659070463,0.00999999999999801
56.7,0.4907076533505767,-0.2576944544038912,9.854709693118457,0.0030151055057033,0.0296571334129973,-0.0037796967856929,0.010000000000005116
56.71,0.4914595257780741,-0.2586114222661986,9.857564197654412,0.003212665679217,0.0296104247398708,-0.0040289331721165,0.00999999999999801
56.72,0.4921799449636735,-0.2595190801452356,9.86039967714549,0.00340990458884,0.0295607550489456,-0.0042780688354206,0.00999999999999801
56.73,0.4928688648007923,-0.2604173953654165,9.863214997437696,0.0036068025108459,0.0295081293071494,-0.0045270975472269,0.00999999999999801
56.74,0.4935262411987954,-0.2613063355874871,9.86600903244045,0.0038033397556062,0.0294525527770125,-0.0047760130818301,0.010000000000005116
56.75,0.494152032085819,-0.2621858688096987,9.868780664577006,0.0039994966695603,0.0293940310161416,-0.0050248092163549,0.00999999999999801
56.76,0.4947461974114587,-0.2630559633689491,9.871528785231463,0.0041952536371804,0.029332569876664,-0.0052734797309111,0.00999999999999801
56.77,0.4953086991493377,-0.2639165879419283,9.874252295192202,0.0043905910829329,0.0292681755046425,-0.0055220184087489,0.010000000000005116
56.78,0.4958395012995361,-0.2647677115462445,9.876950105091549,0.0045854894732359,0.0292008543394606,-0.0057704190364138,0.00999999999999801
56.79,0.4963385698908971,-0.26560930354154,9.879621135841512,0.0047799293184127,0.0291306131131787,-0.0060186754039034,0.00999999999999801
56.8,0.496805872983202,-0.2664413336305937,9.882264319065412,0.0049738911746411,0.0290574588498609,-0.0062667813048216,0.00999999999999801
56.81,0.497241380669212,-0.2672637718604124,9.884878597525194,0.0051673556458968,0.0289813988648726,-0.0065147305365333,0.010000000000005116
56.82,0.4976450650765834,-0.2680765886233085,9.887462925544336,0.005360303385894,0.0289024407641489,-0.006762516900321,0.00999999999999801
56.83,0.4980169003696526,-0.2688797546579664,9.890016269426084,0.0055527151000195,0.0288205924434341,-0.0070101342015383,0.00999999999999801
56.84,0.4983568627510881,-0.2696732410504956,9.892537607866933,0.0057445715472624,0.0287358620874919,-0.0072575762497659,0.010000000000005116
56.85,0.4986649304634123,-0.2704570192354717,9.89502593236512,0.0059358535421376,0.0286482581692876,-0.0075048368589651,0.00999999999999801
56.86,0.4989410837903976,-0.2712310609969646,9.897480247624026,0.0061265419566051,0.0285577894491398,-0.0077519098476336,0.00999999999999801
56.870000000000005,0.4991853050583256,-0.2719953384695546,9.899899571950272,0.0063166177219825,0.0284644649738451,-0.00799878903896,0.010000000000005116
56.88,0.4993975786371176,-0.2727498241393351,9.90228293764638,0.0065060618308514,0.0283682940757733,-0.0082454682609767,0.00999999999999801
56.89,0.4995778909413375,-0.2734944908449035,9.904629391397853,0.0066948553389589,0.0282692863719342,-0.0084919413467164,0.00999999999999801
56.9,0.4997262304310596,-0.2742293117783389,9.906937994654474,0.0068829793671116,0.0281674517630156,-0.0087382021343647,0.00999999999999801
56.91,0.4998425876126069,-0.274954260486167,9.909207824005726,0.0070704151030634,0.0280628004323933,-0.0089842444674149,0.00999999999999801
56.92,0.4999269550391595,-0.2756693108703126,9.911437971550129,0.0072571438033968,0.0279553428451135,-0.0092300621948212,0.010000000000005116
56.93,0.4999793273112311,-0.2763744371890391,9.913627545258397,0.0074431467953975,0.0278450897468452,-0.0094756491711534,0.00999999999999801
56.94,0.4999997010770139,-0.2770696140578744,9.915775669330245,0.0076284054789213,0.0277320521628064,-0.0097209992567498,0.00999999999999801
56.95,0.4999880750325941,-0.2777548164505288,9.917881484544685,0.0078129013282542,0.0276162413966612,-0.0099661063178713,0.010000000000005116
56.96,0.4999444499220343,-0.2784300196997876,9.919944148603705,0.0079966158939649,0.0274976690293899,-0.0102109642268537,0.00999999999999801
56.97,0.499868828537327,-0.2790951994984068,9.921962836469188,0.0081795308047501,0.0273763469181303,-0.0104555668622622,0.00999999999999801
56.98,0.4997612157182147,-0.2797503318999879,9.923936740692902,0.0083616277692712,0.0272522871949923,-0.010699908109044,0.00999999999999801
56.99,0.4996216183518812,-0.2803953933198328,9.925865071739471,0.0085428885779832,0.0271255022658451,-0.0109439818586801,0.010000000000005116
57.0,0.4994500453725105,-0.2810303605358001,9.927747058302195,0.0087232951049564,0.0269960048090758,-0.0111877820093398,0.00999999999999801
57.01,0.4992465077607144,-0.2816552106891401,9.92958194761154,0.0089028293096886,0.0268638077743222,-0.0114313024660319,0.00999999999999801
57.02,0.4990110185428307,-0.2822699212853148,9.931369005736244,0.0090814732389089,0.0267289243811775,-0.0116745371407579,0.010000000000005116
57.03,0.4987435927900892,-0.2828744701948069,9.933107517876882,0.0092592090283731,0.0265913681178688,-0.0119174799526633,0.00999999999999801
57.04,0.4984442476176464,-0.283468835653923,9.934796788651784,0.0094360189046504,0.0264511527399077,-0.0121601248281906,0.00999999999999801
57.05,0.4981130021834912,-0.2840529962655709,9.93643614237516,0.0096118851869007,0.0263082922687151,-0.0124024657012306,0.00999999999999801
57.06,0.4977498776872189,-0.2846269310000296,9.938024923327378,0.0097867902886421,0.0261628009902192,-0.012644496513274,0.010000000000005116
57.07,0.4973548973686725,-0.2851906191957126,9.93956249601724,0.0099607167195102,0.0260146934534265,-0.012886211213563,0.00999999999999801
57.08,0.4969280865064583,-0.2857440405599052,9.941048245436171,0.0101336470870069,0.0258639844689674,-0.0131276037592429,0.00999999999999801
57.09,0.4964694724163251,-0.2862871751694978,9.94248157730422,0.0103055640982398,0.0257106891076145,-0.0133686681155127,0.010000000000005116
57.1,0.4959790844494184,-0.2868200034717034,9.94386191830774,0.0104764505616506,0.0255548226987764,-0.0136093982557757,0.00999999999999801
57.11,0.4954569539904013,-0.2873425062847605,9.94518871632874,0.0106462893887356,0.0253964008289641,-0.0138497881617912,0.00999999999999801
57.120000000000005,0.4949031144554439,-0.2878546647986243,9.9464614406657,0.0108150635957538,0.0252354393402324,-0.0140898318238241,0.010000000000005116
57.13,0.4943176012900879,-0.2883564605756437,9.947679582245858,0.0109827563054247,0.0250719543285962,-0.0143295232407951,0.00999999999999801
57.14,0.4937004519669766,-0.2888478755512247,9.948842653828818,0.0111493507486174,0.0249059621424204,-0.0145688564204314,0.00999999999999801
57.15,0.4930517059834555,-0.2893288920344815,9.949950190201458,0.0113148302660264,0.0247374793807853,-0.014807825379416,0.00999999999999801
57.16,0.4923714048590449,-0.2897994927088724,9.951001748363996,0.0114791783098378,0.0245665228918264,-0.0150464241435375,0.00999999999999801
57.17,0.491659592132787,-0.2902596606328242,9.951996907707183,0.0116423784453841,0.0243931097710505,-0.015284646747839,0.010000000000005116
57.18,0.490916313360452,-0.2907093792403412,9.95293527018056,0.0118044143527878,0.0242172573596251,-0.0155224872367678,0.00999999999999801
57.19,0.490141616111627,-0.2911486323416021,9.953816460451636,0.0119652698285932,0.0240389832426446,-0.0157599396643241,0.00999999999999801
57.2,0.4893355499666723,-0.2915774041235427,9.954640126056065,0.0121249287873869,0.0238583052473722,-0.0159969980942099,0.010000000000005116
57.21,0.4884981665135465,-0.2919956791504253,9.955405937538576,0.0122833752634058,0.0236752414414571,-0.0162336565999763,0.00999999999999801
57.22,0.4876295193445035,-0.2924034423643939,9.956113588584795,0.0124405934121344,0.023489810131127,-0.0164699092651731,0.00999999999999801
57.23,0.4867296640526662,-0.2928006790860169,9.956762796143735,0.0125965675118891,0.0233020298593586,-0.0167057501834964,0.00999999999999801
57.24,0.4857986582284671,-0.2931873750148152,9.957353300541028,0.0127512819653896,0.0231119194040226,-0.016941173458935,0.010000000000005116
57.25,0.4848365614559595,-0.2935635162297773,9.957884865582788,0.0129047213013196,0.0229194977760061,-0.0171761732059194,0.00999999999999801
57.26,0.4838434353090101,-0.2939290891898594,9.958357278650087,0.0130568701758734,0.0227247842173115,-0.0174107435494683,0.00999999999999801
57.27,0.4828193433473516,-0.2942840807344759,9.958770350784,0.0132077133742904,0.0225277981991322,-0.0176448786253354,0.010000000000005116
57.28,0.4817643511125208,-0.2946284780839681,9.959123916761174,0.0133572358123762,0.0223285594199063,-0.0178785725801558,0.00999999999999801
57.29,0.4806785261236616,-0.2949622688400687,9.959417835159936,0.0135054225380118,0.0221270878033455,-0.0181118195715928,0.00999999999999801
57.3,0.4795619378732008,-0.2952854409863478,9.959651988416846,0.0136522587326481,0.0219234034964434,-0.018344613768484,0.00999999999999801
57.31,0.4784146578224063,-0.2955979828886417,9.959826282873722,0.013797729712788,0.0217175268674613,-0.0185769493509863,0.010000000000005116
57.32,0.4772367593968106,-0.2958998832954759,9.959940648815106,0.0139418209314546,0.0215094785038902,-0.0188088205107224,0.00999999999999801
57.33,0.476028317981509,-0.2961911313384689,9.959995040496146,0.0140845179796463,0.0212992792103933,-0.0190402214509253,0.00999999999999801
57.34,0.4747894109163405,-0.2964717165327227,9.959989436160896,0.0142258065877771,0.0210869500067246,-0.0192711463865837,0.010000000000005116
57.35,0.4735201174909356,-0.2967416287771996,9.959923838051012,0.0143656726271038,0.0208725121256277,-0.0195015895445861,0.00999999999999801
57.36,0.472220518939638,-0.2970008583550889,9.959798272404868,0.0145041021111392,0.0206559870107119,-0.0197315451638655,0.00999999999999801
57.370000000000005,0.4708906984363125,-0.2972493959341536,9.959612789447045,0.0146410811970503,0.0204373963143082,-0.0199610074955437,0.010000000000005116
57.38,0.4695307410890187,-0.2974872325670671,9.95936746336825,0.0147765961870425,0.0202167618953043,-0.020189970803074,0.00999999999999801
57.39,0.46814073393456,-0.2977143596917371,9.959062392295651,0.0149106335297297,0.0199941058169582,-0.0204184293623858,0.00999999999999801
57.4,0.4667207659329225,-0.2979307691316113,9.958697698253603,0.0150431798214894,0.019769450344692,-0.020646377462027,0.00999999999999801
57.41,0.4652709279615711,-0.2981364530959732,9.958273527114867,0.0151742218078031,0.0195428179438657,-0.0208738094033071,0.00999999999999801
57.42,0.4637913128096422,-0.2983314041802224,9.957790048542238,0.015303746384581,0.0193142312775308,-0.0211007195004391,0.010000000000005116
57.43,0.462282015172002,-0.2985156153661408,9.9572474559207,0.0154317405994735,0.0190837132041633,-0.0213271020806826,0.00999999999999801
57.44,0.4607431316431827,-0.2986890800221457,9.956645966280066,0.0155581916531658,0.0188512867753784,-0.0215529514844849,0.00999999999999801
57.45,0.4591747607112021,-0.2988517919035282,9.955985820208172,0.015683086900658,0.0186169752336252,-0.0217782620656228,0.010000000000005116
57.46,0.4575770027512701,-0.2990037451526781,9.955267281754647,0.0158064138525293,0.0183808020098629,-0.0220030281913432,0.00999999999999801
57.47,0.455949960019348,-0.2991449342992949,9.954490638325296,0.0159281601761872,0.0181427907212168,-0.0222272442425048,0.00999999999999801
57.48,0.4542937366456123,-0.2992753542605845,9.953656200567124,0.0160483136971011,0.0179029651686174,-0.0224509046137181,0.00999999999999801
57.49,0.4526084386277995,-0.2993950003414424,9.95276430224412,0.0161668624000187,0.0176613493344205,-0.0226740037134853,0.010000000000005116
57.5,0.4508941738244046,-0.2995038682346226,9.951815300103716,0.0162837944301686,0.0174179673800078,-0.0228965359643405,0.00999999999999801
57.51,0.4491510519477882,-0.2996019540208928,9.950809573734116,0.0163990980944454,0.017172843643372,-0.0231184958029892,0.00999999999999801
57.52,0.4473791845571571,-0.2996892541691752,9.949747525412455,0.0165127618625786,0.0169260026366824,-0.023339877680447,0.010000000000005116
57.53,0.445578685051421,-0.2997657655366739,9.94862957994391,0.016624774368286,0.0166774690438342,-0.0235606760621783,0.00999999999999801
57.54,0.4437496686619306,-0.299831485368988,9.947456184491756,0.0167351244104106,0.0164272677179795,-0.0237808854282352,0.00999999999999801
57.55,0.441892252445112,-0.2998864113002105,9.946227808398527,0.0168438009540401,0.0161754236790422,-0.0240005002733951,0.00999999999999801
57.56,0.4400065552749709,-0.299930541353014,9.944944942998289,0.0169507931316106,0.0159219621112166,-0.024219515107298,0.010000000000005116
57.57,0.438092697835479,-0.2999638739387211,9.943608101420091,0.0170560902439935,0.0156669083604481,-0.0244379244545847,0.00999999999999801
57.58,0.4361508026128627,-0.2999864078573626,9.942217818382744,0.0171596817615654,0.0154102879318994,-0.0246557228550328,0.00999999999999801
57.59,0.4341809938877499,-0.2999981422977197,9.940774649980924,0.0172615573252609,0.0151521264873991,-0.0248729048636939,0.010000000000005116
57.6,0.4321833977272284,-0.2999990768373538,9.939279173462747,0.0173617067476084,0.014892449842877,-0.0250894650510287,0.00999999999999801
57.61,0.4301581419767725,-0.2999892114426216,9.937731986998893,0.0174601200137491,0.0146312839657809,-0.0253053980030439,0.00999999999999801
57.620000000000005,0.4281053562520553,-0.2999685464686762,9.9361337094433,0.0175567872824386,0.0143686549724808,-0.0255206983214272,0.010000000000005116
57.63,0.4260251719306642,-0.2999370826594547,9.934484980085696,0.0176516988870304,0.0141045891256574,-0.0257353606236815,0.00999999999999801
57.64,0.4239177221436877,-0.2998948211476505,9.932786458395832,0.0177448453364432,0.0138391128316753,-0.0259493795432606,0.00999999999999801
57.65,0.421783141767189,-0.2998417634546736,9.931038823759744,0.0178362173161097,0.0135722526379425,-0.0261627497297027,0.00999999999999801
57.66,0.4196215674135856,-0.2997779114905951,9.92924277520798,0.0179258056889081,0.013304035230256,-0.0263754658487643,0.00999999999999801
57.67,0.4174331374229002,-0.2997032675540791,9.927399031136014,0.0180136014960757,0.0130344874301332,-0.0265875225825532,0.010000000000005116
57.68,0.4152179918539013,-0.299617834332299,9.925508329016896,0.0180995959581049,0.0127636361921295,-0.0267989146296624,0.00999999999999801
57.69,0.4129762724751532,-0.2995216149008416,9.92357142510626,0.0181837804756213,0.0124915086011429,-0.0270096367053016,0.00999999999999801
57.7,0.4107081227559269,-0.2994146127235961,9.921589094139849,0.0182661466302432,0.0122181318697056,-0.02721968354143,0.010000000000005116
57.71,0.4084136878570323,-0.2992968316526292,9.919562129023612,0.0183466861854239,0.0119435333352632,-0.0274290498868875,0.00999999999999801
57.72,0.4060931146215219,-0.2991682759280469,9.91749134051658,0.0184253910872748,0.0116677404574402,-0.0276377305075264,0.00999999999999801
57.73,0.4037465515652864,-0.2990289501778413,9.915377556906536,0.0185022534653715,0.0113907808152943,-0.0278457201863422,0.00999999999999801
57.74,0.4013741488675625,-0.2988788594177244,9.913221623678746,0.0185772656335401,0.0111126821045594,-0.0280530137236035,0.010000000000005116
57.75,0.3989760583613154,-0.2987180090509473,9.911024403177754,0.0186504200906264,0.0108334721348746,-0.0282596059369828,0.00999999999999801
57.76,0.3965524335235167,-0.2985464048681059,9.908786774262468,0.0187217095212455,0.0105531788270042,-0.0284654916616855,0.00999999999999801
57.77,0.3941034294653244,-0.2983640530469322,9.906509631954613,0.018791126796514,0.0102718302100451,-0.0286706657505794,0.010000000000005116
57.78,0.391629202922171,-0.2981709601520721,9.904193887080757,0.018858664974762,0.0099894544186251,-0.0288751230743227,0.00999999999999801
57.79,0.3891299122437066,-0.297967133134849,9.901840465907966,0.018924317302228,0.0097060796900877,-0.029078858521493,0.00999999999999801
57.8,0.3866057173836766,-0.2977525793330134,9.899450309773338,0.018988077213734,0.0094217343616695,-0.029281866998715,0.00999999999999801
57.81,0.3840567798896999,-0.2975273064704791,9.897024374707454,0.019049938333342,0.0091364468676667,-0.0294841434307869,0.010000000000005116
57.82,0.3814832628929012,-0.2972913226570447,9.894563631051998,0.0191098944749915,0.0088502457365909,-0.0296856827608087,0.00999999999999801
57.83,0.3788853310974879,-0.2970446363881021,9.892069063071622,0.0191679396431184,0.0085631595883166,-0.0298864799503076,0.00999999999999801
57.84,0.3762631507702101,-0.2967872565443303,9.889541668560256,0.0192240680332542,0.0082752171312191,-0.0300865299793645,0.010000000000005116
57.85,0.3736168897297164,-0.296519192391376,9.886982458442008,0.0192782740326067,0.0079864471593048,-0.0302858278467387,0.00999999999999801
57.86,0.3709467173358051,-0.2962404535795195,9.8843924563668,0.0193305522206211,0.0076968785493299,-0.0304843685699942,0.00999999999999801
57.870000000000005,0.3682528044786006,-0.2959510501433281,9.881772698300932,0.0193808973695222,0.0074065402579139,-0.0306821471856233,0.010000000000005116
57.88,0.3655353235676086,-0.2956509925012942,9.879124232112703,0.0194293044448371,0.0071154613186443,-0.0308791587491706,0.00999999999999801
57.89,0.3627944485206749,-0.2953402914554606,9.876448117153272,0.0194757686058984,0.0068236708391725,-0.0310753983353575,0.00999999999999801
57.9,0.3600303547528719,-0.2950189581910317,9.873745423832942,0.019520285206329,0.0065311979983031,-0.0312708610382045,0.00999999999999801
57.91,0.3572432191652524,-0.294687004275969,9.871017233193005,0.0195628497945057,0.0062380720430763,-0.0314655419711544,0.00999999999999801
57.92,0.3544332201335451,-0.2943444416605791,9.868264636473343,0.0196034581140054,0.0059443222858438,-0.0316594362671937,0.010000000000005116
57.93,0.3516005374967313,-0.2939912826770789,9.865488734675948,0.0196421061040297,0.0056499781013363,-0.0318525390789753,0.00999999999999801
57.94,0.3487453525455279,-0.293627540039153,9.86269063812452,0.0196787898998121,0.005355068923727,-0.0320448455789388,0.00999999999999801
57.95,0.3458678480107998,-0.2932532268414969,9.859871466020373,0.0197135058330034,0.0050596242436876,-0.0322363509594321,0.010000000000005116
57.96,0.3429682080518575,-0.2928683565593468,9.857032345994762,0.0197462504320393,0.0047636736054405,-0.0324270504328301,0.00999999999999801
57.97,0.3400466182446636,-0.2924729430479898,9.854174413657844,0.0197770204224871,0.0044672466038024,-0.0326169392316563,0.00999999999999801
57.98,0.337103265569971,-0.2920670005422696,9.851298812144446,0.0198058127273735,0.0041703728812265,-0.0328060126087006,0.00999999999999801
57.99,0.3341383384013489,-0.2916505436560741,9.848406691656836,0.0198326244674919,0.003873082124838,-0.0329942658371382,0.010000000000005116
58.0,0.3311520264931187,-0.2912235873818047,9.845499209004643,0.0198574529616907,0.0035754040634645,-0.0331816942106483,0.00999999999999801
58.01,0.3281445209682287,-0.2907861470898416,9.842577527142168,0.0198802957271411,0.0032773684646642,-0.0333682930435314,0.00999999999999801
58.02,0.3251160143060004,-0.2903382385279883,9.839642814703192,0.0199011504795858,0.0029790051317484,-0.0335540576708264,0.010000000000005116
58.03,0.3220667003298293,-0.2898798778209043,9.83669624553357,0.0199200151335666,0.002680343900802,-0.0337389834484272,0.00999999999999801
58.04,0.3189967741947716,-0.2894110814695259,9.833738998221682,0.0199368878026341,0.0023814146376992,-0.033923065753199,0.00999999999999801
58.05,0.3159064323750467,-0.2889318663504708,9.830772255627016,0.0199517667995354,0.002082247235117,-0.0341062999830938,0.00999999999999801
58.06,0.3127958726514789,-0.2884422497154317,9.827797204407062,0.0199646506363831,0.0017828716095466,-0.0342886815572654,0.010000000000005116
58.07,0.3096652940988317,-0.2879422491905546,9.82481503454264,0.0199755380248043,0.001483317698301,-0.0344702059161839,0.00999999999999801
58.08,0.306514897073061,-0.2874318827758044,9.82182693886193,0.0199844278760692,0.0011836154565217,-0.0346508685217498,0.00999999999999801
58.09,0.3033448831984956,-0.2869111688443169,9.818834112563364,0.0199913193012002,0.0008837948541828,-0.0348306648574075,0.010000000000005116
58.1,0.3001554553549526,-0.2863801261417373,9.81583775273756,0.0199962116110605,0.0005838858730952,-0.0350095904282578,0.00999999999999801
58.11,0.2969468176647197,-0.2858387737855457,9.8128390578885,0.019999104316423,0.0002839185039069,-0.0351876407611708,0.00999999999999801
58.120000000000005,0.2937191754795082,-0.2852871312643684,9.809839227454134,0.0199999971280199,-1.607725689532967e-05,-0.0353648114048975,0.010000000000005116
58.13,0.2904727353673277,-0.2847252184372764,9.806839461326645,0.0199988899565705,-0.0003160714099851,-0.0355410979301809,0.00999999999999801
58.14,0.2872077050992315,-0.2841530555330711,9.803840959372485,0.0199957829127911,-0.0006160339561973,-0.0357164959298672,0.00999999999999801
58.15,0.2839242936360394,-0.283570663149555,9.800844920952455,0.0199906763073836,-0.0009159348995272,-0.0358910010190154,0.00999999999999801
58.16,0.2806227111149672,-0.2829780622527911,9.79785254444198,0.0199835706510042,-0.0012157442501307,-0.0360646088350077,0.00999999999999801
58.17,0.2773031688361723,-0.2823752741763477,9.794865026751763,0.0199744666542126,-0.0015154320273221,-0.0362373150376572,0.010000000000005116
58.18,0.2739658792492215,-0.2817623206205305,9.791883562849051,0.0199633652274009,-0.0018149682625736,-0.0364091153093182,0.00999999999999801
58.19,0.2706110559395153,-0.281139223651602,9.788909345279649,0.0199502674807025,-0.0021143230025113,-0.0365800053549928,0.00999999999999801
58.2,0.2672389136145942,-0.2805060057009835,9.785943563690928,0.0199351747238813,-0.0024134663119109,-0.0367499809024388,0.010000000000005116
58.21,0.2638496680904192,-0.2798626895644551,9.782987404355984,0.0199180884662002,-0.0027123682766903,-0.0369190377022762,0.00999999999999801
58.22,0.26044353627755,-0.2792092984013283,9.780042049699134,0.0198990104162709,-0.0030109990069023,-0.037087171528094,0.00999999999999801
58.23,0.2570207361672538,-0.2785458557336122,9.77710867782297,0.0198779424818824,-0.0033093286397231,-0.0372543781765552,0.00999999999999801
58.24,0.2535814868175725,-0.2778723854451732,9.774188462037133,0.0198548867698106,-0.0036073273424374,-0.0374206534675023,0.010000000000005116
58.25,0.2501260083392935,-0.2771889117808692,9.771282570389,0.0198298455856075,-0.0039049653154235,-0.0375859932440616,0.00999999999999801
58.26,0.2466545218818538,-0.2764954593456767,9.768392165196484,0.0198028214333707,-0.0042022127951323,-0.0377503933727475,0.00999999999999801
58.27,0.243167249619205,-0.2757920531038084,9.765518402583126,0.0197738170154928,-0.0044990400570635,-0.0379138497435653,0.010000000000005116
58.28,0.2396644147355846,-0.2750787183778156,9.762662432015658,0.0197428352323915,-0.0047954174187381,-0.0380763582701141,0.00999999999999801
58.29,0.2361462414112232,-0.2743554808476687,9.759825395844222,0.0197098791822193,-0.0050913152426669,-0.0382379148896893,0.00999999999999801
58.3,0.232612954808016,-0.2736223665498409,9.75700842884546,0.0196749521605537,-0.0053867039393144,-0.0383985155633839,0.00999999999999801
58.31,0.2290647810551025,-0.2728794018763701,9.75421265776862,0.0196380576600678,-0.0056815539700567,-0.0385581562761892,0.010000000000005116
58.32,0.2255019472343857,-0.2721266135739019,9.75143920088485,0.0195991993701808,-0.0059758358501366,-0.0387168330370959,0.00999999999999801
58.33,0.2219246813660202,-0.2713640287427347,9.748689167539924,0.0195583811766895,-0.0062695201516113,-0.0388745418791931,0.00999999999999801
58.34,0.2183332123937942,-0.2705916748358399,9.745963657710517,0.0195156071613791,-0.0065625775062957,-0.0390312788597682,0.010000000000005116
58.35,0.2147277701704993,-0.269809579657875,9.743263761564217,0.0194708816016155,-0.006854978608698,-0.0391870400604045,0.00999999999999801
58.36,0.2111085854432102,-0.2690177713641818,9.740590559023488,0.0194242089699174,-0.0071466942189519,-0.0393418215870804,0.00999999999999801
58.370000000000005,0.2074758898385078,-0.2682162784597733,9.737945119333702,0.0193755939335091,-0.0074376951657397,-0.0394956195702657,0.010000000000005116
58.38,0.203829915847674,-0.2674051297983076,9.735328500635465,0.0193250413538537,-0.0077279523492087,-0.0396484301650187,0.00999999999999801
58.39,0.200170896811803,-0.266584354581049,9.732741749541368,0.0192725562861672,-0.0080174367438828,-0.0398002495510826,0.00999999999999801
58.4,0.196499066906861,-0.2657539823558165,9.730185900717355,0.0192181439789124,-0.0083061194015637,-0.0399510739329806,0.00999999999999801
58.41,0.1928146611287018,-0.2649140430159205,9.727661976468882,0.0191618098732747,-0.0085939714542263,-0.0401008995401113,0.00999999999999801
58.42,0.189117915278051,-0.2640645667990867,9.725170986331998,0.0191035596026179,-0.008880964116905,-0.0402497226268419,0.010000000000005116
58.43,0.1854090659453744,-0.263205584286367,9.722713926669542,0.0190433989919204,-0.0091670686905727,-0.0403975394726031,0.00999999999999801
58.44,0.1816883504957602,-0.2623371264010392,9.720291780272618,0.0189813340571931,-0.0094522565650106,-0.0405443463819816,0.00999999999999801
58.45,0.1779560070537304,-0.2614592244074933,9.717905515967493,0.0189173710048778,-0.009736499221669,-0.0406901396848124,0.010000000000005116
58.46,0.1742122744879947,-0.2605719099101063,9.715556088228068,0.0188515162312265,-0.0100197682365188,-0.0408349157362701,0.00999999999999801
58.47,0.1704573923961528,-0.2596752148521043,9.71324443679412,0.0187837763216616,-0.0103020352828947,-0.0409786709169613,0.00999999999999801
58.48,0.1666916010893802,-0.2587691715144125,9.710971486295394,0.0187141580501176,-0.0105832721343276,-0.041121401633014,0.00999999999999801
58.49,0.1629151415770384,-0.2578538125144932,9.708738145881789,0.0186426683783637,-0.0108634506673661,-0.0412631043161675,0.010000000000005116
58.5,0.1591282555512407,-0.2569291708051716,9.706545308859692,0.0185693144553075,-0.0111425428643908,-0.0414037754238622,0.00999999999999801
58.51,0.1553311853714067,-0.2559952796734504,9.704393852334674,0.0184941036162802,-0.0114205208164144,-0.0415434114393277,0.00999999999999801
58.52,0.1515241740487251,-0.2550521727393062,9.702284636860655,0.0184170433823028,-0.0116973567258737,-0.0416820088716711,0.010000000000005116
58.53,0.1477074652306246,-0.2540998839544901,9.70021850609571,0.0183381414593348,-0.0119730229094079,-0.0418195642559635,0.00999999999999801
58.54,0.1438813031851701,-0.2531384476012955,9.698196286464592,0.0182574057375025,-0.0122474918006287,-0.0419560741533277,0.00999999999999801
58.55,0.1400459327854197,-0.2521678982913239,9.696218786828192,0.0181748442903109,-0.0125207359528759,-0.0420915351510233,0.00999999999999801
58.56,0.1362015994937733,-0.2511882709642491,9.694286798159997,0.018090465373836,-0.0127927280419614,-0.0422259438625323,0.010000000000005116
58.57,0.1323485493462527,-0.2501996008865491,9.692401093229718,0.018004277425899,-0.0130634408689034,-0.042359296927644,0.00999999999999801
58.58,0.1284870289367455,-0.2492019236502375,9.690562426294182,0.017916289065223,-0.0133328473626446,-0.0424915910125387,0.00999999999999801
58.59,0.124617285401243,-0.248195275171587,9.688771532795649,0.0178265090905706,-0.0136009205827604,-0.0426228228098713,0.010000000000005116
58.6,0.1207395664020143,-0.2471796916898378,9.687029129067636,0.0177349464798645,-0.0138676337221518,-0.0427529890388535,0.00999999999999801
58.61,0.1168541201117448,-0.246155209765882,9.685335912048409,0.0176416103892896,-0.0141329601097274,-0.0428820864453364,0.00999999999999801
58.620000000000005,0.1129611951976742,-0.2451218662809581,9.683692559002196,0.0175465101523769,-0.0143968732130695,-0.0430101118018917,0.010000000000005116
58.63,0.1090610408056718,-0.2440796984353236,9.682099727248309,0.0174496552790711,-0.0146593466410875,-0.0431370619078921,0.00999999999999801
58.64,0.1051539065442805,-0.2430287437469049,9.680558053898205,0.0173510554547787,-0.0149203541466575,-0.0432629335895914,0.00999999999999801
58.65,0.1012400424687662,-0.2419690400499583,9.679068155600673,0.0172507205394,-0.0151798696292464,-0.0433877237002043,0.00999999999999801
58.66,0.097319699065087,-0.2409006254937026,9.677630628295164,0.0171486605663429,-0.0154378671375225,-0.0435114291199845,0.00999999999999801
58.67,0.093393127233886,-0.2398235385409463,9.676246046973436,0.0170448857415197,-0.0156943208719494,-0.0436340467563029,0.010000000000005116
58.68,0.0894605782744237,-0.2387378179667034,9.67491496544956,0.0169394064423264,-0.0159492051873677,-0.0437555735437249,0.00999999999999801
58.69,0.0855223038684876,-0.2376435028567974,9.673637916138391,0.0168322332166049,-0.0162024945955582,-0.0438760064440873,0.00999999999999801
58.7,0.0815785560642884,-0.2365406326064541,9.67241540984263,0.0167233767815886,-0.0164541637677914,-0.0439953424465739,0.010000000000005116
58.71,0.0776295872603536,-0.2354292469188832,9.671247935548497,0.0166128480228302,-0.0167041875373594,-0.0441135785677907,0.00999999999999801
58.72,0.0736756501893317,-0.2343093858038496,9.67013596023014,0.0165006579931136,-0.0169525409020937,-0.0442307118518408,0.00999999999999801
58.73,0.0697169979018385,-0.2331810895762325,9.669079928662862,0.0163868179113481,-0.0171991990268651,-0.0443467393703984,0.00999999999999801
58.74,0.0657538837502832,-0.2320443988545741,9.668080263245212,0.0162713391614472,-0.0174441372460663,-0.0444616582227814,0.010000000000005116
58.75,0.061786561372612,-0.2308993545596177,9.667137363830024,0.0161542332911895,-0.0176873310660795,-0.0445754655360245,0.00999999999999801
58.76,0.0578152846760991,-0.2297459979128343,9.666251607564494,0.0160355120110645,-0.0179287561677256,-0.0446881584649509,0.00999999999999801
58.77,0.0538403078211012,-0.2285843704349385,9.66542334873932,0.0159151871931012,-0.0181683884086956,-0.0447997341922433,0.010000000000005116
58.78,0.0498618852047837,-0.2274145139443942,9.664652918646986,0.0157932708696813,-0.0184062038259649,-0.044910189928514,0.00999999999999801
58.79,0.045880271444829,-0.2262364705559086,9.66394062544926,0.0156697752323355,-0.01864217863819,-0.0450195229123756,0.00999999999999801
58.8,0.0418957213631624,-0.2250502826789165,9.663286754053916,0.0155447126305244,-0.0188762892480866,-0.0451277304105093,0.00999999999999801
58.81,0.0379084899696324,-0.2238559930160534,9.662691566000806,0.0154180955704042,-0.0191085122447884,-0.045234809717733,0.010000000000005116
58.82,0.0339188324456802,-0.2226536445616181,9.662155299357208,0.0152899367135754,-0.0193388244061894,-0.0453407581570698,0.00999999999999801
58.83,0.0299270041280326,-0.2214432806000267,9.66167816862263,0.0151602488758168,-0.0195672027012654,-0.0454455730798141,0.00999999999999801
58.84,0.0259332604923324,-0.2202249447042465,9.661260364643006,0.015029045025804,-0.0197936242923774,-0.0455492518655984,0.010000000000005116
58.85,0.0219378571368125,-0.2189986807342427,9.660902054534354,0.0148963382838129,-0.0200180665375547,-0.0456517919224584,0.00999999999999801
58.86,0.0179410497659275,-0.2177645328353858,9.660603381615944,0.014762141920407,-0.0202405069927598,-0.0457531906868981,0.00999999999999801
58.870000000000005,0.0139430941739778,-0.2165225454368624,9.66036446535296,0.0146264693551107,-0.0204609234141329,-0.0458534456239536,0.010000000000005116
58.88,0.0099442462287602,-0.2152727632500892,9.660185401308718,0.0144893341550677,-0.0206792937602151,-0.0459525542272566,0.00999999999999801
58.89,0.0059447618551818,-0.2140152312670898,9.660066261106453,0.0143507500336835,-0.020895596194154,-0.0460505140190973,0.00999999999999801
58.9,0.0019448970188703,-0.212749994758877,9.660007092400656,0.0142107308492549,-0.0211098090858864,-0.046147322550486,0.00999999999999801
58.91,-0.0020550922901865,-0.2114770992738284,9.66000791885802,0.0140692906035836,-0.0213219110143018,-0.0462429774012146,0.00999999999999801
58.92,-0.0060549500740347,-0.2101965906360484,9.660068740147972,0.0139264434405763,-0.0215318807693838,-0.0463374761799164,0.010000000000005116
58.93,-0.0100544203431485,-0.2089085149437052,9.660189531942809,0.0137822036448303,-0.0217396973543321,-0.0464308165241273,0.00999999999999801
58.94,-0.0140532471327887,-0.2076129185673861,9.66037024592742,0.013636585640205,-0.0219453399876613,-0.0465229961003432,0.00999999999999801
58.95,-0.0180511745194128,-0.2063098481484207,9.660610809818628,0.0134896039883793,-0.0221487881052796,-0.0466140126040798,0.010000000000005116
58.96,-0.0220479466370291,-0.2049993505972035,9.660911127394074,0.0133412733873961,-0.0223500213625445,-0.0467038637599291,0.00999999999999801
58.97,-0.0260433076935827,-0.2036814730915046,9.66127107853074,0.013191608670192,-0.0225490196362981,-0.0467925473216168,0.00999999999999801
58.98,-0.0300370019873369,-0.202356263074772,9.661690519252968,0.0130406248031137,-0.0227457630268789,-0.0468800610720587,0.00999999999999801
58.99,-0.0340287739232166,-0.2010237682544232,9.66216928179006,0.0128883368844223,-0.0229402318601117,-0.0469664028234154,0.010000000000005116
59.0,-0.0380183680291767,-0.1996840366001278,9.662707174643389,0.0127347601427827,-0.0231324066892753,-0.0470515704171476,0.00999999999999801
59.01,-0.0420055289725599,-0.1983371163420806,9.66330398266298,0.0125799099357411,-0.0233222682970469,-0.0471355617240701,0.00999999999999801
59.02,-0.0459900015764338,-0.1969830559692655,9.663959467133584,0.0124238017481891,-0.0235097976974241,-0.0472183746444044,0.010000000000005116
59.03,-0.0499715308358976,-0.1956219042277096,9.664673365870156,0.0122664511908155,-0.0236949761376228,-0.0473000071078319,0.00999999999999801
59.04,-0.0539498619344448,-0.1942537101187287,9.665445393322717,0.0121078739985448,-0.0238777850999535,-0.0473804570735452,0.00999999999999801
59.05,-0.0579247402602502,-0.1928785228971629,9.66627524069058,0.011948086028964,-0.0240582063036725,-0.0474597225302995,0.00999999999999801
59.06,-0.0618959114224434,-0.1914963920696036,9.66716257604586,0.0117871032607371,-0.0242362217068094,-0.0475378014964623,0.010000000000005116
59.07,-0.0658631212674327,-0.1901073673926114,9.668107044466248,0.0116249417920067,-0.0244118135079724,-0.0476146920200637,0.00999999999999801
59.08,-0.0698261158951456,-0.1887114988709246,9.66910826817697,0.0114616178387845,-0.0245849641481277,-0.0476903921788444,0.00999999999999801
59.09,-0.0737846416752751,-0.1873088367556594,9.670165846701892,0.0112971477333296,-0.0247556563123557,-0.0477649000803046,0.010000000000005116
59.1,-0.077738445263519,-0.1858994315425002,9.6712793570237,0.0111315479225158,-0.024923872931582,-0.0478382138617505,0.00999999999999801
59.11,-0.0816872736178043,-0.1844833339698826,9.672448353753117,0.010964834966186,-0.025089597184285,-0.0479103316903415,0.00999999999999801
59.120000000000005,-0.0856308740144605,-0.1830605950171663,9.673672369307033,0.0107970255354968,-0.0252528124981776,-0.0479812517631355,0.010000000000005116
59.13,-0.0895689940644049,-0.1816312659027999,9.674950914095549,0.0106281364112516,-0.0254135025518642,-0.0480509723071345,0.00999999999999801
59.14,-0.0935013817293055,-0.1801953980824771,9.676283476717796,0.0104581844822221,-0.0255716512764734,-0.0481194915793284,0.00999999999999801
59.15,-0.097427785337687,-0.1787530432472862,9.677669524166491,0.0102871867434595,-0.0257272428572647,-0.0481868078667391,0.00999999999999801
59.16,-0.1013479536010656,-0.1773042533218402,9.67910850204114,0.010115160294595,-0.0258802617352096,-0.0482529194864628,0.00999999999999801
59.17,-0.1052616356300072,-0.1758490804624252,9.680599834769774,0.0099421223381305,-0.0260306926085477,-0.0483178247857126,0.010000000000005116
59.18,-0.1091685809501942,-0.174387577055107,9.682142925839187,0.0097680901777172,-0.0261785204343171,-0.0483815221418592,0.00999999999999801
59.19,-0.1130685395184666,-0.1729197957138468,9.683737158033528,0.0095930812164262,-0.0263237304298585,-0.0484440099624722,0.00999999999999801
59.2,-0.1169612617388038,-0.1714457892786146,9.685381893681171,0.0094171129550077,-0.0264663080742933,-0.0485052866853592,0.010000000000005116
59.21,-0.120846498478309,-0.1699656108134879,9.687076474909793,0.0092402029901413,-0.0266062391099758,-0.0485653507786054,0.00999999999999801
59.22,-0.1247240010831639,-0.1684793136047265,9.68882022390949,0.0090623690126761,-0.0267435095439191,-0.0486242007406116,0.00999999999999801
59.23,-0.1285935213945218,-0.1669869511588693,9.690612443203914,0.0088836288058614,-0.0268781056491943,-0.0486818351001318,0.00999999999999801
59.24,-0.1324548117644002,-0.1654885772008084,9.692452415929244,0.0087040002435693,-0.0270100139663028,-0.04873825241631,0.010000000000005116
59.25,-0.1363076250715403,-0.1639842456718393,9.694339406120925,0.0085235012885061,-0.027139221304523,-0.0487934512787162,0.00999999999999801
59.26,-0.1401517147371985,-0.1624740107277363,9.69627265900803,0.008342149990417,-0.0272657147432286,-0.0488474303073818,0.00999999999999801
59.27,-0.1439868347409554,-0.1609579267367943,9.698251401315192,0.0081599644842804,-0.0273894816331814,-0.0489001881528339,0.010000000000005116
59.28,-0.1478127396364362,-0.1594360482778732,9.700274841571868,0.0079769629884955,-0.0275105095977952,-0.048951723496129,0.00999999999999801
59.29,-0.1516291845670303,-0.1579084301384331,9.70234217042893,0.0077931638030592,-0.0276287865343747,-0.0490020350488862,0.00999999999999801
59.3,-0.1554359252815714,-0.1563751273125622,9.704452560982403,0.0076085853077368,-0.0277443006153246,-0.0490511215533195,0.00999999999999801
59.31,-0.1592327181499498,-0.1548361949989965,9.706605169104202,0.0074232459602242,-0.0278570402893332,-0.0490989817822686,0.010000000000005116
59.32,-0.1630193201787146,-0.1532916885991331,9.70879913377978,0.0072371642943015,-0.0279669942825269,-0.0491456145392304,0.00999999999999801
59.33,-0.1667954890266318,-0.1517416637150356,9.71103357745252,0.0070503589179804,-0.0280741515995981,-0.0491910186583884,0.00999999999999801
59.34,-0.1705609830201906,-0.1501861761474325,9.713307606374745,0.0068628485116427,-0.0281785015249045,-0.049235193004642,0.010000000000005116
59.35,-0.1743155611690476,-0.1486252818937082,9.715620310965203,0.0066746518261729,-0.0282800336235403,-0.0492781364736348,0.00999999999999801
59.36,-0.1780589831814893,-0.1470590371458872,9.717970766172895,0.0064857876810827,-0.0283787377423804,-0.0493198479917823,0.00999999999999801
59.370000000000005,-0.1817910094797914,-0.1454874982886113,9.720358031847082,0.006296274962629,-0.0284746040110952,-0.0493603265162988,0.010000000000005116
59.38,-0.1855114012155313,-0.1439107218971096,9.722781153113315,0.0061061326219262,-0.0285676228431376,-0.0493995710352232,0.00999999999999801
59.39,-0.1892199202849146,-0.142328764735162,9.725239160755404,0.0059153796730495,-0.0286577849367019,-0.0494375805674446,0.00999999999999801
59.4,-0.1929163293439898,-0.1407416837530554,9.72773107160306,0.005724035191135,-0.028745081275654,-0.0494743541627267,0.00999999999999801
59.41,-0.1966003918238356,-0.1391495360855338,9.730255888925171,0.0055321183104713,-0.0288295031304327,-0.0495098909017316,0.00999999999999801
59.42,-0.2002718719457076,-0.1375523790497412,9.73281260282847,0.0053396482225867,-0.0289110420589228,-0.0495441898960425,0.010000000000005116
59.43,-0.2039305347361376,-0.1359502701431585,9.735400190661489,0.0051466441743296,-0.0289896899072995,-0.0495772502881864,0.00999999999999801
59.44,-0.2075761460419495,-0.1343432670415351,9.738017617423589,0.0049531254659439,-0.0290654388108435,-0.0496090712516553,0.00999999999999801
59.45,-0.2112084725452703,-0.1327314275968035,9.74066383617897,0.0047591114491391,-0.0291382811947275,-0.0496396519909267,0.010000000000005116
59.46,-0.2148272817784406,-0.1311148098350153,9.743337788475406,0.0045646215251554,-0.0292082097747738,-0.0496689917414837,0.00999999999999801
59.47,-0.2184323421389015,-0.1294934719542353,9.746038404767637,0.004369675142823,-0.0292752175581828,-0.0496970897698341,0.00999999999999801
59.48,-0.2220234229040267,-0.1278674723224464,9.748764604845151,0.0041742917966176,-0.0293392978442319,-0.0497239453735286,0.00999999999999801
59.49,-0.2256002942458699,-0.1262368694754655,9.751515298264264,0.0039784910247112,-0.0294004442249459,-0.0497495578811786,0.010000000000005116
59.5,-0.2291627272458829,-0.124601722114819,9.754289384784286,0.0037822924070178,-0.0294586505857377,-0.0497739266524727,0.00999999999999801
59.51,-0.232710493909576,-0.1229620891056313,9.757085754807598,0.0035857155632355,-0.0295139111060196,-0.0497970510781929,0.00999999999999801
59.52,-0.2362433671810907,-0.1213180294745139,9.759903289823471,0.0033887801508849,-0.0295662202597859,-0.0498189305802297,0.010000000000005116
59.53,-0.2397611209577401,-0.1196696024074415,9.76274086285547,0.0031915058633433,-0.0296155728161646,-0.0498395646115967,0.00999999999999801
59.54,-0.2432635301044897,-0.1180168672476049,9.765597338912212,0.002993912427875,-0.0296619638399412,-0.0498589526564443,0.00999999999999801
59.55,-0.2467503704683463,-0.1163598834932912,9.768471575441362,0.0027960196036586,-0.0297053886920521,-0.0498770942300722,0.00999999999999801
59.56,-0.2502214188927139,-0.1146987107957425,9.771362422786629,0.002597847179812,-0.0297458430300482,-0.0498939888789422,0.010000000000005116
59.57,-0.2536764532316841,-0.1130334089569906,9.77426872464762,0.0023994149734123,-0.0297833228085294,-0.0499096361806888,0.00999999999999801
59.58,-0.2571152523642325,-0.1113640379277239,9.777189318542344,0.0022007428275148,-0.0298178242795491,-0.0499240357441304,0.00999999999999801
59.59,-0.2605375962083944,-0.1096906578051191,9.78012303627218,0.0020018506091683,-0.0298493439929889,-0.0499371872092786,0.010000000000005116
59.6,-0.263943265735329,-0.1080133288306798,9.783068704389152,0.0018027582074293,-0.0298778787969038,-0.0499490902473474,0.00999999999999801
59.61,-0.2673320429833459,-0.1063321113880681,9.78602514466529,0.0016034855313718,-0.0299034258378372,-0.0499597445607616,0.00999999999999801
59.620000000000005,-0.270703711071864,-0.1046470660009303,9.788991174563902,0.0014040525080972,-0.0299259825611062,-0.0499691498831638,0.010000000000005116
59.63,-0.2740580542152735,-0.1029582533307183,9.791965607712571,0.001204479080742,-0.0299455467110574,-0.0499773059794215,0.00999999999999801
59.64,-0.2773948577367553,-0.1012657341745059,9.794947254377703,0.0010047852064825,-0.029962116331292,-0.0499842126456327,0.00999999999999801
59.65,-0.2807139080820258,-0.0995695694627999,9.797934921940383,0.0008049908545397,-0.0299756897648618,-0.0499898697091311,0.00999999999999801
59.66,-0.2840149928330017,-0.0978698202573467,9.800927415373422,0.0006051160041821,-0.0299862656544347,-0.0499942770284904,0.00999999999999801
59.67,-0.2872979007213741,-0.0961665477489342,9.803923537719346,0.0004051806427284,-0.0299938429424307,-0.0499974344935279,0.010000000000005116
59.68,-0.2905624216421644,-0.0944598132551887,9.80692209056916,0.0002052047635482,-0.0299984208711273,-0.049999342025307,0.00999999999999801
59.69,-0.293808346667151,-0.0927496782183677,9.809921874541711,5.2083640626062616e-06,-0.0299999989827353,-0.0499999995761397,0.00999999999999801
59.7,-0.2970354680582372,-0.0910362042031477,9.812921689763405,-0.0001947885562552,-0.029998577119445,-0.0499994071295871,0.010000000000005116
59.71,-0.3002435792807528,-0.0893194528944084,9.815920336348146,-0.0003947659978795,-0.0299941554234415,-0.0499975647004604,0.00999999999999801
59.72,-0.3034324750166801,-0.0875994860950113,9.818916614877285,-0.0005947039632331,-0.0299867343368906,-0.0499944723348202,0.00999999999999801
59.73,-0.3066019511777778,-0.0858763657235756,9.82190932687936,-0.000794582458686,-0.029976314601895,-0.0499901301099756,0.00999999999999801
59.74,-0.3097518049186504,-0.0841501538122484,9.824897275309471,-0.0009943814965551,-0.0299628972604193,-0.0499845381344818,0.010000000000005116
59.75,-0.3128818346497395,-0.0824209125044722,9.82787926502809,-0.0011940810971032,-0.0299464836541866,-0.0499776965481381,0.00999999999999801
59.76,-0.3159918400502051,-0.0806887040527493,9.83085410327908,-0.0013936612905367,-0.0299270754245438,-0.0499696055219836,0.00999999999999801
59.77,-0.3190816220807684,-0.0789535908163908,9.833820600166812,-0.0015931021190026,-0.0299046745122976,-0.0499602652582937,0.010000000000005116
59.78,-0.3221509829964316,-0.077215635259292,9.836777569132082,-0.0017923836385841,-0.0298792831575207,-0.0499496759905744,0.00999999999999801
59.79,-0.3251997263591409,-0.0754748999476651,9.839723827426726,-0.0019914859212953,-0.0298509038993274,-0.0499378379835569,0.00999999999999801
59.8,-0.3282276570503672,-0.0737314475477873,9.842658196586717,-0.0021903890570741,-0.0298195395756199,-0.0499247515331907,0.00999999999999801
59.81,-0.3312345812835771,-0.0719853408237628,9.845579502903504,-0.0023890731557724,-0.0297851933228043,-0.0499104169666364,0.010000000000005116
59.82,-0.3342203066166433,-0.0702366426352451,9.848486577893516,-0.002587518349146,-0.0297478685754773,-0.0498948346422575,0.00999999999999801
59.83,-0.337184641964169,-0.0684854159351761,9.85137825876552,-0.0027857047928409,-0.0297075690660826,-0.0498780049496112,0.00999999999999801
59.84,-0.3401273976097011,-0.0667317237675277,9.854253388885724,-0.0029836126683782,-0.0296642988245375,-0.049859928309439,0.010000000000005116
59.85,-0.3430483852178801,-0.0649756292650349,9.857110818240407,-0.0031812221851347,-0.0296180621778301,-0.0498406051736559,0.00999999999999801
59.86,-0.3459474178465014,-0.0632171956469038,9.859949403895932,-0.0033785135823238,-0.0295688637495866,-0.0498200360253393,0.00999999999999801
59.870000000000005,-0.3488243099584636,-0.0614564862165547,9.862768010455882,-0.0035754671309702,-0.0295167084596087,-0.0497982213787169,0.010000000000005116
59.88,-0.3516788774336511,-0.0596935643593434,9.865565510515212,-0.0037720631358829,-0.0294616015233821,-0.0497751617791537,0.00999999999999801
59.89,-0.3545109375807247,-0.0579284935402599,9.8683407851112,-0.0039682819376254,-0.0294035484515544,-0.0497508578031384,0.00999999999999801
59.9,-0.357320309148797,-0.0561613373016652,9.871092724171008,-0.004164103914481,-0.0293425550493844,-0.0497253100582693,0.00999999999999801
59.91,-0.3601068123390512,-0.0543921592609931,9.873820226955711,-0.0043595094844154,-0.0292786274161615,-0.0496985191832385,0.00999999999999801
59.92,-0.3628702688162318,-0.052621023108462,9.876522202500556,-0.0045544791070341,-0.0292117719445958,-0.0496704858478167,0.010000000000005116
59.93,-0.3656105017200653,-0.050847992604782,9.879197570051348,-0.0047489932855375,-0.0291419953201787,-0.0496412107528356,0.00999999999999801
59.94,-0.3683273356765835,-0.0490731315788598,9.881845259496744,-0.0049430325686698,-0.0290693045205145,-0.0496106946301712,0.00999999999999801
59.95,-0.3710205968093453,-0.0472965039255006,9.884464211796264,-0.0051365775526646,-0.0289937068146225,-0.0495789382427249,0.010000000000005116
59.96,-0.373690112750548,-0.0455181736031082,9.88705337940391,-0.0053296088831844,-0.0289152097622104,-0.0495459423844049,0.00999999999999801
59.97,-0.3763357126520872,-0.043738204631382,9.88961172668716,-0.0055221072572573,-0.0288338212129181,-0.0495117078801057,0.00999999999999801
59.98,-0.3789572271964771,-0.0419566610890128,9.892138230341208,-0.0057140534252063,-0.0287495493055325,-0.0494762355856882,0.00999999999999801
59.99,-0.3815544886076722,-0.0401736071113757,9.894631879798284,-0.0059054281925743,-0.0286624024671743,-0.049439526387958,0.010000000000005116
