timestamp,ground_truth_x,ground_truth_y,dr_x,dr_y,ekf_x,ekf_y,ai_dr_x,ai_dr_y,hybrid_x,hybrid_y,gps_available
0.0,0.0,0.0,0.0,0.0,-0.01091423560993885,-0.02100129153767072,0.0,0.0,-0.6345848418921589,-1.2210750936902832,True
0.05,0.04999994791668295,0.04999979166692709,0.00037369204344541145,-0.0004517664740142571,-0.05721493112474081,0.01117571332405188,0.00037369204344541145,-0.0004517664740142571,-2.47166405973076,1.742480117708366,True
0.1,0.09999958333385418,0.09999833334166666,0.0008528760275665579,-0.0004949365891520043,-0.09894960241197562,0.05753813331687288,0.0008528760275665579,-0.0004949365891520043,-2.11758548783057,2.3637151120079456,True
0.15000000000000002,0.1499985937539551,0.14999437506328092,0.0007662620047105431,-0.00021896771200023246,-0.04432421430780924,0.0027005332984102945,0.0007662620047105431,-0.00021896771200023246,2.4406009117318326,-2.458893412652316,True
0.2,0.19999666668333332,0.19998666693333084,0.0004614229108036738,-0.0005181361313454885,-0.1351095070657931,0.009047271948189675,0.0004614229108036738,-0.0005181361313454885,-3.9260761709294103,0.29398532831071955,True
0.25,0.24999348963419576,0.24997395914712334,0.0007743100622531654,-0.0009913439090335904,-0.1344335303229691,-0.028445169512366024,0.0007743100622531654,-0.0009913439090335904,-0.04399019924256942,-1.4605562158822403,True
0.30000000000000004,0.29998875012656184,0.2999550020249567,0.0001753175716480821,-0.001298242778685249,-0.07182616113145976,0.002888859843676178,0.0001753175716480821,-0.001298242778685249,2.258778372375972,1.2073217235176732,True
0.35000000000000003,0.34998213569021613,0.349928546043362,-0.0005867045385690812,-0.001466704817332451,-0.06410179840323568,-0.022154880238174822,-0.0005867045385690812,-0.001466704817332451,0.2388467643081434,-0.8499041996952996,True
0.4,0.3999733338666617,0.3998933418663417,-0.0008765003799003767,-0.00225535180516864,-0.03727914031676522,-0.09720297400709396,-0.0008765003799003767,-0.00225535180516864,0.8650395861112161,-2.4824086618215166,True
0.45,0.44996203221107245,0.4498481403766024,-0.0014941361289235264,-0.0029577412719847523,-0.08751585475060925,-0.16972320898947904,-0.0014941361289235264,-0.0029577412719847523,-1.6069109683828784,-2.2857848337983278,True
0.5,0.4999479182942467,0.4997916927067833,-0.002369478852784528,-0.0039005701635547885,-0.14598187227029724,-0.0642900791544448,-0.002369478852784528,-0.0039005701635547885,-1.7828173806527396,3.071447948273432,True
0.55,0.549930679704559,0.5497227502706774,-0.003283774499584471,-0.004407641545001715,-0.2648142694435789,-0.1352744939208869,-0.003283774499584471,-0.004407641545001715,-3.4151220063548084,-1.9975282634086162,True
0.6000000000000001,0.5999100040499133,0.5996400647944461,-0.003642548466301818,-0.005004771217888087,-0.18906215454830488,-0.1271663554142546,-0.003642548466301818,-0.005004771217888087,1.8787765025954963,0.160617783172194,True
0.65,0.6498855789596951,0.649542388347826,-0.004244972458182376,-0.005483406513753856,-0.20458403291343846,-0.12200748319222088,-0.004244972458182376,-0.005483406513753856,-0.5175311782360343,0.0762900126928206,True
0.7000000000000001,0.699857092086724,0.6994284733753277,-0.00501826378264302,-0.006020447603545563,-0.11589411479829548,-0.11956167462895016,-0.00501826378264302,-0.006020447603545563,2.014304626710941,-0.0003267822521595201,True
0.75,0.7498242311092054,0.7492970727274235,-0.005959123227141688,-0.00632630429143312,-0.11881287861428248,-0.1009431288543556,-0.005959123227141688,-0.00632630429143312,-0.15062048626054284,0.36903123990123343,True
0.8,0.7997866837326834,0.7991469396917271,-0.006077757546977782,-0.006940165519203318,0.047268252164475846,-0.09357937211474174,-0.006077757546977782,-0.006940165519203318,3.5868836457482405,0.10340961759827888,True
0.8500000000000001,0.8497441376919913,0.8489768280241604,-0.005381657973244924,-0.007324656005299954,0.12234552000539041,-0.2532074876435781,-0.005381657973244924,-0.007324656005299954,1.582165096077436,-3.433480668927474,True
0.9,0.8996962807532048,0.8987854919801106,-0.004314661277847417,-0.0072782548839469535,0.018824553408209696,-0.17144085463139455,-0.004314661277847417,-0.0072782548839469535,-2.0841678711716205,1.5136108805281407,True
0.9500000000000001,0.9496428007155924,0.9485716863455731,-0.003108779937898678,-0.0065672326141690985,0.19705560010605222,-0.30636344222713535,-0.003108779937898678,-0.0065672326141690985,3.4513952631769906,-2.758968208660898,True
1.0,0.9995833854135666,0.9983341664682815,-0.0016326327651322407,-0.0052872473864583516,0.19134303533254282,-0.34698127144200386,-1.4494256396621048,5.739778441700456,-0.04018876402851444,-0.9786693273798102,True
1.05,1.049517722718636,1.048071688288825,0.0003959794460893155,-0.0042345094202386625,0.2635238901501997,-0.23043410244668172,-1.367328796821916,5.668314261484302,1.3832514110073832,1.8735115340250283,True
1.1,1.0994455005413548,1.0977830083717484,0.002066782436597268,-0.0029927846542235955,0.3648709076438793,-0.03400487320512782,-1.4148469653508784,5.587702119673169,1.8969377490864696,3.2831508880343487,True
1.1500000000000001,1.149366406833274,1.1474668839366384,0.004171337793821506,-0.0014769348571328767,0.17215714006848978,0.029980622802857702,-1.44848886518622,5.672933408313033,-3.1094614179478355,1.0273463956262032,True
1.2000000000000002,1.1992801295888922,1.1971220728891938,0.005798192415445455,0.000230253958291182,0.11289406547970414,-0.02689854302853125,-1.4592637105844324,5.6901611697908105,-0.9155791069811043,-0.9735677943184622,True
1.25,1.249186356847604,1.246747333852277,0.007178082825184477,0.00218882877537758,0.016455586099083708,-0.10223904552516051,-1.3900414558634753,5.56632008869359,-1.51352128045769,-1.2814352287005577,True
1.3,1.299084776695652,1.2963414261969486,0.008890018420409524,0.004273974181976756,0.10496532515538703,-0.12483744332351583,-1.2906568193862922,5.564153277160492,1.3808401860173296,-0.4704412180017836,True
1.35,1.3489750772680744,1.345903110073483,0.010057767676381741,0.00612100151330675,0.42139477160019756,-0.21664265668562221,-1.3365791236886695,5.666498503954713,4.89746074170618,-1.5393231073213884,True
1.4000000000000001,1.3988569467506553,1.395431146442365,0.011164248324580295,0.00801080981422593,0.2866863048213254,-0.31116009221659635,-1.3611989613998459,5.63113350192238,-1.7585492208491345,-1.6040645645423832,True
1.4500000000000002,1.4487300733818724,1.4449242971052643,0.011938516342736523,0.010182040321729811,0.39077310846434116,-0.2843098128062814,-1.294197734153174,5.580563204872511,1.706523333071424,0.14199961115230741,True
1.5,1.498594145454847,1.4943813247359925,0.012607560903047646,0.01248901362990524,0.34866861709866737,-0.11421493785411616,-1.360298527925993,5.714842014270775,-0.3461764589385671,2.2036926999589603,True
1.55,1.5484488513192907,1.5438009929114345,0.012217456763652294,0.014346259670440759,0.3955528570787598,0.10626418981412336,-1.3082144909444775,5.702957767086212,0.8986907038091939,2.9783126386500776,True
1.6,1.5982938793834542,1.59318206614246,0.011153038394130595,0.015834569637453284,0.5255041501510668,0.1657034043964946,-1.2750306764725077,5.595273732845461,2.0874438824981456,0.8493260968445138,True
1.6500000000000001,1.648128918116074,1.64252330990481,0.00981586527735635,0.01712835125763112,0.755405257423252,0.17296328458203017,-1.3975301449307735,5.605785253570864,3.5206568027656764,0.17380208517937976,True
1.7000000000000002,1.6979536560483208,1.6918234906699605,0.008815878384250018,0.01830303257992512,0.8057991790215542,0.19586052683388389,-1.37818945074783,5.725774403276946,1.2326991660695708,0.39310742805255416,True
1.75,1.7477677817757442,1.7410813759359598,0.007739854584218741,0.019493164691196278,1.041300643047091,0.4733501822501571,-1.4149880878825172,5.7315107008545265,3.7080830258270376,3.7741119028874124,True
1.8,1.7975709839602212,1.7902957342582422,0.006653663207404926,0.020272129343348922,1.294704065138621,0.6499850325187106,-1.505143884132988,5.69193970517953,4.073161674271281,2.60666335075472,True
1.85,1.8473629513318999,1.8394653352804125,0.0058140093528628424,0.02130321618313009,1.4082926313206392,0.7061362363561958,-1.4888712828910946,5.697656670772973,2.4197265663206684,1.1616517678281024,True
1.9000000000000001,1.8971433726911462,1.8885889497650061,0.0046326722483153405,0.021590502071020534,1.3276587172374157,0.8207371259136741,-1.3957382832189087,5.58323362569773,0.02019268565650356,1.9418657969703745,True
1.9500000000000002,1.946911936910489,1.9376653496242198,0.00354552721594015,0.022027609861200684,1.1738846278178388,0.7654099419801954,-1.3810194685497459,5.725015757596797,-0.9298860622323091,-0.11597075597993173,True
2.0,1.996668332936563,1.9866933079506122,0.0021438905882078642,0.02260500076793275,1.0816096258623835,0.486777924143368,-1.425613372595386,5.7077684986927375,-0.24275722623850243,-2.9262292507088543,True
2.0500000000000003,2.0464122497920565,2.03567159904778,8.158785026512712e-05,0.023373037304085464,1.2925404825607092,0.6832421471177298,-1.3945234526999668,5.79662886234681,3.461394091166249,2.7833013627443424,True
2.1,2.09614337657765,2.084598998460996,-0.0021404031791458404,0.02293883893721993,1.5778561213634337,0.9797573433994586,-1.347917557147957,5.686023345925745,4.517087860078862,4.131783615579895,True
2.15,2.145861402473963,2.133474283007823,-0.004160628615979376,0.021945325851095487,1.4268083452604836,1.2972875492902554,-1.3713158228985112,5.7485807819363,-0.5994519881319973,4.591710839220848,True
2.2,2.1955660167434967,2.1822962308086935,-0.006067605417704621,0.02076499480731675,1.372446882774607,1.3406134512477657,-1.3659699873146773,5.777620959467962,0.4808732890456393,1.4973754087258029,True
2.25,2.2452569087325718,2.2310636213174546,-0.007993051481303946,0.019591993401985346,1.4705647861969375,1.3125182233393715,-1.3789224118710135,5.7984868946776205,2.282472641914733,0.6812437629874135,True
2.3000000000000003,2.294933767873277,2.2797752353518845,-0.009035703876343964,0.018331476314939678,1.4373892776710901,1.467562942171936,-1.4161136123922742,5.833268114193357,0.7901888705952268,2.8559279180340544,True
2.35,2.3445962836854024,2.3284298551241682,-0.009938167907512726,0.016707593991614752,1.7003241370179851,1.6361394218968535,-1.435927438117779,5.776690656735755,4.277371973613586,3.129130994446893,True
2.4000000000000004,2.3942441457783876,2.3770262642713464,-0.01048856993119109,0.015505428001933629,2.0394881906665376,2.192138618882056,-1.4238237740556419,5.804455871269756,5.3588605464301775,7.824664877980453,True
2.45,2.443877043853255,2.4255632478857208,-0.010214942402635319,0.014364134498725513,1.9051374096487392,1.9715546990827928,-1.3543064770171984,5.837768446632515,0.03630232023678781,-0.9087994250293812,True
2.5,2.493494667704554,2.474039592545229,-0.010442181179470801,0.013012957426568482,1.9279758578544806,2.2912318816763664,-1.427987380573697,5.867051672789117,1.785782164650767,5.269708106334836,True
2.5500000000000003,2.543096707222297,2.522454086343781,-0.01107485985644025,0.011228380203885143,1.9856473283461933,2.265367918372937,-1.403808314560725,5.852072057724637,2.223623850353236,1.4817242874376007,True
2.6,2.592682852393897,2.570805518921551,-0.01106985068305716,0.009405113362530412,2.3734789847367477,2.5931111665176343,-1.4235517547129033,5.792868591450909,6.108438398477343,5.584847406027324,True
2.6500000000000004,2.6422527933061106,2.619092681495245,-0.011380629080943387,0.00798838241506878,2.183086876866961,2.5275358184761028,-1.4275838895026962,5.827086378173125,-0.3024720484192712,1.280045137175343,True
2.7,2.691806220146966,2.6673143668883115,-0.011697100021292144,0.006518161599407525,2.2271201708792145,2.447910407031534,-1.410720036842276,5.816728866402874,2.282972217042466,1.0835236228015515,True
2.75,2.7413428232077086,2.715469369561129,-0.011629710830057075,0.004968036827788928,2.3702600935903306,2.3757870817197757,-1.3741186958917027,5.828315605339752,3.464770422708711,1.1288948710157394,True
2.8000000000000003,2.79086229288473,2.7635564856411374,-0.011245749595078389,0.0033736796177603126,2.38639044685042,2.4120906643980686,-1.4089988690637674,5.841677722433922,2.1171676255977747,2.335476297670501,True
2.85,2.8403643196815054,2.811574512952941,-0.010221458281871,0.0017542645810327672,2.4120996106987906,2.511194775151556,-1.4195731647866927,5.78229902242405,2.246977756060315,3.09282116174065,True
2.9000000000000004,2.8898485942105285,2.859522251048356,-0.008654361933361582,-2.4082881727338634e-05,2.2574572579548198,2.4084163263682217,-1.4089949190317503,5.803451773899279,0.21147316621623913,0.8714766561779177,True
2.95,2.9393148071952453,2.907398501236428,-0.006704614012985196,-0.002239935328287854,2.296788581925879,2.634445613197421,-1.4122863267357635,5.843562371800618,2.3168948592584098,4.558758802440781,True
3.0,2.988762649471985,2.955202066613396,-0.00506331158809464,-0.003956286844929564,2.1094415345352364,2.7842294293147822,-1.4026252193563442,5.826447517934123,-0.22689287447856665,3.8703174004867247,True
3.0500000000000003,3.0381918119918945,3.002931752092616,-0.003142924322046823,-0.005508651303917603,2.2364693742602983,2.6311437212308593,-1.4198478174342295,5.752785931063026,3.221885281558932,0.5460242082449523,True
3.1,3.087601985822869,3.0505863644344355,-0.0011239825302671214,-0.006343354762792703,2.305731469038499,2.596444071950388,-1.4150492726379942,5.832389841495752,2.6647420861958477,1.7892181179460933,True
3.1500000000000004,3.136992862151483,3.098164712276029,0.0003780035494925795,-0.007068928215788078,2.393497218863778,2.664341692199578,-1.421826133298957,5.697574798133089,2.933108008193188,2.9304998969545917,True
3.2,3.18636413228492,3.1456656061611783,0.0023915620373432776,-0.0079598771324065,2.5588026518348737,2.804092978732557,-1.4081574825717265,5.604016269565592,3.889293009707651,3.80320529372995,True
3.25,3.235715487652902,3.1930878585700095,0.004687611045994949,-0.00928534133557589,2.5467912069993432,2.631135626746855,-1.449019368705592,5.698217500613887,2.010663885137631,0.3845406304326566,True
3.3000000000000003,3.28504661980962,3.240430283948684,0.006980187336283573,-0.010815564035322004,2.8939078926574653,2.8309118833843123,-1.4188313418232623,5.712814864278887,6.064350723678466,4.482749700700591,True
3.35,3.334357220435657,3.2876916987390317,0.009164514414491304,-0.012860331949509198,2.9097097671064325,2.8603177692008828,-1.4199408866246321,5.750529732289992,2.592058752633296,2.7200196362862767,True
3.4000000000000004,3.383646981339921,3.3348709214081445,0.010878330813860618,-0.014201780688431167,3.430509554613094,2.9747849400862343,-1.4266050990948917,5.72061620103154,8.30906716222603,3.717068510279595,True
3.45,3.4329155944615652,3.381966772477913,0.012645513063048406,-0.015634164783152448,3.8106437417305883,3.017235309258981,-1.4140058455413826,5.726493730572072,7.124873440640036,2.9941055720511285,True
3.5,3.4821627518719196,3.428978074554514,0.01456659651016986,-0.016857501387332358,3.645290534205313,3.3110964957436333,-1.4115049281098864,5.739316109299923,1.2798260170339677,5.867775859843707,True
3.5500000000000003,3.5313881457764094,3.4759036523578435,0.016153925708270726,-0.017806996612745714,3.3985426851948564,3.354564687754998,-1.393771773525738,5.6734347445676745,0.2578693628210498,3.2775566481217897,True
3.6,3.5805914685164844,3.5227423327508998,0.018154702774727863,-0.01843921648790125,3.4547097190886573,3.4492594381358552,-1.3618502992470616,5.7132449914283585,3.500116036262341,3.896079955680976,True
3.6500000000000004,3.629772412571536,3.5694929447691144,0.01972134266843756,-0.018205221774170766,3.6176016586577044,3.7142914954870805,-1.4071870311642651,5.710101548550536,4.750094616752199,5.8901173818335195,True
3.7,3.678930670560825,3.6161543196496204,0.02046882666209305,-0.018097409626269892,3.7768172621789184,3.730937959927479,-1.383732204069108,5.725289812663769,4.847344898945472,3.301313093448253,True
3.75,3.7280659352453975,3.6627252908604757,0.02158290795128083,-0.018149363121648943,4.131475641187536,3.7571141328361173,-1.4021089608307626,5.752606881537774,7.181876286006177,3.4371382476705206,True
3.8000000000000003,3.7771778995300123,3.709204694129827,0.022522119663490298,-0.018232365852141382,4.139680623318096,3.3432282094964827,-1.3824183662907943,5.741408804649567,3.5675930749832627,-1.4653100410797353,True
3.85,3.826266256465049,3.7555913674750125,0.023390156166925455,-0.018128554511123537,3.9768099524291647,3.3391837130027553,-1.3760996042319393,5.7678578689813085,1.6729425146754628,2.840392992856958,True
3.9000000000000004,3.8753306992484395,3.801884151231615,0.023919903132890597,-0.01805271056583633,4.045815914209729,3.5895151273592623,-1.4119468103909742,5.681296215978353,4.169356293273824,5.699687707082953,True
3.95,3.924370921227573,3.8480818880824503,0.023822886796427755,-0.018173887091325547,4.373510945794782,3.644095424944343,-1.38093365922408,5.723150060815168,7.138828987233522,3.7024879589401642,True
4.0,3.9733866159012243,3.8941834230865053,0.024171750860874242,-0.01866089391439442,4.709270964786194,3.486452515273154,-1.403579790276821,5.72049487543375,7.4935663441827876,1.3790621849932827,True
4.05,4.022377476921461,3.9401876037078045,0.02423714924952188,-0.019536785663157762,4.538771384371515,3.4819207671208785,-1.4022723503003438,5.670021720348805,2.0820461287757674,2.9938464366696884,True
4.1000000000000005,4.07134319809556,3.9860932798442295,0.024899958979248935,-0.020411276657223948,4.765361359841868,3.615600158798864,-1.3764262205251456,5.761069989364505,6.424568389031034,4.553838397971534,True
4.15,4.120283473387924,4.0318993038562665,0.02583975756074594,-0.021761143637635875,5.031866217347812,3.6204110477794074,-1.349517751098617,5.730640685128233,7.050350797863258,3.220606460444256,True
4.2,4.169197996921992,4.077604530595702,0.026635464404029616,-0.023893212106276186,4.948847266938262,3.9155974509940408,-1.4368338024874499,5.592512751791429,3.3495163100034793,6.491768640224217,True
4.25,4.218086462982151,4.123207817434248,0.02699759486141984,-0.026085145087696188,5.087067412740395,3.8217430015366243,-1.4993685197549742,5.616625540642285,5.784988601239112,2.374774598098343,True
4.3,4.266948566015646,4.1687080242921075,0.02705838370081152,-0.027945308682131652,5.257144892521616,3.6435307589924117,-1.4629772694135073,5.543633193972898,6.266682828954469,1.373642154214891,True
4.3500000000000005,4.315784000634494,4.214104013666481,0.026637502772233743,-0.029662644892485397,5.267685534982993,3.4788584119178942,-1.4543885506564163,5.480569803685396,4.629047548672889,1.400575567183124,True
4.4,4.364592461617387,4.2593946506599965,0.026972010707446863,-0.031493173021953175,5.286285685017271,3.807070340116633,-1.4642841071132928,5.503738894086201,4.750709086594034,6.801790512793913,True
4.45,4.413373643911602,4.304578803009089,0.027340600576187205,-0.033280189037567055,5.702419282951092,4.101413142158633,-1.4756292604543915,5.529579823016876,9.222631792840527,6.67708518913858,True
4.5,4.462127242634909,4.349655341112302,0.02811262928621694,-0.03579361391914369,6.014427904932991,4.081393371435446,-1.5337784496627576,5.518241096011276,8.385332157106035,3.389796342714236,True
4.55,4.510852953077475,4.394623138058533,0.028381208205646623,-0.03867551852529971,5.460205375758034,3.9965190955072893,-1.4329452717061575,5.471279887663665,-1.054932959142996,2.66912852891683,True
4.6000000000000005,4.559550470703769,4.439481069655199,0.02868917816760207,-0.0410391334673242,5.618693114471202,4.1903562982894025,-1.5105137503754889,5.575124597154014,6.529920111058962,5.738257580604845,True
4.65,4.608219491154462,4.484228014456345,0.029410045044793474,-0.04307080864515096,5.3031718418877745,4.32909324152999,-1.4826843334265811,5.489337428812124,1.3647147875253285,5.271873656113792,True
4.7,4.6568597102483364,4.528862853790684,0.02997617757370726,-0.045482544202451076,5.529573451619944,4.392883122245315,-1.4367489334339831,5.577288718920108,7.2028933710575975,4.545625030770153,True
4.75,4.7054708239841805,4.573384471789555,0.030899568893336088,-0.04735074632185488,5.585087123443186,4.3796482774692205,-1.4300758396607411,5.616514819931807,5.478459232082523,3.748342254595097,True
4.800000000000001,4.754052528542693,4.61779175541483,0.0313865344795608,-0.04960360135753747,5.852792756246072,4.26580759235088,-1.3921905357566453,5.647685388663215,7.905008940421638,2.6207652252234777,True
4.8500000000000005,4.8026045202883765,4.662083594486728,0.031332182020835465,-0.05228170452624522,5.998867615158333,3.98691115652967,-1.327511979012795,5.543567809481323,6.766215969007506,0.7071493959811215,True
4.9,4.8511264957714415,4.706258881711581,0.031389785314206504,-0.05450149409846581,6.109618704337707,3.92179084691528,-1.3831542010062892,5.651674786876876,6.503782983071531,2.9039951849759786,True
4.95,4.8996181517297,4.750316512709508,0.0312745748949617,-0.056349638073840524,5.951272471516427,4.488833251961207,-1.4238529027509124,5.666439649493298,3.5962465724958435,9.924388303102024,True
5.0,4.948079185090458,4.79425538604203,0.03136920955371561,-0.058538347248542226,5.909942420568841,4.831606100814645,-1.4843963381986647,5.547002405162346,4.806237681565482,7.8454135284591695,True
5.050000000000001,4.996509292972419,4.838074403239602,0.03069090812012654,-0.060866415584615384,6.179634522265749,4.734430460020252,-1.4851070645590116,5.596219479953715,8.265632209495111,3.2003895510833296,True
5.1000000000000005,5.044908172687562,4.881772468829076,0.03024817531444784,-0.06344466470843639,5.793274782003401,5.059487110291087,-1.500671972581365,5.636242339380919,1.1611087749488893,7.860502999298302,True
5.15,5.093275521743047,4.9253484903610865,0.030747973575803274,-0.0659569945602414,5.465814947706875,5.232065900456222,-1.5009419087026392,5.646022871467591,1.5463705527125187,6.414508761264352,True
5.2,5.141611037843102,4.968801378437368,0.031206402092083876,-0.06800577144191834,5.288517503875058,5.284767543227346,-1.5368665129851256,5.62839773197605,2.984931731016122,5.217662333257128,True
5.25,5.189914418890908,5.012130046737978,0.03164519700916438,-0.069980292577187,5.009488881522525,5.363755981665777,-1.5651409443864044,5.591898770075401,1.7293786888031368,5.560958475938833,True
5.300000000000001,5.23818536299049,5.055333412048471,0.032118584392670776,-0.07212391014891245,5.150115555338996,5.2943000359785355,-1.537213419200774,5.618770693580336,6.219992517405064,3.976213667973849,True
5.3500000000000005,5.286423568448603,5.098410394286958,0.0318606908061611,-0.07489984942179616,5.478547841441779,5.7455983734467,-1.611862201001395,5.563820186131182,8.431027322980725,9.75763265985966,True
5.4,5.334628733776623,5.141359916531131,0.031729260849410724,-0.07751258544700997,5.4857726086486975,5.731087700511536,-1.6483524642711338,5.5300175315879025,5.105727438747302,4.912754379160484,True
5.45,5.382800557692422,5.184180905045171,0.03096215980525749,-0.08071353009567207,5.341519899434961,5.904097210179298,-1.6480334494781899,5.418984631983185,3.429580813101837,7.0111725587429685,True
5.5,5.430938739122258,5.226872289306592,0.030000735615403333,-0.08411532036332513,5.329018466712197,6.03417316742953,-1.578292797709792,5.435673898539263,4.810880001487817,6.683021927283849,True
5.550000000000001,5.479042977202653,5.269433002033014,0.029471143559384325,-0.08728950699179688,5.270813185776927,6.400631116064131,-1.5952218925200223,5.321935480038232,4.3029925410412435,9.43835375010465,True
5.6000000000000005,5.527112971282275,5.3118619792088335,0.028631300760725235,-0.09029227951555842,5.035697297313028,6.55549897806616,-1.5304472734198777,5.343747313227362,2.289334836677852,7.363955385355089,True
5.65,5.575148420923819,5.354158160111834,0.027944581728116587,-0.09311438739963021,4.982287100502903,6.448947875533963,-1.5947516987513146,5.335541713827176,4.154841270206187,4.57813050757459,True
5.7,5.623149025905882,5.396320487339693,0.027602495232547486,-0.09580930670846274,4.952395826993487,6.540442877407227,-1.55241256805328,5.384780083092562,4.3831590022740965,6.7276231147967,True
5.75,5.671114486224836,5.438347906836426,0.027329492166317824,-0.09858548628396147,4.767638373632081,6.458082590661278,-1.4286882404539214,5.34422409547263,2.6351172286849582,4.872254397742241,True
5.800000000000001,5.719044502096712,5.4802393679187364,0.026506639470131124,-0.10138536271778717,4.8737989441698035,6.680770456566468,-1.44948234463784,5.425667039778551,5.750633674559529,8.235751864572638,True
5.8500000000000005,5.766938773959066,5.521993823302277,0.025523065253440818,-0.10428876149751412,4.942116803233088,6.748442771341607,-1.3965790284431534,5.462451751350386,5.4180066824496915,6.689355771664221,True
5.9,5.814797002472856,5.563610229127839,0.02523792788459406,-0.10715028283680449,5.018124237255906,6.786586056525392,-1.4546043772988166,5.527668747924914,5.561881511827592,6.429946139549855,True
5.95,5.86261888852431,5.605087544987443,0.0241567570629056,-0.10995121653161997,4.871900124645214,7.020954545343326,-1.4524390023288791,5.577255528616085,3.136662567198253,8.666830499057738,True
6.0,5.910404133226792,5.646424733950354,0.022935226537143326,-0.11284331148387643,4.858973316039868,7.2785122416979195,-1.3912976235376247,5.569515907113535,4.529741492263119,9.118220748957667,True
6.050000000000001,5.958152437922682,5.687620762589001,0.021469417109416446,-0.11568491547435619,4.588015390150852,7.067829014748881,-1.4152944655276074,5.569689821311533,1.6465867834970251,4.1046177651142814,True
6.1000000000000005,6.005863504185232,5.728674601004813,0.02001135137415079,-0.11892654302202561,5.098269259146002,7.4649263021059555,-1.433069898816584,5.586032372688424,10.170531244373114,10.750784261064922,True
6.15,6.053537033820429,5.769585222853969,0.018796031967690845,-0.12242751775242967,5.134830258238725,7.785982849896186,-1.3935421056589572,5.551802580971936,5.2672564345941035,10.221093338887128,True
6.2,6.101172728868871,5.810351605373052,0.018145839424126103,-0.12598731310209865,5.275998181771638,7.907461326941029,-1.4205659230041576,5.574527480293898,6.465439399240525,8.256586549423135,True
6.25,6.148770291607617,5.8509727294046225,0.017355879999297767,-0.1289720641825913,5.259648406966107,7.833095517188006,-1.4242940337885441,5.643885124995876,4.813280404140285,6.184394802090392,True
6.300000000000001,6.196329424552058,5.891447579422696,0.01683182159498869,-0.13190572865864003,5.284053949350993,8.053563402451438,-1.3877778585807925,5.664802378335989,5.2643155658423355,9.43554787058116,True
6.3500000000000005,6.243849830457765,5.93177514355813,0.01645614176486317,-0.13503821225751908,5.19427909271377,8.17771775026843,-1.4035422655990284,5.6797563281477546,4.012386512955936,8.546169002065522,True
6.4,6.291331212322357,5.971954413623921,0.016219021433280533,-0.13840257742076126,5.714059780385453,8.154968881069353,-1.425196646100594,5.612255457857559,10.752455581593951,7.0238918866216045,True
6.45,6.338773273387349,6.011984385140411,0.015730812376953684,-0.14163817887535932,5.943281748686853,8.152907432954558,-1.3926297880945429,5.627015690753547,7.902641212616637,7.262630937343513,True
6.5,6.386175717140019,6.051864057360396,0.0148286942547575,-0.14506154866534365,5.7897306196834055,8.011414929789378,-1.4471843119555696,5.587901536509217,3.814403224719937,5.725755937182967,True
6.550000000000001,6.433538247315246,6.0915924332941485,0.013473850435051829,-0.14839818912750327,5.780251845326982,7.860679915661922,-1.3792169273435737,5.603563042104186,5.321996202242334,5.540220604312331,True
6.6000000000000005,6.480860567897368,6.131168519734339,0.011794837367658045,-0.15169625600429915,5.672768263459393,7.798378545101517,-1.3925444761394221,5.511427351631199,4.235087474070712,6.433349847143236,True
6.65,6.528142383122036,6.170591327280866,0.010195655961322103,-0.1556158656164414,5.9829031328292865,8.057237906548204,-1.4717192219302184,5.481817186446547,8.82634952744046,9.988085245178883,True
6.7,6.575383397478063,6.209859870365597,0.008840734516791867,-0.15951342604810545,6.09014573716428,7.77035405100885,-1.4460753850587087,5.592173623817617,6.800868225776352,4.116066296848007,True
6.75,6.622583315709258,6.248973167276999,0.007565722830715887,-0.16339260057683236,6.233615775472087,7.851748103939629,-1.4340454479380218,5.5584425358367415,7.292037893335923,8.029183855580147,True
6.800000000000001,6.669741842816289,6.287930240184686,0.006043167183894384,-0.16713022160104338,6.498940059981221,7.861591542208461,-1.4692133950490769,5.5231468780083315,8.767710498004462,7.307687432169949,True
6.8500000000000005,6.716858684058512,6.326730115163864,0.005155870048981216,-0.17133991583050615,6.7527761966708075,7.901875944299351,-1.555440834434051,5.524530006807433,8.850639171248147,7.669560206544519,True
6.9,6.763933544955826,6.36537182221968,0.004795873026346091,-0.17529845174185998,6.741285077949401,8.122433818142595,-1.4571818472342741,5.544978380838707,6.085488620230283,9.731632615003335,True
6.95,6.810966131290501,6.40385439531147,0.004260557511793969,-0.17947963173819842,7.08978026955633,8.184325396873067,-1.479495865484727,5.602533784552085,10.10109404715508,8.139294930100592,True
7.0,6.857956149109028,6.442176872376911,0.0033735930833614872,-0.18307626193921767,7.012311735797681,8.203689082574067,-1.4353827536192143,5.504401326714347,5.624027263411563,7.730134259571216,True
7.050000000000001,6.9049033047239465,6.480338295356073,0.0024923037069906123,-0.18617773688959569,7.103559007316763,8.316362442702424,-1.499080662868632,5.3907756742126995,7.467009120255254,8.796348845894988,True
7.1000000000000005,6.951807304715687,6.518337710215367,0.0020428026173785023,-0.1896701914966384,7.17622082993817,8.146926634991592,-1.4814334785486982,5.427444352418156,7.341776905718538,5.744874458356483,True
7.15,6.998667855934402,6.556174166971403,0.0016743468112658622,-0.1938400060650769,7.781476834793549,8.21137190676209,-1.5258573962383557,5.349934121895128,13.347285845095858,8.248543802187864,True
7.2,7.0454846655017995,6.593846719714732,0.0014705625820736613,-0.19791319951107914,8.07848307478426,8.09210695556018,-1.5210663112353702,5.343333691510649,10.373890496698369,6.269576213664611,True
7.25,7.092257440812974,6.6313544266334965,0.0011429217903700124,-0.20245966382382224,7.991586572439251,8.202602846187752,-1.455052671089879,5.353859572931549,6.329282171981765,8.757950816855983,True
7.300000000000001,7.138985889538229,6.668696350036979,0.0009417640155129066,-0.20674252883485456,7.949588978426032,8.098103972059214,-1.457894314628286,5.476683851322616,6.78606382626972,6.46106239496713,True
7.3500000000000005,7.185669719624913,6.705871556379038,0.0012749000677676182,-0.21099434103364198,8.40591135952228,8.115891056573881,-1.405030413042584,5.461014650207813,12.330668589664779,7.758927662026641,True
7.4,7.232308639299241,6.742879116281451,0.0014729584921428182,-0.21595982717725554,8.595751256426636,8.587253823173944,-1.4048702631722858,5.4670583803727935,9.710828237267709,12.844948103326264,True
7.45,7.278902357068116,6.779718104557149,0.0016792642712537562,-0.22080153076947384,8.406312726544941,9.070989521860241,-1.4498716962695177,5.437025846549862,5.643355120514709,13.355121425302144,True
7.5,7.325450581720951,6.816387600233341,0.0019349672583188597,-0.22576217353716083,8.225349555681255,9.24778397627261,-1.4490024230691347,5.519496634598825,5.617454710447058,10.306620631732983,True
7.550000000000001,7.3719530223315,6.85288668657455,0.002250992643397365,-0.23073959518535947,8.426562798285266,9.019860811906977,-1.4110534554843492,5.488261221159855,9.764259361867754,5.943642590889249,True
7.6000000000000005,7.418409388259654,6.889214451105515,0.0019911947378661705,-0.23531772828466374,8.341165154300967,9.127933044494961,-1.4335084733834718,5.503969648119145,6.734376366635368,9.540705512906756,True
7.65,7.464819389153281,6.925369985634013,0.0009809160623983329,-0.2401177150016017,8.525847750139603,9.079279420017265,-1.3871437882985636,5.453532053827744,9.707624126464406,7.886195236323305,True
7.7,7.511182734950025,6.961352386273568,-0.0004586780589566537,-0.2448074759286505,8.376250957058263,9.072817459776818,-1.392125924877499,5.443287140007628,6.141664686743415,8.34024923379264,True
7.75,7.557499135879126,6.997160753466035,-0.0018825280907299226,-0.24989656016817674,8.409622910454702,8.885173348054195,-1.389229153418794,5.474646534466833,8.093205435099442,6.329998735289386,True
7.800000000000001,7.60376830246323,7.032794192004102,-0.0031462055131356,-0.2553766396454477,8.385716772423837,8.960324019695225,-1.4236287218018928,5.504151997286925,7.495426818361326,9.141600251333434,True
7.8500000000000005,7.649989945520195,7.068251811053661,-0.004656698233007521,-0.26111522926307534,8.541021389117345,9.381698179340955,-1.4462163705886595,5.553470933304063,9.491125136003234,13.07807634707962,True
7.9,7.696163776164901,7.103532724176079,-0.00569882032019434,-0.2672640487448154,8.933153027666366,9.016127408491533,-1.4584582054291422,5.477803070853573,12.266815839297024,4.631873539703232,True
7.95,7.74228950581106,7.138636049350369,-0.006843022606353321,-0.27337838457870134,8.732934256838538,8.781726103663924,-1.4373287480091854,5.514068114292148,5.963645670608086,5.843164282689037,True
8.0,7.788366846173011,7.173560908995228,-0.008028283584552227,-0.2801683465405005,8.904322194591998,8.534661642401426,-1.4193024783019594,5.535471149309108,9.97865938509054,5.5406265859783,True
8.05,7.834395509267526,7.208306429990986,-0.0093352458841315,-0.2868274344822044,9.242878802123954,8.593687132877573,-1.426940049923133,5.509050975857151,11.988229249720028,8.78943808662423,True
8.1,7.880375207415609,7.242871743701426,-0.010641200378867899,-0.29395316592880877,9.11699134630594,8.326444410284843,-1.4516264031681745,5.446923985560449,7.078938006350151,5.203013796663917,True
8.15,7.926305653244299,7.277255985995506,-0.011732516402963092,-0.30111918804754195,9.006254562146664,8.306789050756969,-1.369354543800119,5.516271253846989,7.172979385854639,7.780194157743283,True
8.200000000000001,7.972186559688459,7.31145829726896,-0.012624038450035109,-0.3089132825735436,8.831690166512715,8.20733572870274,-1.364587796918663,5.448487706958927,6.393956153491851,6.884042871564347,True
8.25,8.018017639992571,7.345477822465786,-0.013902581605685131,-0.31671186287464476,9.01140457617117,8.378600519139079,-1.3515096077058437,5.478771249460561,10.229926171599447,9.843635787051884,True
8.3,8.063798607712533,7.379313711099628,-0.014660149481456669,-0.3242884216701925,8.910502009295495,8.107563169978034,-1.3948809203173331,5.488510555228001,7.25311686219652,5.044898807914798,True
8.35,8.109529176717446,7.41296511727503,-0.01587903673052423,-0.3320466388594561,8.844272373849487,7.767109799934817,-1.4001376646220647,5.503916133509929,7.575094447439506,4.073902939186468,True
8.4,8.155209061191403,7.446431199708594,-0.017119183799752104,-0.33941025943783626,8.926823737058577,7.816101255641079,-1.3970807936401453,5.434600875663482,9.204766236880815,8.171450275492926,True
8.450000000000001,8.200837975635277,7.4797111217499985,-0.01851348471461778,-0.3470133364929706,9.183737401188763,7.564324338463917,-1.38018600535213,5.391928809808299,11.22540511674021,4.852812572687288,True
8.5,8.246415634868496,7.512804051402927,-0.02035269749882146,-0.3546499691772726,9.038318757978884,7.338550123394596,-1.3886663676572077,5.375378660125706,6.945283576809183,4.961277112731997,True
8.55,8.29194175403084,7.5457091613458624,-0.022271905031509675,-0.3628222931335017,8.973571645685785,7.473153254636681,-1.4082585907843783,5.428902388720746,7.756500204922356,8.814865428068703,True
8.6,8.337416048584215,7.57842562895277,-0.024521026470925425,-0.37101966456306196,8.960354301170236,7.602140128137991,-1.4308840368774196,5.481366333209155,8.297742715798835,8.8587269265286,True
8.65,8.382838234314427,7.610952636313664,-0.026795200323925926,-0.379620360457688,9.09825359584156,7.438750890528744,-1.443575910544263,5.447276783859939,9.989966680830959,5.695446062824333,True
8.700000000000001,8.428208027332962,7.643289370255052,-0.02897089313189831,-0.38868228373682,9.4170588744568,7.619491708309322,-1.3853108246199355,5.4135437828525355,12.12362184819942,9.418089452824987,True
8.75,8.47352514407876,7.67543502236027,-0.030647571848323427,-0.39734355243949665,9.727000402912203,7.607449007927213,-1.445940192507198,5.404381835133745,12.274909088126531,7.408287387163989,True
8.8,8.518789301319993,7.707388788989694,-0.03226222380497475,-0.4066738370768877,9.579831011373269,7.600773618209278,-1.4271828113446476,5.372558664906755,7.417579790076864,7.457020599262599,True
8.85,8.564000216155822,7.739149871300817,-0.03415961015408117,-0.4162406370201854,9.318124105809618,7.448362733738692,-1.4498128389138467,5.385007436557696,6.0463027452548594,5.835230983774249,True
8.9,8.609157606018178,7.770717475268239,-0.03625766105514689,-0.42573440693244124,9.516459322444081,7.750233110392555,-1.426827943991243,5.386710756794366,11.000448698745823,10.792488048529474,True
8.950000000000001,8.654261188673521,7.802090811703504,-0.03835730918616367,-0.43533545089972875,9.41861056864292,7.667620620673002,-1.4619434393283757,5.405128664243094,7.860165499357245,6.729146991910958,True
9.0,8.699310682224604,7.833269096274834,-0.04047628008462359,-0.44582507258483733,9.82763644164287,7.606796987762608,-1.4575982865009445,5.303395298661501,13.454836570128744,6.914108823486483,True
9.05,8.744305805112244,7.864251549526741,-0.042102556804921885,-0.45628483294417654,9.772270682060654,7.671448599151755,-1.4308042341273095,5.334090399752356,8.593693568317704,8.279139304487632,True
9.1,8.789246276117066,7.895037396899505,-0.04326050885134362,-0.46745909220304693,9.733789506563742,7.712913125459664,-1.4343282521527352,5.333308329519365,8.751110335213257,8.069675738802015,True
9.15,8.834131814361271,7.925625868748546,-0.044608275078917826,-0.4789977099382117,9.765172323782702,7.922790517005248,-1.4515529076091302,5.379103658012228,9.511679879352004,9.987907614889501,True
9.200000000000001,8.878962139310397,7.956016200363662,-0.046217275502321534,-0.49082681741558876,9.952420897157257,8.186312241044677,-1.3318423756381248,5.268279341794616,11.289808217829352,10.748199678877436,True
9.25,8.923736970775051,7.986207631988142,-0.04884094464212341,-0.5039505894150954,10.057259557861551,8.138808528819549,-1.4234085725489227,5.3275585238966725,10.527104692653376,7.481548701564407,True
9.3,8.96845602891269,8.016199408837771,-0.051726511670325256,-0.5173144774416001,10.039187121914802,8.301117456341647,-1.4826864516269902,5.3132457299253435,9.259588215299093,9.803806894504545,True
9.35,9.01311903422934,8.045990781119691,-0.05503518221491474,-0.5306298095374545,10.091043728229295,8.439462111261724,-1.4293841802846778,5.337235276064352,10.043628720404447,9.663703504516835,True
9.4,9.057725707581367,8.075581004051143,-0.05853352259902333,-0.5442108111357663,9.97711239576919,8.606485893359123,-1.4106269807746825,5.25851927232981,8.251818641808203,10.090833152581748,True
9.450000000000001,9.102275770177206,8.1049693378781,-0.061941907997295605,-0.5579250865989709,9.805161422592667,8.456528756966852,-1.4811441165162775,5.2531715816444375,7.535804120197364,6.687946100995672,True
9.5,9.14676894357911,8.134155047893737,-0.06534101345891642,-0.5709945441735923,10.014488828527773,8.540029780405428,-1.4472478804861992,5.249408078049308,11.672322063888211,9.187467210957475,True
9.55,9.191204949704892,8.163137404456835,-0.06880880183443809,-0.5838460383952947,10.075817467839109,8.36725675524016,-1.4523671943591574,5.190472656673065,10.189386210221448,6.389838731846433,True
9.600000000000001,9.23558351082966,8.191915683009984,-0.07225946919498978,-0.5968800591207879,10.10265705137227,8.425340146532687,-1.4806155397134835,5.121113200309144,9.863893688558555,8.83917685917784,True
9.65,9.279904349587545,8.22048916409772,-0.07581543000185628,-0.6091494620520767,10.040149933779938,8.692924081457925,-1.4895926621719613,5.145172589949876,8.899983084598535,11.22547109971144,True
9.700000000000001,9.324167188973457,8.2488571333845,-0.0793557846325418,-0.6218637238273431,9.705008086186913,8.729117616181497,-1.5047881090420268,5.084957240985889,5.826164539118983,8.841137037945256,True
9.75,9.368371752344785,8.277018881672577,-0.08416633709266483,-0.6345900304347548,9.767164714187071,8.619174078063839,-1.501174141009596,5.105032562491271,10.0191529615445,7.249082577960221,True
9.8,9.412517763423162,8.304973704919705,-0.0891367027249072,-0.6481151936181824,9.832156442772988,8.848916871789642,-1.5091008970226978,4.929890120255108,10.119530092822407,10.96225608374619,True
9.850000000000001,9.456604946296155,8.332720904256762,-0.09420774103532661,-0.6616993000863549,9.547615103488697,8.86666136678764,-1.5285665762556635,5.028297896111155,6.280385704476975,8.782728639935572,True
9.9,9.500633025419017,8.360259786005207,-0.0994661313220263,-0.6755341901734928,9.894415472178538,8.791850122109294,-1.5953819018527269,5.029965935711517,13.120305743279236,7.770833655482623,True
9.950000000000001,9.544601725616396,8.387589661694431,-0.10486590509352063,-0.6895559707797076,9.821158788860446,8.79082300375617,-1.5712270701402125,5.077758463271806,8.703201829486776,8.54705245834706,True
10.0,9.58851077208406,8.414709848078965,-0.11006186563831213,-0.7036491868559485,9.831544591177156,8.874689571849187,-1.5041578825221622,5.016031122439706,9.592244106117423,9.500891614197405,True
10.05,9.632359890390612,8.441619667155564,-0.11554231780625046,-0.7178484401970806,9.494201863661313,8.82658509428538,-1.5217168583259648,5.033845762226015,5.728095135794842,8.09787116537089,True
10.100000000000001,9.676148806479205,8.468318446180152,-0.1202579824910318,-0.7326616349509462,9.725522018282955,8.597432629973682,-1.5369407026753579,5.051540463895489,11.83044761256318,6.049709581029861,True
10.15,9.719877246669252,8.494805517684643,-0.12477628493321063,-0.7478309524992313,9.647607358871175,8.625082127424612,-1.5165325810910475,5.069268141891638,8.55228998291713,8.754752720203365,True
10.200000000000001,9.763544937658152,8.52108021949363,-0.12935797462321355,-0.7632110225100418,9.469690342806928,8.578564540324402,-1.5272968221650227,5.0599992169003585,7.384356498051574,7.955542685240225,True
10.25,9.80715160652297,8.547141894740935,-0.13407845724675926,-0.7793407101417109,9.373978721249363,8.411647178622575,-1.4983454488620547,4.958175216219373,8.17609661849734,6.583839415372334,True
10.3,9.850696980722173,8.572989891886033,-0.138892952455563,-0.7953837571907045,9.630877601994005,8.61466488114729,-1.5017648377552457,5.01941316740036,12.044631907119873,10.596348202191065,True
10.350000000000001,9.894180788097312,8.598623564730346,-0.14411252631669058,-0.8109356871712858,9.325228668088728,8.788488743892827,-1.5154181112242222,5.00930099572056,5.96768871234627,10.42333623325379,True
10.4,9.937602756874735,8.624042272433384,-0.14942991101787545,-0.8265893875865415,9.374881144334934,8.896048847323494,-1.576930039763908,4.936633783647589,9.712983726958687,9.812227518703557,True
10.450000000000001,9.980962615667275,8.64924537952878,-0.15470517028667521,-0.8426572097712853,9.517817738939854,8.979937580577614,-1.491513136518975,4.931817411047806,10.795637432316969,9.63389891646908,True
10.5,10.024260093475956,8.67423225594017,-0.1598257529446936,-0.859805107628222,9.615990870647753,9.076326525420999,-1.4668789612958288,4.935982226813916,10.406931189550315,9.845069887770732,True
10.55,10.067494919691688,8.699002276996943,-0.16479187364769432,-0.8777408193259144,9.842105151133572,9.104000061728295,-1.542803934766774,4.925476591715345,11.91077571557707,9.166783021993423,True
10.600000000000001,10.110666824096942,8.723554823449863,-0.16992426496666027,-0.8957674072527859,9.639601064858276,9.019294337776161,-1.574622994481736,4.977623267338279,7.302954679846381,7.9474471291056705,True
10.65,10.153775536867455,8.74788928148655,-0.175651148095217,-0.9135392768879255,9.79964914148979,8.96263199487103,-1.599548772111025,4.881590499113051,11.20432408282273,8.203240916904868,True
10.700000000000001,10.196820788573916,8.772005042746816,-0.1816926747057686,-0.9316129764600236,10.130516742096615,9.031233915343625,-1.552967026779438,4.907826892466979,13.240560519239203,9.560127224587243,True
10.75,10.239802310183642,8.79590150433789,-0.18719362755637262,-0.9504642872126581,10.432427244618754,9.11738984584687,-1.6035696222386846,4.830460033008289,13.17391050626357,9.814365558889067,True
10.8,10.282719833062261,8.819578068849475,-0.192422825404514,-0.9698627200461545,10.315275736689724,9.148096174996663,-1.5556933465684544,4.808507660355457,8.727737394643631,9.272530730753768,True
10.850000000000001,10.3255730889754,8.843034144368692,-0.19757795060515065,-0.9896968126713096,10.306345423817694,9.181855631198827,-1.5684026452386346,4.896674799877519,9.854568349913185,9.339735644974219,True
10.9,10.368361810090342,8.866269144494872,-0.2030833632738818,-1.0104772654393117,10.23005776645321,9.1824590025163,-1.5876717240603198,4.767711440005025,9.10489765617631,9.004161036944607,True
10.950000000000001,10.41108572897772,8.889282488354226,-0.20865247815974308,-1.0315964107559,10.015374316823468,9.11883660734827,-1.5756995496166524,4.791166555400106,7.516671442592407,8.302478135287405,True
11.0,10.453744578613184,8.912073600614354,-0.21475780457022758,-1.0526037110214452,9.790765325680892,9.428850840404582,-1.6486657902574835,4.706715117561318,7.254383377101783,12.430112018266712,True
11.05,10.49633809237906,8.934641911498636,-0.2211357092855048,-1.074465043691794,9.909183023610145,9.315542317340688,-1.5995168423650337,4.728652231546243,10.9246151909838,7.942380452049261,True
11.100000000000001,10.538866004066028,8.956986856800476,-0.22767143302921514,-1.09676016418733,9.989720337134953,9.142018131663384,-1.5994667296982215,4.776744951321703,10.597915450504766,7.200440928338098,True
11.15,10.581328047874774,8.979107877897407,-0.23440890490989583,-1.1200388746124714,9.936247758375913,8.9377570004583,-1.597177435755538,4.747948281301835,9.17015399677016,6.737021472318817,True
11.200000000000001,10.623723958417667,9.001004421765051,-0.24085404920284004,-1.143849789276687,9.8145360247299,9.084308336774022,-1.6360273604363607,4.733076156005295,8.376762599122603,10.510593867485861,True
11.25,10.666053470720403,9.022675940990952,-0.24789787840885852,-1.167941785470596,9.997650328951407,9.125118898660526,-1.6424721629623864,4.6942584746917575,11.687942472412097,9.447503704805547,True
11.3,10.708316320223668,9.04412189378826,-0.25533317155426577,-1.1918769304979728,10.10342570509083,9.177927549671317,-1.6207586390454156,4.642519908643873,10.9722757744142,9.616932809813242,True
11.350000000000001,10.750512242784788,9.06534174400927,-0.26335116325034313,-1.21586781644275,10.412759590249857,9.179064354689054,-1.6772896855892103,4.6258413205201405,13.330729490742469,9.080846333520087,True
11.4,10.792640974679387,9.086334961158833,-0.27190061626674183,-1.2405296517566056,10.573839177560652,9.247627127386455,-1.6683305126214172,4.600232963447252,11.919469344394392,9.837049660169452,True
11.450000000000001,10.834702252603027,9.107101020407613,-0.28047126506997627,-1.265383919707595,10.683533821371098,9.364226806293354,-1.6908748743457942,4.599638262757004,11.479181805861412,10.433479323577941,True
11.5,10.876695813672852,9.127639402605212,-0.2897100582803177,-1.2905916017713155,10.408535613523012,9.598127011924394,-1.6830160752023149,4.55914365823845,7.278475505350839,11.83363606175283,True
11.55,10.918621395429252,9.147949594293141,-0.29873439194014684,-1.3160328069670946,10.793870137134164,9.817608712125999,-1.6662048947935404,4.557261546518013,14.453616138131109,11.854429658775901,True
11.600000000000001,10.960478735837473,9.168031087717669,-0.3079197843657139,-1.3417780215904345,10.64808104553621,10.011121036068461,-1.6363150318251254,4.414632100327291,8.821332190466132,11.73571923436814,True
11.65,11.00226757328927,9.187883380842507,-0.3171481451956572,-1.3676354168587541,10.886765528499447,10.276317110551995,-1.729302462097818,4.484648537761608,13.011120849216622,12.68874774903962,True
11.700000000000001,11.043987646604554,9.207505977361357,-0.326324564527841,-1.3936550806195516,10.814361154059199,10.207474106301522,-1.6686937633269743,4.4484312345354775,9.727367985510165,9.169030144884697,True
11.75,11.085638695032994,9.22689838671033,-0.3357330814026192,-1.4195805023620802,10.829173446463576,10.105012518935604,-1.7540939107559517,4.387759642749003,10.654389434337887,8.752820598247075,True
11.8,11.127220458255678,9.246060124080204,-0.344823963366969,-1.4456933517239536,10.599472955531258,10.085555945353798,-1.692007310115321,4.325864933035568,7.948717452068683,9.609008611278652,True
11.850000000000001,11.168732676386718,9.264990710428542,-0.35405752828764336,-1.4714040999069136,11.056601811544006,10.227361285848573,-1.6727984922234955,4.334067797218331,15.442699843822714,11.402024980312845,True
11.9,11.210175089974886,9.283689672491667,-0.3631383803109492,-1.4971522285786338,10.862954868328469,10.110947475394635,-1.7626315977792109,4.318315129056864,8.53312354010432,8.630301494798779,True
11.950000000000001,11.251547440005234,9.302156542796506,-0.37236422150278503,-1.5225785428505028,11.239476294417095,10.292675991664883,-1.7359521970047993,4.325424367763511,14.755616973023894,11.876650253419406,True
12.0,11.292849467900709,9.320390859672264,-0.3815515649614691,-1.5479677711934607,11.205541710393625,10.291732365458424,-1.779836000233686,4.322665830948873,10.467643517015423,9.978059300157511,True
12.05,11.334080915523767,9.338392167261965,-0.39070487277698634,-1.5738427520461693,11.385620393486146,10.266070762270752,-1.7997903849382413,4.26604105227512,12.838790267713152,9.708883701387593,True
12.100000000000001,11.375241525178001,9.35616001553386,-0.3998355369766249,-1.5994855407386668,11.376096130448344,10.312922493198213,-1.7902149658401503,4.186590051302349,10.867437207870639,10.510869220485096,True
12.15,11.41633103960973,9.373693960292664,-0.4094029185402185,-1.6249186034041947,11.562398891486644,9.912792735679808,-1.8189746853935511,4.218863821522563,13.054582480920255,5.564941693201563,True
12.200000000000001,11.457349202009626,9.390993563190676,-0.41887845497318466,-1.6516634609308265,11.676523995200819,10.016146747551804,-1.8411610315341589,4.151125273505208,12.402978538114828,10.887036620506523,True
12.25,11.498295756014304,9.40805839173872,-0.4285454644758208,-1.678849184961685,11.59530724883684,9.91349323533058,-1.8295303477842315,4.176398312596909,10.319239363251963,8.684207119629297,True
12.3,11.539170445707938,9.424888019316976,-0.4380481606320601,-1.7057294945643928,11.276738060826965,10.136940035809308,-1.8164701824979048,4.113014688022277,7.624516385380448,12.253963668212284,True
12.350000000000001,11.579973015623848,9.441482025185627,-0.44843041651052173,-1.7324504437360715,11.336303462183555,10.19142838213441,-1.8467578863362664,4.0312648234453246,11.613145203508486,10.536891813985818,True
12.4,11.620703210746104,9.45783999449539,-0.45943472021601,-1.7599554935031554,11.355020782677906,10.379663301155073,-1.9023929559566717,4.010781200832782,11.21911665668188,12.072889372715746,True
12.450000000000001,11.66136077651112,9.473961518297887,-0.47037561518871,-1.787375354653747,11.462391222101575,10.22019071387668,-1.8060072241517227,4.015096759909241,12.236352535718808,8.34855708944273,True
12.5,11.701945458809245,9.489846193555863,-0.4806910493237442,-1.814384746894164,11.37993582192597,10.111263109343149,-1.8692316748959488,4.039977740898805,10.206483715220024,8.798761529622647,True
12.55,11.742457003986344,9.50549362315326,-0.49076672663210263,-1.8414042625862157,11.820114902434517,10.224596563107262,-1.8870843278360212,3.984266456560513,15.976288325349206,11.197493271308847,True
12.600000000000001,11.782895158845392,9.520903415905158,-0.5011719659821058,-1.869215244946005,11.768896583590248,10.384597272344081,-1.9354863361374401,3.9288632920412994,10.829277177899373,11.807122251730679,True
12.65,11.823259670648053,9.536075186567537,-0.5122856202068689,-1.897558557949087,11.970001386556396,9.994366882228732,-1.8217182459774377,3.8854295134925634,13.619213717899296,5.802520114012272,True
12.700000000000001,11.86355028711626,9.551008555846924,-0.5231949141335176,-1.925990455035663,11.859922819338717,10.13650550074027,-1.911391382486789,3.9000159574704405,10.315460373417542,11.460325092197634,True
12.75,11.90376675643379,9.56570315040986,-0.5342088251556629,-1.954742318319349,11.81158174490467,9.872968284104415,-1.9732560425247425,3.8274570644626333,10.93050851662668,7.045509584644646,True
12.8,11.943908827247842,9.58015860289225,-0.5450758713707484,-1.9832545600686708,12.028803838511909,9.702249151622185,-1.9240121621117152,3.855903974934991,13.86724969566454,7.891153067574196,True
12.850000000000001,11.983976248670604,9.594374551908535,-0.5559745802605183,-2.011732440907101,12.136161636007067,9.474741507653047,-2.003519751044515,3.6703063431199987,12.811641454119433,7.129869887375271,True
12.9,12.023968770280822,9.608350642060726,-0.5669373227016207,-2.039714336881146,12.107519105105315,9.650087191441155,-1.948492999161887,3.7292480463891176,11.385537657445846,11.453906607240947,True
12.950000000000001,12.063886142125366,9.622086523947303,-0.5768659797318192,-2.067554051671671,12.246931310527282,9.63594669101424,-1.9656519380219193,3.6771692683356534,13.250014216408804,9.465668205170001,True
13.0,12.103728114720791,9.63558185417193,-0.5868725836405256,-2.0954274524959065,12.241936347955717,9.886398321440115,-1.9922858536371688,3.5533977161137127,11.743188321047757,12.405507229707693,True
13.05,12.143494439054903,9.648836295352055,-0.5970148011848286,-2.1236599475869204,12.199085389987513,9.931551299129548,-1.9954629108115987,3.6279341190329526,11.329218517877822,10.303507683193182,True
13.100000000000001,12.183184866588297,9.66184951612734,-0.6072787067291894,-2.151607313741849,12.109503403595486,10.049061280001592,-2.0429930707810082,3.6084959119661586,10.788265307585608,11.150054235992572,True
13.15,12.222799149255934,9.674621191167944,-0.6178378308778466,-2.1797944815321535,12.044287577932248,10.389909554555123,-1.9910138095384302,3.64637119458479,11.00471451567159,13.728186385673485,True
13.200000000000001,12.262337039468678,9.687151001182654,-0.6281022946378171,-2.2086085386049525,11.933530458472704,10.197455825272302,-2.0673159281751095,3.5918012552488072,10.460528664208224,8.039768005466806,True
13.25,12.30179829011484,9.699438632926872,-0.6385763023520901,-2.237647015564054,11.8274972043091,10.113845300631272,-2.0755578611518337,3.494511645324618,10.436285368602208,9.12160906626339,True
13.3,12.341182654561733,9.711483779210447,-0.6488889637826446,-2.266962723436291,11.961409307150833,10.377061555301747,-2.0537721100686555,3.536933226881092,13.04341845305141,12.933461194503973,True
13.350000000000001,12.380489886657209,9.723286138905346,-0.659172276977606,-2.2968940890074627,11.881337897019892,10.309968720800219,-2.043434719566412,3.492369636273299,10.761951290283987,9.451444921629287,True
13.4,12.419719740731194,9.734845416953194,-0.6690760935609323,-2.3267583842561677,11.749852367966374,10.28273968166466,-2.0414271439378244,3.5249295239164398,10.136105831989255,9.856688556062354,True
13.450000000000001,12.45887197159723,9.746161324372641,-0.6789002105829859,-2.3569189920940707,11.82826083684137,10.379635811528336,-2.1198657438395165,3.3593099698505093,12.382185691436142,11.22387579265762,True
13.5,12.497946334553998,9.757233578266591,-0.6892574588997522,-2.387175183005127,11.731914529088932,10.142528400380192,-2.0563761751396816,3.4330986931850584,10.496786729809871,7.577321642681611,True
13.55,12.536942585386859,9.768061901829274,-0.7001904958638309,-2.4179684141560607,11.742650653757371,10.45070755824632,-2.1074805969151615,3.3912642976359315,11.631084977694833,13.487235022294369,True
13.600000000000001,12.575860480369371,9.778646024353163,-0.7106739933623851,-2.449067861118589,11.658100452445948,10.196858169526232,-2.1153258736266674,3.3542248901936667,10.587666054122538,7.456302177887617,True
13.65,12.61469977626482,9.788985681235747,-0.7214645991215118,-2.4801216583728882,11.731377233478275,10.04828870398291,-2.151952351082266,3.313741638135901,12.28565298744664,8.448316638028155,True
13.700000000000001,12.653460230327727,9.799080613986142,-0.7328295148097408,-2.5115129912143104,11.724346398894763,10.034938199383959,-2.132198158570422,3.2966444527859338,11.452471303812459,9.847459072439342,True
13.75,12.692141600305387,9.808930570231556,-0.74452486319266,-2.5432865483651805,11.846446514837188,9.966923834844785,-2.112485077807528,3.3015716211904835,12.898348192902455,9.232520439085587,True
13.8,12.73074364443936,9.818535303723598,-0.755825544074979,-2.574486449214707,11.969987861627478,10.418687685443459,-2.151721621231046,3.1509197206766504,13.013586318321574,14.984165555366728,True
13.850000000000001,12.769266121466998,9.827894574344427,-0.767738612578897,-2.605813472284033,11.935962853825622,10.473333977857525,-2.127694281028299,3.211314232336328,11.349596472935477,10.886682836824418,True
13.9,12.80770879062294,9.837008148112766,-0.7800566647973992,-2.637111428559735,11.77026372392777,10.169648395159264,-2.1471868251291255,3.0767629114976383,9.867798988759127,6.935581413963378,True
13.950000000000001,12.846071411640636,9.845875797189747,-0.7927050576107573,-2.6683756904546283,12.065412876191434,10.316891282957751,-2.0732049927609038,3.086124698644493,14.893902244095182,11.741932077104611,True
14.0,12.884353744753822,9.854497299884603,-0.8059031736698076,-2.6998499513652563,12.272190456732368,10.227399248136365,-2.2209447395648882,3.0943418859455347,14.136042820858552,9.212756718321918,True
14.05,12.922555550698046,9.862872440660217,-0.8196261782847291,-2.731372922796887,12.190443661016326,10.318918881948486,-2.1618353982172853,3.038885980706531,11.08371673741812,11.16969779288168,True
14.100000000000001,12.960676590712145,9.871001010138503,-0.8339994774503079,-2.7635075466228867,12.420884717266723,10.267690046511731,-2.247309647623953,2.991163073341713,14.516994666138189,9.64828108222862,True
14.15,12.99871662653974,9.878882805105652,-0.8486269637054744,-2.795346062253959,12.46485200018021,10.23966232655293,-2.171028248876983,3.020609576631539,12.621784296941005,9.877521776058234,True
14.200000000000001,13.036675420430734,9.886517628517199,-0.8634690198241727,-2.826964132605619,12.609021647941814,9.970791937313122,-2.2578889283477324,2.9846541954888632,13.782031716885424,7.169265241866341,True
14.25,13.074552735142786,9.893905289502953,-0.8786487435350496,-2.858758218064966,12.64789650493867,10.18706058869493,-2.2794600581178743,2.9591276576369383,12.724640070288117,12.37924920498827,True
14.3,13.112348333942807,9.901045603371779,-0.894530555941893,-2.8907974441483053,12.503113775240456,10.115019587572007,-2.2871362182877792,2.891852549748179,10.716573599205912,9.326807965381827,True
14.350000000000001,13.150061980608424,9.907938391616199,-0.9100245550848208,-2.9235492252787063,13.06708450137507,10.095726287337495,-2.293380411026593,2.9024185634175828,18.528758928664935,9.865286401247804,True
14.4,13.187693439429465,9.914583481916864,-0.9260993817009706,-2.9561628773162396,13.534612307407526,10.438787778213172,-2.305389843241193,2.7385836169769733,17.876588330222447,13.900564967093583,True
14.450000000000001,13.22524247520944,9.920980708146867,-0.9421526032683787,-2.989120190605563,13.600778484733246,10.452635750555041,-2.4269717770812447,2.7148964948802767,13.76484137067086,10.48376652392816,True
14.5,13.262708853266993,9.927129910375886,-0.9586917540658474,-3.0220970174838913,13.515926113099237,10.427694467053254,-2.429698028289175,2.7418838479946244,12.14228004016903,10.06768417916204,True
14.55,13.300092339437388,9.93303093487418,-0.9750634114422304,-3.055862420813979,13.651998816570481,10.363495962805294,-2.4417295138515933,2.7104234754872905,14.560815678690956,9.614078273380565,True
14.600000000000001,13.337392700073957,9.93868363411645,-0.9911599902161371,-3.0896394936832317,13.577887816185177,10.432936462345529,-2.4912403372772944,2.6896101744381062,12.328157419251957,11.0671803605868,True
14.65,13.374609702049566,9.944087866785503,-1.0076692652215182,-3.1237308858229644,13.418441772822431,10.638744750152172,-2.4160857748498143,2.642832052867221,11.33069327012998,12.641884573626864,True
14.700000000000001,13.411743112758076,9.949243497775809,-1.0249837568453588,-3.1580665415254328,13.211881805083104,10.64421668382462,-2.474760763948325,2.6577012235197333,10.702128411669888,10.566335532181284,True
14.75,13.448792700115789,9.954150398196859,-1.0421213830037839,-3.193182728326338,13.177650708891797,10.73441938296895,-2.498118492416931,2.5278017305970018,12.488570301814464,11.521291207365607,True
14.8,13.485758232562903,9.9588084453764,-1.0586398697705495,-3.228293234152313,12.970310094383263,10.783860874641158,-2.49191235073521,2.606925672250275,10.538964534988306,11.145115371218672,True
14.850000000000001,13.522639479064964,9.963217522863495,-1.0750869874055244,-3.2638825153477398,13.070767276281444,10.813772750567082,-2.514329708009467,2.5372182155482563,13.819175995655055,10.967643281057153,True
14.9,13.559436209114297,9.967377520431434,-1.091558647182197,-3.29973860812508,13.070252083882496,10.736490777105283,-2.5305495977666084,2.4377668278185234,12.773992095311009,9.802968276252612,True
14.950000000000001,13.596148192731462,9.971288334080498,-1.1078078724794362,-3.3355424131578992,13.121836223190549,10.701963412051883,-2.469681976025579,2.4974267755322863,13.36222854729034,10.228598375540587,True
15.0,13.632775200466682,9.974949866040545,-1.1238554068769182,-3.371627715679494,13.204445500760153,11.10148765543175,-2.5240887948240007,2.4681545223270978,13.751589013933401,15.046629681525786,True
15.05,13.669317003401279,9.97836202477347,-1.1402992451403466,-3.4072176340620515,13.40513077857529,11.12924505932987,-2.4982725823138088,2.3992675420243743,15.13545254449288,11.203848477620209,True
15.100000000000001,13.7057733731491,9.98152472497548,-1.1570759260504084,-3.4433941396327175,13.445529991138288,11.329029962257568,-2.548252269014581,2.340146109238132,13.509138711755986,13.14344502898325,True
15.15,13.742144081857951,9.98443788757924,-1.1737093238507763,-3.4797300719149318,13.389375149942122,11.175733099993533,-2.5735545663510813,2.393936214553574,12.4743978837541,9.365686039935419,True
15.200000000000001,13.77842890221103,9.987101439755829,-1.1904828416576823,-3.516160683466196,13.353306831979049,11.06317995856262,-2.5764347182980023,2.336370749639273,12.663695830083137,9.713690723620159,True
15.25,13.814627607428315,9.989515314916588,-1.2068489736088082,-3.553223145611809,13.132603091186757,11.087754220537194,-2.5464781468876168,2.275436388842537,10.5869288102053,11.165299617730199,True
15.3,13.850739971268027,9.99167945271476,-1.2235658008095798,-3.5905026192842904,13.055155486631271,10.589088518851419,-2.5990480023858127,2.2769376044095573,12.023545425929445,5.358317995205516,True
15.350000000000001,13.886765768028004,9.993593799047014,-1.2400879413967592,-3.6281050113786644,12.810281626505073,10.612943282974124,-2.5434327871685487,2.183046016300779,10.108030378942306,10.820605992207817,True
15.4,13.922704772547135,9.99525830605479,-1.2565686094644681,-3.6658726024386215,12.835626482354947,10.772723507669486,-2.6659169781091823,2.150049181008644,12.942645804258854,12.358613515647507,True
15.450000000000001,13.95855676020676,9.996672932125502,-1.2731839324165672,-3.7037199902469657,12.928971663578142,10.868532528762806,-2.698374023549685,2.070343596941755,13.723346182432849,11.766919971926134,True
15.5,13.99432150693207,9.99783764189357,-1.2894457531564287,-3.7412929778514967,12.994560998143056,10.967300820037243,-2.682831282674556,1.9341511482776537,13.488624491986698,11.874090864508592,True
15.55,14.029998789193519,9.99875240624131,-1.3055402343812148,-3.7790078669971554,13.072216028474454,10.722171479329868,-2.7252726858201184,2.027798220496741,13.672851972875357,8.111695577137628,True
15.600000000000001,14.065588384008205,9.999417202299663,-1.3220994880327734,-3.8167675885653827,12.832456231526152,10.453149867908557,-2.6878011634478125,1.9877697077297833,10.193462563677766,7.666769433013851,True
15.65,14.101090068941279,9.99983201344876,-1.338506791308499,-3.8542150603630656,12.577923223579742,10.196835307447866,-2.7685095998793607,1.9388199700019246,9.859607837871053,7.609577981328803,True
15.700000000000001,14.136503622107321,9.999996829318347,-1.3544868260609841,-3.892506628899478,12.775213561605876,10.313217874578763,-2.738265517352793,1.9006657305670749,14.710953283575428,11.571692667270698,True
15.75,14.171828822171742,9.999911645788032,-1.3706043513174477,-3.931146141951553,13.13856991404887,10.12742283342633,-2.7661252768392983,1.9225597410745698,16.707763382778076,8.294808559824636,True
15.8,14.207065448352157,9.9995764649874,-1.3869039164918695,-3.9700213278831873,13.038839463529651,10.495057563031793,-2.775623952044848,1.7908515129981604,11.818198330900508,14.33111188630235,True
15.850000000000001,14.242213280419769,9.998991295295955,-1.4035436129942154,-4.009729821641819,13.378649384965138,10.647843413741473,-2.7973962045088028,1.8542824197217067,16.65330355257513,12.208909872903378,True
15.9,14.277272098700738,9.998156151342908,-1.4202776437184053,-4.04965951204486,13.595847553139386,10.752245900933927,-2.8111148362538056,1.8111736559849252,15.547149676269386,11.791487403586691,True
15.950000000000001,14.312241684077565,9.997071054006815,-1.4368438005094932,-4.090722554358811,13.613056779643877,10.665973973241192,-2.8258984565382406,1.6880326336294704,13.485927466256431,9.745445327485198,True
16.0,14.347121817990455,9.99573603041505,-1.4538062522374733,-4.131770911344341,13.482108716933206,10.66144512336428,-2.862394780870591,1.7315956925069775,11.852115802258833,10.605422814113297,True
16.05,14.38191228243869,9.994151113943138,-1.471363474815231,-4.17362347706402,13.325567681332142,10.53360299370192,-2.8775954742125087,1.5968390359059503,11.48047795790381,9.22675247363451,True
16.1,14.416612859981973,9.992316344213904,-1.4891517072522666,-4.216195042963146,13.461853196885704,10.632920172544885,-2.843165031036141,1.5716734567927135,14.642177286431323,11.67339492282347,True
16.150000000000002,14.451223333741808,9.9902317670965,-1.5075476565139683,-4.2588197334426985,13.730291838991198,10.580163101547955,-2.8672014870422275,1.6108239547592058,16.22529560515884,10.057823804125478,True
16.2,14.485743487402852,9.98789743470524,-1.5258379345683686,-4.302319459282656,13.82086935580271,10.831435471829293,-2.8651453619746796,1.3522449213630958,14.4537426914791,13.409698608515841,True
16.25,14.520173105214251,9.985313405398315,-1.5443789721793588,-4.34529864827452,13.81834150123557,10.826162129111395,-2.932126498348182,1.4276624914044351,13.488964386880998,10.743992607943131,True
16.3,14.554511971991012,9.982479743776324,-1.5636692509923689,-4.38848367114316,14.060906466791156,10.812771749605306,-2.948776410606932,1.3208507023309615,16.23089387550217,10.644953175196308,True
16.35,14.588759873115325,9.979396520680659,-1.5831814371826562,-4.431954586751247,14.416715538046912,10.626373354036373,-2.9765019976379783,1.3901384231974836,17.68991263089215,8.708177216629792,True
16.400000000000002,14.62291659453792,9.976063813191736,-1.6028572470309301,-4.4752237045568,14.335769453242717,10.672633473008265,-2.977989688551621,1.3748057639795768,13.09474967145716,11.167617255563735,True
16.45,14.656981922779398,9.972481704627072,-1.622456236970365,-4.518772023142034,14.328406952622327,10.974636874109303,-2.9749412976621983,1.335575205861872,13.867209230898577,14.051926361650649,True
16.5,14.690955644931572,9.968650284539189,-1.6422015565199748,-4.562479319211025,14.032537364608691,11.081592938915698,-2.966279877976884,1.214630303744297,10.652688402748499,12.104359550644785,True
16.55,14.724837548658787,9.964569648713393,-1.6613381336912192,-4.606494190013061,14.424101927403223,11.042579458377574,-3.068146748422054,1.1747119409683844,18.110180253988634,10.559273369232578,True
16.6,14.758627422199256,9.960239899165368,-1.6807614660360104,-4.650946246151141,14.435022481032588,11.041728935703105,-3.0921644067861322,1.155496491428205,14.15786264085515,10.961119144148949,True
16.650000000000002,14.792325054366378,9.955661144138624,-1.7003006496755027,-4.695507996429326,14.198026791366523,10.72271555321289,-3.047512368234768,1.1512641974793656,11.413452389292802,7.41804662312222,True
16.7,14.82593023455006,9.950833498101803,-1.7199710866662627,-4.740121629951583,13.909876198802008,10.694756807910236,-3.100555445835269,1.0584237306136028,10.676669203875825,10.429066885185698,True
16.75,14.859442752718039,9.945757081745798,-1.739840380624896,-4.785461332170836,13.71938905646076,10.721911013627663,-3.148132435754901,1.0197916966987925,11.559968181960823,11.022986143705538,True
16.8,14.892862399417188,9.94043202198076,-1.7597493451852293,-4.831379982985283,13.801683717672082,10.75428832971034,-3.135294966103503,1.0249675778972858,14.467986059926389,11.10824400641767,True
16.85,14.926188965774816,9.9348584519329,-1.7795486364957993,-4.877794283835958,13.681595305203125,10.687313088026846,-3.1337599669096177,1.0094923792194619,12.276720311801174,10.029509473131379,True
16.900000000000002,14.959422243499997,9.929036510941184,-1.7989388869867808,-4.924467904111525,13.427158477291206,11.043562805070788,-3.2142541574106698,0.910298483827928,10.692158234118025,14.704509838744332,True
16.95,14.992562024884851,9.922966344553831,-1.819011311842975,-4.971259973746872,13.58676939644822,10.781857422173088,-3.2100982478399844,0.8805233018573757,15.12007083345057,8.079435670651149,True
17.0,15.025608102805855,9.916648104524686,-1.839369025131843,-5.017491425402055,13.386076357778364,10.479755768475952,-3.2310086153952096,0.8643650160957481,11.22958102875884,7.435913755220513,True
17.05,15.058560270725128,9.910081948809419,-1.8599887685108356,-5.063867486984651,13.602284961543388,10.528396729593739,-3.20001717370035,0.7907930240321948,15.735659118301395,11.116258880783851,True
17.1,15.091418322691725,9.90326804156158,-1.8803511391963312,-5.110556507085637,13.745186405147269,10.622823581482729,-3.2645924817408867,0.7248159408818919,15.083562938531099,11.662354276076643,True
17.150000000000002,15.124182053342935,9.896206553128499,-1.9009417844706338,-5.157761010579229,13.894100771071564,10.347204896125582,-3.2893512798243325,0.6926003366192575,15.257464672962262,7.60661908810231,True
17.2,15.15685125790554,9.888897660047014,-1.922337850715348,-5.204843253492,13.870756535922055,10.42272746398098,-3.336015781547257,0.597858696581242,13.453308436319553,11.321239979653658,True
17.25,15.189425732197124,9.881341545039076,-1.9437959517491588,-5.2521769913115,13.844817938114922,10.096015652991817,-3.34406152620442,0.5968988029084707,13.419639586908175,6.88668322905523,True
17.3,15.221905272627328,9.873538397007165,-1.9653618229545506,-5.299629407570888,13.886051003995183,9.974933728050399,-3.379259098879233,0.5610497420567979,14.154167058244365,8.936264523237028,True
17.35,15.254289676199127,9.865488411029574,-1.9869556264346324,-5.347328713671976,14.123563836535187,9.490486404747552,-3.414038284248658,0.48214811967153004,16.3790278758997,4.789499985916474,True
17.400000000000002,15.286578740510103,9.857191788355536,-2.0090350319131662,-5.395067981010743,14.315102744914952,9.595413770306836,-3.4170504022821238,0.4074580161511223,16.047672600511717,10.99873620335167,True
17.45,15.318772263753713,9.848648736400182,-2.0305655415134782,-5.442873950013991,14.452320378740298,9.395858284541694,-3.4133933003025407,0.4197931337262437,15.594956659161609,7.6728996894951855,True
17.5,15.35087004472054,9.83985946873937,-2.052313441270607,-5.490785722439591,14.634665048610097,9.294666908955417,-3.465040916436928,0.3780668929168547,16.20137201827779,8.614204906735695,True
17.55,15.38287188279956,9.83082420510433,-2.07422809509864,-5.538941826014877,14.299172119203519,9.191952187823455,-3.5019366016828073,0.2758436544843903,10.570987306285268,8.514104971564175,True
17.6,15.414777577979388,9.821543171376184,-2.0965765942995014,-5.587308430326245,14.649567169302044,9.068810757196315,-3.436437152809328,0.22665307556364755,17.980524332583464,8.202981470206257,True
17.650000000000002,15.44658693084953,9.812016599580293,-2.119370760219008,-5.635776963173816,14.719429951407566,8.826109539517141,-3.520293177859694,0.22147944933228736,15.123110356467055,6.770091095188148,True
17.7,15.478299742601633,9.802244727880455,-2.1427201916702705,-5.685212123666802,14.689229706328199,8.837648247207833,-3.563208191586347,0.15947581502338348,14.071340808830962,9.415516656297745,True
17.75,15.509915815030734,9.792227800572952,-2.1663140514628423,-5.734904865050569,14.631495069094672,8.964504104016672,-3.576543853594495,0.12815274832223356,13.755113680473825,10.70863309463206,True
17.8,15.541434950536479,9.781966068080447,-2.190364138211027,-5.784474357495737,14.763612926120881,8.926220590455715,-3.5654568830382973,0.08681346522765132,15.839313329915676,8.952604148075501,True
17.85,15.572856952124372,9.771459786945716,-2.213740379859432,-5.834468252341617,14.655909423678958,8.757845125596107,-3.5408990693583333,-0.048748857657779254,13.274294144561178,7.461410209567007,True
17.900000000000002,15.604181623407008,9.760709219825241,-2.2379223320824497,-5.8854899575090505,14.635778315402991,8.726253166093171,-3.6362595770699375,-0.03326322334767351,14.171033312094421,8.855382869371196,True
17.95,15.63540876860529,9.749714635482643,-2.2626251293622524,-5.937274791657334,14.724682980915068,8.545420243438494,-3.6611559702359706,-0.062017776429062366,15.38684570986145,7.166418518569456,True
18.0,15.666538192549668,9.738476308781951,-2.287576372712438,-5.989274886608123,14.895285584525638,8.568513228597254,-3.680874402612035,-0.08717766141891392,16.37571809637538,9.302319346285085,True
18.05,15.69756970068134,9.726994520680755,-2.3123731664395706,-6.041788439233561,15.166608478210286,8.918400656092219,-3.7185958675122635,-0.14139161535050437,17.635238671047034,12.954206143677352,True
18.1,15.728503099053482,9.715269558223152,-2.3374234219367924,-6.0944946497198025,15.195336532693721,9.124482070505051,-3.7605185290153447,-0.23316700155696068,15.137473526953801,11.604471582474448,True
18.150000000000002,15.759338194332454,9.7033017145326,-2.3623186868201542,-6.1474503640401865,15.089035620732593,8.975010454168324,-3.7464311641227055,-0.34730140011196386,13.664156150704859,7.7848097820493685,True
18.2,15.79007479379901,9.691091288804563,-2.387682690923861,-6.200824286411657,15.46111337349631,8.96266079731588,-3.7860144522840296,-0.3867616910442253,18.927562274370096,9.197030126830644,True
18.25,15.820712705349504,9.678638586299051,-2.4131233401007663,-6.254783296914768,15.532854528169867,8.917366858635507,-3.816063732594968,-0.38336577448434817,15.867908229527684,8.815619942706965,True
18.3,15.851251737497092,9.665943918332975,-2.4380090439870057,-6.308910646394063,15.826410522900115,8.76052615022208,-3.8352762663914857,-0.43241385455446313,18.406097174389217,7.5346567640725794,True
18.35,15.881691699372917,9.653007602272377,-2.463356912387961,-6.3632534696665894,15.94625301585969,8.784502821818629,-3.9038040044442353,-0.5627087308970582,16.692000847565875,9.42693867364748,True
18.400000000000002,15.912032400727323,9.63982996152448,-2.4886468929057726,-6.417883745241224,15.623928287019929,8.970162187887068,-3.848839430213512,-0.5733097706318491,11.866119602953349,11.24039714643738,True
18.45,15.942273651931016,9.626411325529622,-2.5139589146065955,-6.472427523679605,15.771261462806594,9.025651746927563,-3.8899527624535803,-0.6320368414591462,16.87553066890387,9.920363226966087,True
18.5,15.972415263976284,9.612752029752999,-2.54021508931459,-6.527136118501746,15.924632718495088,9.45578695885159,-3.928295447819839,-0.6450164628926149,17.062833267893303,14.131276312741129,True
18.55,16.002457048478146,9.598852415676296,-2.5667921431256993,-6.582308194460514,16.02228378581131,9.383112895852591,-3.9437191612912876,-0.7325800870081212,16.575858786694067,8.838065563675661,True
18.6,16.032398817675542,9.58471283078914,-2.593045217256173,-6.63785435897452,16.07743374279669,9.14930090049548,-4.0232020442291345,-0.8710472796593347,16.18888912336304,6.986445445190251,True
18.650000000000002,16.06224038443252,9.57033362858042,-2.619348026052724,-6.693663003941145,16.116809965778994,9.352682482182036,-3.995109415785085,-0.8566592960554029,16.06202905916036,11.68679424397244,True
18.7,16.091981562239383,9.555715168529439,-2.6462060103855953,-6.749664343256276,16.31030209727015,9.464018471368668,-3.990219820543371,-0.8906875022833756,17.822233764644213,10.807856382929321,True
18.75,16.12162216521386,9.540857816096938,-2.672905713169739,-6.805403046340104,16.29453848961886,9.693176875145733,-4.100948244183227,-0.9423511550132,15.649608135754299,12.201709453040118,True
18.8,16.151162008102286,9.525761942715953,-2.6998860316106232,-6.860746862522639,16.576274171050606,9.56472974662158,-4.1148646550008205,-0.9878406544843088,18.966558992359545,8.376895443765317,True
18.85,16.180600906280738,9.510427925782533,-2.726832459573457,-6.916504291914007,16.520876488684497,9.630211675116533,-4.141643474702546,-1.080542473218939,15.431133142559537,10.437144459426651,True
18.900000000000002,16.2099386757562,9.494856148646303,-2.753738854399036,-6.972881368405456,16.263369455759808,9.34264912091699,-4.15247783469231,-1.1000695741244497,13.148373146525614,6.548923837878938,True
18.95,16.239175133167695,9.479047000600882,-2.7811662547081792,-7.02969899966456,16.17333543506101,9.103873282056059,-4.16326719445885,-1.1420733053896575,14.83625297870859,6.881631287841607,True
19.0,16.268310095787474,9.463000876874144,-2.8083991462305664,-7.086595656625615,16.40929587529589,9.456284795743363,-4.215353077085364,-1.230760218850957,18.420955914474597,13.296767500320616,True
19.05,16.297343381522115,9.44671817861835,-2.836111711737347,-7.143416184692505,16.46828019055206,9.485184820475906,-4.270049857374859,-1.2910912220765383,16.630731341468916,9.945656781754522,True
19.1,16.32627480891367,9.430199312900104,-2.8644159859489804,-7.200625508848934,16.82252246906626,8.943628160501303,-4.267583829767645,-1.32264384609869,19.983728407855537,3.599602609399504,True
19.150000000000002,16.355104197140815,9.413444692690193,-2.8931535402192847,-7.258412983379571,16.695043020877556,9.014028680411275,-4.310488216008164,-1.4235583805658507,14.892011482544447,10.021120091524732,True
19.200000000000003,16.38383136601997,9.396454736853247,-2.9221232769849954,-7.316291981882355,16.999925108867426,8.7970679495132,-4.351039373672313,-1.500334912485382,19.636405241494128,6.867093294148339,True
19.25,16.412456136006412,9.379229870137282,-2.9511545652041855,-7.3741716118320415,17.17118484441457,9.093853825960494,-4.339789366115135,-1.5765117378696392,18.38737016307983,12.429448874869594,True
19.3,16.44097832819544,9.36177052316306,-2.980578328223492,-7.431897292705015,16.8438551141264,8.627658178342287,-4.437038923354413,-1.6000682216600932,12.967766264942593,4.132842978909441,True
19.35,16.46939776432343,9.344077132413352,-3.009825717522233,-7.490095717513415,16.996781380724435,8.588593433886254,-4.509276281906693,-1.686870677077624,18.097908908014823,8.541497968009018,True
19.400000000000002,16.497714266769,9.326150140222003,-3.0390819182513105,-7.548403970704173,17.066492504902037,8.456427194672118,-4.54302548075894,-1.7582986278391823,17.29336965975882,7.469989342697408,True
19.450000000000003,16.525927658554114,9.307989994762888,-3.0687019551437373,-7.607556809044563,17.172729352224543,8.546460192872374,-4.518666836087036,-1.841509808159553,17.76489448349617,9.841925664415463,True
19.5,16.554037763345153,9.289597150038691,-3.09809208221254,-7.666981521775185,17.114035061470705,8.660288025628548,-4.532911661336991,-1.8495138322610245,16.020441052905095,10.17355354703339,True
19.55,16.58204440545406,9.270972065869579,-3.127150446208847,-7.7263685639361075,17.180600514634268,8.727325410027802,-4.566767960819138,-1.892282145784252,17.383849312298278,9.730434050066116,True
19.6,16.60994740983941,9.252115207881682,-3.156349628921493,-7.785430511790336,17.353894661413626,8.749072235287827,-4.621880620475753,-2.024450382548393,18.63238004533997,9.266861593371479,True
19.650000000000002,16.63774660210752,9.233027047495469,-3.1857334159756276,-7.8446099722895095,17.373600110414166,8.860979479710396,-4.61266324748045,-2.188770052245564,17.06207460336786,10.277982869829927,True
19.700000000000003,16.665441808513524,9.213708061913952,-3.2158865260815395,-7.904110429874211,17.177469973999965,9.035873342245921,-4.6316768455242885,-2.160532949558049,14.684087302409402,11.058196019296322,True
19.75,16.69303285596247,9.194158734110772,-3.24629678464759,-7.964367974862087,17.17999112858217,9.25091921036804,-4.6585386011682814,-2.123469461068142,16.773776321534363,11.633642885513591,True
19.8,16.720519572010414,9.174379552818097,-3.276920861260463,-8.024769238264861,17.206614516440574,9.102446437775619,-4.682504242913295,-2.1535052573993827,17.05788949848757,7.742262103813108,True
19.85,16.747901784865455,9.154371012514435,-3.307557594763698,-8.085162449441144,17.11768332371974,8.838418102961363,-4.737811696516933,-2.2820337301113103,15.801546406759403,6.3403803102186505,True
19.900000000000002,16.775179323388862,9.134133613412251,-3.338362332831139,-8.145403887394822,17.02399627915052,8.4538225450341,-4.729388710509056,-2.3965497270859846,15.69259520982288,4.793944049754829,True
19.950000000000003,16.8023520170961,9.113667861445466,-3.3691805752781034,-8.205781960754866,16.965877570149335,8.713301287245043,-4.7727017554309965,-2.36470320251512,16.03060873455608,11.683061961892165,True
20.0,16.82941969615793,9.092974268256818,-3.399528717520547,-8.266745658339818,16.997554672781025,8.687471724941895,-4.7564422841099026,-2.389021964492162,-4.7564422841099026,-2.389021964492162,False
20.05,16.856382191401444,9.072053351185051,-3.4301809297191914,-8.3277285914281,17.029701875617235,8.661056538413838,-4.8046305404293355,-2.438763461575805,-4.8046305404293355,-2.438763461575805,False
20.1,16.883239334311128,9.05090563325201,-3.461122776549803,-8.388304090448104,17.061545008497244,8.634622116382452,-4.883257533591735,-2.5971425532776937,-4.883257533591735,-2.5971425532776937,False
20.150000000000002,16.909990957029933,9.029531643149536,-3.4926612475965766,-8.449203725343299,17.093098506745285,8.608595128419342,-4.897445688590839,-2.643844838624549,-4.897445688590839,-2.643844838624549,False
20.200000000000003,16.936636892360305,9.007931915226271,-3.524308820078427,-8.510629473935076,17.124055380777165,8.582244004581042,-4.895046968767697,-2.6434434044465505,-4.895046968767697,-2.6434434044465505,False
20.25,16.96317697376523,8.986106989474292,-3.5556961073270625,-8.572403502133424,17.15490315337397,8.555366767046161,-4.959885813175756,-2.7601738688021253,-4.959885813175756,-2.7601738688021253,False
20.3,16.989611035369286,8.964057411515597,-3.5878462308043972,-8.6344065718911,17.186011211203986,8.528141249904708,-4.933156322776748,-2.781433110739977,-4.933156322776748,-2.781433110739977,False
20.35,17.01593891195968,8.941783732588496,-3.6203524000410034,-8.696829489952275,17.216356432805306,8.500686691203926,-4.944584859109302,-2.8720619003831835,-4.944584859109302,-2.8720619003831835,False
20.400000000000002,17.04216043898726,8.919286509533794,-3.6529516048700112,-8.759210513502829,17.246345608647353,8.472812284199646,-4.9992446966439985,-2.935766623884909,-4.9992446966439985,-2.935766623884909,False
20.450000000000003,17.068275452567573,8.896566304780901,-3.685338697617032,-8.821652425539343,17.276241748897,8.444979771705988,-5.0353309728550695,-2.9614038598655146,-5.0353309728550695,-2.9614038598655146,False
20.5,17.09428378948187,8.873623686333753,-3.7176890530755213,-8.884441548311186,17.306350001228633,8.41708637072637,-5.078910366552083,-3.004872017824125,-5.078910366552083,-3.004872017824125,False
20.55,17.120185287178128,8.850459227756613,-3.750024360608569,-8.947459365185953,17.3364949908488,8.388845759011422,-5.096403998326769,-3.1261316788761384,-5.096403998326769,-3.1261316788761384,False
20.6,17.145979783772066,8.82707350815974,-3.7825509475867483,-9.011275006753161,17.366655028394405,8.36037645319355,-5.173512713829729,-3.1753527655422236,-5.173512713829729,-3.1753527655422236,False
20.650000000000002,17.171667118048177,8.803467112184904,-3.815004154414445,-9.075190262810807,17.396623786494878,8.331109322683238,-5.184177085131913,-3.19275112630568,-5.184177085131913,-3.19275112630568,False
20.700000000000003,17.197247129460692,8.77964062999078,-3.847184479856454,-9.139847685546384,17.426665924745834,8.301742577682486,-5.249806225919686,-3.327719618529782,-5.249806225919686,-3.327719618529782,False
20.75,17.22271965813463,8.755594657238177,-3.8801133189882773,-9.20482799565785,17.45698094438248,8.271633666003805,-5.306273058482601,-3.380342693686414,-5.306273058482601,-3.380342693686414,False
20.8,17.248084544866767,8.731329795075165,-3.9128767576486077,-9.270199591369071,17.48654745032931,8.241201866949234,-5.261755379703661,-3.4771149699396275,-5.261755379703661,-3.4771149699396275,False
20.85,17.273341631126648,8.706846650122028,-3.9457851893964198,-9.33561388930738,17.516279356747635,8.210378782294908,-5.338252568966427,-3.4732066818183664,-5.338252568966427,-3.4732066818183664,False
20.900000000000002,17.29849075905756,8.682145834456124,-3.979000482310316,-9.401411792355232,17.545866270078477,8.179512995413495,-5.35485115980055,-3.623312732296638,-5.35485115980055,-3.623312732296638,False
20.950000000000003,17.32353177147754,8.657227965596553,-4.013240200491922,-9.46744373352897,17.575146322243235,8.148263603422539,-5.441948634596842,-3.705980568245767,-5.441948634596842,-3.705980568245767,False
21.0,17.34846451188034,8.632093666488737,-4.048105978097208,-9.533130778233351,17.60340194914028,8.116780173305694,-5.401672982301005,-3.751363409916701,-5.401672982301005,-3.751363409916701,False
21.05,17.37328882443641,8.606743565488848,-4.082443566409339,-9.599621526748718,17.63103151661365,8.085641639658208,-5.367069215861548,-3.792252294570984,-5.367069215861548,-3.792252294570984,False
21.1,17.398004553993886,8.581178296348087,-4.117148097723069,-9.666284389823739,17.65918927338017,8.053699402199735,-5.491886671751084,-3.772408790916268,-5.491886671751084,-3.772408790916268,False
21.150000000000002,17.42261154607953,8.555398498196855,-4.152368308421326,-9.732837057602259,17.686980087145095,8.02158505018161,-5.544230939265442,-3.8408616547702277,-5.544230939265442,-3.8408616547702277,False
21.200000000000003,17.447109646899726,8.529404815528759,-4.187868723061253,-9.799838365047751,17.71425522152549,7.989580893459984,-5.553221234467197,-3.953134358852683,-5.553221234467197,-3.953134358852683,False
21.25,17.471498703341425,8.50319789818452,-4.22375776454878,-9.867044404745107,17.741250151964216,7.957128097071387,-5.611352822036268,-4.006983236074452,-5.611352822036268,-4.006983236074452,False
21.3,17.4957785629731,8.476778401335695,-4.259709519937286,-9.934972860458556,17.767856455555343,7.924470568430927,-5.566872877671966,-4.138028719070617,-5.566872877671966,-4.138028719070617,False
21.35,17.519949074045705,8.450146985468338,-4.295201909650037,-10.00371586026234,17.79440004524549,7.891090623774372,-5.702632796872327,-4.12432371319813,-5.702632796872327,-4.12432371319813,False
21.400000000000002,17.544010085493632,8.423304316366456,-4.3310239301789535,-10.072398650035856,17.82140300061139,7.856896135027483,-5.683947204219176,-4.21808575330734,-5.683947204219176,-4.21808575330734,False
21.450000000000003,17.567961446935637,8.396251065095376,-4.3668978914692085,-10.141414023186844,17.848076325161127,7.822761856310861,-5.7575791582538765,-4.31672129705159,-5.7575791582538765,-4.31672129705159,False
21.5,17.59180300867578,8.368987907984977,-4.403312015227172,-10.211130876109513,17.874697708949526,7.788294994216768,-5.809854912451598,-4.365233201548966,-5.809854912451598,-4.365233201548966,False
21.55,17.615534621704388,8.34151552661276,-4.439266173431325,-10.281233782288613,17.900778930270217,7.7531266523509945,-5.833027212211538,-4.37229632806498,-5.833027212211538,-4.37229632806498,False
21.6,17.63915613769895,8.31383460778683,-4.475259684840757,-10.351317869701031,17.927320117144717,7.71757225722879,-5.866231822291929,-4.492467867412213,-5.866231822291929,-4.492467867412213,False
21.650000000000002,17.662667409025072,8.285945843528719,-4.5117692698627465,-10.421402392139349,17.95382195081394,7.682036680873267,-5.908862446704482,-4.522932944049749,-5.908862446704482,-4.522932944049749,False
21.700000000000003,17.686068288737385,8.257849931056079,-4.548050277748705,-10.491300458791002,17.979807710870602,7.646500669491845,-5.899893157997728,-4.649399633290514,-5.899893157997728,-4.649399633290514,False
21.75,17.70935863058046,8.22954757276526,-4.583991973527295,-10.56159326123689,18.006022048063297,7.611151113897085,-5.990315287240369,-4.7240698008487065,-5.990315287240369,-4.7240698008487065,False
21.8,17.732538288989744,8.20103947621374,-4.619983951303021,-10.632326376676794,18.03257569736336,7.575406822508093,-6.012667934152142,-4.733900320768591,-6.012667934152142,-4.733900320768591,False
21.85,17.755607119092446,8.172326354102456,-4.656701675254874,-10.703139718049405,18.05907906466629,7.539222218125084,-6.026206365425162,-4.807199891084073,-6.026206365425162,-4.807199891084073,False
21.900000000000002,17.778564976708452,8.143408924257956,-4.692861076701272,-10.773781607112959,18.08485668579309,7.502957387809367,-6.085918542254555,-4.947385141811445,-6.085918542254555,-4.947385141811445,False
21.950000000000003,17.80141171835123,8.11428790961449,-4.729015440793887,-10.844766811144414,18.111192629425343,7.466864009802708,-6.124600620122806,-5.011886791002812,-6.124600620122806,-5.011886791002812,False
22.0,17.82414720122871,8.084964038195901,-4.764842285212915,-10.91559481591485,18.13753361041138,7.430427316828148,-6.157800330218714,-5.062095880215388,-6.157800330218714,-5.062095880215388,False
22.05,17.846771283244202,8.055438043097448,-4.800987256672002,-10.986749256140746,18.164202111071006,7.394147823114605,-6.140355123188115,-5.1515274887152085,-6.140355123188115,-5.1515274887152085,False
22.1,17.86928382299727,8.02571066246747,-4.837393394894084,-11.057340292982794,18.190552484690574,7.357541893945604,-6.242373935169658,-5.176099925093389,-6.242373935169658,-5.176099925093389,False
22.150000000000002,17.891684679784618,7.9957826394889375,-4.873869935996467,-11.128776100438978,18.216641691547146,7.321499368160451,-6.2615815801691355,-5.311859157842543,-6.2615815801691355,-5.311859157842543,False
22.200000000000003,17.913973713600953,7.965654722360865,-4.9100409135720415,-11.199835484524888,18.242660495523417,7.284612071761161,-6.273518143644063,-5.366464798947495,-6.273518143644063,-5.366464798947495,False
22.25,17.936150785139894,7.935327664279611,-4.946270370595917,-11.271654805224852,18.268984863026496,7.248101198732146,-6.334892535322174,-5.459132393878416,-6.334892535322174,-5.459132393878416,False
22.3,17.958215755794814,7.904802223420048,-4.983083378914135,-11.343213054323451,18.295250751081273,7.210830389089078,-6.36503745282008,-5.4517063824179335,-6.36503745282008,-5.4517063824179335,False
22.35,17.980168487659718,7.874079162916604,-5.019910517102491,-11.41493597851965,18.32093308784171,7.173820651047374,-6.417540851002943,-5.552434357273311,-6.417540851002943,-5.552434357273311,False
22.400000000000002,18.002008843530103,7.843159250844199,-5.056239092288777,-11.48702498365258,18.346601294732007,7.136646237908072,-6.4591105818136185,-5.623862466104972,-6.4591105818136185,-5.623862466104972,False
22.450000000000003,18.023736686903817,7.812043260199016,-5.09265563823875,-11.559650077079109,18.372768064624374,7.099105743832036,-6.509026506921611,-5.7156692878945385,-6.509026506921611,-5.7156692878945385,False
22.5,18.045351881981905,7.780731968879212,-5.129136447831603,-11.632817732987789,18.398846863753054,7.061029161462402,-6.5516332434859,-5.769726741013912,-6.5516332434859,-5.769726741013912,False
22.55,18.066854293669476,7.749226159665427,-5.16620362893209,-11.705923459452311,18.424861399238853,7.022410016610617,-6.533391963397117,-5.84314145795695,-6.533391963397117,-5.84314145795695,False
22.6,18.08824378757652,7.717526620201257,-5.2039099822286214,-11.779049506519284,18.45028956321702,6.983852801202989,-6.563915360951766,-5.912792315814938,-6.563915360951766,-5.912792315814938,False
22.650000000000002,18.109520230018774,7.685634142973536,-5.241968654342845,-11.852438359538304,18.47507855499914,6.945275265192912,-6.670182489105418,-6.074307828227269,-6.670182489105418,-6.074307828227269,False
22.700000000000003,18.13068348801854,7.653549525292532,-5.280263087110273,-11.926028518791876,18.49951522796357,6.906434923230787,-6.641011735753767,-6.105262069817266,-6.641011735753767,-6.105262069817266,False
22.75,18.151733429305526,7.621273569272024,-5.318631945199656,-12.000135938745956,18.523716140274797,6.86739327503411,-6.697036920137095,-6.148687879663925,-6.697036920137095,-6.148687879663925,False
22.8,18.172669922317667,7.588807081809218,-5.357052148374002,-12.074482790088707,18.547842627264068,6.8278343661369245,-6.702611030133646,-6.190680376148277,-6.702611030133646,-6.190680376148277,False
22.85,18.193492836201948,7.55615087456462,-5.3949853452725485,-12.148686353212236,18.571917769168376,6.788036025851068,-6.761552837757595,-6.274355355745195,-6.761552837757595,-6.274355355745195,False
22.900000000000002,18.214202040815227,7.523305763941704,-5.433010372907267,-12.223418344410815,18.596479917348482,6.7483809737844345,-6.856670770436869,-6.3842822207535885,-6.856670770436869,-6.3842822207535885,False
22.950000000000003,18.234797406725043,7.490272571066532,-5.470750209280193,-12.298142164295287,18.620950234792417,6.708197493642751,-6.862391826101482,-6.462420671527953,-6.862391826101482,-6.462420671527953,False
23.0,18.255278805210423,7.4570521217672,-5.508618889408445,-12.373225451502938,18.645705743498144,6.6680221848151735,-6.805199323253965,-6.5402028570510335,-6.805199323253965,-6.5402028570510335,False
23.05,18.275646108262695,7.423645246553212,-5.546058453232549,-12.44906716677001,18.670332408448548,6.627487408664416,-6.993675388008855,-6.642716935599356,-6.993675388008855,-6.642716935599356,False
23.1,18.295899188586283,7.390052780594708,-5.584313765242884,-12.524695502255055,18.6953881897031,6.586194204454237,-6.966191306784937,-6.6718364820219005,-6.966191306784937,-6.6718364820219005,False
23.150000000000002,18.3160379195995,7.356275563701585,-5.622908076664232,-12.601022973280832,18.719628222771416,6.545114380026088,-6.972216090580248,-6.724215283614084,-6.972216090580248,-6.724215283614084,False
23.200000000000003,18.336062175435337,7.322314440302511,-5.661248350711827,-12.677707811042133,18.743529256428722,6.503335420057205,-7.012907529445653,-6.804135938330951,-7.012907529445653,-6.804135938330951,False
23.25,18.35597183094227,7.288170259423801,-5.699767697846326,-12.754173881503252,18.76768432745978,6.4611990933528,-7.110415090119275,-6.855560428591875,-7.110415090119275,-6.855560428591875,False
23.3,18.375766761685014,7.2538438746681955,-5.738052569678798,-12.831116500597695,18.791660325403935,6.419281533948574,-7.128198705962673,-6.946079555254677,-7.128198705962673,-6.946079555254677,False
23.35,18.39544684394531,7.219336144193525,-5.776308013025981,-12.907886144057784,18.815870798650117,6.376887425911027,-7.17830450636552,-7.007434960738692,-7.17830450636552,-7.007434960738692,False
23.400000000000002,18.415011954722715,7.184647930691259,-5.814323846089211,-12.985003590308715,18.840110700381587,6.334666293507833,-7.217886987912026,-7.099635719977904,-7.217886987912026,-7.099635719977904,False
23.450000000000003,18.434461971735345,7.149780101364927,-5.852224993901721,-13.062334875514498,18.86459021239701,6.292097358313797,-7.255722689824572,-7.185545305659762,-7.255722689824572,-7.185545305659762,False
23.5,18.45379677342066,7.114733527908443,-5.8899888593536,-13.139137322272447,18.889184409663155,6.249314584164909,-7.312450488267479,-7.271628434027818,-7.312450488267479,-7.271628434027818,False
23.55,18.473016238936214,7.079509086484323,-5.927308510146256,-13.215690833784727,18.913915889289928,6.207060648463856,-7.266482184729691,-7.373002750136045,-7.266482184729691,-7.373002750136045,False
23.6,18.492120248160408,7.044107657701759,-5.964373808692667,-13.292388126983582,18.939091583575927,6.165055648008471,-7.368427615951273,-7.436835453643738,-7.368427615951273,-7.436835453643738,False
23.650000000000002,18.511108681693248,7.0085301265946365,-6.001182123912134,-13.369505878430834,18.96452163010817,6.12290686586651,-7.344846412432947,-7.562061305982104,-7.344846412432947,-7.562061305982104,False
23.700000000000003,18.529981420857084,6.972777382599374,-6.038098594239663,-13.446787865508947,18.990208659967355,6.080337625476152,-7.444759866288614,-7.561280758727941,-7.444759866288614,-7.561280758727941,False
23.75,18.548738347697352,6.936850319532718,-6.075349187769025,-13.523624668751129,19.01578753471848,6.037604149454934,-7.50917265406999,-7.676073322925934,-7.50917265406999,-7.676073322925934,False
23.8,18.567379344983333,6.900749835569361,-6.112963162210631,-13.599819470208955,19.04103228626777,5.995315857269646,-7.53357800081079,-7.778181839746308,-7.53357800081079,-7.778181839746308,False
23.85,18.585904296208852,6.864476833219531,-6.150411694088141,-13.67641831917028,19.06591365690482,5.953669566868715,-7.498294799366156,-7.908720031206412,-7.498294799366156,-7.908720031206412,False
23.900000000000002,18.604313085593013,6.828032219306397,-6.188890925391708,-13.752646275616152,19.090960470105962,5.911619228964285,-7.5936785850367885,-7.89598400220917,-7.5936785850367885,-7.89598400220917,False
23.950000000000003,18.622605598080956,6.791416904943403,-6.227976739558396,-13.829635701490194,19.11497658388105,5.869939783575306,-7.662902653369126,-8.001839242292196,-7.662902653369126,-8.001839242292196,False
24.0,18.640781719344528,6.754631805511506,-6.2675402785003165,-13.90657341434915,19.138386114793015,5.827498868758161,-7.642501297062633,-8.140360474133086,-7.642501297062633,-8.140360474133086,False
24.05,18.658841335783034,6.717677840636277,-6.307313292974642,-13.983538680346832,19.161317920929747,5.7851096669560995,-7.729902833456209,-8.14513640907608,-7.729902833456209,-8.14513640907608,False
24.1,18.67678433452393,6.680555934164909,-6.348189826371673,-14.060280547505373,19.184040251534075,5.742692912015312,-7.734420652749542,-8.22054885423755,-7.734420652749542,-8.22054885423755,False
24.150000000000002,18.694610603423534,6.643267014143131,-6.388711180353086,-14.13750064826489,19.2056590632157,5.700499555913666,-7.802537407541196,-8.269423846964841,-7.802537407541196,-8.269423846964841,False
24.200000000000003,18.71232003106772,6.605812012792004,-6.429124420377421,-14.214831136515873,19.22763305431294,5.657827966211044,-7.810315912458109,-8.319904111674564,-7.810315912458109,-8.319904111674564,False
24.25,18.729912506772624,6.568191866484611,-6.468910503711622,-14.293023988102801,19.24971515936726,5.615045989016956,-7.874321389522474,-8.408704205845721,-7.874321389522474,-8.408704205845721,False
24.3,18.74738792058533,6.530407515722648,-6.508415427550373,-14.371616372973993,19.27242442111171,5.571401648486923,-7.892427411421833,-8.466615209491327,-7.892427411421833,-8.466615209491327,False
24.35,18.76474616328456,6.492459905112914,-6.54765123855913,-14.450377444333721,19.295414842351615,5.527357774672627,-7.928042001841906,-8.557246188230206,-7.928042001841906,-8.557246188230206,False
24.400000000000002,18.781987126381352,6.454349983343704,-6.5861604332312345,-14.52922693069241,19.318674376421512,5.4831452143697925,-8.035142791210056,-8.718622835233425,-8.035142791210056,-8.718622835233425,False
24.450000000000003,18.799110702119744,6.416078703161075,-6.625001231383019,-14.607189828494613,19.342660526828062,5.438844239067999,-8.038746277044945,-8.7443525138889,-8.038746277044945,-8.7443525138889,False
24.5,18.81611678347744,6.3776470213450365,-6.664523426919416,-14.685503189266297,19.366315073754933,5.395429852322691,-8.090425316720442,-8.827328388393495,-8.090425316720442,-8.827328388393495,False
24.55,18.833005264166495,6.339055898685633,-6.704250462517178,-14.763967205983645,19.38928822329719,5.351665002607901,-8.145460374817288,-8.901815583211429,-8.145460374817288,-8.901815583211429,False
24.6,18.84977603863395,6.300306299958919,-6.744404680989936,-14.84302072996899,19.41205653277808,5.307749496947448,-8.169832237027839,-9.025764279315913,-8.169832237027839,-9.025764279315913,False
24.650000000000002,18.866429002062524,6.261399193902849,-6.784773131408683,-14.922938186353976,19.434397659383976,5.2632444840189985,-8.197840114631646,-9.049676257795626,-8.197840114631646,-9.049676257795626,False
24.700000000000003,18.882964050371253,6.222335553193043,-6.825653432228221,-15.002674316741384,19.45652455404388,5.217875538690907,-8.25543713412489,-9.137179588653005,-8.25543713412489,-9.137179588653005,False
24.75,18.89938108021613,6.183116354418493,-6.86643889890813,-15.08222547893602,19.478139598303,5.172687919360393,-8.230595025884142,-9.213431991387193,-8.230595025884142,-9.213431991387193,False
24.8,18.91567998899078,6.143742578057115,-6.907150219773072,-15.162446023617598,19.499849476701744,5.127685268222651,-8.322606872414369,-9.278158666287275,-8.322606872414369,-9.278158666287275,False
24.85,18.93186067482707,6.104215208451272,-6.947989960492186,-15.243452843993188,19.521633500915456,5.0820132345979685,-8.36778881150537,-9.375747022002221,-8.36778881150537,-9.375747022002221,False
24.900000000000002,18.947923036595775,6.064535233783147,-6.988831282419792,-15.324849732089827,19.543289105274997,5.035554925279274,-8.449683547777763,-9.502565510440657,-8.449683547777763,-9.502565510440657,False
24.950000000000003,18.96386697390718,6.0247036460500345,-7.029844397291734,-15.405772101852408,19.564943128426044,4.988706548239529,-8.463639253363207,-9.59646929499816,-8.463639253363207,-9.59646929499816,False
25.0,18.979692387111726,5.984721441039564,-7.070694122368366,-15.48740214141016,19.586425358632756,4.942332689533842,-8.630996499115497,-9.770455539542484,-8.630996499115497,-9.770455539542484,False
25.05,18.995399177300637,5.944589618304765,-7.111636453161463,-15.56892512064828,19.608070978634778,4.895251161032985,-8.671550446043238,-9.813049056347744,-8.671550446043238,-9.813049056347744,False
25.1,19.01098724630652,5.904309181139126,-7.152797144486645,-15.650546421399389,19.629623992920337,4.848276692851758,-8.642090123727062,-9.860353340497289,-8.642090123727062,-9.860353340497289,False
25.150000000000002,19.026456496704004,5.863881136551471,-7.1937281567409626,-15.73242749950258,19.650958646673807,4.801203903157545,-8.649354525263607,-9.911733052938859,-8.649354525263607,-9.911733052938859,False
25.200000000000003,19.041806831810316,5.823306495240815,-7.234305372064079,-15.814680884655699,19.672522979498144,4.753871336111249,-8.64629756433245,-9.982701609905943,-8.64629756433245,-9.982701609905943,False
25.25,19.057038155685916,5.782586271571075,-7.274500148442916,-15.896986964993603,19.69444110925368,4.706166462015024,-8.645118372586898,-10.084627631955273,-8.645118372586898,-10.084627631955273,False
25.3,19.072150373135074,5.741721483545723,-7.3151854785217445,-15.979553135322405,19.716741677953497,4.658408892734014,-8.738877824140946,-10.1610306820143,-8.738877824140946,-10.1610306820143,False
25.35,19.087143389706487,5.7007131527823285,-7.356190520701242,-16.062411567441895,19.738551692953322,4.610391233462107,-8.77067800181849,-10.174453994504884,-8.77067800181849,-10.174453994504884,False
25.400000000000002,19.102017111693847,5.659562304487023,-7.397953011274495,-16.145489314846483,19.76004199585248,4.5620813123995125,-8.798043824911275,-10.262401202969041,-8.798043824911275,-10.262401202969041,False
25.450000000000003,19.11677144613644,5.61826996742888,-7.439924443302199,-16.228290659397082,19.78077485035788,4.51355207605182,-8.801131809291885,-10.370007139652209,-8.801131809291885,-10.370007139652209,False
25.5,19.13140630081972,5.576837173914166,-7.481859399939746,-16.31115160817696,19.80129876340883,4.465299242558117,-8.881419851447315,-10.431059464164509,-8.881419851447315,-10.431059464164509,False
25.55,19.145921584275897,5.535264959760566,-7.5239638187783395,-16.39412508045596,19.821859151849935,4.416986804835133,-8.958334694136921,-10.513652420391264,-8.958334694136921,-10.513652420391264,False
25.6,19.1603172057845,5.4935543642712625,-7.565463920274843,-16.476717423402665,19.842250078089997,4.368561843613026,-9.00113417688953,-10.678917836152909,-9.00113417688953,-10.678917836152909,False
25.650000000000002,19.174593075372936,5.451706430208979,-7.607236053994066,-16.559546613544192,19.863245321672146,4.320518011723216,-9.048650648644335,-10.69287981972095,-9.048650648644335,-10.69287981972095,False
25.700000000000003,19.18874910381707,5.409722203769882,-7.649536307853644,-16.641973731526292,19.883968533031577,4.272237332638583,-9.077530797523444,-10.782312152394212,-9.077530797523444,-10.782312152394212,False
25.75,19.202785202641767,5.3676027345574475,-7.691743389793203,-16.724788468069473,19.904163624250653,4.224358725713379,-9.107272879310415,-10.891583721823135,-9.107272879310415,-10.891583721823135,False
25.8,19.216701284121452,5.325349075556211,-7.734014350679882,-16.80753715638759,19.924451887389747,4.176092500227091,-9.158903795984752,-10.954338151260636,-9.158903795984752,-10.954338151260636,False
25.85,19.23049726128067,5.282962283105444,-7.776199385950621,-16.890539081395705,19.94467627158172,4.127892322965868,-9.159578010866698,-11.028146179021437,-9.159578010866698,-11.028146179021437,False
25.900000000000002,19.244173047894606,5.240443416872758,-7.8183907765782905,-16.973697702501156,19.964986581389635,4.079438909014646,-9.24950866884361,-11.118672411058284,-9.24950866884361,-11.118672411058284,False
25.950000000000003,19.257728558489635,5.197793539827584,-7.8606111155985,-17.05722748207564,19.98529053584062,4.03082879896609,-9.274934683942616,-11.200365890736528,-9.274934683942616,-11.200365890736528,False
26.0,19.27116370834386,5.155013718214642,-7.903747761222101,-17.140996905935857,20.005565541899063,3.9818475304485004,-9.296131098242975,-11.241145583761785,-9.296131098242975,-11.241145583761785,False
26.05,19.28447841348764,5.112105021527226,-7.947277227345007,-17.225156852935097,20.024924241354114,3.9326266176451767,-9.353526392879981,-11.403882095549843,-9.353526392879981,-11.403882095549843,False
26.1,19.29767259070411,5.069068522480531,-7.991148675514565,-17.30929245616651,20.04389012030986,3.8830151817028313,-9.399767125679361,-11.438285490529303,-9.399767125679361,-11.438285490529303,False
26.150000000000002,19.310746157529707,5.025905296984787,-8.03527130222289,-17.393862994038866,20.062514017218955,3.8334280895283133,-9.415723577499074,-11.516822607838915,-9.415723577499074,-11.516822607838915,False
26.200000000000003,19.32369903225468,4.9826164241183815,-8.07968284866298,-17.4783568871406,20.08088673558928,3.783406062712852,-9.502468488425858,-11.61289124611887,-9.502468488425858,-11.61289124611887,False
26.25,19.336531133923604,4.9392029861008915,-8.124060441135246,-17.562094109588422,20.098970534227846,3.7334606806680144,-9.389473606227714,-11.916602032714643,-9.389473606227714,-11.916602032714643,False
26.3,19.349242382335888,4.895666068265991,-8.168333635179698,-17.64653686315298,20.117088286834232,3.6842719692770864,-9.588158831445872,-11.868808305566311,-9.588158831445872,-11.868808305566311,False
26.35,19.361832698046264,4.852006759034371,-8.21315220577394,-17.7319904613923,20.135310437868434,3.6343777267694217,-9.59029368145143,-11.867756967587368,-9.59029368145143,-11.867756967587368,False
26.400000000000002,19.374302002365308,4.808226149886479,-8.257834313850879,-17.817934837607268,20.152987212352848,3.583472639586998,-9.575870154839038,-11.997013416556243,-9.575870154839038,-11.997013416556243,False
26.450000000000003,19.3866502173599,4.764325335335271,-8.302417925187246,-17.90371958466336,20.170800449354562,3.5320767744289263,-9.693579843827383,-12.022598902900665,-9.693579843827383,-12.022598902900665,False
26.5,19.398877265853745,4.720305412898822,-8.34694811547917,-17.98988902337202,20.18871218309685,3.4808405384297303,-9.727647392403304,-12.116025803157175,-9.727647392403304,-12.116025803157175,False
26.55,19.41098307142782,4.6761674830729,-8.392131334595554,-18.075958809885677,20.20667733788358,3.429219610777965,-9.813504344277256,-12.196622452768977,-9.813504344277256,-12.196622452768977,False
26.6,19.422967558420893,4.631912649303452,-8.437270728643668,-18.16178843528191,20.22398946384585,3.3776983353212016,-9.841586557920706,-12.29856822043816,-9.841586557920706,-12.29856822043816,False
26.650000000000002,19.43483065192995,4.587542017959011,-8.482500616847974,-18.247826902566878,20.241345414876392,3.3264172209818645,-9.850290719806653,-12.355357973276107,-9.850290719806653,-12.355357973276107,False
26.700000000000003,19.44657227781069,4.543056698303061,-8.5274917158476,-18.33364715722871,20.25861087175074,3.274927264753791,-9.937474993168461,-12.436159040010693,-9.937474993168461,-12.436159040010693,False
26.75,19.458192362678005,4.49845780246627,-8.571935294497893,-18.420430935563434,20.276115117829768,3.223655521148852,-10.004706738818571,-12.60321644658028,-10.004706738818571,-12.60321644658028,False
26.8,19.469690833906387,4.4537464454187115,-8.615905033005289,-18.507013106857315,20.29416688425813,3.171420253871025,-9.98885618294578,-12.619209552322403,-9.98885618294578,-12.619209552322403,False
26.85,19.481067619630437,4.40892374494198,-8.659954286367057,-18.593405761561325,20.312692490829384,3.119386593634038,-10.049196935445426,-12.687628307185104,-10.049196935445426,-12.687628307185104,False
26.900000000000002,19.492322648745283,4.363990821601259,-8.70412606950097,-18.67994480244988,20.33113858254627,3.067542449986923,-10.097562143757868,-12.806105424092948,-10.097562143757868,-12.806105424092948,False
26.950000000000003,19.503455850907024,4.318948798717289,-8.748182768373498,-18.766215489947637,20.34946214449101,3.015551920155259,-10.166734332590112,-12.948633359515508,-10.166734332590112,-12.948633359515508,False
27.0,19.514467156533183,4.273798802338298,-8.792779572394192,-18.852052660443363,20.367900790697135,2.963829743714398,-10.128335960295498,-13.011318655468997,-10.128335960295498,-13.011318655468997,False
27.05,19.525356496803138,4.228541961211841,-8.838042415816856,-18.937270735888976,20.385799331755095,2.912541084275567,-10.194155372817589,-13.129587744861144,-10.194155372817589,-13.129587744861144,False
27.1,19.536123803658548,4.183179406756586,-8.883604558730926,-19.02186542146243,20.403031833411085,2.8618715198868494,-10.28402081372818,-13.210173660445584,-10.28402081372818,-13.210173660445584,False
27.150000000000002,19.54676900980378,4.137712273034039,-8.928831155354152,-19.106542726907193,20.419965035575668,2.8118253453702926,-10.323334868008265,-13.346635481271207,-10.323334868008265,-13.346635481271207,False
27.200000000000003,19.557292048706326,4.092141696720169,-8.974304157909884,-19.191375291491724,20.437233784031097,2.7616965509824247,-10.37284882706119,-13.3476848961365,-10.37284882706119,-13.3476848961365,False
27.25,19.56769285459723,4.046468817077021,-9.019335990451491,-19.276338304935923,20.454256126554018,2.7114124974547886,-10.309758549235976,-13.465138639866343,-10.309758549235976,-13.465138639866343,False
27.3,19.577971362471494,4.000694775924191,-9.065535727390351,-19.362404268774906,20.471719639091063,2.6609979950674845,-10.455088320621552,-13.508024138007084,-10.455088320621552,-13.508024138007084,False
27.35,19.58812750808847,3.9548207176103367,-9.112453092281127,-19.44830729351505,20.48801524723086,2.6094805422853944,-10.516433943454528,-13.546355980496251,-10.516433943454528,-13.546355980496251,False
27.400000000000002,19.598161227972284,3.908847788984522,-9.159539328699214,-19.533427030250113,20.503593227418737,2.558126028602146,-10.545364485864742,-13.63702324072985,-10.545364485864742,-13.63702324072985,False
27.450000000000003,19.608072459412224,3.862777139367565,-9.206415042361858,-19.618431148028094,20.519002336079303,2.507554802923977,-10.480314955196025,-13.828185138201434,-10.480314955196025,-13.828185138201434,False
27.5,19.617861140463113,3.8166099205233173,-9.253439476063209,-19.704063734825827,20.534621967495312,2.45709919620289,-10.552560736706214,-13.918087801750875,-10.552560736706214,-13.918087801750875,False
27.55,19.62752720994574,3.7703472866298298,-9.300622451333238,-19.79016358890678,20.550092878872615,2.4060151204620537,-10.714444744614793,-13.984067511941447,-10.714444744614793,-13.984067511941447,False
27.6,19.637070607447196,3.7239903942505532,-9.347973811099596,-19.87670845162254,20.565405248681238,2.354463777437996,-10.741250383327074,-14.008894387596662,-10.741250383327074,-14.008894387596662,False
27.650000000000002,19.646491273321274,3.6775404023053735,-9.396109047830999,-19.962723857589204,20.580549233993533,2.3024674257791298,-10.782534900606572,-14.146928435988862,-10.782534900606572,-14.146928435988862,False
27.700000000000003,19.655789148688854,3.6309984720416786,-9.443932857160732,-20.04864164007899,20.594909342340785,2.251000530869363,-10.846272434835598,-14.250464397799938,-10.846272434835598,-14.250464397799938,False
27.75,19.664964175438232,3.5843657670052975,-9.492135609030447,-20.13440973272849,20.609580878089705,2.1996312594364706,-10.866295541166982,-14.285044021516331,-10.866295541166982,-14.285044021516331,False
27.8,19.67401629622553,3.537643453011427,-9.540052748499384,-20.22013369208459,20.623873471298644,2.1484116778438658,-10.810773587999812,-14.42252102500085,-10.810773587999812,-14.42252102500085,False
27.85,19.68294545447502,3.490832698115483,-9.588119352402861,-20.30636172605452,20.63845167690836,2.097236229544659,-10.929318154397185,-14.53345208478865,-10.929318154397185,-14.53345208478865,False
27.900000000000002,19.691751594379493,3.4439346725838957,-9.635908469352152,-20.393029824189476,20.652880418083537,2.045556706631627,-11.009366854819682,-14.601846829346947,-11.009366854819682,-14.601846829346947,False
27.950000000000003,19.700434660900598,3.39695054886487,-9.68369199201869,-20.47952756844866,20.6675866462129,1.9934371195535647,-11.02596928045558,-14.614904498685476,-11.02596928045558,-14.614904498685476,False
28.0,19.708994599769206,3.3498815015590466,-9.73163869857881,-20.566076729717288,20.682298468625017,1.9414878863512763,-11.087027935982679,-14.72091958326343,-11.087027935982679,-14.72091958326343,False
28.05,19.71743135748572,3.3027287073901572,-9.779623790710524,-20.653405245422796,20.696847107143554,1.8894872361395432,-11.188406153648451,-14.823484476685003,-11.188406153648451,-14.823484476685003,False
28.1,19.725744881320434,3.2554933451755956,-9.828284535094319,-20.740520387659814,20.711357360090492,1.836707231490931,-11.243694338484822,-14.924365907679345,-11.243694338484822,-14.924365907679345,False
28.150000000000002,19.73393511931385,3.208176595796966,-9.87706635531797,-20.827184460008734,20.72519196078535,1.7841406003108096,-11.250468116372963,-14.952625534380072,-11.250468116372963,-14.952625534380072,False
28.200000000000003,19.742002020277006,3.1607796421705343,-9.925328047676397,-20.913925154234764,20.738905485640352,1.7320250390187852,-11.321101220054937,-15.150452597166893,-11.321101220054937,-15.150452597166893,False
28.25,19.749945533791802,3.113303669217671,-9.973222604350752,-21.00086216709616,20.753139138360577,1.679832855849651,-11.389728775577254,-15.185780570721647,-11.389728775577254,-15.185780570721647,False
28.3,19.757765610211305,3.0657498638352294,-10.021610030646421,-21.087363650930936,20.767739926764875,1.6274443540451518,-11.423488268370726,-15.436470916403348,-11.423488268370726,-15.436470916403348,False
28.35,19.765462200660057,3.018119414865861,-10.069931358629232,-21.17401398653317,20.78184784554786,1.575491381267271,-11.417822570138936,-15.426578893607143,-11.417822570138936,-15.426578893607143,False
28.400000000000002,19.773035257034397,2.9704135130683196,-10.118283275368157,-21.26096876507902,20.796021862643702,1.5233895567219322,-11.540474060776177,-15.438622554599284,-11.540474060776177,-15.438622554599284,False
28.450000000000003,19.780484732002744,2.922633351087656,-10.166452374274055,-21.34857354768848,20.81016529098343,1.4709832892329764,-11.49946662407569,-15.498414379445073,-11.49946662407569,-15.498414379445073,False
28.5,19.787810579005907,2.874780123425444,-10.214709839406346,-21.436434398752994,20.824491537156185,1.417927017680412,-11.564761123242711,-15.549829612833804,-11.564761123242711,-15.549829612833804,False
28.55,19.795012752257364,2.8268550264098655,-10.263178587108015,-21.52366579536742,20.838729417102545,1.364614677672796,-11.629243254809737,-15.617945561450185,-11.629243254809737,-15.617945561450185,False
28.6,19.802091206743558,2.7788592581658635,-10.311272111080752,-21.610530236116904,20.852756014479528,1.311931792115264,-11.629561510227786,-15.76180825506832,-11.629561510227786,-15.76180825506832,False
28.650000000000002,19.809045898224166,2.730794018585139,-10.359408292619321,-21.697418184340783,20.867157835585445,1.259615862422675,-11.772112641183469,-15.86249777799923,-11.772112641183469,-15.86249777799923,False
28.700000000000003,19.815876783232397,2.682660509296175,-10.407197524009037,-21.78437540125258,20.88151699912553,1.2072764252556925,-11.79588441937952,-15.957186432594131,-11.79588441937952,-15.957186432594131,False
28.75,19.822583819075234,2.6344599336342083,-10.454745251463264,-21.87102736436879,20.896223112814468,1.1548677194007917,-11.813079077528327,-15.964701547260635,-11.813079077528327,-15.964701547260635,False
28.8,19.82916696383373,2.586193496611104,-10.50253859366839,-21.957705618757767,20.911170730438897,1.1027642673414746,-11.882630380052973,-16.072693468946976,-11.882630380052973,-16.072693468946976,False
28.85,19.83562617636325,2.5378624048852854,-10.550518533381727,-22.044921283455277,20.925872733312424,1.0506345240093904,-11.91811647096565,-16.16171539279976,-11.91811647096565,-16.16171539279976,False
28.900000000000002,19.841961416293735,2.4894678667315215,-10.597898797932805,-22.13214507482115,20.940388138677744,0.9979673703687768,-11.99705143446082,-16.224412111259138,-11.99705143446082,-16.224412111259138,False
28.950000000000003,19.84817264402996,2.441011092010753,-10.64533130743243,-22.21936407461019,20.95550321920532,0.9452920900597982,-12.042778059026974,-16.316921619318443,-12.042778059026974,-16.316921619318443,False
29.0,19.85425982075177,2.39249329213982,-10.693172391456176,-22.306638047062137,20.97056605478435,0.892621601327652,-11.970505054992248,-16.49389056857703,-11.970505054992248,-16.49389056857703,False
29.05,19.86022290841433,2.343915680061192,-10.741587617843749,-22.393874073191167,20.985220315839257,0.8398961399326018,-12.177019217460753,-16.584880256815435,-12.177019217460753,-16.584880256815435,False
29.1,19.86606186974836,2.295279470212642,-10.789761707196112,-22.481427318623666,20.99930043453034,0.7872086248604656,-12.147018954167242,-16.62523806767762,-12.147018954167242,-16.62523806767762,False
29.150000000000002,19.871776668260374,2.246585878496878,-10.837999884748493,-22.568978576204206,21.01362169025663,0.7342038904848608,-12.190705721044575,-16.740646628877546,-12.190705721044575,-16.740646628877546,False
29.200000000000003,19.8773672682329,2.1978361222511653,-10.88665933006893,-22.657186008719645,21.027878857782902,0.681201143961215,-12.2128418146957,-16.799508549002848,-12.2128418146957,-16.799508549002848,False
29.25,19.882833634724697,2.1490314202168666,-10.935190073528979,-22.745792403356955,21.04171475754112,0.6275422225026717,-12.308718673268054,-16.899932398931906,-12.308718673268054,-16.899932398931906,False
29.3,19.888175733571007,2.1001729925089916,-10.983785212067756,-22.834542747545353,21.055679359159722,0.5734843389222558,-12.379080355195198,-16.947558399248233,-12.379080355195198,-16.947558399248233,False
29.35,19.893393531383722,2.051262060585683,-11.033127362208615,-22.92311842127126,21.0695795656996,0.5192825057907543,-12.404137188868772,-17.024648019507342,-12.404137188868772,-17.024648019507342,False
29.400000000000002,19.898486995551618,2.0022998472177007,-11.082373120551084,-23.01185565134657,21.082732760637395,0.46525534312174344,-12.427833535437559,-17.128845263925914,-12.427833535437559,-17.128845263925914,False
29.450000000000003,19.903456094240568,1.9532875764578246,-11.131243328721416,-23.100476638807205,21.095982347373578,0.41106662410332717,-12.470976094872844,-17.26023854447737,-12.470976094872844,-17.26023854447737,False
29.5,19.908300796393718,1.9042264736102705,-11.179278019676016,-23.18876172748624,21.1096074842819,0.3569941476995853,-12.56139159561138,-17.37752486911832,-12.56139159561138,-17.37752486911832,False
29.55,19.9130210717317,1.8551177652000543,-11.227424078291506,-23.276185606246468,21.124068138405953,0.30325757007744514,-12.62466352493152,-17.408446405654427,-12.62466352493152,-17.408446405654427,False
29.6,19.9176168907528,1.805962678942325,-11.27560737813139,-23.363764562613383,21.138417424869118,0.2503822023741133,-12.646578104144574,-17.503797807700053,-12.646578104144574,-17.503797807700053,False
29.650000000000002,19.922088224733173,1.7567624437116867,-11.323312716961315,-23.451628836943165,21.15272947010789,0.19735175706409464,-12.68927259969752,-17.618257674528614,-12.68927259969752,-17.618257674528614,False
29.700000000000003,19.92643504572699,1.707518289511449,-11.371079324900716,-23.539521327948624,21.16751947635662,0.14403599379120943,-12.730581998049825,-17.631556144690567,-12.730581998049825,-17.631556144690567,False
29.75,19.930657326566635,1.6582314474429154,-11.418867245990239,-23.62738086464279,21.182248213495875,0.09069201384264694,-12.81535364754816,-17.77923681022995,-12.81535364754816,-17.77923681022995,False
29.8,19.934755040862868,1.6089031496745532,-11.467016240935985,-23.715075827312052,21.196955637485004,0.037380988205372494,-12.810854217391674,-17.83855042524296,-12.810854217391674,-17.83855042524296,False
29.85,19.93872816300499,1.5595346294112504,-11.5158127433404,-23.802505070456757,21.21130198761791,-0.015765463406991677,-12.84933792415705,-17.942563111075653,-12.84933792415705,-17.942563111075653,False
29.900000000000002,19.942576668160996,1.5101271208634384,-11.564391628613391,-23.89007796375321,21.22500083029215,-0.0686461954948007,-12.921477929463306,-18.069881812019812,-12.921477929463306,-18.069881812019812,False
29.950000000000003,19.94630053227774,1.4606818592162527,-11.613572766843795,-23.977414773326196,21.238917290097813,-0.12167057773435845,-12.99726503140068,-18.0971223577073,-12.99726503140068,-18.0971223577073,False
30.0,19.94989973208109,1.4112000805986722,-11.662450845596656,-24.06475612528981,21.252231496946063,-0.1744588762504493,-13.062618191597327,-18.19944497950734,-13.062618191597327,-18.19944497950734,False
30.05,19.953374245076056,1.361683022052568,-11.711749194763321,-24.15167125467978,21.265848763271855,-0.2272517171571714,-13.113757012985367,-18.36588605646811,-13.113757012985367,-18.36588605646811,False
30.1,19.95672404954694,1.3121319215018379,-11.761072810461044,-24.23872374183207,21.27904575918384,-0.27961833549024606,-13.149004514982224,-18.437485204997355,-13.149004514982224,-18.437485204997355,False
30.150000000000002,19.95994912455748,1.262548017721406,-11.81066077748016,-24.325755196570896,21.29221748856477,-0.33212231158564354,-13.189387617499387,-18.451232510566257,-13.189387617499387,-18.451232510566257,False
30.200000000000003,19.96304944995096,1.212932550306293,-11.859933038209169,-24.4127156283069,21.305124866624308,-0.38460525526757294,-13.194610138390749,-18.557464792888197,-13.194610138390749,-18.557464792888197,False
30.25,19.96602500635037,1.163286759640596,-11.909217268933666,-24.49928044499608,21.318347950973955,-0.43701717594668016,-13.365083367337597,-18.723015777485095,-13.365083367337597,-18.723015777485095,False
30.3,19.96887577515848,1.113611886866496,-11.957891644114559,-24.58587464056555,21.33155906532811,-0.48903348157896964,-13.353831471079891,-18.864185893159544,-13.353831471079891,-18.864185893159544,False
30.35,19.971601738557997,1.0639091738532245,-12.00709722067603,-24.67288416009871,21.345380035225872,-0.5410791660915435,-13.52497551466712,-18.879078560886065,-13.52497551466712,-18.879078560886065,False
30.400000000000002,19.974202879511658,1.0141798631660142,-12.05627243708984,-24.760554892091708,21.358669803743055,-0.5935401745678104,-13.565300991052547,-18.970633608369784,-13.565300991052547,-18.970633608369784,False
30.450000000000003,19.976679181762346,0.9644251980350511,-12.105554754283082,-24.847861980817743,21.3719899324079,-0.6466623955039136,-13.571621472384583,-19.116583084485956,-13.571621472384583,-19.116583084485956,False
30.5,19.979030629833176,0.9146464223243675,-12.154856961318398,-24.934951832572594,21.38520296029331,-0.6994209731730529,-13.524482172080422,-19.151077320853844,-13.524482172080422,-19.151077320853844,False
30.55,19.981257209027603,0.8648447805007636,-12.203685580511742,-25.021440074944152,21.398396098336647,-0.7519623138710081,-13.637137352247887,-19.183896110558166,-13.637137352247887,-19.183896110558166,False
30.6,19.98335890542952,0.8150215176026867,-12.25241960117676,-25.107914017760354,21.412062824221955,-0.8039020451856715,-13.65040589401581,-19.27819781216343,-13.65040589401581,-19.27819781216343,False
30.650000000000002,19.985335705903328,0.7651778792091234,-12.301708851957969,-25.19437461570556,21.42582414863559,-0.8558274769449803,-13.681099330092124,-19.36675887779052,-13.681099330092124,-19.36675887779052,False
30.700000000000003,19.987187598094028,0.7153151114084326,-12.35092295584454,-25.280785833945426,21.439030242933036,-0.9077395638332892,-13.777365698192257,-19.462044512381706,-13.777365698192257,-19.462044512381706,False
30.75,19.988914570427305,0.6654344607672126,-12.400417847452964,-25.367414702224387,21.45231148412512,-0.959602271016261,-13.820393485842551,-19.551113356399192,-13.820393485842551,-19.551113356399192,False
30.8,19.99051661210958,0.6155371742991315,-12.450215187643696,-25.45432288287427,21.46531193759535,-1.0116826282383273,-13.841878500555683,-19.572342940552492,-13.841878500555683,-19.572342940552492,False
30.85,19.991993713128107,0.5656244994337476,-12.499745281036809,-25.541080805367,21.478009942483272,-1.0640422978313129,-13.814088495071843,-19.693042608803278,-13.814088495071843,-19.693042608803278,False
30.900000000000002,19.993345864251005,0.515697683985342,-12.54962621007488,-25.6274088036293,21.49097519416881,-1.1162517092671473,-13.915148117881277,-19.79786998145523,-13.915148117881277,-19.79786998145523,False
30.950000000000003,19.99457305702733,0.46575797612169134,-12.599774503807055,-25.71352201760969,21.503589610209396,-1.1680311964725543,-13.92902591238402,-19.853615821015453,-13.92902591238402,-19.853615821015453,False
31.0,19.99567528378714,0.41580662433290494,-12.65003561752899,-25.79982600111585,21.515936661555877,-1.219595899396051,-13.99219071644409,-19.96619973082166,-13.99219071644409,-19.96619973082166,False
31.05,19.996652537641513,0.36584487740015775,-12.700066890357634,-25.885979887452077,21.528170892912595,-1.2713513718453153,-14.085930671332976,-20.017401930298757,-14.085930671332976,-20.017401930298757,False
31.1,19.99750481248262,0.3158739843645345,-12.750005051154899,-25.9720754966357,21.540634965162603,-1.3229567471246468,-14.112187787551688,-20.084244285545612,-14.112187787551688,-20.084244285545612,False
31.150000000000002,19.998232102983746,0.2658951944957539,-12.800156106234382,-26.05838901025019,21.55319214944399,-1.3745038452513736,-14.18663655686457,-20.170741858303167,-14.18663655686457,-20.170741858303167,False
31.200000000000003,19.998834404599325,0.21590975726095515,-12.850534219943127,-26.1451663624119,21.56553643944316,-1.4262688478089665,-14.186694402896007,-20.32611986506693,-14.186694402896007,-20.32611986506693,False
31.25,19.99931171356498,0.16591892229347904,-12.901472377712748,-26.23225934080745,21.57765367081307,-1.478497688913784,-14.296399283344767,-20.377306528612625,-14.296399283344767,-20.377306528612625,False
31.3,19.99966402689752,0.11592393936157831,-12.952820471280347,-26.31890691160009,21.5892108581221,-1.5310421562524383,-14.31762152051283,-20.45150197385595,-14.31762152051283,-20.45150197385595,False
31.35,19.999891342395,0.0659260583372357,-13.004538956815603,-26.405461023616322,21.600358109633156,-1.5831412159881875,-14.374826494390371,-20.555572698878773,-14.374826494390371,-20.555572698878773,False
31.400000000000002,19.999993658636694,0.01592652916486384,-13.056438426153965,-26.49224395502224,21.611134969176554,-1.6351468169475216,-14.423116783278294,-20.599322507268333,-14.423116783278294,-20.599322507268333,False
31.450000000000003,19.999970974983125,-0.03407339816990319,-13.107717858911569,-26.57899732252881,21.621730844916843,-1.6873812372965442,-14.512365924478585,-20.685091206043214,-14.512365924478585,-20.685091206043214,False
31.5,19.999823291576064,-0.08407247367149062,-13.159375591342,-26.665519520071722,21.632946757237892,-1.73958609374622,-14.495913667742757,-20.79240159633515,-14.495913667742757,-20.79240159633515,False
31.55,19.999550609338534,-0.13406944736561505,-13.211269256603794,-26.752240920949557,21.643784369886117,-1.7915597802322383,-14.633958575260715,-20.920615459371188,-14.633958575260715,-20.920615459371188,False
31.6,19.9991529299748,-0.1840630693305381,-13.26405756571286,-26.83924460091666,21.65438604970298,-1.8437326700531798,-14.62879304983609,-20.959790941859044,-14.62879304983609,-20.959790941859044,False
31.650000000000002,19.998630255970355,-0.23405208972831892,-13.316745651840261,-26.92690858020153,21.664093085672565,-1.8961878389633906,-14.7123465667954,-21.051325408357048,-14.7123465667954,-21.051325408357048,False
31.700000000000003,19.99798259059191,-0.28403525883604236,-13.370150268396147,-27.01415725277352,21.673900344623817,-1.949303307191366,-14.73339074881912,-21.145834403499837,-14.73339074881912,-21.145834403499837,False
31.75,19.997209937887373,-0.3340113270770883,-13.424019838324577,-27.101177104209075,21.682991073146585,-2.0020034687064583,-14.822784329405815,-21.239692099784026,-14.822784329405815,-21.239692099784026,False
31.8,19.996312302685816,-0.3839790450523538,-13.477623509181365,-27.187936335347484,21.69161684829681,-2.0544748090851206,-14.772154258502349,-21.385818033955882,-14.772154258502349,-21.385818033955882,False
31.85,19.995289690597463,-0.43393716357149625,-13.532141498499456,-27.274473997913525,21.700508522518675,-2.1066855291666338,-14.901342681818548,-21.409359309040234,-14.901342681818548,-21.409359309040234,False
31.900000000000002,19.99414210801363,-0.4838844336841459,-13.586748480790735,-27.361759910307082,21.708485878279237,-2.158674680675781,-14.952417135232569,-21.528696307859573,-14.952417135232569,-21.528696307859573,False
31.950000000000003,19.99286956210671,-0.5338196067111557,-13.641180069638954,-27.448991374274136,21.716374241066614,-2.211412082012444,-14.918143422795998,-21.6719332497319,-14.918143422795998,-21.6719332497319,False
32.0,19.9914720608301,-0.5837414342758008,-13.695164563338583,-27.53603950679784,21.72443799729705,-2.2640950349226023,-15.070469143073385,-21.649900590782217,-15.070469143073385,-21.649900590782217,False
32.050000000000004,19.989949612918195,-0.6336486683349967,-13.749619028878689,-27.623045273483587,21.732948848676074,-2.3165946563894133,-15.128362796617031,-21.789470501602484,-15.128362796617031,-21.789470501602484,False
32.1,19.988302227886276,-0.6835400612104823,-13.804432430366296,-27.710915700037873,21.740989728214622,-2.3690519120182647,-15.12917295942666,-21.960163727839387,-15.12917295942666,-21.960163727839387,False
32.15,19.986529916030502,-0.7334143656200341,-13.85869408378436,-27.798814593791707,21.748671671805667,-2.4223738275156563,-15.211580641363401,-21.92869120740865,-15.211580641363401,-21.92869120740865,False
32.2,19.98463268842781,-0.7832703347086574,-13.91309003845073,-27.886790388372432,21.756905363466256,-2.475724210212597,-15.274709510954391,-22.093266123083126,-15.274709510954391,-22.093266123083126,False
32.25,19.98261055693587,-0.833106722079695,-13.96788698314824,-27.97435628972041,21.76500475387854,-2.5291514937364283,-15.384099899522447,-22.225159283494826,-15.384099899522447,-22.225159283494826,False
32.300000000000004,19.980463534193,-0.8829222818260805,-14.023077862671668,-28.061939092230254,21.772703154259684,-2.582168884027514,-15.40105225365525,-22.25843939359134,-15.40105225365525,-22.25843939359134,False
32.35,19.978191633618078,-0.9327157685614011,-14.078758314254012,-28.149693645311103,21.78000761981491,-2.635203175480463,-15.514398172499861,-22.31848017103742,-15.514398172499861,-22.31848017103742,False
32.4,19.97579486941048,-0.9824859374510868,-14.134728491371222,-28.23761892446162,21.78682251331122,-2.6884092175044163,-15.518493592804022,-22.477310181938428,-15.518493592804022,-22.477310181938428,False
32.45,19.973273256549973,-1.0322315442435117,-14.190415418507548,-28.325247330484313,21.79334768127266,-2.74178598559804,-15.613921559216472,-22.51746658783905,-15.613921559216472,-22.51746658783905,False
32.5,19.97062681079663,-1.0819513453010838,-14.245894249525694,-28.412596498305202,21.800156099214988,-2.794865880563836,-15.629305418577818,-22.580981527144314,-15.629305418577818,-22.580981527144314,False
32.550000000000004,19.96785554869073,-1.1316440976313882,-14.30193823074458,-28.499997615056934,21.807172613275494,-2.8476665373278305,-15.709255749932508,-22.692064284521045,-15.709255749932508,-22.692064284521045,False
32.6,19.964959487552647,-1.181308558918178,-14.35802652292229,-28.587518780585533,21.81362397713526,-2.900519143022668,-15.752277988719714,-22.74536713873983,-15.752277988719714,-22.74536713873983,False
32.65,19.96193864548276,-1.230943487552526,-14.414390386857264,-28.675872409733394,21.820031030036205,-2.9534917974943737,-15.800408782281153,-22.775811279209712,-15.800408782281153,-22.775811279209712,False
32.7,19.958793041361318,-1.2805476426638012,-14.470585577837328,-28.76495964379789,21.826162511179884,-3.007296915585341,-15.837762229791979,-22.88275749536039,-15.837762229791979,-22.88275749536039,False
32.75,19.955522694848337,-1.3301197841507004,-14.526964125472109,-28.85432691890868,21.832462665278474,-3.0618356385929433,-15.96701651557068,-23.077406123468005,-15.96701651557068,-23.077406123468005,False
32.800000000000004,19.952127626383472,-1.3796586727122773,-14.583328051889087,-28.94371365729495,21.838579462722347,-3.116654402646837,-15.977912111604358,-23.141403190528592,-15.977912111604358,-23.141403190528592,False
32.85,19.94860785718589,-1.4291630698788849,-14.639876133798033,-29.03336127774079,21.844710881384025,-3.1714926299762123,-16.005330092309386,-23.204484305542305,-16.005330092309386,-23.204484305542305,False
32.9,19.944963409254143,-1.4786317380431853,-14.697369028692579,-29.12353973364419,21.85065814455373,-3.22659173936516,-16.084988166456554,-23.25374917959756,-16.084988166456554,-23.25374917959756,False
32.95,19.941194305366004,-1.528063440491051,-14.754968929874869,-29.213693799780817,21.855660594737838,-3.282221684211663,-16.098962712872,-23.31050795535943,-16.098962712872,-23.31050795535943,False
33.0,19.937300569078378,-1.5774569414324866,-14.813170344032187,-29.303816606393738,21.860556038634204,-3.337827239291396,-16.171174198783774,-23.444972802987976,-16.171174198783774,-23.444972802987976,False
33.050000000000004,19.93328222472709,-1.6268110060325496,-14.871216167789486,-29.393407780511772,21.86484996955554,-3.3934015348474236,-16.298522819858576,-23.57811685262481,-16.298522819858576,-23.57811685262481,False
33.1,19.929139297426786,-1.6761244004421876,-14.929641483867549,-29.48309157086046,21.869299490876895,-3.448444197908562,-16.28587376936712,-23.636490084654405,-16.28587376936712,-23.636490084654405,False
33.15,19.924871813070745,-1.725395891829108,-14.988418209881033,-29.572820225480744,21.873369519877485,-3.5035794772003555,-16.4053263548319,-23.71130756450052,-16.4053263548319,-23.71130756450052,False
33.2,19.920479798330735,-1.7746242484086059,-15.047322777193255,-29.66277342146183,21.877088138942657,-3.558759620763746,-16.394056347292132,-23.834508708174475,-16.394056347292132,-23.834508708174475,False
33.25,19.91596328065683,-1.8238082394743171,-15.106135146283826,-29.75170457673747,21.88067891670909,-3.614164305687937,-16.508435861730298,-23.846230390793867,-16.508435861730298,-23.846230390793867,False
33.300000000000004,19.911322288277248,-1.872946635429036,-15.16513561481111,-29.840347135241863,21.884361892697175,-3.668546949906685,-16.557672254978346,-23.972018563922283,-16.557672254978346,-23.972018563922283,False
33.35,19.906556850198182,-1.9220382078154141,-15.22364468051999,-29.929252275552862,21.887856769248543,-3.722640997354183,-16.647972650071075,-24.136126646127813,-16.647972650071075,-24.136126646127813,False
33.4,19.901666996203605,-1.9710817293466985,-15.281659824690406,-30.018846885431074,21.891843048618316,-3.7769976266082885,-16.678411109289712,-24.272152797448896,-16.678411109289712,-24.272152797448896,False
33.45,19.89665275685508,-2.0200759739374226,-15.339156021959417,-30.10887430352538,21.896323249526553,-3.832043725429606,-16.751543035394782,-24.336878759091785,-16.751543035394782,-24.336878759091785,False
33.5,19.891514163491596,-2.0690197167339974,-15.396864410454652,-30.199194708291856,21.901322397336195,-3.8875226324670167,-16.757500287110233,-24.352082529489365,-16.757500287110233,-24.352082529489365,False
33.550000000000004,19.886251248229343,-2.1179117341454243,-15.455252822182295,-30.289972844891945,21.90610935391961,-3.9432945261765995,-16.8727720339514,-24.476818147473733,-16.8727720339514,-24.476818147473733,False
33.6,19.88086404396152,-2.166750803873801,-15.51330795960851,-30.380741324994652,21.91021628727062,-3.999524151719795,-16.8645363159699,-24.497934070203392,-16.8645363159699,-24.497934070203392,False
33.65,19.875352584358136,-2.215535704944932,-15.571643447211569,-30.47183575009761,21.91465649492306,-4.055744120765607,-16.959569072058983,-24.5803963122314,-16.959569072058983,-24.5803963122314,False
33.7,19.8697169038658,-2.264265217738836,-15.630088807919556,-30.56347544665976,21.918816352398654,-4.11229003481167,-17.029051901677185,-24.69218762393637,-17.029051901677185,-24.69218762393637,False
33.75,19.863957037707497,-2.312938124020218,-15.688422698061812,-30.654818226357257,21.92286633676932,-4.169381220316924,-17.099526781123032,-24.775788475533282,-17.099526781123032,-24.775788475533282,False
33.800000000000004,19.85807302188237,-2.3615532069689786,-15.747482364552079,-30.746679863463527,21.92702779170572,-4.226175488957529,-17.146305506603774,-24.860609135161525,-17.146305506603774,-24.860609135161525,False
33.85,19.852064893165497,-2.4101092512105495,-15.806055185737439,-30.83943873708285,21.930463470294104,-4.283488615006903,-17.209397075118847,-24.97720843617953,-17.209397075118847,-24.97720843617953,False
33.9,19.845932689107663,-2.4586050428463704,-15.864423932870281,-30.93178476008101,21.934385994187398,-4.341698977569335,-17.266471447785747,-25.07286037119551,-17.266471447785747,-25.07286037119551,False
33.95,19.839676448035128,-2.507039369484177,-15.922784575879318,-31.023396704548,21.938512592133208,-4.399496489510599,-17.333650717198594,-25.16270801817715,-17.333650717198594,-25.16270801817715,False
34.0,19.833296209049372,-2.5554110202683167,-15.980935082949987,-31.114929636632137,21.942647294202825,-4.456559922920694,-17.371195183314672,-25.24469228616827,-17.371195183314672,-25.24469228616827,False
34.050000000000004,19.82679201202687,-2.603718785910049,-16.039000650010323,-31.206140047819055,21.94699213221081,-4.513544343947938,-17.397671719155525,-25.40377093008224,-17.397671719155525,-25.40377093008224,False
34.1,19.820163897618837,-2.6519614587177336,-16.097146282293604,-31.297032391465105,21.95142191022913,-4.570206244077959,-17.489177594282435,-25.434480225479998,-17.489177594282435,-25.434480225479998,False
34.15,19.813411907250963,-2.7001378326270786,-16.155531163514123,-31.386974018899842,21.9557716230245,-4.626550076667114,-17.541044588387475,-25.488272827951356,-17.541044588387475,-25.488272827951356,False
34.2,19.80653608312316,-2.748246703231244,-16.214317013680148,-31.47721830509458,21.959882086882633,-4.681943193044957,-17.606964160858798,-25.61769786976133,-17.606964160858798,-25.61769786976133,False
34.25,19.799536468209315,-2.7962868678109625,-16.273118905335952,-31.567562974362303,21.96359158179526,-4.737638968182802,-17.676610998422195,-25.677598393826415,-17.676610998422195,-25.677598393826415,False
34.300000000000004,19.792413106256998,-2.844257125364629,-16.331909048168544,-31.658001186943224,21.967285035218108,-4.7934351263936295,-17.70372818669546,-25.77810073146837,-17.70372818669546,-25.77810073146837,False
34.35,19.78516604178719,-2.892156276638296,-16.390416648480272,-31.748346781256068,21.970990237464168,-4.849324827917656,-17.815426972004747,-25.875170206549036,-17.815426972004747,-25.875170206549036,False
34.4,19.77779532009403,-2.939983124155676,-16.448972612251957,-31.838696612802934,21.974977982231096,-4.905121911173606,-17.868183046211918,-25.988211287943315,-17.868183046211918,-25.988211287943315,False
34.45,19.770300987244497,-2.987736472248084,-16.507972090715803,-31.929002597251326,21.978917363538066,-4.960923231663578,-17.889271467203535,-26.110173537650496,-17.889271467203535,-26.110173537650496,False
34.5,19.762683090078152,-3.0354151270842933,-16.56768617300941,-32.019179187607556,21.982413230152876,-5.016680705055077,-17.937185498761668,-26.130255065750866,-17.937185498761668,-26.130255065750866,False
34.550000000000004,19.754941676206826,-3.083017896700424,-16.62757155924202,-32.10853695151572,21.98519449293792,-5.072308784354414,-18.043477869323503,-26.232943289253754,-18.043477869323503,-26.232943289253754,False
34.6,19.74707679401433,-3.1305435910297064,-16.68759066133873,-32.19771369050698,21.987804451783965,-5.127118037205681,-18.04395383863823,-26.33359654496865,-18.04395383863823,-26.33359654496865,False
34.65,19.73908849265615,-3.177991021932258,-16.74776991682505,-32.28649994953062,21.99028069476591,-5.181746265140052,-18.152980531029456,-26.436792346076032,-18.152980531029456,-26.436792346076032,False
34.7,19.730976822059148,-3.2253590032247943,-16.8086464329961,-32.37495511035262,21.99259678435825,-5.235984013106797,-18.19418632233173,-26.49357932071029,-18.19418632233173,-26.49357932071029,False
34.75,19.722741832921237,-3.2726463507102244,-16.869243291619096,-32.4631947889231,21.994215613265855,-5.289890662871903,-18.243413356545243,-26.612171114911867,-18.243413356545243,-26.612171114911867,False
34.800000000000004,19.71438357671107,-3.3198518822073453,-16.929561128727915,-32.551451362757625,21.99611409972151,-5.343581830385485,-18.38714348327351,-26.769202865748348,-18.38714348327351,-26.769202865748348,False
34.85,19.70590210566772,-3.3669744175803156,-16.990310859405035,-32.639321980491076,21.998291607691346,-5.397289893163119,-18.40093011828565,-26.81708734990636,-18.40093011828565,-26.81708734990636,False
34.9,19.697297472800365,-3.4140127787682095,-17.05088145464303,-32.72776373858325,22.000037222092878,-5.450611999839672,-18.43014580934884,-26.920391168545407,-18.43014580934884,-26.920391168545407,False
34.95,19.688569731887917,-3.460965789814452,-17.111217791612304,-32.815541514286046,22.00196197193354,-5.50450524687495,-18.525323326165832,-26.930670031436925,-18.525323326165832,-26.930670031436925,False
35.0,19.67971893747874,-3.5078322768961985,-17.17166270891495,-32.90298127046191,22.004120980042916,-5.55773451152085,-18.62465312162705,-27.048161495834222,-18.62465312162705,-27.048161495834222,False
35.050000000000004,19.670745144890258,-3.5546110683537346,-17.232586255103445,-32.990294490311456,22.006171407818922,-5.610625756639816,-18.648314943343497,-27.13520911738665,-18.648314943343497,-27.13520911738665,False
35.1,19.66164841020866,-3.6013009947196855,-17.29302766826277,-33.077522406961826,22.00774320670908,-5.663390465432473,-18.682271151806166,-27.225824962046055,-18.682271151806166,-27.225824962046055,False
35.15,19.652428790288496,-3.6479008887483406,-17.353449063308478,-33.1645766618372,22.009797138628407,-5.716069871025951,-18.819203453071356,-27.326791417849165,-18.819203453071356,-27.326791417849165,False
35.2,19.64308634275237,-3.694409585444775,-17.414087366433765,-33.25123344861687,22.01187108866135,-5.7685756148444325,-18.889644812913563,-27.422366966835867,-18.889644812913563,-27.422366966835867,False
35.25,19.63362112599054,-3.7408259220939866,-17.474558562412067,-33.337623109428904,22.013728130614716,-5.820683890567205,-18.998909563197895,-27.569540967552683,-18.998909563197895,-27.569540967552683,False
35.300000000000004,19.624033199160586,-3.7871487382899844,-17.5345440801594,-33.42340607918215,22.015752279715066,-5.872525040322341,-19.038608401677344,-27.644309475788596,-19.038608401677344,-27.644309475788596,False
35.35,19.614322622187018,-3.8333768759647633,-17.59483862222273,-33.508450097428245,22.01826210704639,-5.923759499018692,-19.059553745399306,-27.75230795799343,-19.059553745399306,-27.75230795799343,False
35.4,19.60448945576091,-3.879509179417303,-17.654996408635427,-33.59298689005271,22.02046291006171,-5.974255006207889,-19.088479413205434,-27.80527956125632,-19.088479413205434,-27.80527956125632,False
35.45,19.59453376133952,-3.925544495342419,-17.71454797556497,-33.67798487278016,22.02280046872767,-6.024243287775456,-19.143908246065152,-27.87850300403626,-19.143908246065152,-27.87850300403626,False
35.5,19.584455601145905,-3.971481672859602,-17.77464065689985,-33.763079018516635,22.02574424687678,-6.0746927594460125,-19.174945332002086,-27.963017315788363,-19.174945332002086,-27.963017315788363,False
35.550000000000004,19.574255038168534,-4.0173195635418155,-17.835061647169624,-33.84770626821248,22.02814691062055,-6.125238394125592,-19.23837254213575,-28.00647396840779,-19.23837254213575,-28.00647396840779,False
35.6,19.563932136160894,-4.0630570214441715,-17.895829107415732,-33.931433070504504,22.03022126542943,-6.17531713276454,-19.31092717851406,-28.11685119947179,-19.31092717851406,-28.11685119947179,False
35.65,19.553486959641088,-4.108692903132606,-17.95677814937713,-34.015277248902095,22.031949150261976,-6.224495423999669,-19.33493850685241,-28.212503296417964,-19.33493850685241,-28.212503296417964,False
35.7,19.54291957389143,-4.154226067712463,-18.017928074482356,-34.09879255281089,22.03349545337923,-6.273791091340368,-19.42713291514245,-28.25231456742881,-19.42713291514245,-28.25231456742881,False
35.75,19.532230044958055,-4.199655376856989,-18.07908727748127,-34.18174239283538,22.03484087335266,-6.322757884192272,-19.458761950561716,-28.360001765546563,-19.458761950561716,-28.360001765546563,False
35.800000000000004,19.521418439650482,-4.24497969483583,-18.1406761299113,-34.26454636937651,22.036177015432397,-6.371159213159867,-19.542774666402693,-28.46605822927031,-19.542774666402693,-28.46605822927031,False
35.85,19.51048482554121,-4.290197888543388,-18.202620421425777,-34.34769986659742,22.03708350808102,-6.419414678644104,-19.57090309716888,-28.525662646596196,-19.57090309716888,-28.525662646596196,False
35.9,19.499429270965287,-4.335308827527177,-18.26457360018781,-34.4300117576343,22.0376345616452,-6.468019664808114,-19.659562494650395,-28.58654261472048,-19.659562494650395,-28.58654261472048,False
35.95,19.48825184501989,-4.380311384016087,-18.32659048832272,-34.51253971709869,22.038176727961822,-6.5157830447881,-19.68455869949673,-28.666412683865047,-19.68455869949673,-28.666412683865047,False
36.0,19.476952617563903,-4.425204432948525,-18.388401327229445,-34.59523457646822,22.03865518490557,-6.563762493195597,-19.806705055333083,-28.81260794759249,-19.806705055333083,-28.81260794759249,False
36.050000000000004,19.465531659217458,-4.469986852000626,-18.450180317321237,-34.677717047194385,22.039339691077497,-6.611908841508233,-19.777350808539804,-28.836270170668506,-19.777350808539804,-28.836270170668506,False
36.1,19.45398904136151,-4.514657521614235,-18.511791452102894,-34.76006596073908,22.04005604606436,-6.659842801177498,-19.897276505165333,-28.962711739395083,-19.897276505165333,-28.962711739395083,False
36.15,19.442324836137377,-4.559215325024942,-18.573952708176453,-34.84264489863616,22.040940256361356,-6.707643203665294,-19.960156712464173,-28.971871106369314,-19.960156712464173,-28.971871106369314,False
36.2,19.430539116446305,-4.603659148289987,-18.636379185983156,-34.924480138054435,22.04127434536645,-6.75567363050548,-20.032600823708986,-29.096347508659903,-20.032600823708986,-29.096347508659903,False
36.25,19.41863195594901,-4.64798788031609,-18.698233887505154,-35.0060039282497,22.041343212638402,-6.802960358866861,-20.004576370071987,-29.216482234066348,-20.004576370071987,-29.216482234066348,False
36.300000000000004,19.4066034290652,-4.692200412887279,-18.76006285077844,-35.08707087518693,22.041983856195056,-6.849935638005232,-20.147806562249997,-29.27323096277238,-20.147806562249997,-29.27323096277238,False
36.35,19.39445361097313,-4.73629564069252,-18.82173275677368,-35.16803561717418,22.042650238000427,-6.896454073885574,-20.242117402235717,-29.378492942155873,-20.242117402235717,-29.378492942155873,False
36.4,19.382182577609125,-4.780272461353428,-18.883421525631224,-35.24888340208487,22.04347567708384,-6.942870304815931,-20.28050921884564,-29.427500402664705,-20.28050921884564,-29.427500402664705,False
36.45,19.369790405667104,-4.82412977545178,-18.945071854480243,-35.32911451780742,22.044282253304953,-6.989169578669724,-20.30292729366634,-29.50804003202861,-20.30292729366634,-29.50804003202861,False
36.5,19.357277172598103,-4.867866486556998,-19.00692975507887,-35.40941900008771,22.04512726953459,-7.034852183335374,-20.380756854878978,-29.637833058773012,-20.380756854878978,-29.637833058773012,False
36.550000000000004,19.34464295660978,-4.91148150125359,-19.067569217237327,-35.489734285367845,22.04576471401462,-7.08060815455877,-20.39245828107247,-29.704347723020433,-20.39245828107247,-29.704347723020433,False
36.6,19.33188783666595,-4.954973729168449,-19.12847806191395,-35.56975085848788,22.047620596934813,-7.126374928782012,-20.46714581227253,-29.742463661374842,-20.46714581227253,-29.742463661374842,False
36.65,19.319011892486074,-4.998342082998154,-19.189522020620004,-35.649303343481215,22.049207097336843,-7.17184299084515,-20.598576895993844,-29.812181379980238,-20.598576895993844,-29.812181379980238,False
36.7,19.306015204544753,-5.041585478536119,-19.251595955291755,-35.72838956518768,22.05065848370944,-7.216846964781588,-20.648582559028632,-29.936645809847107,-20.648582559028632,-29.936645809847107,False
36.75,19.292897854071253,-5.084702834699698,-19.31337562032729,-35.80770202856677,22.051079894116345,-7.261384675431161,-20.587424306354816,-30.080968344026978,-20.587424306354816,-30.080968344026978,False
36.800000000000004,19.27965992304896,-5.127693073557243,-19.375482877842433,-35.88729256178709,22.051795574159467,-7.306148627753358,-20.762481769672878,-30.026690659779035,-20.762481769672878,-30.026690659779035,False
36.85,19.26630149421491,-5.170555120355011,-19.43773334728081,-35.9670719545312,22.052183661722975,-7.35119064991678,-20.87126296268303,-30.249153081697948,-20.87126296268303,-30.249153081697948,False
36.9,19.252822651059244,-5.213287903544065,-19.500302161816645,-36.046389553826906,22.052428537363255,-7.396421531603996,-20.905506338719416,-30.221664879602052,-20.905506338719416,-30.221664879602052,False
36.95,19.239223477824673,-5.255890354807065,-19.563043227353187,-36.12524478432798,22.05235506790607,-7.441190619842804,-20.925443759121986,-30.255609679194926,-20.925443759121986,-30.255609679194926,False
37.0,19.225504059505997,-5.298361409084934,-19.626011044701677,-36.2038473201954,22.052109347448184,-7.485497339286984,-20.981631786545854,-30.317424686070645,-20.981631786545854,-30.317424686070645,False
37.050000000000004,19.21166448184953,-5.340700004603535,-19.689115075368946,-36.28220500875785,22.05163687517835,-7.529551364097509,-21.06301489283568,-30.40031328131034,-21.06301489283568,-30.40031328131034,False
37.1,19.197704831352592,-5.38290508290018,-19.752358891997435,-36.3610473980882,22.051028189589736,-7.57336054160306,-21.075353839430907,-30.69290698671125,-21.075353839430907,-30.69290698671125,False
37.15,19.183625195262948,-5.424975588850107,-19.815780433025413,-36.439634528408334,22.050279718039903,-7.617654419876517,-21.204592855777793,-30.565618720302865,-21.204592855777793,-30.565618720302865,False
37.2,19.16942566157828,-5.466910470692875,-19.87938473667413,-36.51867498899694,22.049353522090577,-7.661693039139751,-21.2222771450451,-30.670524735701044,-21.2222771450451,-30.670524735701044,False
37.25,19.155106319045633,-5.508708680058599,-19.942618065068302,-36.59726810388224,22.048244563520512,-7.706184988671464,-21.2819233467074,-30.762670039459636,-21.2819233467074,-30.762670039459636,False
37.300000000000004,19.14066725716084,-5.550369171994242,-20.005640491038697,-36.67584067960129,22.047506580204992,-7.750229592499868,-21.35331760266437,-30.845565620854956,-21.35331760266437,-30.845565620854956,False
37.35,19.126108566168,-5.591890904989661,-20.068449664069174,-36.75418259790768,22.046979499313252,-7.794253657162022,-21.368349599791525,-31.010181686195033,-21.368349599791525,-31.010181686195033,False
37.4,19.111430337058877,-5.6332728410037,-20.13165295162083,-36.83246371446387,22.046665671361428,-7.838047064411511,-21.48391044177891,-30.989130946977298,-21.48391044177891,-30.989130946977298,False
37.45,19.09663266157236,-5.674513945490118,-20.19450428506602,-36.910633044358846,22.04595772888843,-7.88177966991081,-21.59362902662028,-31.12576814186251,-21.59362902662028,-31.12576814186251,False
37.5,19.081715632193877,-5.715613187423437,-20.25705051229451,-36.989077176160464,22.04560174052189,-7.925400488748891,-21.65799534128163,-31.12080296427692,-21.65799534128163,-31.12080296427692,False
37.550000000000004,19.0666793421548,-5.7565695393247704,-20.319923432643918,-37.0674406940184,22.045550858372057,-7.969296109493617,-21.673188360507993,-31.18464154545883,-21.673188360507993,-31.18464154545883,False
37.6,19.051523885431905,-5.797381977287431,-20.382343980263094,-37.14568293026574,22.0451732831013,-8.013111116294661,-21.76773688454471,-31.318995117460567,-21.76773688454471,-31.318995117460567,False
37.65,19.036249356746744,-5.83804948100261,-20.44513971392151,-37.2237017210205,22.045248080560775,-8.056804841485107,-21.83060843531128,-31.35947251874999,-21.83060843531128,-31.35947251874999,False
37.7,19.020855851565067,-5.878571033784832,-20.50874508962073,-37.301369305830825,22.04494769198101,-8.100275121182964,-21.830911890119694,-31.606892701369155,-21.830911890119694,-31.606892701369155,False
37.75,19.005343466096235,-5.918945622597381,-20.572056176224343,-37.3787087916146,22.043837661360442,-8.143394194936395,-21.946190835991494,-31.538359594226904,-21.946190835991494,-31.538359594226904,False
37.800000000000004,18.989712297292606,-5.959172238077645,-20.635530767825212,-37.4557981864508,22.043021919835482,-8.186185169663274,-22.02763157882985,-31.591201342731317,-22.02763157882985,-31.591201342731317,False
37.85,18.973962442848936,-5.9992498745623255,-20.698757600857576,-37.53298221792948,22.042042673313265,-8.228726053442575,-22.093963694645723,-31.64610182013285,-22.093963694645723,-31.64610182013285,False
37.9,18.958094001201765,-6.039177530112606,-20.76238574754162,-37.61050258481181,22.041311185359554,-8.271361573864358,-22.105199954618648,-31.745254858371382,-22.105199954618648,-31.745254858371382,False
37.95,18.942107071528795,-6.078954206539176,-20.826605445902626,-37.68824688509455,22.040178383754164,-8.314333429689793,-22.247482306521217,-31.83952871874323,-22.247482306521217,-31.83952871874323,False
38.0,18.926001753748288,-6.1185789094271925,-20.890481479607427,-37.7661447887819,22.03845403047181,-8.357529218915635,-22.20893252655109,-31.92072299770524,-22.20893252655109,-31.92072299770524,False
38.050000000000004,18.90977814851843,-6.1580506481611526,-20.955003424890705,-37.843571362446525,22.037073341845666,-8.40087861154609,-22.30751161218471,-31.953516182850578,-22.30751161218471,-31.953516182850578,False
38.1,18.8934363572367,-6.197368435949636,-21.020228840347,-37.920439677998054,22.03504674164104,-8.44375667415382,-22.43946538114137,-32.0900096471753,-22.43946538114137,-32.0900096471753,False
38.15,18.87697648203924,-6.236531289849997,-21.08629433174455,-37.99745077326514,22.0323166712634,-8.486076478648455,-22.35765174885118,-32.30339950754859,-22.35765174885118,-32.30339950754859,False
38.2,18.860398625800208,-6.275538230792938,-21.1535256274998,-38.074739985046335,22.028746524944502,-8.528539062858652,-22.549059308415632,-32.23495345550532,-22.549059308415632,-32.23495345550532,False
38.25,18.843702892131166,-6.314388283606954,-21.221264360296487,-38.152479794229286,22.024010574267905,-8.571279763582947,-22.62011754308915,-32.34658732673051,-22.62011754308915,-32.34658732673051,False
38.300000000000004,18.826889385380387,-6.353080477042759,-21.289934288891097,-38.23029466547046,22.01876718654987,-8.614471061709002,-22.69145692530467,-32.38947435297046,-22.69145692530467,-32.38947435297046,False
38.35,18.809958210632235,-6.391613843797525,-21.35873513153633,-38.307793856164245,22.012592603033912,-8.657737421893284,-22.732046293531265,-32.44678854992035,-22.732046293531265,-32.44678854992035,False
38.400000000000006,18.792909473706494,-6.429987420539095,-21.42849208612745,-38.385540164141695,22.006287105467333,-8.700688101530174,-22.882875220969368,-32.74929682078842,-22.882875220969368,-32.74929682078842,False
38.45,18.775743281157723,-6.468200247930042,-21.498776741401787,-38.46267996723717,21.99902549595487,-8.743885898450728,-22.88880652941906,-32.6330190747506,-22.88880652941906,-32.6330190747506,False
38.5,18.758459740274564,-6.506251370651674,-21.568304113556675,-38.53951961092771,21.991236185759185,-8.786477190489308,-22.946205190827182,-32.69890195421995,-22.946205190827182,-32.69890195421995,False
38.550000000000004,18.741058959079083,-6.544139837427912,-21.637819195495805,-38.61579586338576,21.98420415868295,-8.82876832312295,-23.00417199205037,-32.77718187641677,-23.00417199205037,-32.77718187641677,False
38.6,18.72354104632612,-6.581864701049053,-21.7074314971944,-38.69220626875281,21.977184421822475,-8.870496064524108,-23.102610649683108,-32.88915765806556,-23.102610649683108,-32.88915765806556,False
38.650000000000006,18.705906111502564,-6.619425018395475,-21.777768492555243,-38.76818414643897,21.970067465202536,-8.912357958834262,-23.141828536843878,-32.94988532975806,-23.141828536843878,-32.94988532975806,False
38.7,18.688154264826704,-6.656819850461195,-21.84831438776164,-38.84441160336364,21.962225814920345,-8.953787325463521,-23.206275684796857,-33.07281231060851,-23.206275684796857,-33.07281231060851,False
38.75,18.670285617247522,-6.69404826237736,-21.918958931298864,-38.92021228177244,21.954175264792603,-8.995466271331296,-23.31621113333286,-33.0327468047827,-23.31621113333286,-33.0327468047827,False
38.800000000000004,18.652300280444006,-6.731109323435623,-21.990321994268392,-38.99530440520617,21.94602606633403,-9.036718438683206,-23.293342829191182,-33.18039780806872,-23.293342829191182,-33.18039780806872,False
38.85,18.63419836682446,-6.768002107111368,-22.06175420297975,-39.069692516143405,21.93715834844316,-9.07726205106004,-23.47677729143495,-33.2155632017208,-23.47677729143495,-33.2155632017208,False
38.900000000000006,18.615979989525776,-6.804725691086944,-22.13285604915225,-39.14410974981865,21.928221484810454,-9.11710165094038,-23.494559087367886,-33.32890465262016,-23.494559087367886,-33.32890465262016,False
38.95,18.597645262412755,-6.84127915727465,-22.204204727160047,-39.21868681071772,21.919614983716606,-9.156970373558725,-23.58659176920564,-33.32962297557368,-23.58659176920564,-33.32962297557368,False
39.0,18.579194300077383,-6.8776615918397415,-22.275743488528455,-39.29315409131145,21.910761650787464,-9.196998923400905,-23.70605051920625,-33.44881042904949,-23.70605051920625,-33.44881042904949,False
39.050000000000004,18.560627217838118,-6.913872085223249,-22.34816403973111,-39.3668593751892,21.90171823449771,-9.236917692937741,-23.75362284767636,-33.580504833410636,-23.75362284767636,-33.580504833410636,False
39.1,18.541944131739157,-6.94990973216472,-22.421225190543886,-39.44090177083225,21.89179302837371,-9.276074465758596,-23.754331827544924,-33.60681010747165,-23.754331827544924,-33.60681010747165,False
39.150000000000006,18.52314515854973,-6.985773631724869,-22.49400547510968,-39.51533700096533,21.881227222639588,-9.315568350344746,-23.882049593990907,-33.66531373131201,-23.882049593990907,-33.66531373131201,False
39.2,18.504230415763363,-7.021462887308058,-22.5671494923671,-39.59036376611132,21.87094228315245,-9.355455069420938,-23.90767047034104,-33.70923545495409,-23.90767047034104,-33.70923545495409,False
39.25,18.48520002159713,-7.056976606684767,-22.64075768374688,-39.665178761076874,21.86029361097368,-9.395933323510025,-24.01770842456109,-33.79102800805563,-24.01770842456109,-33.79102800805563,False
39.300000000000004,18.466054094990938,-7.0923139020138635,-22.7147410063928,-39.74045366512517,21.849180764672557,-9.436199807418687,-24.075841203231178,-33.922547285425466,-24.075841203231178,-33.922547285425466,False
39.35,18.446792755606758,-7.127473889864798,-22.788861171050875,-39.81510379627327,21.83769278710529,-9.476926200410094,-24.204510346694796,-33.966323641091385,-24.204510346694796,-33.966323641091385,False
39.400000000000006,18.427416123827904,-7.16245569123971,-22.863530912786356,-39.888959568603795,21.82606796752587,-9.517027820501294,-24.212519565015665,-34.02692095623807,-24.212519565015665,-34.02692095623807,False
39.45,18.407924320758266,-7.197258431595381,-22.938268260119415,-39.96268672706374,21.81389357086904,-9.556335081774922,-24.342141107676483,-34.15788812400588,-24.342141107676483,-34.15788812400588,False
39.5,18.388317468221544,-7.231881240865121,-23.013630537076143,-40.03533568525859,21.801651568614634,-9.59551372917797,-24.371124056859163,-34.154975558763226,-24.371124056859163,-34.154975558763226,False
39.550000000000004,18.3685956887605,-7.266323253480503,-23.088817367515976,-40.107715424081306,21.78878463673656,-9.633614176315925,-24.449006686172897,-34.27148753025196,-24.449006686172897,-34.27148753025196,False
39.6,18.348759105636194,-7.300583608392999,-23.164515273377802,-40.180101988381054,21.77609315137538,-9.671445404081744,-24.57691134671917,-34.31768429047456,-24.57691134671917,-34.31768429047456,False
39.650000000000006,18.32880784282721,-7.334661449095527,-23.239832633430392,-40.25250068488249,21.762890590592207,-9.709283457324599,-24.6310690578765,-34.36720958533415,-24.6310690578765,-34.36720958533415,False
39.7,18.30874202502887,-7.368555923643836,-23.315268185127028,-40.32417781177317,21.750068575618272,-9.747133642769144,-24.65483584641243,-34.500004838140356,-24.65483584641243,-34.500004838140356,False
39.75,18.288561777652475,-7.40226618467783,-23.39113515675729,-40.39537258015391,21.737128369000292,-9.784262258602924,-24.729891837245876,-34.55524272785899,-24.729891837245876,-34.55524272785899,False
39.800000000000004,18.268267226824502,-7.435791389442748,-23.46677450709126,-40.46714280694398,21.723756742448685,-9.820908515926773,-24.794714136646007,-34.720653282102674,-24.794714136646007,-34.720653282102674,False
39.85,18.247858499385828,-7.469130699810208,-23.54304334263291,-40.53943138861232,21.710612737193372,-9.858130231659947,-24.94778832535233,-34.67134648108058,-24.94778832535233,-34.67134648108058,False
39.900000000000006,18.22733572289093,-7.502283282299192,-23.619631248402374,-40.61208346611934,21.696839246730374,-9.895870302271389,-24.971899109768646,-34.74761822945552,-24.971899109768646,-34.74761822945552,False
39.95,18.206699025607104,-7.53524830809686,-23.69633297412616,-40.68476939181133,21.682746686039565,-9.93397386872151,-25.050678653409303,-34.80884051302715,-25.050678653409303,-34.80884051302715,False
40.0,18.185948536513635,-7.5680249530792825,-23.77319379934274,-40.75775319868933,21.66854030539443,-9.972111283356607,-25.174587808932888,-34.86265880400549,-25.174587808932888,-34.86265880400549,False
40.050000000000004,18.165084385301004,-7.6006123978320534,-23.85092137565084,-40.83083370859461,18.411889848805874,-10.696565802483017,-25.192489488024194,-34.96266440088587,18.38341139034458,-10.702591420248405,True
40.1,18.144106702370102,-7.633009827670739,-23.92910759484306,-40.904031939569514,20.919965070747285,-11.519701390830797,-25.290416407938153,-35.02205819613079,22.70156722696754,-12.069639570920994,True
40.150000000000006,18.12301561883137,-7.665216432661285,-24.00734399476851,-40.977458732118635,20.996711867699258,-11.196751929790908,-25.405342685373675,-35.091511981477765,21.127375216059402,-10.68733698101796,True
40.2,18.10181126650402,-7.697231407640244,-24.08618849011344,-41.04989827596988,19.850943133119888,-8.887854132134539,-25.504971081933203,-35.25396550619449,17.523045372466658,-4.0385125827176,True
40.25,18.080493777915173,-7.729053952234909,-24.164671077322055,-41.121612386102775,19.547808623263734,-7.707934105492127,-25.585020675252963,-35.30370266854296,18.787326247943806,-4.420028592722684,True
40.300000000000004,18.05906328629907,-7.760683270883323,-24.24308084060777,-41.19246499255855,18.148257962435533,-8.233777398534786,-25.665052519341597,-35.379602119481156,13.53885632086153,-9.926510609615786,True
40.35,18.037519925596218,-7.792118572854166,-24.321796178304677,-41.26249339713514,18.395148947747632,-8.39281982094783,-25.76790678449822,-35.553393150705695,19.512714567915033,-8.927259441107058,True
40.400000000000006,18.015863830452542,-7.823359072266534,-24.400706724590428,-41.33235278749925,18.329438174042764,-8.900729836853152,-25.827195004886754,-35.611135155205545,18.181509719041106,-11.0910147959673,True
40.45,17.994095136218576,-7.854403988109554,-24.479031647190045,-41.40197432589597,18.51154500889765,-9.175691946891863,-25.864195192798565,-35.620136385679906,19.603829271804806,-10.417367697967336,True
40.5,17.972213978948584,-7.8852525442619505,-24.55711790022394,-41.47174659929477,18.36796317137474,-9.409267617889835,-25.98582061228296,-35.66020694933139,17.738491207073512,-10.524364356474294,True
40.550000000000004,17.95022049539972,-7.915903969511441,-24.635173759722882,-41.54126533548436,18.01098101642611,-8.985731145735175,-26.002211532855206,-35.77979549448094,16.0616088266668,-6.232364131044653,True
40.6,17.928114823031194,-7.946357497573974,-24.713872489244938,-41.61096051162161,18.00743816926836,-9.219125263894824,-26.127949294359684,-35.79568865722098,18.222902797335014,-10.53221276255787,True
40.650000000000006,17.905897100003386,-7.976612367112939,-24.79207202614623,-41.68105717170971,17.483133580762384,-9.74524379230413,-26.177244989288624,-35.844988541491205,14.207921178906656,-13.068942974377787,True
40.7,17.88356746517699,-8.006667821758176,-24.869988684710492,-41.75124130212555,17.683251099609063,-9.60593782916419,-26.259383564051618,-35.88891086541901,19.419036004158464,-8.327295287686885,True
40.75,17.861126058112152,-8.036523110124884,-24.948072627100387,-41.82089746647227,17.492519889918928,-9.678099959290183,-26.37634499362413,-36.044082528880715,16.406526200428466,-9.920868574498373,True
40.800000000000004,17.83857301906759,-8.06617748583241,-25.02647419711533,-41.89031560629372,17.67511523178786,-10.235544375534795,-26.404129226412206,-36.083455636200945,19.37424235021689,-14.103456455657929,True
40.85,17.81590848899973,-8.095630207522895,-25.105057580303395,-41.95930528732181,17.944830076619034,-9.731950976898771,-26.511649949382985,-36.134796620329624,20.29983924887186,-5.49074059574628,True
40.900000000000006,17.793132609561802,-8.124880538879847,-25.184202896593913,-42.02808543715894,17.832123832499892,-9.643201936325895,-26.56745396757017,-36.153148856500984,17.19597540961228,-8.67309656188741,True
40.95,17.770245523102993,-8.153927748646495,-25.263635821271706,-42.09700625835189,17.50208391813444,-9.777771443193656,-26.66143805496769,-36.243000921590415,15.177738286238503,-10.57813720175461,True
41.0,17.747247372667506,-8.182771110644108,-25.342893480821687,-42.16552770793792,17.295569420363183,-9.80985328443097,-26.748732566400605,-36.353593713644706,16.003581746971903,-9.78015749068156,True
41.050000000000004,17.72413830199371,-8.211409903790141,-25.42293977398424,-42.233808311849266,17.074154713593238,-9.6654464436382,-26.786582824178026,-36.478174957662254,15.696397582811084,-8.235164254576057,True
41.1,17.700918455513225,-8.239843412116258,-25.503214475546997,-42.30138945460154,16.81823761893747,-9.236887386533766,-26.855172154341858,-36.46023297190501,15.211653685580028,-5.580365893314237,True
41.150000000000006,17.677587978350008,-8.268070924786233,-25.583557003314613,-42.36825578063874,16.957665517469895,-9.427603982923891,-26.98373054819834,-36.54157750457673,18.56970672534051,-10.851666449942325,True
41.2,17.65414701631948,-8.29609173611371,-25.663971031257212,-42.43502582538621,16.951906560977278,-9.272846288242835,-27.010070884772837,-36.63164438236253,17.3467126702352,-7.885486030878255,True
41.25,17.630595715927562,-8.323905145579873,-25.744937351551236,-42.50154228774217,16.952806760339282,-9.590799513863386,-27.150863817539395,-36.65223761168626,17.38791754892256,-12.042945559414546,True
41.300000000000004,17.60693422436981,-8.351510457850939,-25.82645702228915,-42.5681857131659,16.94985018552939,-9.440890019312855,-27.21834313736331,-36.71383514630189,17.343056438661694,-8.057235876213333,True
41.35,17.583162689530468,-8.37890698279553,-25.907678150546506,-42.6349420833118,17.12317303052255,-9.70531059975951,-27.271877431285336,-36.77003338809085,18.919294985637883,-11.690433364284639,True
41.400000000000006,17.55928125998156,-8.40609403550195,-25.989468222492906,-42.70170451306483,16.734292454342956,-9.68595254935257,-27.361830478543016,-36.8204450716891,13.960688164396093,-9.325897769223777,True
41.45,17.53529008498193,-8.4330709362953,-26.0709896456654,-42.76807158567668,16.884378893723127,-9.391541616433791,-27.455486215298883,-36.957417422316084,18.52958566347388,-6.8425356221624165,True
41.5,17.511189314476354,-8.459837010754466,-26.152801400536262,-42.83442224031457,16.566117976132585,-9.373828138455602,-27.50167322766181,-36.971722254810416,14.402174389186657,-9.133436391927013,True
41.550000000000004,17.486979099094565,-8.486391589728976,-26.234317525167437,-42.89998121556073,16.491315474140617,-9.13957846928134,-27.565815790433856,-37.066043093765074,16.354608317555495,-7.174725979705655,True
41.6,17.46265959015033,-8.512734009355745,-26.316100695633203,-42.96514982151424,16.808340963105902,-8.907960746883887,-27.71703312685421,-37.10303348469173,19.81138262666947,-7.0388409599771045,True
41.650000000000006,17.438230939640494,-8.538863611075655,-26.39843028156051,-43.03020566261209,16.721860175515822,-8.698033329691764,-27.7776789006401,-37.20446818626321,16.39088008473334,-7.06973180345687,True
41.7,17.413693300244056,-8.564779741650016,-26.480547494773052,-43.09466646560723,16.633264928834834,-8.469656482459154,-27.897280878905438,-37.255443080750055,16.300797148703452,-6.748804949104563,True
41.75,17.389046825321184,-8.590481753176913,-26.56277991101017,-43.15918810420883,16.566525914756344,-8.262802551409276,-27.870739229171182,-37.36203987651718,16.41892967629249,-6.776211029412904,True
41.800000000000004,17.364291668912248,-8.61596900310741,-26.64457763762463,-43.223735977742436,16.30078995258976,-8.195957697572938,-28.053880945157893,-37.38073794994092,14.556069975745132,-7.884308636283709,True
41.85,17.33942798573691,-8.641240854261573,-26.726149160406294,-43.28756259974959,16.230548616555613,-8.49742005771426,-28.145869452497664,-37.43037294444564,16.115714068496192,-11.169388730860355,True
41.900000000000006,17.314455931193105,-8.666296674844443,-26.807914933297937,-43.35166254573823,16.068824285661066,-8.480391657469008,-28.259037098024194,-37.63001194530488,15.214786746314157,-8.496795718383265,True
41.95,17.28937566135609,-8.691135838461811,-26.889957389912965,-43.41560133102869,16.30707928021403,-8.656146127937804,-28.326727233014466,-37.62270124557947,18.730368918002124,-10.236335872896516,True
42.0,17.264187332977475,-8.715757724135882,-26.972098982845296,-43.479464576068246,16.429277136048995,-8.663917590151975,-28.414485490833272,-37.67153887492689,17.83719973622551,-8.829047419310287,True
42.050000000000004,17.23889110348422,-8.740161716320799,-27.054276989865862,-43.543384417123015,16.592649195939977,-9.227604032037092,-28.518374251294695,-37.744434221810515,18.298123090665936,-13.940607198294853,True
42.1,17.213487130977697,-8.764347204918014,-27.136893236654387,-43.60671547072901,16.935109617404205,-9.190359456658951,-28.61152848007022,-37.840318948207035,20.06570311219468,-8.828793477174418,True
42.150000000000006,17.187975574232627,-8.788313585291592,-27.219301180726568,-43.66950336075546,17.02484071351319,-9.161816189688519,-28.678187446481267,-37.92087331391098,17.98516780430635,-8.886941058740174,True
42.2,17.162356592696174,-8.812060258283257,-27.301965400613412,-43.731816995799015,17.18195759857227,-9.301601741919217,-28.6986358613144,-37.98674320048041,18.67398495811672,-10.43583399720226,True
42.25,17.136630346486882,-8.835586630227427,-27.384895359621222,-43.79390111141656,17.008430041009674,-9.09886586564084,-28.90863302861231,-38.03424754314874,15.705011031698781,-7.349862996918457,True
42.300000000000004,17.11079699639371,-8.858892112966027,-27.468135019013978,-43.85552313390513,16.976792057775985,-9.506602251866548,-28.969855089852906,-38.093988919885355,16.89913885729828,-12.923459182829438,True
42.35,17.08485670387501,-8.881976123863202,-27.55139482706342,-43.917673933508894,16.834456697267466,-9.455634681609746,-29.082151896651126,-38.191777575018904,15.828363444457523,-8.922822883944892,True
42.400000000000006,17.058809631057517,-8.90483808581989,-27.635020772176578,-43.97975388528016,16.956234439665447,-9.216376207733807,-29.10149637814124,-38.24330607415345,18.213719065319548,-7.0968918959653315,True
42.45,17.032655940735374,-8.927477427288215,-27.718702557376343,-44.041596602679554,16.862718525044336,-8.842151386262113,-29.138581755450684,-38.3080002777589,16.257787031676116,-5.625816303055999,True
42.5,17.00639579636904,-8.949893582285835,-27.801453156176738,-44.10343665201043,17.030543537071722,-8.717240639727692,-29.134966058436564,-38.37755173761224,18.67989557187192,-7.71752147852836,True
42.550000000000004,16.98002936208433,-8.972085990410042,-27.884329983487078,-44.16498273540662,17.08178864064228,-8.722173475186276,-29.26557619263167,-38.35118383098767,17.67897089549569,-8.865214714229248,True
42.6,16.95355680267139,-8.99405409685178,-27.967475522083543,-44.22541055380439,16.576547896765543,-8.825922313340929,-29.30228351406505,-38.454739186159124,12.33968803055378,-9.824149672561987,True
42.650000000000006,16.92697828358362,-9.015797352409539,-28.051352237534434,-44.2855707259473,16.55994452116733,-8.606203926661692,-29.37390789873591,-38.544555291682165,16.68215327608626,-6.772768088002056,True
42.7,16.900293970936676,-9.037315213503057,-28.1353157463808,-44.34535071399168,16.894932647854347,-8.463050644886168,-29.51433929832172,-38.52516171481565,20.10051660092867,-7.345532611554144,True
42.75,16.87350403150743,-9.058607142186933,-28.219800676011378,-44.40482821192527,16.802824505733245,-8.24627322537356,-29.644605959557826,-38.557637831828835,16.172968336823434,-6.509550345123695,True
42.800000000000004,16.846608632732913,-9.079672606164054,-28.304531731021168,-44.46452798637822,17.1142350367686,-8.26443484917386,-29.684709586512806,-38.63472308906987,20.077070049154372,-8.651008751990602,True
42.85,16.81960794270928,-9.100511078798922,-28.38931105551398,-44.5245582690816,17.030617266863942,-8.282656250754908,-29.677044610354066,-38.857534133492,16.410610561529996,-8.65893826179747,True
42.900000000000006,16.79250213019075,-9.121122039130807,-28.47484445397013,-44.58496809363152,17.40413909516543,-8.520969769449003,-29.83120035950297,-38.81160593390251,20.890570981170022,-10.855796187634262,True
42.95,16.765291364588577,-9.141504971886768,-28.560423586746865,-44.64504397974936,17.280650273136803,-8.775897470726198,-29.809686277290993,-38.93333972559897,16.222866376897088,-11.203922901056067,True
43.0,16.737975815969953,-9.161659367494549,-28.645993138463723,-44.70565558734547,17.53120399698857,-8.312008680633715,-30.06264689079069,-38.90304757419239,19.88055081193532,-4.187277538569845,True
43.050000000000004,16.710555655056957,-9.181584722095318,-28.732153543443214,-44.76579658298336,17.446470688860813,-8.310198727334468,-30.08337260148002,-38.921417157934535,16.695313843247806,-8.473410937846431,True
43.1,16.68303105322552,-9.20128053755624,-28.81856533309661,-44.825783349357245,17.443936653232246,-8.634730088519623,-30.075727308003533,-39.09996805318415,17.46584593787082,-11.779424740940675,True
43.150000000000006,16.655402182504304,-9.220746321482954,-28.905767718682597,-44.88537012705977,17.253125095779584,-8.860507734840585,-30.280698934922526,-39.09502874980147,15.54885358411883,-11.02985071809926,True
43.2,16.62766921557366,-9.23998158723188,-28.992483214133735,-44.94522343131264,17.118902730243317,-9.22313381958518,-30.30134125112867,-39.208485226356586,15.981831545581372,-12.609504197201264,True
43.25,16.599832325764552,-9.258985853922372,-29.07917849709206,-45.00426301518874,17.438105239899524,-9.509278178508199,-30.480153247610858,-39.167135806479024,20.521874133898095,-12.109076098492315,True
43.300000000000004,16.571891687057438,-9.277758646448758,-29.166044699845514,-45.06309280829108,17.827635772216933,-9.41158279316041,-30.5629285451748,-39.28257904486335,21.496619416431816,-8.389779955854605,True
43.35,16.54384747408123,-9.296299495492192,-29.253075589866764,-45.12240020781914,17.876510800691015,-9.370835439353222,-30.61543201419843,-39.34724514037529,18.282214354572538,-8.905916683562559,True
43.400000000000006,16.515699862112157,-9.314607937532429,-29.33978541144408,-45.18101217397957,18.00913426023562,-9.307368637138403,-30.751733496275317,-39.4451799596241,19.193048890158007,-8.635209055569781,True
43.45,16.48744902707271,-9.332683514859358,-29.426633591445103,-45.23986830732525,17.673051307835678,-9.235614216509571,-30.80134283998789,-39.39012684843243,14.412347442195806,-8.50698520453846,True
43.5,16.45909514553052,-9.350525775584494,-29.513460584287248,-45.298948906845894,17.76511682195838,-8.821906484893624,-30.905493684415422,-39.440844677872505,18.627472407048508,-4.873722765834895,True
43.550000000000004,16.43063839469724,-9.368134273652245,-29.599820782320283,-45.35824443270035,17.31691958876337,-8.976240254926765,-31.008900930063508,-39.48372603823014,13.031804529855247,-10.506145465599674,True
43.6,16.40207895242748,-9.385508568851078,-29.6864133058137,-45.41742169748846,17.403805771209132,-9.171191881453552,-31.042435663754375,-39.5749295939118,18.307655744819158,-11.051543299397414,True
43.650000000000006,16.373416997217657,-9.402648226824521,-29.773517901196843,-45.47614368510004,17.05802920657601,-9.240746833867282,-31.143392497792608,-39.6336034209704,13.808074798208338,-9.881220704705386,True
43.7,16.34465270820491,-9.41955281908201,-29.861033838162125,-45.534420882793,16.65643234637312,-8.991316148867815,-31.234007280239762,-39.69314376029544,12.949491912516635,-6.562492533782306,True
43.75,16.31578626516594,-9.436221923009624,-29.94811599964121,-45.591516662736566,16.560382391651117,-9.206632742117442,-31.300014550628454,-39.73464076628271,15.881033610342117,-11.308430031682578,True
43.800000000000004,16.286817848515913,-9.452655121880637,-30.035265667904085,-45.64862490144755,16.71196133207978,-9.208274313080889,-31.382815464008516,-39.83863497224833,18.433573260314272,-9.211684832558266,True
43.85,16.257747639307357,-9.468852004865925,-30.122705321111116,-45.705667673887426,16.65192673848929,-9.115674762272633,-31.502542595662508,-39.886021792234594,16.286845761069394,-8.206759964656218,True
43.900000000000006,16.22857581922898,-9.48481216704426,-30.209881286063283,-45.76298469249247,16.624242548466224,-9.220566453898352,-31.550767044463246,-39.98294013682841,16.584300336724134,-10.249850447340819,True
43.95,16.19930257060456,-9.500535209412417,-30.29678426242596,-45.82047551492922,16.550563298289244,-8.958080081612136,-31.614684800870478,-40.00979035715334,16.06135861738001,-6.385893088586473,True
44.0,16.169928076391802,-9.516020738895161,-30.383966668541532,-45.87730818911581,16.65155446744986,-8.336877488525122,-31.767572506363493,-40.12386685534506,17.875111356315777,-2.3222541014930873,True
44.050000000000004,16.140452520181206,-9.531268368355057,-30.471614428589103,-45.93409124760358,16.747617131091378,-8.299030431683297,-31.9014696560595,-40.13554159550397,17.897506563178027,-8.13485921564589,True
44.1,16.110876086194896,-9.546277716602164,-30.559951829627835,-45.9904662499234,16.588748715761263,-8.208769526125362,-31.941915201858365,-40.135317457656555,15.217534354898978,-7.535067587640217,True
44.150000000000006,16.08119895928549,-9.56104840840356,-30.649062446296018,-46.04659021900899,16.591215553794076,-7.976641757754727,-31.959057978331845,-40.25681198643453,16.843622574270007,-5.928785373952292,True
44.2,16.05142132493494,-9.575580074492715,-30.73837275405792,-46.10286863864063,16.66488998358078,-7.77940144465484,-32.14829249282745,-40.293137632018315,17.620090083244367,-6.125114891387728,True
44.25,16.021543369253365,-9.58987235157873,-30.828118144737406,-46.15921638816602,16.675954894450637,-7.945702385778517,-32.15544515775315,-40.358187659680915,16.99321708207751,-9.914720223328226,True
44.300000000000004,15.991565278977875,-9.603924882355436,-30.917266554587986,-46.216027231043256,16.7460365983715,-8.120976705247529,-32.244247026199005,-40.39811751348344,17.643458929322726,-10.131929686085808,True
44.35,15.961487241471454,-9.617737315510285,-31.00649277186798,-46.27267374638089,16.636724092782188,-8.017381136362888,-32.41745296931671,-40.496328970227324,15.731000025345494,-7.215478434375344,True
44.400000000000006,15.93130944472173,-9.631309305733167,-31.096546865703285,-46.32904980149886,17.05094430149281,-7.865999376772814,-32.50473342061204,-40.56139776673934,21.359548145093108,-6.610667655254298,True
44.45,15.901032077339838,-9.644640513725037,-31.186168317303714,-46.38529874295686,16.89218186893482,-7.706846519820372,-32.57770109604364,-40.56785012692903,15.415585189165236,-6.406631321029691,True
44.5,15.870655328559222,-9.657730606206389,-31.275828318927267,-46.44093372702655,16.793842249575565,-7.656133588488206,-32.64998300585506,-40.622633479834164,15.949001397547553,-7.466768090998592,True
44.550000000000004,15.840179388234459,-9.670579255925594,-31.3653229541606,-46.496823656923176,16.37423510193721,-7.380168373308834,-32.791738159162435,-40.68210874832332,12.349143840617156,-4.957299576159004,True
44.6,15.809604446840096,-9.683186141667072,-31.454660636174562,-46.5524540722299,16.190094720225556,-7.867867001716025,-32.87179515956629,-40.69629438518766,14.608134188875768,-13.118420464952269,True
44.650000000000006,15.778930695469391,-9.695550948259344,-31.543985727587184,-46.60821853199119,15.632349317457479,-7.9715885809770315,-32.94171858147665,-40.756275992776104,10.354761299033962,-9.264106158392664,True
44.7,15.748158325833208,-9.707673366582885,-31.633212991297874,-46.66359753173595,15.494306260093191,-8.006995331218654,-32.96377045685116,-40.87349266570812,14.539996360295353,-8.584088219277852,True
44.75,15.717287530258755,-9.719553093577868,-31.722448952599077,-46.71906981405489,15.386267281958476,-8.047562058938325,-33.06881619255117,-40.89056525167696,14.754239678283803,-8.666341823651006,True
44.800000000000004,15.686318501688397,-9.731189832251738,-31.812197847901405,-46.773994104687475,15.759790366830185,-8.41795180056471,-33.240539355813084,-40.908523695294164,19.96928063109104,-12.326439614538984,True
44.85,15.655251433678467,-9.742583291686636,-31.901907063747046,-46.82843582232321,15.687108162931136,-8.356507797718356,-33.32249186160624,-41.04955808718527,15.324107758558679,-7.844277733019641,True
44.900000000000006,15.624086520398032,-9.753733187046667,-31.991329965365626,-46.882508931683844,15.831109252760289,-8.337222724015994,-33.39184921718905,-41.038835702466315,17.652208552656468,-8.265519967859191,True
44.95,15.592823956627717,-9.764639239585026,-32.08092909308565,-46.93624108829711,15.69598568367062,-8.269676791207527,-33.46583824607027,-41.09040540256713,14.665048776858335,-7.718403633016864,True
45.0,15.561463937758424,-9.77530117665097,-32.17041874142089,-46.98962171046246,15.614652939429915,-8.156643476827544,-33.58058023662963,-41.19307620493878,15.151481713006316,-7.16465229836971,True
45.050000000000004,15.530006659790171,-9.785718731696631,-32.25984810616608,-47.04263271192334,15.472928037981562,-8.212326399044363,-33.665420878192144,-41.23250926831982,14.412030110786596,-8.946136659363708,True
45.1,15.498452319330854,-9.79589164428367,-32.3486934665125,-47.09519939061892,15.32111357040456,-8.482484934726605,-33.74818692239934,-41.257132812707546,14.183780046514585,-11.362451313422872,True
45.150000000000006,15.46680111359499,-9.805819660089805,-32.43773027552725,-47.14765396299854,15.715986901131812,-8.402978130792578,-33.80914040698172,-41.31871881666675,20.11049570853782,-7.693020447646729,True
45.2,15.435053240402514,-9.815502530915156,-32.526973054984815,-47.20028345532378,15.716398666677382,-8.710864277598793,-33.95450954256416,-41.38717787213286,16.02746070308985,-11.926228753476256,True
45.25,15.40320889817753,-9.824940014688456,-32.61635595369999,-47.25268374859763,15.869879032904803,-8.51862823563809,-34.00805491018955,-41.40645514904929,17.719988715633647,-6.607065708488737,True
45.300000000000004,15.371268285947073,-9.834131875473108,-32.705873319294966,-47.30464581251659,15.767702883965722,-8.439050260511198,-34.084787913945235,-41.45923975706615,14.992843740924783,-7.713978867821339,True
45.35,15.339231603339867,-9.843077883473065,-32.79633878652934,-47.356169952204915,15.919084060612482,-8.336338582984252,-34.185017218040265,-41.576525462916585,17.725726400591768,-7.3997931762520395,True
45.400000000000006,15.307099050585064,-9.851777815038595,-32.88714090162402,-47.40679902877039,15.68455375564798,-8.667280773036449,-34.312555106221495,-41.66529674376673,13.556641651410928,-12.14039983188707,True
45.45,15.274870828511029,-9.860231452671863,-32.97792602756253,-47.457368840633826,15.528438494671306,-8.765665683524272,-34.40199269035092,-41.66694210952421,14.24896444827036,-9.811423751224742,True
45.5,15.242547138544047,-9.868438585032365,-33.06880951541519,-47.50822098744935,15.5406199866445,-8.917910671864828,-34.446292048870085,-41.744290189872444,15.994522641423748,-10.48325474450145,True
45.550000000000004,15.210128182707052,-9.876399006942226,-33.16008781855376,-47.55903053709303,15.050701505603847,-9.303432044693231,-34.61942827170165,-41.73894358106886,10.414624537903336,-13.187445572348244,True
45.6,15.177614163618436,-9.884112519391305,-33.2517102738028,-47.609751458775456,14.859176465254516,-9.183626516984486,-34.719763733923955,-41.83502649844831,13.361268091041643,-7.85818990098668,True
45.650000000000006,15.145005284490702,-9.891578929542199,-33.343560740060774,-47.660526951950644,14.680320200591702,-9.048114361353246,-34.8157409873676,-41.85474892536983,13.351117958239815,-7.597282972633026,True
45.7,15.11230174912924,-9.898798050735039,-33.43580624742571,-47.71144467949174,14.863071919488192,-9.215182321008683,-34.92304906530443,-41.95515662788652,17.230755701041527,-10.863648205448941,True
45.75,15.07950376193104,-9.905769702492172,-33.52833839547173,-47.76216590418565,14.775528377031014,-9.568401572368325,-35.19896277081505,-42.13403642191636,14.350888542936769,-13.060163964457109,True
45.800000000000004,15.046611527883408,-9.912493710522671,-33.621166855938675,-47.81266523540062,14.575815521484525,-9.415715405098565,-35.29539373601222,-42.23255277812523,13.028176744832248,-7.697618784837495,True
45.85,15.013625252562719,-9.918969906726678,-33.713753387300486,-47.86330594625163,14.708519809125134,-9.593083063325523,-35.40434913334083,-42.31764354314494,16.570725773808903,-11.264350348797604,True
45.900000000000006,14.980545142133064,-9.925198129199632,-33.80605240014867,-47.91412769269821,14.577692433000903,-9.770660106257543,-35.531863643205924,-42.33881555509445,13.720299169770001,-11.401194321026322,True
45.95,14.947371403345038,-9.931178222236293,-33.898094739463104,-47.964562425579544,14.497879936467564,-10.047323744558403,-35.581293191458954,-42.40380478855562,14.17598475385074,-12.640042190817425,True
46.0,14.9141042435344,-9.936910036334645,-33.990070278560175,-48.0145718926763,14.31639052705423,-9.79349463277502,-35.63916176072265,-42.42864774411673,12.96899463646966,-6.94720420886793,True
46.050000000000004,14.880743870620787,-9.942393428199637,-34.08240444304433,-48.06463980011957,14.337596537262884,-9.766961185742254,-35.718332000989584,-42.45213341050165,15.078387839429617,-9.300524657890772,True
46.1,14.847290493106424,-9.947628260746756,-34.174471466482004,-48.114523520864076,14.27038906310227,-9.921540528588311,-35.744372336805185,-42.44629680196149,14.09974490932212,-11.302899272496028,True
46.150000000000006,14.813744320074804,-9.952614403105462,-34.266748919598726,-48.163972194749675,14.6208433656476,-9.90005803982281,-35.81168068896976,-42.4729250031298,18.68807078496693,-9.463152013731083,True
46.2,14.780105561189416,-9.957351730622454,-34.359110103604664,-48.213122901280855,14.622384365369214,-9.561857140828796,-35.772166238782276,-42.51918321545932,15.051169419639002,-5.9273997095595,True
46.25,14.746374426692379,-9.961840124864793,-34.45106161955929,-48.26143859592659,14.68801888917151,-9.726042671642398,-35.921493066588404,-42.513488995706865,15.757222816722189,-11.281828829593074,True
46.300000000000004,14.71255112740317,-9.966079473622855,-34.54307359144584,-48.31000846469861,14.589245846338724,-9.957930762758998,-35.97994953081504,-42.54694169605237,13.959585315322137,-12.170377247478417,True
46.35,14.678635874717314,-9.970069670913144,-34.63508457310414,-48.3589128722468,14.703471560316858,-10.098730746488357,-36.05680042870259,-42.57614509957224,16.251386025088195,-11.329239775494095,True
46.400000000000006,14.644628880605023,-9.973810616980934,-34.7277168758095,-48.407296875703274,14.139835393970412,-10.273031193890212,-36.128015590447255,-42.62075350641006,8.77045573177078,-11.809444360113254,True
46.45,14.6105303576099,-9.977302218302768,-34.8202578656542,-48.45530015433244,14.097185208024868,-10.1470877375694,-36.21821435617086,-42.65129691565446,14.155062683471394,-8.603513551421676,True
46.5,14.576340518847601,-9.980544387588795,-34.91325745993008,-48.50325943792483,13.969547989481743,-10.150938107455328,-36.289797882369655,-42.72431065405032,13.162525234611323,-9.96697719197802,True
46.550000000000004,14.542059578004507,-9.98353704378495,-35.005968464517835,-48.55056141313523,14.013069592433713,-10.083607796068618,-36.319848073625806,-42.75904558595627,14.968002524933736,-9.182230595960881,True
46.6,14.507687749336391,-9.986280112074988,-35.09883936665656,-48.59785560035961,14.022316710048143,-10.158923838063622,-36.45263394139411,-42.8740449275996,14.602618647666603,-10.73455966213943,True
46.650000000000006,14.47322524766706,-9.988773523882342,-35.19263928958039,-48.64470811592128,13.85617580684247,-9.983748935463819,-36.5955203158484,-42.85176845298793,12.6433588143434,-8.002510272659132,True
46.7,14.43867228838705,-9.991017216871848,-35.28666371155648,-48.691378148957774,13.49874875592599,-10.033310331262475,-36.68632060337929,-42.844695600434825,10.383908986181122,-10.387248412155769,True
46.75,14.404029087452244,-9.993011134951296,-35.38086367147867,-48.73808899555878,13.319319879897844,-9.990342413004067,-36.77402389543955,-42.89231291447358,12.09138202367044,-9.398018791469006,True
46.800000000000004,14.369295861382518,-9.99475522827284,-35.474971386103114,-48.78470893409913,13.306082217628957,-10.130938356750297,-36.842856618074855,-42.96232362297242,13.797662622425078,-11.416430064027892,True
46.85,14.334472827260441,-9.996249453234237,-35.56891724884959,-48.83063964657884,13.345576035585959,-10.118644101517754,-36.94252047360392,-42.97641973309617,14.359265237303878,-9.820864467432187,True
46.900000000000006,14.299560202729854,-9.99749377247994,-35.66307539525291,-48.876465266275886,13.428763280859087,-10.340250968581277,-37.03023178162834,-43.053875868845466,14.859075429234892,-12.431465103500154,True
46.95,14.264558205994547,-9.998488154902033,-35.756942869386215,-48.92147532932543,13.631425751655991,-10.270470783203804,-37.12812030430748,-43.12567368976855,16.24111342954516,-9.352313341026719,True
47.0,14.229467055816887,-9.999232575641008,-35.85208692325158,-48.966177127889935,13.807277742102,-10.45257527911001,-37.27591051829858,-43.180025718740765,16.0766506313644,-12.122856933179174,True
47.050000000000004,14.19428697151644,-9.999727016086386,-35.94758743709996,-49.01072403338105,13.982102253762795,-10.305301606293826,-37.36723453468755,-43.24696966555268,16.197323413013486,-8.592969909191286,True
47.1,14.159018172968645,-9.99997146387718,-36.043593581229125,-49.05539753909345,13.847306622989002,-10.34752801548394,-37.417423422842894,-43.321293859436466,12.867339114786365,-10.603474524593054,True
47.150000000000006,14.123660880603342,-9.999965912902208,-36.14015831687136,-49.099567359768166,13.977142179854415,-10.014958611796116,-37.53217556216402,-43.290706104122414,15.713536137150847,-6.457999308396085,True
47.2,14.088215315403518,-9.999710363300245,-36.236451213786616,-49.143409885916064,13.938478713871554,-10.09347152781646,-37.52263564390899,-43.442333378347705,13.926409604272347,-10.804168131028991,True
47.25,14.052681698903832,-9.999204821460017,-36.33252100087988,-49.18703178717022,13.668952704311108,-10.298576845017688,-37.75333444215643,-43.40180067373638,11.31047985815503,-12.280131421228795,True
47.300000000000004,14.017060253189273,-9.998449300020043,-36.428969308174864,-49.23036626384607,13.453776277000237,-10.244256937192771,-37.91185574177624,-43.46444276378504,11.703782508445887,-9.544578380675523,True
47.35,13.981351200893762,-9.997443817868323,-36.52506322735633,-49.27349634423782,13.52086173647593,-10.278296179186988,-37.98028178089942,-43.55813427224685,14.684281063098041,-10.496141159675744,True
47.400000000000006,13.945554765198748,-9.996188400141854,-36.62120625598882,-49.31682525221041,13.515439432295697,-10.158311547523503,-38.04494580848668,-43.633194785749225,13.910003380937226,-8.808955344997315,True
47.45,13.90967116983186,-9.994683078226016,-36.71759435142279,-49.35965886076712,13.368752625834789,-10.316545454547128,-38.10972377265692,-43.59620156248831,12.319664183664646,-11.82370745871932,True
47.5,13.873700639065436,-9.99292788975378,-36.814329003353755,-49.401546217273186,13.313500205432732,-10.339198596947297,-38.26745221521441,-43.75655481941552,13.22147535777227,-10.437136518844213,True
47.550000000000004,13.837643397715171,-9.990922878604763,-36.911441992273204,-49.44254704282621,13.0474020361692,-10.348499315816445,-38.352990935792796,-43.729029853800334,10.820416137862594,-10.318026050807807,True
47.6,13.801499671138721,-9.988668094904142,-37.00846394981434,-49.48325857690707,12.916647315520553,-10.43169535343434,-38.56542274440815,-43.84168657831088,12.123346304541336,-11.161267925312632,True
47.650000000000006,13.765269685234255,-9.98616359502139,-37.105328132023914,-49.523815528829694,12.729742551291812,-10.536720735748906,-38.66499142776976,-43.967941181142926,11.385233668021876,-11.472637137875243,True
47.7,13.728953666439063,-9.983409441568876,-37.202188682060566,-49.56409115525225,12.467637220292495,-10.215732396506372,-38.68719632576021,-43.99652809830645,10.391592199796335,-6.804356330334318,True
47.75,13.692551841728148,-9.98040570340029,-37.29990364199696,-49.60435029629487,12.500862530873617,-10.179154594575989,-38.76019204741536,-43.935023990905464,13.475271010729077,-9.743624794693437,True
47.800000000000004,13.656064438612795,-9.977152455608934,-37.39759281766227,-49.64425462409796,12.312785179903152,-10.103181664882062,-38.83155766618064,-44.0622400633985,11.02454387706042,-9.27871135647219,True
47.85,13.61949168513915,-9.973649779525829,-37.49515509126176,-49.68376917963245,12.482565777637323,-10.119915405977151,-38.97727930066575,-44.08935113077381,14.859732413395161,-10.260941861325977,True
47.900000000000006,13.582833809886806,-9.969897762717695,-37.59305320949775,-49.72348558071373,12.208692729800305,-10.237626631983726,-39.100454556658086,-44.07792770031212,10.02056385727739,-11.404349680195486,True
47.95,13.546091041967367,-9.96589649898476,-37.69101977167278,-49.76307615587314,11.943517167210125,-10.362360969683946,-39.19637954054027,-44.251870005818205,9.901800133827251,-11.569180481431019,True
48.0,13.509263611023012,-9.961646088358405,-37.78976972318171,-49.80208986632132,11.890134326144212,-10.130280770535908,-39.26003046250819,-44.17666738859915,12.05056169073218,-7.685332772668863,True
48.050000000000004,13.472351747225066,-9.95714663709868,-37.88906511511178,-49.8405169744002,11.78024152223575,-10.224771063702471,-39.451392857688376,-44.20810072607867,11.370844750719947,-11.162593749967842,True
48.1,13.435355681272554,-9.952398257691627,-37.9885660660955,-49.879167139177575,11.543670486970232,-10.178658711777672,-39.6180324805471,-44.377760946398034,9.863830185530585,-9.671400995411929,True
48.150000000000006,13.398275644390761,-9.947401068846482,-38.08826691280655,-49.91715767541788,11.656675445734843,-10.051997933567023,-39.63474220405869,-44.34351589837931,13.57029605414235,-8.737314324674571,True
48.2,13.361111868329818,-9.942155195492713,-38.1879193865284,-49.95500679638033,11.66498697361619,-9.910571783404453,-39.74359894623604,-44.42701788570528,12.469810468935222,-8.485528487105858,True
48.25,13.323864585363188,-9.936660768776877,-38.28810023125037,-49.992617517394336,11.845437895696898,-9.884891465988353,-39.92620967682227,-44.381732850951465,14.377453041540624,-9.672117815927626,True
48.300000000000004,13.286534028286262,-9.930917926059353,-38.38849206891125,-50.03004108652685,12.096280257861373,-9.745846128454536,-39.937440476084404,-44.40587745890234,15.285082728335633,-8.389771217149839,True
48.35,13.249120430414916,-9.924926810910913,-38.48915038081996,-50.06800917408031,12.183428383733924,-9.775394255145466,-40.03081510040156,-44.486239230843005,13.632613571957588,-10.1669124380979,True
48.400000000000006,13.211624025584008,-9.918687573109125,-38.58969326127905,-50.10557139396605,12.182200349242073,-9.976701339209814,-40.19733650792975,-44.50832427024779,12.70054923703979,-12.096841658184696,True
48.45,13.174045048145949,-9.912200368634606,-38.68978558831002,-50.14348905343782,12.412422008399796,-9.996690016822107,-40.25465606503274,-44.578180005738844,15.266643374047442,-10.226958672584152,True
48.5,13.136383732969222,-9.905465359667131,-38.789314672448356,-50.18084779972714,12.269198935395192,-9.953459094416862,-40.27318911264153,-44.51910988087338,11.255768908667726,-9.53246926610893,True
48.550000000000004,13.098640315436924,-9.898482714581574,-38.88951378793566,-50.21844737270839,12.483391727868968,-9.911747228077521,-40.412109551142144,-44.48018471935756,15.118560454736297,-9.522378775055698,True
48.6,13.060815031445296,-9.891252607943699,-38.989812538668765,-50.25540210130387,12.212692206447283,-9.797583163093863,-40.49516360525812,-44.54242993714982,9.865490234400372,-8.679865772803778,True
48.650000000000006,13.02290811740223,-9.88377522050579,-39.09060988089937,-50.2920230832896,12.027315843345402,-10.215010919355407,-40.542040797685566,-44.56622686060283,10.606115499473653,-14.529244631681378,True
48.7,12.984919810225827,-9.876050739202151,-39.19151265806652,-50.32816902006437,12.134499886913348,-10.083648472580558,-40.63195152468182,-44.60075584257414,13.724369695338206,-8.721345537405131,True
48.75,12.946850347342888,-9.868079357144412,-39.29233775814991,-50.3643371342148,12.18290552241059,-9.96551647341324,-40.71483419617634,-44.5845257519211,13.137305288779498,-8.776422328387614,True
48.800000000000004,12.908699966687408,-9.859861273616701,-39.393212978353,-50.400937121224445,12.394320862589291,-9.430260595081513,-40.779277150144075,-44.6120143345118,14.979180652950422,-4.035433565550528,True
48.85,12.870468906699164,-9.851396694070687,-39.49418701820621,-50.43765869726102,12.218834170665236,-9.386495490079762,-40.915849229624364,-44.612003236903355,10.81121756081626,-9.112437378739557,True
48.900000000000006,12.83215740632215,-9.842685830120413,-39.59468511918559,-50.47401389560971,12.283489183246871,-9.66372587303389,-40.973420184645796,-44.71593532047543,13.350318253741777,-12.654484073108698,True
48.95,12.793765705003114,-9.833728899537027,-39.69499281001216,-50.50995196201125,12.287186179018759,-9.859849418722018,-40.94701209616786,-44.80925692416945,12.703584935214328,-11.95606132403283,True
49.0,12.755294042690073,-9.824526126243324,-39.79548246668348,-50.54596713951323,12.627509726025705,-9.542209787836814,-41.209135482773874,-44.75649789741728,16.44947925856325,-6.373806709205413,True
49.050000000000004,12.716742659830778,-9.815077740308158,-39.89604252357051,-50.581239921638996,12.555683224431736,-9.916769712603061,-41.326901016421765,-44.750952465126545,12.099234102224159,-13.854976534130067,True
49.1,12.678111797371265,-9.80538397794069,-39.996355231813645,-50.61627471045682,12.763904058491955,-9.96851758668398,-41.407723959497666,-44.77773129538724,15.163020471708375,-10.53817634988046,True
49.150000000000006,12.63940169675428,-9.795445081484464,-40.09651826471305,-50.65167975510834,12.958344915992512,-9.763067535606721,-41.46515153497672,-44.84739852036713,15.155069973127997,-7.70946107620629,True
49.2,12.600612599917838,-9.785261299411383,-40.19691945481602,-50.68673919482368,12.810881097075455,-9.637625645157337,-41.61549104619328,-44.92985318942207,11.479669992043355,-8.443947765081207,True
49.25,12.561744749293664,-9.774832886315465,-40.29806487172552,-50.72184404859881,12.95699585875518,-9.338013530064643,-41.72023539155432,-44.90333923826556,14.64231111791413,-6.409252224658409,True
49.300000000000004,12.522798387805699,-9.764160102906496,-40.39973280252168,-50.75639649230837,13.141937026638962,-9.105857682052939,-41.842853043686844,-44.96669169265627,15.186906736265351,-6.934753142059897,True
49.35,12.483773758868573,-9.753243216003503,-40.501424014531906,-50.79062074940797,13.04513771016554,-8.999470587271826,-41.90025597807103,-45.03567737858888,12.183658789307886,-8.165229027221585,True
49.400000000000006,12.444671106386085,-9.742082498528088,-40.60386295314426,-50.82454502276851,13.008874470653302,-8.909587198045173,-42.08519656653995,-45.03796446017696,12.783815273382947,-8.267099296617856,True
49.45,12.405490674749707,-9.730678229497615,-40.706436573848556,-50.85833435141691,12.884563587685777,-9.136626983140294,-42.202742874011825,-45.11462240302213,11.778732567108467,-11.731113765263437,True
49.5,12.366232708836986,-9.719030694018208,-40.809257571787334,-50.8914594939911,12.822912928061497,-9.021368974404425,-42.32539040336082,-45.1466446212494,12.382308344420052,-8.076865155264365,True
49.550000000000004,12.326897454010084,-9.707140183277648,-40.91178089287355,-50.9246828011989,12.635201114356688,-8.578832790332088,-42.36277741100862,-45.26978749556535,10.928161379201672,-4.341667281643961,True
49.6,12.28748515611423,-9.695006994538085,-41.014875277015804,-50.95753762807397,12.2721604732705,-8.540742377359399,-42.50763164374554,-45.19674775685815,8.824565973325068,-8.515021592630262,True
49.650000000000006,12.247996061476144,-9.682631431128609,-41.118770624341046,-50.99013466062621,12.165444759019904,-8.79523988202515,-42.595694090069806,-45.29333967390136,11.412413212653233,-11.74469286608861,True
49.7,12.208430416902544,-9.670013802437659,-41.222899639475536,-51.02287748398523,12.217469490028371,-9.134351654082284,-42.69583889232893,-45.28117874207239,13.103163220533013,-12.871832772838387,True
49.75,12.168788469678582,-9.657154423905292,-41.32686667320517,-51.05540713106899,12.122523283737895,-9.311141379765902,-42.79571072933462,-45.327860916011616,11.496181890162987,-11.305587847238526,True
49.800000000000004,12.129070467566294,-9.644053617015304,-41.430508293992695,-51.08805050347381,12.254058478408345,-9.858383339420051,-42.909538664704975,-45.362364907007745,13.94130886263314,-15.566534798137596,True
49.85,12.089276658803067,-9.630711709287187,-41.53456647023314,-51.11968794809434,12.49626540192311,-9.659271053433367,-42.965581365672286,-45.48973361002061,15.261746908026947,-7.645475216889545,True
49.900000000000006,12.049407292100069,-9.617129034267931,-41.63852360620691,-51.150703997627616,12.43869974360385,-9.745880913653014,-43.137855914976136,-45.61895188810003,12.095541411214159,-10.693718710796569,True
49.95,12.009462616640727,-9.603305931523716,-41.74297258758357,-51.18209263707648,12.288448814988472,-9.633358318351641,-43.27148744964412,-45.65156123067389,11.011759204245239,-8.541917888950223,True
50.0,11.969442882079129,-9.589242746631385,-41.84777718812199,-51.21341052196227,12.103006641643075,-9.56780107608071,-43.31455487042637,-45.69629397533141,10.505905751399805,-8.976721792983994,True
50.050000000000004,11.929348338538468,-9.574939831169823,-41.95244349890993,-51.244260438975516,11.811573776442344,-9.70525511833765,-43.49074854308412,-45.63426698118133,9.181821880570894,-11.190950758653269,True
50.1,11.88917923660953,-9.56039754271118,-42.05691481045984,-51.274431193899176,11.861174133003939,-9.857596391257763,-43.53649700097345,-45.61217972142603,12.758442913261986,-11.46206750486418,True
50.150000000000006,11.848935827349067,-9.545616244811903,-42.16183494548536,-51.3040363799344,11.691933383965088,-9.980622126575083,-43.742105831906564,-45.68719792473421,10.342781776513874,-11.254229498896544,True
50.2,11.808618362278253,-9.530596307003675,-42.266650797350785,-51.33268903176411,11.806940813286088,-10.108501308426144,-43.763166548235795,-45.772834047480664,13.382196620490799,-11.405297782688189,True
50.25,11.768227093381114,-9.515338104784156,-42.372240887912284,-51.361053742905085,11.742192186939654,-9.767814826444907,-43.797612892421256,-45.88540057136578,11.451852979920115,-6.284261701617586,True
50.300000000000004,11.727762273102941,-9.499842019607605,-42.47798027392547,-51.388700268535054,11.962295895688259,-9.723457360021202,-43.930628436767265,-45.78209330823842,14.57934073134139,-9.338692550929593,True
50.35,11.687224154348755,-9.484108438875353,-42.584218047947296,-51.41654438847006,11.690899959761335,-9.758167573892091,-44.033028029293426,-45.84697384708822,9.253574636616172,-10.193130861178727,True
50.400000000000006,11.64661299048163,-9.468137755926087,-42.69083150040124,-51.44382536872456,11.512287746128468,-9.496013788026522,-44.17396445881341,-45.78124630912373,10.083028644639239,-6.903869469947612,True
50.45,11.605929035321235,-9.451930370026055,-42.797996018767584,-51.47094866594267,11.565433875978153,-9.563233872559703,-44.2299478992226,-45.81961390336943,12.528888559018442,-10.385919034391575,True
50.5,11.56517254314215,-9.435486686359063,-42.90502520941349,-51.49789107970113,11.458611565906947,-9.575417716893845,-44.36675783537479,-45.79478992155904,10.779328307324086,-9.820326515980483,True
50.550000000000004,11.524343768672319,-9.418807116016342,-43.011918724131476,-51.524080303531804,11.211923769049395,-9.445011425905504,-44.50405019576539,-45.86627152286164,9.128109031528268,-8.237834749763648,True
50.6,11.483442967091445,-9.401892075986284,-43.11914321038549,-51.549671242440546,11.5053826440844,-9.336757175712942,-44.56484778973882,-45.944308827126825,14.956700057024996,-8.392323533764593,True
50.650000000000006,11.442470394029403,-9.384741989144004,-43.22629836856555,-51.575090613209326,11.064439264151435,-8.9149252457948,-44.6513238316698,-45.92052432521494,6.976034015535264,-4.816232915863435,True
50.7,11.401426305564657,-9.36735728424079,-43.33342680830415,-51.59931871568625,10.946341721654791,-8.804201518474017,-44.726915453857735,-45.95146629487937,10.237465568926606,-7.968562200064392,True
50.75,11.36031095822261,-9.349738395893349,-43.440674419246186,-51.62284101551409,10.557325033661028,-8.923988843935902,-44.85864471896695,-45.990064278300956,7.1150920170765035,-10.46184775669128,True
50.800000000000004,11.319124608974047,-9.331885764572972,-43.547183460744805,-51.64629568362711,10.547087498721385,-8.60113777219916,-45.03954750970263,-46.01652921939371,11.03807328716432,-5.613352132909773,True
50.85,11.277867515233533,-9.313799836594521,-43.65407831824997,-51.67042607527032,10.304451730940693,-8.486003120916143,-45.28559417880753,-46.10056800108209,8.4159872100843,-7.682652461236984,True
50.900000000000006,11.23653993485776,-9.295481064105248,-43.7610380395744,-51.69421990234599,10.614726459386265,-8.772910895361125,-45.35232052648999,-46.133437946627,14.39141544089825,-12.064958553717226,True
50.95,11.195142126143969,-9.27692990507351,-43.86821112552734,-51.71792845379369,10.75117660938786,-9.033799245601825,-45.413341259156184,-46.13107351910131,12.669180908163474,-11.982789894677783,True
51.0,11.153674347828332,-9.258146823277322,-43.975593339305206,-51.74164050549507,11.000059811404492,-9.373424847102761,-45.519706379275604,-46.34213536709785,14.013892175614082,-13.049039901096542,True
51.050000000000004,11.112136859084332,-9.239132288292742,-44.08298522429222,-51.76530743537365,10.916180676426203,-9.241034136615832,-45.594934167430345,-46.34280634818493,10.47806714789588,-8.032072481895867,True
51.1,11.070529919521132,-9.219886775482163,-44.19055669833466,-51.7886864457285,11.07757462708997,-9.152751915564508,-45.70246594477936,-46.27887170650121,13.140918156364606,-8.422326527620001,True
51.150000000000006,11.028853789181966,-9.200410765982394,-44.298519762604705,-51.811342355538535,11.152443985024085,-9.183287882479082,-45.85890177115726,-46.21072351627462,12.287500974473529,-9.680476957799527,True
51.2,10.987108728542525,-9.180704746692665,-44.406504910849506,-51.83413636897724,11.299455493308034,-9.398555449160058,-46.00408045616048,-46.25815332149189,13.142622114089155,-11.766353792644534,True
51.25,10.945294998509304,-9.160769210262437,-44.514115092678004,-51.85672775772434,11.50730839967502,-9.416356396879197,-46.05948471776956,-46.3423878338657,13.92239046630285,-9.718569119910564,True
51.300000000000004,10.903412860417959,-9.140604655079066,-44.621439883302415,-51.879166289928826,11.45804113162379,-9.66533129080849,-46.08803934771892,-46.314724132183464,11.198250675162644,-12.309300650753212,True
51.35,10.861462576031734,-9.120211585255394,-44.72875641624334,-51.90168573382557,11.450821675391538,-9.834182891664694,-46.23376165668371,-46.26609279635609,11.621564507931657,-11.600077433682735,True
51.400000000000006,10.819444407539764,-9.099590510617103,-44.83641634437612,-51.92387220393591,11.4066332852174,-9.582574973163165,-46.29879210445455,-46.30203983317785,11.197655898892958,-7.034321489608752,True
51.45,10.777358617555468,-9.078741946689982,-44.94407371975977,-51.94516716563672,11.759211146439862,-9.53355187474521,-46.43095616795618,-46.2495833452937,15.587560362425554,-9.109342732475033,True
51.5,10.735205469114895,-9.057666414687045,-45.05139144890407,-51.9660046205847,11.704281594750029,-9.738311308503267,-46.483903851438555,-46.41118980506346,11.299237692736918,-11.91057073550625,True
51.550000000000004,10.692985225675077,-9.03636444149549,-45.158329313093425,-51.986589500564584,11.83674310471144,-9.718541463612427,-46.65954059868455,-46.564361641067514,13.341073973919375,-9.56136415143825,True
51.6,10.650698151112422,-9.014836559663548,-45.26519886136021,-52.007113554826546,12.036744482832786,-9.495134566413748,-46.72605756401982,-46.652910807481575,14.185392979721513,-7.2767949054603696,True
51.650000000000006,10.608344509720979,-8.99308330738713,-45.37227134559211,-52.027395238623306,11.721014536103361,-9.257734797914276,-46.8820313677555,-46.44966267560451,8.578718400347068,-6.953380971645956,True
51.7,10.565924566210889,-8.97110522849642,-45.47948589899601,-52.048096725263626,11.560200512271235,-9.402981879880187,-46.91088739016117,-46.54474742106441,10.071465104254223,-11.043941397074681,True
51.75,10.523438585706655,-8.948902872442243,-45.58647670653129,-52.06859705794382,11.056564215978492,-9.562599381019243,-46.979717754390485,-46.39880535948801,6.125589846030154,-11.304193067420382,True
51.800000000000004,10.480886833745515,-8.926476794282344,-45.693275639642245,-52.08894671797491,11.153565251558478,-9.339376813509503,-47.15361768924094,-46.358987230059874,12.44221963940716,-7.152263932563642,True
51.85,10.438269576275783,-8.903827554667506,-45.800798949156686,-52.108894776868475,11.283783580557586,-9.188368405324711,-47.29565435305683,-46.37041850047077,12.875556512241774,-7.79068794132621,True
51.900000000000006,10.395587079655169,-8.88095571982754,-45.908140249368216,-52.12826512445663,11.285954232178701,-9.075667454396715,-47.39222235214379,-46.41401122202133,11.545146692164792,-8.105959336353177,True
51.95,10.352839610649163,-8.857861861557133,-46.015279521565,-52.14713452881023,11.05070249985142,-8.99274489183236,-47.556357373814144,-46.445371375734055,8.89086761334168,-8.355499191279062,True
52.0,10.310027436429284,-8.83454655720153,-46.1228159280834,-52.16583254780181,11.107885262873216,-9.348935053325675,-47.68437632046316,-46.489949731487116,11.969257627694109,-13.191295304787436,True
52.050000000000004,10.26715082457148,-8.811010389642128,-46.23070337207934,-52.18450432184517,10.52093621897372,-9.557533807781994,-47.9316863003554,-46.74625997904121,4.824529370968779,-11.807005633342822,True
52.1,10.224210043054452,-8.787253947281894,-46.338938653791715,-52.20319168877289,10.41672041119923,-9.858104283565538,-48.10156315597372,-46.82413428139374,9.767757315582715,-12.985465349749179,True
52.150000000000006,10.181205360257938,-8.763277824030647,-46.44749266645597,-52.221953115293694,10.240327414860896,-9.561735740223128,-48.227301187726724,-46.75295420629711,8.878255604421803,-6.549666954447078,True
52.2,10.138137044961063,-8.739082619290219,-46.556641323439955,-52.24072671588389,10.189901914754763,-9.522812498414794,-48.30412946449983,-46.722862965426124,10.144139700807813,-9.199284684929964,True
52.25,10.095005366340658,-8.71466893793947,-46.66573566460245,-52.259328624352726,10.456957092187029,-9.655509123922009,-48.338243665929966,-46.7646544185727,13.641961346185619,-11.082510728564653,True
52.300000000000004,10.051810593969574,-8.69003739031916,-46.775187474224815,-52.27817087821559,10.596716242370524,-9.189109335389318,-48.48703942868496,-46.72388916663722,12.40904238725818,-4.499176477185819,True
52.35,10.008552997815002,-8.6651885922167,-46.88472823111163,-52.29663029344713,10.418835896761719,-9.304059612885714,-48.57191697565661,-46.694015413838976,8.964295310788044,-10.631730473433628,True
52.400000000000006,9.965232848236763,-8.640123164850738,-46.99451785886763,-52.31491439760145,10.133101753709171,-9.102621965149941,-48.73061722124098,-46.80999725282606,7.6207113144272185,-7.188505412270193,True
52.45,9.921850415985672,-8.614841734855668,-47.10427380648902,-52.33329621465856,9.780987035359514,-9.11638192406831,-48.79126466361335,-46.794397269803824,6.6599154940583585,-9.436927884925165,True
52.5,9.878405972201783,-8.58934493426592,-47.21447047540764,-52.35170334850947,9.803786745324961,-8.570972414338078,-48.89741155454735,-46.76016921078364,10.567130893157694,-3.204907148154639,True
52.550000000000004,9.834899788412711,-8.563633400500168,-47.324636637806286,-52.3695818020173,9.567488344989888,-8.119734791735672,-49.013004600643505,-46.87155638468942,7.685438047596415,-3.843723738114509,True
52.6,9.791332136531983,-8.537707776345428,-47.434717828022315,-52.386907757127474,9.781504746553873,-7.816186960162075,-49.08542841075547,-47.120024383866976,12.518522045199354,-5.152011311434662,True
52.650000000000006,9.747703288857274,-8.511568709940954,-47.54454959328753,-52.40312515431329,9.926436334724007,-7.849774345626875,-49.17985106404406,-47.04695545369073,11.89271716516146,-8.680949890612645,True
52.7,9.704013518068741,-8.48521685476204,-47.653704095102356,-52.41891775177972,9.845502841927924,-7.777166850218144,-49.25749163649182,-46.98813829468744,9.466750760022192,-7.520558250897138,True
52.75,9.660263097227308,-8.458652869603696,-47.7637035115996,-52.4347522366095,10.061095904088878,-8.004515260291871,-49.06775979841143,-47.219030629401246,12.69575905899615,-10.804279311303285,True
52.800000000000004,9.616452299772957,-8.431877418564163,-47.87364291292312,-52.45064635592848,9.857167049259484,-8.418331811099947,-49.41996490102889,-46.97531504947096,8.174880044318284,-13.041022256268974,True
52.85,9.57258139952305,-8.404891171028332,-47.98390807882134,-52.46618442264174,9.390358570373818,-8.01718394791909,-49.55649068132225,-47.06067495074843,5.0803243431321246,-4.248866882238394,True
52.900000000000006,9.528650670670542,-8.377694801650973,-48.09495469566452,-52.481210934985384,9.523844009763826,-7.92294004302201,-49.537171807252044,-47.02250694023441,11.42001692001647,-7.368620168547722,True
52.95,9.48466038778237,-8.350288990339914,-48.20574498002789,-52.49550078689282,9.375078936174239,-7.86911913500882,-49.620835183313105,-46.91463921844189,8.365920568433182,-7.744289253162904,True
53.0,9.440610825797645,-8.322674422239007,-48.31609469312953,-52.50991040839767,9.307079234392246,-7.649022345600491,-49.71861594576167,-46.97784358634567,9.140604749533985,-5.84648610161325,True
53.050000000000004,9.396502260025992,-8.294851787711018,-48.426649994639384,-52.5240747929853,9.383286757889891,-7.962811524873202,-49.81131655671977,-46.91176199925361,10.68072882719734,-11.625001752112833,True
53.1,9.3523349661458,-8.266821782320356,-48.53718465450992,-52.53846810594399,9.197624733624473,-8.03251107141615,-49.92123418930759,-46.92901156678994,7.805794555929523,-9.127256210683322,True
53.150000000000006,9.308109220202507,-8.238585106815698,-48.64780151871945,-52.55251300298031,9.079862936535353,-7.921283573425919,-50.10121846226956,-46.892756819356045,8.412046475445521,-7.149272332354851,True
53.2,9.263825298606903,-8.21014246711247,-48.75831345759093,-52.566732672375174,9.138554491359173,-8.21456844594536,-50.093559424502246,-46.97135427347991,10.27990936440709,-11.572666245981932,True
53.25,9.21948347813333,-8.18149457427517,-48.86855281720826,-52.580202078225895,9.129876803503105,-8.30309633363747,-50.288404477936716,-46.87619254529743,9.55759498927805,-9.49645483206003,True
53.300000000000004,9.175084035918022,-8.15264214449963,-48.97872016948047,-52.59375942559738,8.819588042574187,-8.417528285904663,-50.399836640771056,-46.91755140634079,6.171395961990594,-9.851697639349458,True
53.35,9.130627249457365,-8.123585899095097,-49.08881492433054,-52.60688525989069,8.560977188309893,-8.408224065790687,-50.45220072087748,-47.00688630893244,6.502964105134737,-8.549280517840161,True
53.400000000000006,9.086113396606121,-8.09432656446619,-49.19849406606746,-52.61975206429146,8.636786482131063,-8.331988951750732,-50.58468829519344,-46.93086685234688,10.025059484980098,-7.7943085918639605,True
53.45,9.041542755575726,-8.06486487209475,-49.308291465662194,-52.63239884202249,8.842397386404866,-8.461182761381611,-50.76532557668514,-46.8814403993345,11.509710349719555,-10.025424171312412,True
53.5,8.99691560493254,-8.035201558521553,-49.41779894664807,-52.64552134387796,9.287368470790588,-8.222509234306559,-50.79774541690869,-46.9567419897825,14.319591684286387,-6.014692293409137,True
53.550000000000004,8.95223222359611,-8.005337365327893,-49.5276706291271,-52.65847787755933,8.789707492523602,-8.520305634029462,-50.96552170048483,-46.93522891897168,4.122055752776564,-11.809967772299157,True
53.6,8.907492890837423,-7.975273039117043,-49.6369953264657,-52.671602362655634,8.316872035380552,-8.725385931126393,-51.09258664745722,-46.974320525192255,4.021654782717368,-10.993102392574677,True
53.650000000000006,8.862697886277157,-7.945009331495588,-49.746098731028546,-52.68474759920285,8.357739250258563,-8.742673616019848,-51.20460483835887,-46.9171084390466,9.380281044397847,-9.045224027139735,True
53.7,8.81784748988396,-7.914546999054655,-49.855408656848596,-52.697511703356845,8.470013898653754,-8.951715430175582,-51.289504397166894,-47.015666515215976,10.189796323670993,-11.193496434706681,True
53.75,8.77294198197266,-7.883886803350965,-49.96556636899697,-52.7090596762084,8.186950122679644,-8.63782235930265,-51.39478382676827,-46.95143171218862,5.851717609988956,-5.517744870571535,True
53.800000000000004,8.727981643202519,-7.8530295108878,-50.07577874743588,-52.719699497721656,7.943545060726408,-8.500728976275528,-51.46175851904996,-46.98913156559275,6.077969848174273,-7.26614672513485,True
53.85,8.682966754575524,-7.821975893095879,-50.186488572832246,-52.72995003289251,8.15660759131866,-8.330586890180937,-51.614212338205476,-46.976037584009454,10.97302731193956,-6.800518989305368,True
53.900000000000006,8.637897597434579,-7.790726726314025,-50.29714002199992,-52.739861279231484,8.294492935996198,-8.599821516856275,-51.73851706572398,-46.97526910851615,10.282245222649221,-11.5732254955721,True
53.95,8.592774453461768,-7.759282791769781,-50.407300987587504,-52.749710107833764,8.709504289712175,-8.449015928513841,-51.825290599213176,-47.00402357676687,13.460819708132133,-7.086605780340635,True
54.0,8.547597604676596,-7.7276448755598715,-50.51745535312652,-52.75974113509246,8.779004036975744,-8.237535045547746,-51.911624802932735,-47.02437860533782,9.898378671549867,-6.29373637616275,True
54.050000000000004,8.502367333434208,-7.695813768630549,-50.62772961308103,-52.76941365308132,8.596128033880706,-7.801831484488859,-52.02071340729337,-46.970322313969994,7.1249231550477585,-3.6280900366605278,True
54.1,8.457083922423681,-7.663790266757843,-50.73792840267344,-52.779061245991464,8.582290731021772,-7.34898833568914,-52.15834416176005,-47.0124878168838,8.86543475734309,-3.1091795605458628,True
54.150000000000006,8.411747654666152,-7.631575170527613,-50.848072646755625,-52.78785947393771,8.318254135500109,-7.326073257770306,-52.23381340374415,-47.043355975860315,6.053119750834947,-7.557828032944977,True
54.2,8.366358813513171,-7.599169285315605,-50.959155254512126,-52.79566283002801,7.854156420871849,-6.95238033187855,-52.36993079677134,-47.09226460233636,3.61373502999456,-3.6252925873052417,True
54.25,8.32091768264484,-7.566573421267252,-51.07019951657177,-52.8024743655677,7.509709788280662,-6.9880645895938285,-52.44032099560619,-47.08543478045417,4.599699363411695,-7.9109091938044624,True
54.300000000000004,8.275424546068079,-7.53378839327746,-51.18106289591853,-52.80933586917879,7.6079051785316985,-7.002527989926713,-52.53552373137538,-47.075720470771806,9.264670811988289,-7.6969078107594004,True
54.35,8.229879688114842,-7.5008150209702205,-51.29207496501904,-52.81620007924502,7.422823806564185,-7.125368043902532,-52.72309939720135,-47.11724120549624,6.160050410216815,-8.902302777752146,True
54.400000000000006,8.184283393440339,-7.4676541286781175,-51.402771226129886,-52.82333169409633,6.9937507148128715,-7.3336652465629335,-52.841956487856265,-47.08860431143642,3.286644327136555,-9.933860001365412,True
54.45,8.138635947021282,-7.43430654542175,-51.5135662315749,-52.83003430355462,7.25963825344468,-7.304563286587348,-52.92083511337269,-47.06151204098138,10.698367683924431,-7.42658457582634,True
54.5,8.092937634154042,-7.400773104888944,-51.62412419323883,-52.83687245860179,6.912470781685613,-7.437636749493187,-53.08607771401367,-47.13551414027293,4.041509084132383,-9.207635907575632,True
54.550000000000004,8.047188740452924,-7.367054645413966,-51.73388003531245,-52.843752853830324,7.012574830559218,-7.567547495114395,-53.1617427987173,-47.24830197568701,8.752401951350274,-9.259816498462968,True
54.6,8.001389551848382,-7.333152009956559,-51.843722032639974,-52.85078276039274,6.944899091057684,-7.792488661588873,-53.35743002805471,-47.25864876152189,6.929518616487632,-10.406936091321185,True
54.650000000000006,7.955540354585188,-7.299066046080838,-51.95434205155334,-52.85783900436448,6.831449308288249,-7.652523611661714,-53.329364462899775,-47.40719308074998,6.352554634450389,-6.4949769229136844,True
54.7,7.909641435220673,-7.264797605934125,-52.065137727519215,-52.86409348270006,7.115973540582702,-7.3281552406303065,-53.51805768754119,-47.314638316837026,10.69783567157757,-4.326907768636907,True
54.75,7.863693080622936,-7.230347546225637,-52.17662976021625,-52.871092204003844,7.310795639470634,-7.363348679320475,-53.65361247296192,-47.23038947954706,9.89410974076949,-8.096120859720214,True
54.800000000000004,7.817695577969044,-7.195716728205075,-52.28794143922394,-52.87771382408059,7.112604790430886,-7.513370413827493,-53.73553238637513,-47.16674628333962,5.647905793019671,-9.386196166567352,True
54.85,7.771649214743238,-7.160906017641083,-52.39881068432277,-52.88445882249101,7.376087704200991,-7.543327250420684,-53.798735081791335,-47.1801383917354,10.633839157838084,-8.154074620668652,True
54.900000000000006,7.72555427873513,-7.12591628479961,-52.5094672591621,-52.89014659470785,7.335560689249119,-7.369243069393257,-53.91797520231548,-47.144576888744716,7.4205838754094735,-5.891711979557272,True
54.95,7.679411058037935,-7.090748404422161,-52.620051714640766,-52.89534660511924,7.11895441289138,-7.6322165671035265,-54.02930257008663,-47.34967847996665,5.41184663521862,-10.6400796135058,True
55.0,7.6332198410466345,-7.0554032557039195,-52.73092572469063,-52.900752263543,7.13698829934915,-7.762361504920332,-54.14852313775368,-47.3573853545159,7.8542701498146625,-9.351302052758928,True
55.050000000000004,7.586980916456159,-7.01988172227174,-52.84125628461769,-52.90621145738277,7.489945293913179,-7.379087180101033,-54.18542006006172,-47.35258492005977,11.592929468925066,-3.713147085000691,True
55.1,7.5406945732596595,-6.984184692162129,-52.95135149520815,-52.91170977213704,7.655037818947034,-7.457432794052701,-54.37511274379671,-47.20460842707478,9.742441477893998,-8.569703872452122,True
55.150000000000006,7.494361100746625,-6.948313057798973,-53.06138686937413,-52.916602883764135,7.919490622632836,-7.397910527508009,-54.50327460569463,-47.225950036474096,10.96119947946614,-7.082121778817858,True
55.2,7.4479807885011065,-6.912267715971264,-53.171391970703425,-52.920687764862464,7.833468316288274,-7.09937549220741,-54.62345493514282,-47.197025865295814,7.239942613123606,-4.3707738466071495,True
55.25,7.401553926399904,-6.87604956781067,-53.28140147138889,-52.924543139587904,7.995430928621525,-7.093769464013001,-54.66411872316654,-47.21672987664845,9.93438391926743,-7.415872512468377,True
55.300000000000004,7.355080804610747,-6.839659518769,-53.39128736007462,-52.928281232153644,7.9030019686033794,-6.91162294420615,-54.763691339376074,-47.24437896851229,7.210533987124448,-5.435475803510338,True
55.35,7.30856171359052,-6.803098478595606,-53.50144892486805,-52.931457844295764,8.135418021203296,-7.243476844629174,-54.91622191223377,-47.171551075496936,10.757364210634048,-11.024394732135292,True
55.400000000000006,7.261996944083357,-6.766367361314563,-53.61108390832257,-52.93445503819128,8.066232343411636,-7.4830635868250575,-55.05168942952466,-47.15289938557287,7.563085513547299,-10.238331247706826,True
55.45,7.215386787118943,-6.7294670852019065,-53.72070686044323,-52.93710851334296,8.179299493329797,-7.0549592356011965,-55.131376544853325,-47.20252132080756,9.533912647852981,-2.963682452099397,True
55.5,7.168731534010595,-6.692398572762613,-53.83014959662371,-52.93951169090704,7.845412578376376,-7.382703057973379,-55.21396524279528,-47.22010317879156,4.627832043427967,-11.071791502504388,True
55.550000000000004,7.122031476353497,-6.655162750707564,-53.93979943313731,-52.94204408784514,7.692028197713073,-7.3071779396203596,-55.368875031854046,-47.220376321274095,6.3857993670598345,-6.811949839912273,True
55.6,7.075286906022854,-6.617760549930369,-54.04935289565186,-52.943899818503176,7.730437065761566,-7.70641070642295,-55.42030872050385,-47.218937584006106,8.40636068702634,-12.042772078106237,True
55.650000000000006,7.028498115172072,-6.580192905484093,-54.15980594334797,-52.94581299301254,7.604673508744948,-7.74589551221771,-55.625264098026314,-47.23977118011581,6.595775361346038,-8.327987695315084,True
55.7,6.981665396230966,-6.542460756557914,-54.27072198844132,-52.94683593264774,7.6267371818581795,-7.58588310664773,-55.61863596892533,-47.272371230041536,8.153175634731479,-6.127218733998884,True
55.75,6.934789041903851,-6.504565046453566,-54.38169315580834,-52.94725369057355,7.41344646597004,-7.574850575093535,-55.748320252938164,-47.24315069756207,5.541722712175281,-7.6743732143387895,True
55.800000000000004,6.8878693451677915,-6.466506722561828,-54.493203299685355,-52.94743714935942,7.466385330564535,-7.2655513290824,-55.875751751109,-47.1942156375186,8.345205471933884,-4.340236655059012,True
55.85,6.840906599270754,-6.428286736338831,-54.603841418865585,-52.947926321945914,7.322521513020162,-6.926712325845393,-56.05468582594719,-47.20919446083141,6.1865835808761975,-3.776958044536292,True
55.900000000000006,6.79390109772974,-6.389906043282231,-54.715147530331926,-52.947627313051186,7.220796810135457,-7.001722530933838,-56.08248225380452,-47.18781352749821,6.532262824859796,-8.129669862749187,True
55.95,6.746853134328981,-6.351365602907356,-54.826366096761625,-52.947051254536284,7.151874549938046,-6.7674237366169026,-56.262610942151944,-47.29650327327408,6.820397269664558,-4.734567157536661,True
56.0,6.699763003118093,-6.3126663787232085,-54.937005621690304,-52.945982292322554,7.114713701333853,-6.836887988417614,-56.35090253998712,-47.259662941126265,7.113126848479838,-7.941957673462726,True
56.050000000000004,6.652630998410246,-6.273809338208379,-55.04750624282882,-52.94420263541312,6.862814087994506,-6.768326127267254,-56.58925965412185,-47.55420610678763,4.675006162978329,-6.449311334668057,True
56.1,6.6054574147803145,-6.234795452786853,-55.158164483322686,-52.9426871109345,6.730774255956231,-6.828229865070372,-56.62236939073998,-47.71362026217962,5.813253519311679,-7.8287991103668535,True
56.150000000000006,6.558242547063035,-6.195625697803729,-55.26907076677851,-52.940880335687694,6.521463391933009,-6.558973306314289,-56.71900691828303,-47.61923126113325,4.843893618709876,-4.189674566249041,True
56.2,6.510986690351191,-6.156301052500856,-55.37976527300808,-52.939061001505685,6.415137434662542,-6.633837644997013,-56.80436956969235,-47.546148613657785,5.827688974657003,-7.820797992387242,True
56.25,6.463690139993737,-6.116822499992319,-55.49080027872226,-52.93696893975313,6.179949207277854,-6.71462836011964,-56.89077235990665,-47.33446850106294,4.296611742820595,-7.932222726010346,True
56.300000000000004,6.416353191593932,-6.077191027239851,-55.60192019385152,-52.93455352695046,6.029020830468169,-6.566419700998664,-57.01032168310933,-47.445386790347676,5.051758983155258,-5.431171196025231,True
56.35,6.368976141007575,-6.037407625028229,-55.71282071552159,-52.93261102042421,6.033633475803683,-6.632235132783265,-57.08921844444157,-47.53368285498842,6.660968670027705,-7.701769929738613,True
56.400000000000006,6.321559284341069,-5.99747328794043,-55.82387620148983,-52.930604108118864,5.695411817389366,-6.301822914583246,-57.21982258496609,-47.30843699767575,2.8238211707703122,-3.3166679788984643,True
56.45,6.274102917949612,-5.957389014332801,-55.9349380842658,-52.92841464391561,5.739668387058319,-6.764559933791254,-57.345688354155634,-47.26469689718099,6.824974455471,-11.90802869437087,True
56.5,6.226607338435342,-5.9171558063100935,-56.04615291561627,-52.926546873950926,5.685693421060507,-6.607537490888087,-57.4424030443623,-47.20359021654126,5.746529221826624,-5.331481831033405,True
56.550000000000004,6.179072842645468,-5.876774669700406,-56.15777004019286,-52.92480794117241,5.458192683169707,-6.346078581070242,-57.5721526171353,-47.23196879551201,3.7571416680251337,-4.0382404056680645,True
56.6,6.131499727670459,-5.836246614030073,-56.26897955513114,-52.922876365369824,5.945360806063599,-6.563384320059678,-57.67037761783713,-47.320519931501416,11.547406421568505,-9.173128575304844,True
56.650000000000006,6.0838882908420935,-5.795572652498344,-56.3797046944518,-52.92054256047418,5.89251554455265,-6.441465387478458,-57.753255347909445,-47.1793268546026,5.867295840028403,-5.543568496469663,True
56.7,6.036238829731722,-5.754753801952164,-56.490586322669266,-52.918119901911304,5.782820769240013,-6.683404669644961,-57.82138232601094,-47.195723528162524,5.1760834209093245,-9.506522048236105,True
56.75,5.988551642148315,-5.713791082860661,-56.601604970316025,-52.915816444344664,6.125897521763522,-6.736015063373795,-57.97578802905473,-47.206179279275084,10.1331960994488,-7.567092925788195,True
56.800000000000004,5.940827026136639,-5.672685519289679,-56.71272746030646,-52.91374773503629,6.186301657451491,-6.459462720769705,-58.11791792814093,-47.14125389577237,7.224672258265327,-3.9263558063606796,True
56.85,5.893065279975388,-5.6314381388761685,-56.823684730650555,-52.91167221766762,6.252122145096251,-6.513901940095991,-58.24028197777427,-47.0851937363749,7.32058898582149,-7.402497037741078,True
56.900000000000006,5.845266702175312,-5.590049972802481,-56.935018021434885,-52.9097565837816,6.43863320306789,-6.719589844012092,-58.35817821678553,-47.08527223548448,8.70416565698129,-9.121769388551536,True
56.95,5.797431591477392,-5.548522055770637,-57.04642074308076,-52.90747899458459,6.274132897819926,-6.709983219932501,-58.382062246414804,-47.206477350450065,4.922811763873891,-6.864473005762354,True
57.0,5.749560246850888,-5.506855425976376,-57.15776078975763,-52.904968860467235,5.896903241303955,-6.393760230945073,-58.53983502662744,-47.112671974023144,2.4200845917571114,-3.4347897778747214,True
57.050000000000004,5.701652967491548,-5.465051125083273,-57.268895705885285,-52.90256594716466,6.071911101155281,-6.2117639458303096,-58.608630856222504,-47.131266108144885,8.2885825702081,-4.692003931763316,True
57.1,5.653710052819731,-5.4231101981966905,-57.381108771605234,-52.899941947829625,5.958851418341996,-6.256307838645822,-58.767190109534006,-47.10390475071659,5.193099026871864,-7.073653954363231,True
57.150000000000006,5.605731802478489,-5.381033693837605,-57.493205596872365,-52.89630949995784,6.062413798205518,-6.3093055074283715,-58.9258965749226,-47.18780148527888,7.526252074532929,-7.194303702651453,True
57.2,5.557718516331727,-5.338822663916435,-57.60520746527214,-52.89226144508822,6.291855939085826,-6.248075356731246,-58.896242402177045,-47.20385783867342,8.996064123644294,-5.961363815528293,True
57.25,5.5096704944623305,-5.29647816370673,-57.716865870952,-52.88798548400595,6.294242276574121,-5.974910936977101,-59.10096857309281,-47.12762905776694,6.6244509758208885,-3.5476801167182845,True
57.300000000000004,5.461588037170278,-5.254001251818792,-57.82875576049169,-52.88330925175686,6.252545724837506,-5.80648867453273,-59.178992057145436,-47.10491598317166,6.123411484317996,-4.505754829672243,True
57.35,5.4134714449707735,-5.211392990173204,-57.9408738666094,-52.878028642884146,6.563738042271538,-5.8352257178879805,-59.389963989785976,-47.1578257200631,10.02329047492543,-6.572953414638565,True
57.400000000000006,5.36532101859235,-5.16865444397428,-58.05257456219361,-52.87318932522913,6.696014192270123,-5.884462574811648,-59.465327786566476,-47.28778159131189,8.254761667698158,-6.818035392960034,True
57.45,5.317137058975034,-5.125786681683465,-58.164894673580015,-52.868381658779576,6.596055286345801,-5.905437425657735,-59.61668643688568,-47.197236696468785,5.753571452791776,-6.524232670830373,True
57.5,5.2689198672684165,-5.082790774992583,-58.276636806787714,-52.86367833435939,6.485360287844243,-5.7142039489586365,-59.622024146379694,-47.24360453904079,5.561213010261606,-4.16252296614149,True
57.550000000000004,5.220669744829763,-5.03966779879704,-58.38745310869113,-52.85909115061361,6.4566274100127785,-5.063219878066581,-59.83571556177036,-47.16141067728597,6.381924758680405,1.1188813032811167,True
57.6,5.172386993222208,-4.9964188311690165,-58.49812269356414,-52.85358620310352,6.329500063805204,-4.809063766614279,-59.981621386076654,-47.23645210886524,5.248201445787993,-2.8095542151844004,True
57.650000000000006,5.124071914212781,-4.953044953330444,-58.60851901689231,-52.847766074375215,6.288573063224192,-5.040458598288136,-60.10539048829734,-47.25455871506125,6.108059344658906,-8.030357317238133,True
57.7,5.075724809770571,-4.9095472496260095,-58.71950565657461,-52.84140478308295,6.151428533590536,-5.119052875965708,-60.16946481547201,-47.188603269411075,4.995693406971975,-6.485937231350318,True
57.75,5.027345982064823,-4.86592680749604,-58.83078417702385,-52.83480974503349,6.46088403325927,-5.186233503153503,-60.259011005598985,-47.30378004380058,9.874648642924477,-6.408557476241623,True
57.800000000000004,4.978935733463043,-4.822184717449308,-58.9416971173014,-52.82706182926474,5.984079715416558,-5.1003455288865975,-60.40992998740333,-47.22207325428305,1.3320779439899249,-4.7402867867651794,True
57.85,4.930494366529153,-4.7783220730358105,-59.05250519234943,-52.81994822096997,5.424575644331992,-4.648746249204811,-60.56301170308399,-47.19730236602002,0.045433718025677194,-0.5960899509204808,True
57.900000000000006,4.882022184021506,-4.7343399708193425,-59.163411815271175,-52.81289789946334,5.343294021429141,-4.2528582404144775,-60.601572949991024,-47.11673805983321,4.953239221798444,-0.8607292240942845,True
57.95,4.833519488891108,-4.690239510350192,-59.274261321702156,-52.80589555593183,5.387412823375128,-4.213077692622448,-60.748066749253425,-47.100328672844675,6.281379480413879,-4.520880673096341,True
58.0,4.78498658427964,-4.646021794137566,-59.38495061805536,-52.79890786040373,5.309901929410949,-4.040527843434606,-60.86439857890894,-47.103766544943525,4.94595928306811,-2.992057740766562,True
58.050000000000004,4.736423773517595,-4.601687927622066,-59.4957794278834,-52.7914621854461,5.163550409052984,-4.37956534682241,-61.063338312504065,-47.156212570730524,4.108094379868733,-8.551629582645095,True
58.1,4.687831360122384,-4.557239019148048,-59.60664839132576,-52.783868753802125,4.9194385626776045,-4.602512296868496,-61.272339290221026,-47.2069863914364,2.899156284207456,-7.496204453544182,True
58.150000000000006,4.639209647796424,-4.512676179935897,-59.71755996503356,-52.77591855603486,4.806140195770584,-4.558933664608619,-61.38176825799468,-47.1827259786728,4.164995896432934,-4.675592494336623,True
58.2,4.590558940425284,-4.4680005240543,-59.828894834292996,-52.76746579367223,4.881116343688824,-4.484552279220928,-61.466017226947415,-47.27876540381017,6.168102700424914,-4.289157477452074,True
58.25,4.5418795420757005,-4.423213168392302,-59.94013674225495,-52.75881792389294,4.544109986984529,-4.338939663083256,-61.56060690846131,-47.21444774948498,1.6201019496709517,-3.4302748893966806,True
58.300000000000004,4.493171756993756,-4.378315232631461,-60.0507303877639,-52.74978739917121,4.633668863964387,-4.322166022033813,-61.67468396862022,-47.20680291354499,6.112994200874287,-4.746379506526644,True
58.35,4.444435889602964,-4.3333078392178495,-60.16070232514046,-52.74081363426108,4.658880053462541,-4.448877011196128,-61.74443254593514,-47.197904488905856,5.441284105980454,-6.323264824194293,True
58.400000000000006,4.395672244502331,-4.288192113333951,-60.27125538514726,-52.731974494650856,4.482086354977787,-4.107767305219766,-61.87871612237566,-47.16305197496702,3.187535692615292,-1.1846432253399322,True
58.45,4.346881126464477,-4.242969182870562,-60.381621626397056,-52.72336160688555,4.443743628679109,-3.7042600516516546,-61.87902465202419,-47.19787704496538,4.593232638070074,-0.21926931672195038,True
58.5,4.298062840433733,-4.197640178398589,-60.491761416565794,-52.714612125977865,4.671576585719465,-3.7030291239312696,-61.9494622651452,-47.07185137234627,7.518085867784914,-4.387419057416037,True
58.550000000000004,4.249217691524228,-4.152206233140783,-60.60208170571334,-52.70611664368911,4.460129266831296,-3.385445685841594,-62.010861922884054,-47.041815725110006,2.7728950041675615,-0.8419850129552421,True
58.6,4.200345985017983,-4.106668482943409,-60.712789821981616,-52.69791972702638,4.15586639088947,-3.3315257770895483,-62.146731543897815,-47.00514161652223,1.5702206296398304,-3.5262054531548475,True
58.650000000000006,4.151448026362996,-4.061028066247841,-60.82401919011381,-52.68937700722967,4.2152191693817045,-3.477487392187947,-62.22565924767759,-46.961360153897154,5.390163511747877,-5.6937957570329605,True
58.7,4.102524121171366,-4.015286124062138,-60.93544096288541,-52.68108281070984,4.534139993552071,-3.3922606774975623,-62.3621315413461,-46.95721110279358,8.320571451233516,-3.2092796216723363,True
58.75,4.053574575217342,-3.9694437999324705,-61.0467568170191,-52.67247659312464,4.495531405558765,-3.0404290726381684,-62.430924249804136,-47.04343635188319,4.559048386250916,-0.1524865478144014,True
58.800000000000004,4.004599694435401,-3.92350223991453,-61.15815697166465,-52.66389309729064,4.357558513616226,-2.8634184620130148,-62.47732971164726,-47.10685955847228,3.409502492045738,-1.825898068017729,True
58.85,3.9555997849184155,-3.877462592544949,-61.26981094866545,-52.65542967252479,4.503299807464788,-2.761925952386709,-62.68592277556212,-46.97855455808387,6.460529560031869,-2.5168915063807855,True
58.900000000000006,3.906575152915649,-3.8313260088125056,-61.38195777544685,-52.64652973081737,4.7014849508206185,-2.7422884496911286,-62.7695041955442,-46.90098577406078,7.144867646681506,-3.333286177662364,True
58.95,3.857526104830894,-3.7850936421293895,-61.49399719311928,-52.63716304589768,4.577531807937236,-2.607932560541723,-62.85357770993446,-46.89791906167527,3.693968822814938,-2.02378079766949,True
59.0,3.808452947220541,-3.7387666483023603,-61.60566046015542,-52.627622568417756,4.54079371938843,-2.537373094310284,-62.97499766127389,-47.02221676092264,4.563775384533568,-2.6203275109250868,True
59.050000000000004,3.7593559867916566,-3.6923461855038426,-61.71769481885704,-52.61746102195542,4.698843923336603,-2.7062904880776584,-63.0555357335833,-46.92229204994004,6.6952431956472065,-5.22049931986228,True
59.1,3.7102355304001087,-3.6458334142430133,-61.82958420562087,-52.607838913042436,4.459903954361353,-2.5319424308484315,-63.20098348902999,-46.88849525078047,2.379273969398917,-1.5042194415188703,True
59.150000000000006,3.661091885048557,-3.5992294973366983,-61.94220127737777,-52.59772151001048,4.140576585056657,-2.740948353910796,-63.33915331042068,-46.79665081985545,1.2942543309340058,-5.625876364490587,True
59.2,3.61192535788465,-3.552535599880418,-62.05508747341198,-52.58781673908321,4.0715443915242755,-2.5989348097191525,-63.45283177139324,-46.80896999836055,3.8451625895355264,-1.8526563421009796,True
59.25,3.5627362561990132,-3.5057528892191687,-62.167722334956586,-52.57791089769307,4.155290249711268,-2.535334008196423,-63.57400249490684,-46.760896680316364,5.488553630828582,-2.601724840858301,True
59.300000000000004,3.5135248874233733,-3.45888253491828,-62.28079831868951,-52.56778412826266,3.9561172880727673,-2.481751800222059,-63.72004199296777,-46.867348012997766,2.3808465773317335,-2.6482193272747114,True
59.35,3.464291559128623,-3.4119257087341683,-62.39412261797138,-52.55783217513158,3.6745719968897577,-2.2426842849240365,-63.80814768625446,-46.82107441985204,1.3067743907121412,-0.5238821026477986,True
59.400000000000006,3.415036579022898,-3.364883584585034,-62.50693652362673,-52.54781209137719,3.706659538947443,-2.0364140837739604,-63.938315365026874,-46.854875670936515,4.5850825533018105,-0.6918102940260581,True
59.45,3.3657602549496874,-3.317757338521556,-62.62004628173244,-52.5378690931442,3.62480634826211,-2.0248394863513717,-63.98355641356838,-46.74435102673795,3.31917716213455,-2.691405764201792,True
59.5,3.316462894885831,-3.270548148697406,-62.733496996995285,-52.52792971532168,3.590147098162451,-2.164383209207798,-64.15241691791661,-46.84476654927554,3.7743515881160477,-4.347908001303474,True
59.550000000000004,3.2671448069396685,-3.223257195339872,-62.846752188734904,-52.51712056950794,3.72336696223529,-2.2689253236671054,-64.13599874787798,-46.82537719563709,5.61101432121035,-4.042442671783912,True
59.6,3.2178062993491063,-3.17588566072034,-62.959294466635804,-52.5069282753458,3.976477933902193,-2.477654591240299,-64.29348471607886,-46.79962045979404,7.032290504107809,-5.273554007681418,True
59.650000000000006,3.1684476804796486,-3.128434729124701,-63.07194642352369,-52.49673828836473,3.971617953208675,-2.58904085276972,-64.49137799071576,-46.73994002100023,4.324466768513521,-4.320407644831566,True
59.7,3.119069258822501,-3.0809055868237727,-63.18432959860621,-52.486323969035624,3.9735937665209877,-2.633678111142118,-64.59697362726985,-46.697446958690165,4.388145071615799,-3.64400058699452,True
59.75,3.0696713429926397,-3.033299422043638,-63.296227295652116,-52.47625818817464,3.802149975073297,-2.4112422526247235,-64.76667257095882,-46.73003426163045,2.4427692981695674,-0.686823885277997,True
59.800000000000004,3.0202542417268767,-2.9856174249359357,-63.40802178718663,-52.46618086113991,4.1389874333163,-2.4850953609062256,-64.8776414189539,-46.73623806252541,7.969562602550683,-3.808652762446411,True
59.85,2.9708182638819345,-2.937860787548111,-63.51993606550955,-52.455916509354466,4.06006981323519,-2.4249599334256478,-64.98877916796468,-46.713838205063695,3.572422830364256,-2.3550803935777886,True
59.900000000000006,2.9213637184325054,-2.890030703793603,-63.63219722484465,-52.445445212942474,3.842707850465358,-2.3751287996098753,-65.07444330428953,-46.762705955129974,1.9627509556366758,-2.4135210156141147,True
59.95,2.871890914469354,-2.8421283694220305,-63.74501078757092,-52.434594235467664,3.852171638607336,-2.4244846773177597,-65.20532744559094,-46.68113001351332,4.325834318203792,-3.4711283140391385,True
60.0,2.8224001611973444,-2.7941549819892586,-63.85742510210704,-52.42326206697273,3.8318731065863423,-2.4385852819310356,-65.34262860666942,-46.749772973192215,3.9971095367795275,-3.104953869226902,True
60.050000000000004,2.7728917679334977,-2.7461117408274487,-63.969788888250946,-52.411985209914306,3.405510406422888,-2.2662735361977253,-65.41131112888968,-46.746861747237304,-0.5604687769872725,-1.0281072424279418,True
60.1,2.723366044105136,-2.6979998470151534,-64.08166989504376,-52.4006080654522,3.2262727366649693,-2.409306301705016,-65.56556328951397,-46.651849272575,1.8681293618870125,-4.4034225794807025,True
60.150000000000006,2.6738232992478643,-2.6498205033472026,-64.19319676620374,-52.38969692155057,3.1553031346712337,-2.31787119539251,-65.57888423663984,-46.73725351258451,2.9255199136753656,-1.8824595094298444,True
60.2,2.6242638430036758,-2.6015749143046807,-64.30497140292358,-52.37874042790133,2.9627621035439486,-2.297454093192312,-65.70969087485504,-46.68941986363131,1.5007332669264288,-2.5892854871062916,True
60.25,2.574687985119011,-2.553264286024799,-64.41720721392228,-52.36826425548736,3.0790641454733314,-2.2353259139813413,-65.82407006887986,-46.62188869472686,4.791977314140929,-2.096804005779878,True
60.300000000000004,2.525096035442812,-2.50488982627074,-64.52930405564472,-52.35772138368723,3.179120407910755,-2.4685121375652392,-66.00515189595386,-46.564355428334444,4.688948376684627,-5.327093391983233,True
60.35,2.4754883039246285,-2.4564527444015054,-64.64165355921844,-52.34680831764392,3.069184600706418,-2.548308086113623,-66.11048187972168,-46.6218112740343,2.407678590160528,-3.7786464138847724,True
60.400000000000006,2.425865100612586,-2.4079542513415833,-64.75387696598959,-52.335680094754345,3.123349873715129,-2.138790260771461,-66.21618370388937,-46.57149466613496,4.14716775281451,1.6261833905472636,True
60.45,2.3762267356515703,-2.3593955595508005,-64.86638940612352,-52.32445868154785,3.0846255170174106,-1.6316822961776671,-66.28535367290056,-46.606382452452394,3.1384045390595965,3.0278977015893216,True
60.5,2.326573519281192,-2.310777882993914,-64.97923934678158,-52.312876869656776,3.3519466562227995,-1.6746120361853665,-66.42792809228024,-46.60535400054667,6.514793791667352,-2.7173315289266364,True
60.550000000000004,2.2769057618338917,-2.2621024371103053,-65.0921563896246,-52.30083680572402,3.3803678282313503,-1.255564043933276,-66.6484879049368,-46.68422770919692,4.041881465933123,2.414877924677718,True
60.6,2.227223773732992,-2.2133704387835866,-65.20473706485456,-52.28905213819793,3.0202789458174375,-1.3693387453370802,-66.67644119025891,-46.685397753584894,-0.2788539662433157,-3.2053845511041574,True
60.650000000000006,2.1775278654907466,-2.1645831063111696,-65.31721639714456,-52.2767685636185,3.203541646533859,-1.7365855479930794,-66.86283743462778,-46.64298045479282,5.500454043951823,-6.097812503346969,True
60.7,2.127818347706449,-2.1157416593738505,-65.42926713759078,-52.26471575424146,2.9386395713321614,-1.6657682102019105,-66.87768205935134,-46.77111920043897,0.6266057212432676,-1.4751048047075837,True
60.75,2.0780955310643954,-2.066847319005233,-65.54179345174568,-52.25277834625744,2.9614709976841254,-1.6354648894151496,-66.96526979013221,-46.70559292526745,3.6244182461685166,-1.8585889469814325,True
60.800000000000004,2.0283597263320283,-2.01790130756128,-65.65472884705052,-52.2405183346905,3.019241954644337,-2.0250958582993337,-67.10807474186406,-46.55456519443171,4.025211399652331,-6.505335271382816,True
60.85,1.9786112443579837,-1.9689048486897458,-65.76771004503705,-52.22814250299023,2.6919536225384064,-1.9502755535417984,-67.22429294889905,-46.49522376367138,-0.23282290119273907,-1.6059341867439882,True
60.900000000000006,1.9288503960701022,-1.9198591672995415,-65.8798911602947,-52.21572735852961,2.4580098142967572,-2.089474018037108,-67.33014512376516,-46.56566193647151,0.5545897707273637,-3.9279861681303023,True
60.95,1.8790774924735243,-1.870765489530147,-65.99183116246964,-52.20320067124174,2.1611071079378856,-2.1761310368897897,-67.4466519146135,-46.484449240730264,-0.34212345505339636,-3.435601895704739,True
61.0,1.829292844648735,-1.8216250427209502,-66.10418257747929,-52.19013593994613,2.0262749189186455,-2.176279690220944,-67.55153081451695,-46.50062177978988,1.2287705367399044,-2.5270275996022997,True
61.050000000000004,1.7794967637496217,-1.7724390553805613,-66.21657366699041,-52.177001391688876,2.108757724191951,-1.9977291494269005,-67.63430352157415,-46.450391684810214,3.541903619624496,-0.530724972541694,True
61.1,1.7296895610015273,-1.7232087571561026,-66.32889279899223,-52.16354421153492,2.03800018585596,-1.8738228020867473,-67.7165872770272,-46.39004329219288,1.8797795652489149,-0.9990327727943562,True
61.150000000000006,1.6798715476992985,-1.6739353788024562,-66.44143568732392,-52.14977515683422,1.9837321677461437,-1.9885969146083522,-67.81324111678254,-46.510899672367664,1.9961643555881543,-3.562424821357853,True
61.2,1.6300430352053734,-1.6246201521515329,-66.5537587852817,-52.135182599931504,2.028875212556597,-1.722382309757939,-68.06099335864596,-46.50301573744371,3.052653325245904,0.6083851148946094,True
61.25,1.5802043349477937,-1.57526431008143,-66.66615042679783,-52.12003191832305,1.881530747239849,-1.806572058442717,-68.10863671296116,-46.51115235213042,0.9230380644724328,-3.1003049271362637,True
61.300000000000004,1.5303557584182468,-1.5258690864856028,-66.77866388203684,-52.1045789084269,1.8079586555387486,-1.8434418417740235,-68.2472761953074,-46.47319978092446,1.6231778176754732,-2.6300349585082827,True
61.35,1.4804976171702,-1.476435716242094,-66.89071399407149,-52.08881916008892,1.762787004633778,-1.7884311543656157,-68.40061849789382,-46.44946493111553,1.8722295955138861,-1.6255115171030554,True
61.400000000000006,1.4306302228168652,-1.4269654351825771,-67.0034141703647,-52.072960387604624,1.7545724241158587,-1.46544142756506,-68.48451878271517,-46.473993312256724,2.2318239001628513,1.411255803602808,True
61.45,1.3807538870292948,-1.3774594800615017,-67.11648365335492,-52.05712802033112,1.7809647817927141,-1.7807086491101938,-68.64345153646497,-46.500844546362615,2.6042745713525552,-5.457554312588142,True
61.5,1.3308689215344252,-1.3279190885251673,-67.2298679451266,-52.04126713128594,1.5838234768509623,-1.7790339739156094,-68.7613803247729,-46.49754068704156,0.12062298201514499,-2.145593772371765,True
61.550000000000004,1.2809756381131194,-1.2783454990807732,-67.34357812338058,-52.02536513382995,1.2052712351087762,-1.6231769268883494,-68.8262301915187,-46.46681572968566,-2.0601428079619497,-0.41535104576837223,True
61.6,1.231074348598263,-1.2287399510655004,-67.45756927822521,-52.00960087706221,0.9728788176925437,-1.645458152058599,-68.97461775635173,-46.44374966551436,-0.7235528552429014,-2.276991949273023,True
61.650000000000006,1.1811653648727174,-1.1791036846154301,-67.57138463685376,-51.99396225541437,0.7659287470183058,-1.7276216059146887,-69.16436883637769,-46.443762269910216,-0.6269154540189049,-2.949994716970199,True
61.7,1.1312489988674952,-1.1294379406346648,-67.68479586596318,-51.978319208964365,0.11717021492166213,-1.673147234868179,-69.34576595778294,-46.649347823008554,-5.728611738970983,-1.47631965103259,True
61.75,1.0813255625597125,-1.0797439607642083,-67.79787033787055,-51.96277076664967,0.3155088636817088,-1.686428874420223,-69.45707303276343,-46.90880948964161,3.2128623684622633,-2.1825364160650453,True
61.800000000000004,1.031395367970684,-1.0300229873509696,-67.91133359178298,-51.947269179892636,0.085977030822589,-1.8713252561713636,-69.49148240789168,-46.97303221471319,-1.4369528496378596,-4.09658742354771,True
61.85,0.9814587271639628,-0.980276263416694,-68.02484326151163,-51.93180560909906,0.013411492136574601,-1.8286507014878493,-69.68119911936076,-46.83740472637811,0.12627463773204609,-1.687142463100583,True
61.900000000000006,0.9315159522433827,-0.9305050326268802,-68.1381891537478,-51.9159790810007,-0.07031215217520272,-1.845195180915572,-69.52095909603143,-47.06285303195895,-0.07309416014643293,-2.3081270084194223,True
61.95,0.8815673553511514,-0.8807105392597321,-68.25145055466136,-51.899833406633846,-0.4323786066783357,-1.7644558898376148,-69.65193666630229,-46.897299493975154,-3.2629483254556484,-1.2317172236795981,True
62.0,0.8316132486658099,-0.8308940281749639,-68.3642274978721,-51.883282720727856,-0.3920517458893452,-1.8304209088986028,-69.66129144459603,-46.96628338067048,0.9330293423048436,-2.803822037015233,True
62.050000000000004,0.7816539444003623,-0.7810567447827583,-68.47726257674812,-51.866245609263736,-0.35594535109608116,-1.6662780930072958,-69.82687922351478,-46.56190476987775,0.8882434813705253,-0.28302815181855123,True
62.1,0.7316897548003155,-0.731199935012622,-68.59024360889268,-51.84946039392085,-0.18221297366685146,-1.9161350967080797,-69.92091646903825,-46.46368053628535,2.4309041167836973,-4.77600572638926,True
62.150000000000006,0.6817209921416832,-0.6813248452821936,-68.70337636330265,-51.832647318878465,-0.2510997976775637,-2.0453513578726272,-70.01691324570317,-46.44503640655547,-0.16731523585993896,-3.6062390806706945,True
62.2,0.631747968729069,-0.6314327224661188,-68.81641891299704,-51.815705456288235,-0.10711734020354544,-1.843688193566725,-70.2117651969097,-46.2555491109208,2.1375128656005717,-0.006212237668103637,True
62.25,0.5817709968937069,-0.5815248138648695,-68.92986968509484,-51.798583217318864,-0.3020960506149751,-1.6006266812027559,-70.30436900607873,-46.138517089541764,-1.5561774592883424,0.609958444394145,True
62.300000000000004,0.5317903889915078,-0.5316023671735612,-69.04367213252101,-51.781255417386795,-0.4046826015543702,-1.6756619881945287,-70.41835610869441,-46.084414654294754,-0.6851562971465114,-2.752003893507068,True
62.35,0.4818064574011087,-0.4816666304507613,-69.1577513828037,-51.763382991461775,-0.5047613162970461,-1.7512707118655504,-70.55462187669255,-46.036533912329695,-0.7491901628368267,-2.808619137588087,True
62.400000000000006,0.4318195145219103,-0.4317188520872779,-69.2720447079444,-51.74570562184643,-0.11231718395503065,-1.8109817327987228,-70.7090781227851,-46.10141326726269,4.653076517600248,-2.6860122506153945,True
62.45,0.38182987277216074,-0.3817602807749866,-69.38575994829222,-51.72793216485605,-0.44740127440650534,-1.6614277359835155,-70.76262438158079,-46.10597295541391,-3.186007849177278,-0.3878036446247307,True
62.5,0.3318378445869581,-0.33179216547556817,-69.49903648690439,-51.710606756293025,-0.30063724143671355,-1.5760416688013565,-70.97127180890298,-46.06422394760772,1.9158525972662253,-0.9867656143146943,True
62.550000000000004,0.28184374241628923,-0.2818157553892759,-69.6123945306628,-51.69311792059198,-0.640811039866162,-1.0595327704577642,-71.12221320379665,-46.152242008879334,-3.4283705974683216,3.8970323036439085,True
62.6,0.23184787872315663,-0.23183229992378562,-69.7256891734821,-51.676220430204715,-0.515448162376956,-0.7153726903850723,-71.21688008382145,-46.13812447912439,1.4943888452103204,2.365675830411436,True
62.650000000000006,0.1818505659815367,-0.18184304866287188,-69.83958286637186,-51.65918320708112,-0.14162237314563242,-0.802830408716612,-71.35068983429788,-46.11070317320661,4.340139826894014,-2.1752819951295006,True
62.7,0.1318521166744714,-0.13184925133521253,-69.95354461796559,-51.641677373183846,-0.08591007950334158,-0.8909933944026375,-71.48954868443288,-46.03644418074,1.0599021852955677,-2.2377206697293537,True
62.75,0.08185284329210604,-0.08185215778313694,-70.06744702562104,-51.623936293211834,-0.02269412567329865,-0.9146027013622783,-71.61361988290558,-46.063728449431316,1.1713593510256137,-1.576971726223396,True
62.800000000000004,0.03185305832972768,-0.03185301793137102,-70.18092000077765,-51.606593341429495,-0.025882754179911822,-0.6470757348573581,-71.68793689797918,-46.121671886046194,0.4634744371498231,1.6608170139443033,True
62.85,-0.01814692571414378,0.018146918244166404,-70.29427031074634,-51.589541413359875,0.16760005110771917,-0.35087506762513626,-71.7892042735683,-45.98008773522877,2.6372976347413264,2.1945174344562948,True
62.900000000000006,-0.06814679633980637,0.06814640074771064,-70.4074578610264,-51.57225980403456,0.002741465123454162,-0.4282661415992085,-71.7969557371937,-46.03836288096937,-1.2290075942277838,-1.7368584623970633,True
62.95,-0.11814624104820479,0.11814417959477659,-70.52053301181034,-51.55502328817816,0.22054377043677237,-0.4761110781945319,-71.96866350020603,-45.89686641638251,2.9033325738781666,-1.4543264935568592,True
63.0,-0.16814494734298124,0.16813900484350602,-70.63350623624441,-51.53860784204475,0.12540619564791192,-0.37967758653920136,-72.07158499734518,-45.86312080057136,-0.437482716972504,0.1319672107896864,True
63.050000000000004,-0.21814260273238412,0.21812962662587157,-70.74700188198105,-51.52166649375329,0.03152761735212557,-0.5167128873744571,-72.18199014225021,-45.807778802255484,-0.5055435232477492,-2.3800791206300853,True
63.1,-0.2681388947312301,0.2681147951789324,-70.86065213597871,-51.50466224150425,-0.23669399427047821,-0.4075969734682616,-72.30127661145784,-45.81342526869541,-2.525254081728458,0.26960367119557876,True
63.150000000000006,-0.3181335108628657,0.3180932608760869,-70.97376231909661,-51.48820202110824,-0.18231478635038345,-0.40570328549606954,-72.38813464404015,-45.792223379598234,0.8634715073718132,-0.8347643398520225,True
63.2,-0.3681261386610762,0.3680637742582692,-71.08656124026496,-51.47166310046079,-0.3249245784082694,-0.30807501363286055,-72.56568709761817,-45.763162715176364,-1.3109177184314966,0.2511671872085683,True
63.25,-0.4181164656721273,0.4180250860652737,-71.19917221027369,-51.45430419394041,-0.19514503308206219,-0.03608894817495173,-72.59424443202967,-45.78148457953001,1.6060909309734497,2.2787432953953424,True
63.300000000000004,-0.46810417945663785,0.4679759472669077,-71.31175523639644,-51.43701194229964,-0.5157294825124934,0.395576256256831,-72.73937004447902,-45.847674116524495,-3.334259914660237,4.26554932199862,True
63.35,-0.5180889675915417,0.5179151090942249,-71.42408773394648,-51.41979322294589,-0.4656032751260661,0.2233379791769677,-72.8526626536471,-45.70805272917148,0.5500958504577917,-2.1345633925248295,True
63.400000000000006,-0.5680705176720847,0.5678413230707894,-71.53677101459154,-51.40282933571212,-0.6834632876141046,0.34268878814114434,-72.9075389656032,-45.69501464226119,-2.416732287394049,1.0051615940768097,True
63.45,-0.6180485173137413,0.6177533410438522,-71.65004295477716,-51.385638260296794,-0.3450367913336437,0.45157010597556335,-73.11535436282007,-45.746334576062175,3.6169148130771447,0.9937685119088134,True
63.5,-0.6680226541541766,0.6676499152155635,-71.76345400228699,-51.36836961701094,-0.6055469742827856,0.4833362311910841,-73.37513582124909,-45.871327437903275,-2.8180373902034153,0.2266753598453473,True
63.550000000000004,-0.717992615855198,0.7175297981741678,-71.87665884120567,-51.3508144707301,-0.6501043860411292,0.5556207121912993,-73.3941954813729,-45.887203344784055,-0.6131736665376006,0.7159964627603207,True
63.6,-0.7679580901047076,0.7673917429251892,-71.98981844419043,-51.333550666053945,-0.9796410221414146,0.5313424275409904,-73.50309859746497,-45.7519876701433,-3.839305253897329,-0.2956635510932453,True
63.650000000000006,-0.8179187646186626,0.8172345029226146,-72.102592700689,-51.31603395173143,-0.6673767811905993,0.6181131149019142,-73.60139166709678,-45.71447812745164,3.0605951764986026,0.9422880877593012,True
63.7,-0.8678743271429925,0.8670568321000222,-72.21522973904061,-51.29898066573664,-0.9201845708087845,0.7406484508142128,-73.76786433586526,-45.63844342284724,-3.0268464250161937,1.417294356333835,True
63.75,-0.9178244654555939,0.9168574849017775,-72.32784422517769,-51.28176412496269,-1.2378220703663452,0.5431679146471362,-73.8219446766471,-45.605981921288375,-3.951479525529269,-2.041721134800868,True
63.800000000000004,-0.9677688673682918,0.9666352163141811,-72.43995485591418,-51.26486870491975,-1.1672828898357301,0.7279824755387192,-73.96118519591815,-45.57963225090974,0.12806649351962862,2.0877335701412743,True
63.85,-1.01770722072871,1.0163887818965136,-72.55163448507687,-51.24798429635574,-1.1551861539135755,0.7391280072756761,-74.08934717829129,-45.592066651855006,-0.49073361168221297,0.30477914164030073,True
63.900000000000006,-1.0676392134223114,1.0661169378122355,-72.66334422574636,-51.231711035497725,-1.34316132197055,0.9377578053841815,-74.21649476037618,-45.60052884174162,-2.7311521196524113,2.4180260415034645,True
63.95,-1.1175645333743045,1.115818440860039,-72.77546062534994,-51.21542894413901,-1.490892046987776,1.081043615762081,-74.29554297989553,-45.60786258748008,-2.4352567406534065,1.9685749826979235,True
64.0,-1.1674828685516017,1.1654920485049365,-72.88790998876038,-51.19918340629394,-1.4252142085348052,0.8060102707403637,-74.37915430486146,-45.59736913627441,-0.1749706659322086,-2.576196225120533,True
64.05,-1.217393906964771,1.215136518909324,-73.00041228765163,-51.18354142029132,-1.5747707625160832,0.8317158132254517,-74.48308557504329,-45.67163145859088,-2.5378097878262755,0.5880141630084796,True
64.10000000000001,-1.2672973366699933,1.2647506109640358,-73.11304422021988,-51.167281850651655,-1.5323925870056927,0.6203738854584704,-74.57475526929977,-45.54685376532451,-0.5219859020170724,-2.018004293534493,True
64.15,-1.317192845770978,1.314333084319337,-73.22504625947629,-51.15082175844032,-1.440927568795562,0.41544635542797437,-74.66012690694485,-45.470964027574844,0.04395087973388784,-2.098127311077349,True
64.2,-1.3670801224209645,1.3638826994159854,-73.33766980480559,-51.13480438814861,-1.35131337865273,0.6209906756441503,-74.84684069466002,-45.54785837755901,0.0712624748307833,2.3359930079094635,True
64.25,-1.416958854824636,1.4133982175161837,-73.45030859083057,-51.11920016977564,-1.6553960261100191,0.7662043977113516,-74.90934112638355,-45.448470055792484,-4.259524853166268,1.8302603190006104,True
64.3,-1.4668287312400683,1.4628784007345494,-73.56333804412787,-51.10372589862763,-1.9003787592592019,0.8405485973201188,-75.0715745715708,-45.37596367633759,-3.8391835806653707,1.1626196302000236,True
64.35000000000001,-1.5166894399807318,1.512322012069115,-73.67631421743508,-51.08850228544432,-2.0976638873750058,1.2391378247471037,-75.13705573736306,-45.38079726453978,-3.499737399927038,4.846747364514518,True
64.4,-1.5665406694173147,1.561727815432128,-73.78913725057116,-51.07335255399805,-2.2133764497771753,1.627750098845462,-75.28680110612383,-45.44073126569849,-2.7526874719609022,5.046430828340938,True
64.45,-1.6163821079798046,1.6110945756810864,-73.90210201770552,-51.05905602752172,-2.259540026755514,1.4575492772439238,-75.58347859412916,-45.692337258448234,-2.0807502485700815,-0.8824592865454589,True
64.5,-1.66621344415939,1.6604210586495722,-74.01485744049741,-51.04416637986336,-2.440300709713077,1.6636457676055232,-75.71404960682584,-45.59934549897347,-3.631191969016373,3.2115779977017254,True
64.55,-1.7160343665103732,1.7097060311780723,-74.12767662319955,-51.02958850661061,-2.3313342786356697,1.8929638661098833,-75.89073766979989,-45.671705530078626,-0.5527985693759867,3.631967492969875,True
64.60000000000001,-1.765844563652161,1.7589482611448486,-74.24055204275095,-51.01460007407183,-2.3237107148284393,1.7770997251595997,-75.99773094537699,-45.677471911687796,-1.617981320578568,-0.02905523464093429,True
64.65,-1.815643724271165,1.8081465174966995,-74.35357282282473,-50.9997198534206,-2.4619284156670433,1.8184408051096062,-76.0871449482596,-45.93850492956196,-3.2540881175846685,1.6494677724870703,True
64.7,-1.8654315371228023,1.8572995702797872,-74.46633788486743,-50.983968135039014,-2.176562508790368,1.595665793228804,-76.1524270429256,-45.792811270872754,1.3534715187732402,-1.2497262969419878,True
64.75,-1.9152076910334053,1.9064061906703524,-74.5790390388381,-50.96794197178255,-2.1269794280022407,1.6817245601866568,-76.23645717066641,-45.845507355693684,-1.0818296427381418,2.0343923796711225,True
64.8,-1.9649718749021736,1.9554651510054424,-74.69113794689898,-50.95156629181673,-2.0954196510090615,1.5391832954964686,-76.34311775093798,-45.77457625962069,-1.2600443107834698,-0.44087411310469377,True
64.85000000000001,-2.014723777703129,2.0044752248136133,-74.80274800363367,-50.934792318343476,-2.105666260793781,1.759709319191944,-76.3769777208883,-46.063863077163056,-1.7217731894258301,3.5120508166433213,True
64.9,-2.0644630884870234,2.0534351868455545,-74.91413749202309,-50.91803836922604,-2.2158139223126585,1.8307344540848298,-76.46631813987312,-46.141951085137904,-2.860839697001047,2.017253335218359,True
64.95,-2.114189496383335,2.102343813104775,-75.02632355737298,-50.9012804604744,-2.2237028644368015,2.105810524373845,-76.45184850740044,-46.617132721064,-1.8165471090306808,4.359731649770384,True
65.0,-2.1639026906021677,2.1511998808781554,-75.13905272147625,-50.88462337492966,-2.661815117892314,2.4073010809569295,-76.51058647296398,-46.55407747267746,-6.625083097398795,4.873049048658529,True
65.05,-2.2136023604362363,2.2000021687665643,-75.25139820662879,-50.86788570936652,-2.531123748133473,2.351355074482849,-76.56655728904151,-46.58136999662848,-0.6143857098177699,1.1272116462421005,True
65.10000000000001,-2.2632881952627764,2.2487494567153545,-75.3639079107194,-50.85117584756894,-2.8004526505897087,2.576328143471904,-76.77942488326121,-46.280617776432464,-4.9971829821913305,4.234316538277467,True
65.15,-2.312959884545436,2.297440526044823,-75.47631509243172,-50.83438763288148,-2.859429510674791,2.5100148303318397,-76.84667487083595,-45.96914562848695,-2.863745469158487,1.1692257058968711,True
65.2,-2.362617117836356,2.346074159480808,-75.58894393609282,-50.817955694041444,-2.8065552247973873,2.401655849479104,-77.0769721047711,-45.67464800818939,-1.6761073633954227,0.6666670858860351,True
65.25,-2.4122595847779804,2.394649141184997,-75.70136349567647,-50.80173984363041,-2.8901903186806726,2.6765179287398384,-77.25039415725942,-45.500935228609656,-3.171814981721151,4.879603258705408,True
65.3,-2.461886975105052,2.4431642567853773,-75.81340842226956,-50.785377184529004,-3.2830962235080814,2.958937031340186,-77.38877527693722,-45.33803574242085,-6.700033005969342,5.185882124191361,True
65.35000000000001,-2.511498978646552,2.491618293406595,-75.92589126242908,-50.769068943009486,-3.5342020783361665,3.1172761631980244,-77.42891858233722,-45.26426147078048,-5.429749642145023,4.027204507164171,True
65.4,-2.5610952853276023,2.54001003970024,-76.03866318506095,-50.75264245910177,-3.3106371251234226,3.0830016656627945,-77.48843661588523,-45.21524173659811,-0.3347201913037111,2.01500850563049,True
65.45,-2.610675585171456,2.588338285875185,-76.15204268915942,-50.73602906901,-3.8718940885978914,3.202682077463737,-77.62138539774706,-45.10005847651122,-8.936228104563472,3.723386213397193,True
65.5,-2.660239568301401,2.6366018237277924,-76.26531803905328,-50.71914859663873,-3.7882962146061807,3.5852743583910325,-77.66862380801996,-45.10403772246271,-2.172251468154026,6.7605798210761,True
65.55,-2.7097869249426942,2.6847994466721206,-76.37920093297197,-50.702150012815366,-3.6350738982319766,3.533902693714323,-77.85318457841112,-44.996878768766294,-1.3535374723784144,2.220813999063884,True
65.60000000000001,-2.7593173454245545,2.732929949770141,-76.49320386182876,-50.68530685337238,-3.8912544678183694,3.5174998972104112,-78.00564847719284,-44.98155385883503,-5.8175076816232565,2.5910938219905963,True
65.65,-2.8088305201819703,2.7809921297617404,-76.60699438135141,-50.66885767836048,-3.966898487014505,3.6153866878541057,-78.02711116353983,-44.99397049803211,-4.010682421005416,3.874170051861519,True
65.7,-2.8583261397577697,2.8289847850949297,-76.71999525152242,-50.65204503091751,-4.0000607123472545,3.7745328841211894,-78.22001515947377,-44.93307330163895,-3.6135619169604993,4.652854697096275,True
65.75,-2.907803894804508,2.876906715955843,-76.83283979107858,-50.63556405874997,-4.15488947049128,3.557533730332651,-78.31303352524759,-44.950369089572725,-5.021427832999044,0.5909648446877673,True
65.8,-2.9572634760863705,2.924756724298697,-76.94519601599829,-50.61915616115344,-4.040363132393695,3.5373163228294704,-78.39302204386847,-44.893171110952025,-2.1518936301670846,2.646316077647813,True
65.85000000000001,-3.0067045744811423,2.9725336138757825,-77.0574362644876,-50.60221593177759,-4.115188756742716,3.6586792666094645,-78.51208940837036,-44.83752505577051,-4.201492091583196,4.228248101341322,True
65.9,-3.056126880982102,3.020236190267332,-77.16954144594519,-50.58564857612908,-4.06290755016275,3.7105902518338354,-78.64837452528326,-44.87895731102288,-2.8576335936245236,3.5553271355057223,True
65.95,-3.1055300867000035,3.0678632609114285,-77.28170631396682,-50.56926009000706,-3.9731088506387198,3.8599901627635016,-78.70463417041213,-44.81170222104954,-2.4183925544799205,4.702261865388506,True
66.0,-3.154913882864973,3.1154136351337867,-77.39399519011761,-50.55290505365951,-3.7872864629336096,4.242168126001224,-78.85979464099194,-44.83863207773788,-1.2958334229102024,7.428749494946615,True
66.05,-3.2042779608284446,3.1628861241775272,-77.50582364776604,-50.53729902961732,-3.87843975677971,4.640289075501404,-78.96844962814323,-44.78749024131776,-4.260313901954666,7.90944157691186,True
66.10000000000001,-3.253622012065099,3.210279541232906,-77.61749126743695,-50.522174127753814,-3.835280332533499,4.8558667547239915,-79.1290109379234,-44.75900150125845,-2.8485207720470545,6.197432962112012,True
66.15,-3.302945728174762,3.257592701466947,-77.72901213261072,-50.50666140321024,-3.786400352746889,4.876533119669143,-79.25740075203363,-44.780155169994906,-2.7678532398665014,4.210391853043014,True
66.2,-3.352248800884375,3.3048244220531178,-77.8407401119958,-50.49106176247208,-3.742712585513363,4.733100421276949,-79.37362959735499,-44.80185802330582,-2.8038338268512204,2.4134676367612986,True
66.25,-3.4015309220498864,3.3519735222008546,-77.9525762225062,-50.475236349522824,-3.6710554875661274,4.81153225861569,-79.53921920308176,-44.79536049884533,-2.4695501668304543,4.801729611289707,True
66.3,-3.450791783658216,3.399038823185127,-78.06361545668176,-50.459399983705396,-3.8710669945030833,4.908089088210685,-79.6339571629577,-44.85102109652888,-5.456921916015823,5.080273796598127,True
66.35000000000001,-3.5000310778291484,3.446019148375869,-78.17465812889508,-50.44438208219142,-4.184478591688343,5.132231613000378,-79.78735441891125,-44.8533543455276,-6.890210949416585,6.5954613479404465,True
66.4,-3.5492484968172118,3.492913323267357,-78.28518130532915,-50.429833458313915,-3.828867373692941,4.956179459394768,-79.8234377121132,-44.852451370606396,0.32608509900502014,2.327711448622023,True
66.45,-3.598443733013732,3.539720175507694,-78.39587708592849,-50.41620815085499,-3.785084759860755,5.106139914781159,-79.98173662305312,-44.75504052924244,-2.9054564379583163,5.858351356250267,True
66.5,-3.6476164789486343,3.5864385349280035,-78.50624948990801,-50.402431858012,-3.9340994629932915,5.10068035332083,-80.04585045826892,-44.72244442743949,-5.032300376157915,4.265385651198311,True
66.55,-3.6967664272924172,3.6330672335717336,-78.61649011579593,-50.38773004374864,-3.9512655482705976,4.9496580358449895,-80.11927424875338,-44.76959220729234,-3.686556443101444,2.655715632016605,True
66.60000000000001,-3.745893270858072,3.679605105723854,-78.72685872231418,-50.37370798435348,-3.688148776472662,5.105572108191997,-80.21723185692721,-44.67925617542404,-0.5855011917668738,5.976092290055507,True
66.65,-3.794996702602969,3.72605098793997,-78.83696039906549,-50.359377398442035,-3.5360046347766483,5.3201128706619345,-80.2997139333825,-44.66839457983852,-1.6363843933108244,6.771051217719026,True
66.7,-3.8440764156308282,3.7724037190754522,-78.9476168418551,-50.344732568439234,-3.8706026201713613,5.065295186392896,-80.38818397766595,-44.645639703449,-6.963380461195746,1.7111355363112324,True
66.75,-3.8931321031936026,3.8186621403144367,-79.0580334695839,-50.330113180573036,-3.9044575074927015,4.865285036788164,-80.48782456245652,-44.617933996613075,-3.8606602130344063,2.1482674827967982,True
66.8,-3.942163458693397,3.8648250951987935,-79.16813037013422,-50.31610435440481,-3.7368452689857463,4.9111768805803235,-80.5658346137942,-44.60961383774221,-1.6509518384002537,4.759130691624407,True
66.85000000000001,-3.991170175684433,3.910891429657087,-79.27809992347736,-50.30251830709289,-3.840467574895016,4.62301041693088,-80.76426592384357,-44.53214067113708,-4.563976509337761,1.089054285192371,True
66.9,-4.040151947874845,3.9568599920333156,-79.38755262953723,-50.28978868654549,-3.8375553577508343,4.5820953660644586,-80.81883622271502,-44.563770257743,-3.4625595614878035,3.651265752466843,True
66.95,-4.0891084691287265,4.0027296331158215,-79.49700531639292,-50.277206219466755,-4.086120471555647,4.142059988866156,-80.95762393154337,-44.5293219459377,-6.2791572488682705,-0.8093343059164841,True
67.0,-4.138039433467995,4.0484992061659835,-79.60648806775028,-50.26464339493748,-3.9571704501483076,4.334674879861095,-81.03105624401981,-44.56852647065159,-2.2622379530235364,5.932240546145453,True
67.05,-4.186944535074274,4.09416756694685,-79.71581151093541,-50.25187465554293,-3.9791837243264294,4.768829656628559,-81.09052588547765,-44.58754941826876,-3.859138282461627,8.779174392580146,True
67.10000000000001,-4.235823468290849,4.139733573751788,-79.82478309043424,-50.23928597720392,-4.057537164345029,4.685117310912768,-81.14959824450986,-44.63087895663507,-4.514167880858732,3.3348941881711553,True
67.15,-4.284675927624525,4.185196087432986,-79.9335142005714,-50.227119847283106,-4.196922355016531,4.770606761181774,-81.3449823488029,-44.50576774691079,-5.265407159900837,5.173975567996154,True
67.2,-4.333501607747602,4.230553971429976,-80.04230320628292,-50.21531827391314,-3.7256201482783133,4.646917671329551,-81.3969074505151,-44.520286154162164,1.4308634948450822,2.920569958450254,True
67.25,-4.382300203499735,4.275806091798023,-80.15143803311719,-50.20367295538589,-3.7629180786205763,4.705298840977158,-81.53181341840161,-44.464578221193996,-3.8988774731807694,4.874479336301656,True
67.3,-4.431071409889864,4.320951317236472,-80.26029636109186,-50.19202263850209,-3.605915588282613,5.070782558002696,-81.70706261837793,-44.51969512003895,-1.7621077088639197,8.355531471059704,True
67.35000000000001,-4.479814922098112,4.365988519117047,-80.36942277950945,-50.179959856609734,-3.6040840602174953,5.311070742889334,-81.78584109348955,-44.54855450306359,-3.3847202383676485,7.242476196600117,True
67.4,-4.528530435477672,4.410916571512031,-80.47882774793376,-50.16723991398019,-3.805146053398721,5.132134433992195,-81.87286535226573,-44.53207422260446,-5.648652040832688,2.7544197615189994,True
67.45,-4.577217645556751,4.455734351222463,-80.5884495999984,-50.154634343340106,-3.7028493611869386,5.107100845412661,-81.97254109646599,-44.41191803093166,-2.4172523565110033,4.34481779158968,True
67.5,-4.625876248040436,4.500440737806176,-80.6980208995942,-50.1425454747141,-3.5195752435040557,5.621663899321147,-82.15453180104531,-44.43172623032933,-1.4416932129519442,10.358468431956812,True
67.55,-4.674505938812638,4.54503461360585,-80.80786159476285,-50.130109572146786,-3.60906287965639,5.763862234852452,-82.2389552875424,-44.38701369736041,-4.353156609703214,6.6066582682102535,True
67.60000000000001,-4.723106413937957,4.589514863776919,-80.91809865359171,-50.116829542856564,-3.2747733982216047,5.690034364931126,-82.28568884257182,-44.33290257905041,0.30534944088556937,4.314787651133111,True
67.65,-4.7716773696635375,4.633880376315407,-81.0285529552283,-50.10394801578745,-3.548756107827371,5.989031212094848,-82.379608934957,-44.413864988901466,-6.230273542890174,8.425117666607317,True
67.7,-4.820218502421099,4.678130042085843,-81.13904587999095,-50.091369986572595,-3.6443947480396353,5.638382893361901,-82.56579189077128,-44.33291137222323,-4.445839891945547,1.4213592073110826,True
67.75,-4.86872950882871,4.722262754848879,-81.249338018582,-50.078955140745364,-3.8839228436015527,5.713341685337173,-82.67580746381057,-44.30404564443799,-6.125946431954407,5.926267096772968,True
67.8,-4.917210085692741,4.7662774112889945,-81.35957419958251,-50.06665113119476,-4.011441381866485,5.994644274260869,-82.78176617708343,-44.275084759277036,-5.062159395461189,8.29904639440415,True
67.85000000000001,-4.965659930009751,4.81017291104208,-81.47018451855884,-50.05472103066159,-3.7332959035478024,5.941700088724485,-82.87196893857227,-44.25659576363278,-0.6393508704807693,4.795806187856582,True
67.9,-5.014078738968354,4.85394815672291,-81.58067775130898,-50.04343229132544,-3.8078486758829717,6.246378855379491,-83.02354383826882,-44.294380243595946,-4.368610406872527,8.76409966394045,True
67.95,-5.062466209951159,4.897602053952633,-81.69101831039072,-50.032036364615,-4.239094403482028,6.252244397488648,-83.08733078559519,-44.316730559408704,-8.408762793330055,5.679503806350905,True
68.0,-5.110822040536633,4.94113351138609,-81.80149753809765,-50.020814656379756,-4.236784601718113,5.790799093675802,-83.17939718485668,-44.30683445847326,-3.9016139062005752,0.4863768804762818,True
68.05,-5.1591459285009815,4.984541440739104,-81.91224311348176,-50.00929415424755,-4.265788849186646,5.6186005925058655,-83.3014393901465,-44.23257363041332,-4.255539448293096,3.3854398500389946,True
68.10000000000001,-5.207437571820098,5.027824756815735,-82.02325487875663,-49.99769522300546,-4.385501024543675,5.6947968227375885,-83.4234451129409,-44.264727369459315,-5.293819577075378,6.036531745617524,True
68.15,-5.255696668671322,5.070982377535296,-82.13443322561457,-49.98584052150912,-4.670198852526749,5.8066666001401,-83.54292900942042,-44.19941350048251,-7.228317253537903,6.501280150790596,True
68.2,-5.303922917435467,5.114013223959524,-82.24474808225968,-49.9740900443731,-4.8045737867278016,5.6166763434161835,-83.69224413881638,-44.29220861660821,-5.770735718254231,3.226351301789118,True
68.25,-5.352116016698654,5.156916220319515,-82.35536289040266,-49.962205453280994,-5.044060656221607,5.5544883008799015,-83.81087219540296,-44.204917950992176,-7.0621105056090325,4.522625611416203,True
68.3,-5.400275665254157,5.199690294042587,-82.46584419720537,-49.95072361115799,-5.124121250089065,5.659799273776093,-83.92561738007433,-44.200727425855256,-5.469926825635414,6.353091708469142,True
68.35000000000001,-5.448401562104341,5.242334375779133,-82.5765592400429,-49.93918436991685,-5.188411900051016,5.543604207741245,-84.05321055096361,-44.16641873347276,-5.366807237463256,3.974563448594515,True
68.4,-5.496493406462488,5.2848473994293155,-82.68742967353661,-49.927397970076164,-5.099110632014505,5.572500870650169,-84.18580175147851,-44.19694304835375,-3.7111558077439604,5.515305174854923,True
68.45,-5.544550897754737,5.327228302169763,-82.79853025482419,-49.91524674284316,-4.85300014228032,5.616720972226744,-84.26421478794339,-44.16365076887465,-1.905973882718457,5.7140340788966455,True
68.5,-5.592573735621925,5.369476024480118,-82.90929543170402,-49.90333985536739,-4.702169350219915,5.696745744189466,-84.42663168105553,-44.19977950304195,-2.7939028644015327,6.151470143192107,True
68.55,-5.640561619921469,5.411589510169518,-83.01988318971148,-49.89134312347022,-4.554815413080978,5.366859253276289,-84.53508559278002,-44.23485995009986,-2.7329539832023917,1.6506050736736482,True
68.60000000000001,-5.688514250729258,5.453567706403027,-83.13048389850437,-49.87899270497135,-4.81783573707534,5.378946355978219,-84.67770782409488,-44.19354167424015,-7.210107700361617,5.2269456755387225,True
68.65,-5.7364313283414905,5.4954095637279075,-83.24086015407114,-49.86736302916035,-4.95089935448308,5.043223590208968,-84.8319741982606,-44.21738963667378,-5.963711109538852,1.3598927138045962,True
68.7,-5.784312553276592,5.537114036099915,-83.35092145812405,-49.85600543886712,-4.7572285523103615,5.006020555037898,-84.90930337321652,-44.17685199648431,-2.4294587365108518,4.453135547005914,True
68.75,-5.832157626277058,5.578680080909402,-83.46126532941014,-49.84456790478248,-4.779287461593659,5.023928721396886,-85.00803292184025,-44.1860028603794,-4.703340755984704,5.0472052398193,True
68.8,-5.879966248311352,5.62010665900743,-83.5713672313288,-49.83337680228009,-4.737085006945175,5.010707084499767,-85.07456931205542,-44.13028088934674,-4.007680357388281,4.716509093896519,True
68.85000000000001,-5.927738120575752,5.661392734731711,-83.68170119684304,-49.82257235780804,-4.906123263405945,5.191618456295824,-85.15375305574501,-44.0648824049577,-6.342270163838855,6.878433872344741,True
68.9,-5.975472944496168,5.702537275932467,-83.79168359001898,-49.811744448189515,-4.684687319840268,5.396211243748644,-85.26753357609533,-44.06008934641339,-2.117845010634044,7.285243753866252,True
68.95,-6.023170421730142,5.743539253998337,-83.90135076402844,-49.801234285959914,-4.966581608483071,5.353748729288423,-85.37069740652264,-44.04345945609541,-7.5781036336293495,4.686814976271307,True
69.0,-6.070830254168587,5.784397643882001,-84.01082860678385,-49.79083837018796,-4.900988558031379,5.583000838819271,-85.47453963011453,-44.0570379589636,-3.9221733917242894,7.694857303903598,True
69.05,-6.118452143937705,5.825111424125838,-84.120346931671,-49.78116599649289,-4.75673603822867,5.816798001518904,-85.51254454061875,-44.05524531930783,-3.005628165231963,7.923177930438859,True
69.10000000000001,-6.166035793400848,5.86567957688747,-84.23002400988838,-49.77181240521093,-4.9165379274331835,5.948324210066617,-85.71835771197578,-43.985195602995354,-6.296048366665826,6.9709791546649065,True
69.15,-6.213580905160345,5.906101087965176,-84.33976111406803,-49.76249715705272,-5.286397750345743,5.853464861101649,-85.79193577761173,-44.015125960305895,-8.762669545233376,4.555156794184053,True
69.2,-6.261087182059413,5.946374946823293,-84.44917065349777,-49.753363911004634,-5.506579420157015,5.7371554593600225,-85.86879057136734,-44.04769307741699,-7.375574088474474,4.253891417310012,True
69.25,-6.308554327183973,5.986500146617447,-84.55879663868726,-49.744392850464365,-5.516271369893721,5.90113593394114,-86.00918983860791,-44.00595138317921,-5.204638816760541,7.302757881644842,True
69.3,-6.355982043864516,6.026475684219723,-84.66836427235674,-49.73544910207336,-5.712806515691206,5.640459571583492,-86.10128913903307,-44.04391362920349,-7.303905074425591,2.696879931446939,True
69.35000000000001,-6.403370035678,6.066300560243794,-84.77854724598537,-49.726242326491686,-5.8051781117880585,5.80771159588352,-86.11460836601863,-43.98059632658324,-6.299460182995531,7.283016705442951,True
69.4,-6.450718006449589,6.105973779069798,-84.88859226221349,-49.71727535273263,-5.8731640987927705,6.003713043201642,-86.19499768728521,-44.040866108195274,-6.101240910629809,7.731383981145315,True
69.45,-6.498025660254626,6.145494348869337,-84.99898498902239,-49.70846625654899,-5.728979952205648,6.131054159545639,-86.39155417332567,-43.94051095335685,-3.7984564145071733,7.120824501768459,True
69.5,-6.545292701420449,6.18486128163024,-85.10983110911157,-49.699779473716,-6.057785660210814,6.151753792996747,-86.4762481594732,-43.916269265586116,-8.974556082088395,6.035588218076876,True
69.55,-6.592518834528192,6.224073593181228,-85.22044150796314,-49.691423250419895,-6.3259619090480905,6.469482862044721,-86.62080054250141,-43.8649466764758,-8.54961461055659,9.373394431596658,True
69.60000000000001,-6.639703764414691,6.263130303216565,-85.33093153217885,-49.683514090781145,-6.343476685342094,6.275636438329294,-86.738908278738,-43.84384152532094,-5.9688152688818,3.915965367470413,True
69.65,-6.686847196174265,6.302030435320519,-85.44154603024526,-49.6754416334459,-6.643490441851835,6.521894291072781,-86.80357725163503,-43.85780132888047,-9.1478104374119,8.694404976919223,True
69.7,-6.733948835160631,6.340773016991821,-85.55223172709755,-49.66795933890431,-6.50205767878577,6.349715772599526,-86.94830876395515,-43.95533431220143,-4.460227249212927,4.2176122310294915,True
69.75,-6.781008386988699,6.379357079667947,-85.66202340507292,-49.66040943077176,-6.37190997189605,6.33851735714088,-87.06175492191099,-43.870193461686064,-4.494976206458862,5.90023255344376,True
69.8,-6.828025557536419,6.4177816587493375,-85.77184521208734,-49.653094594319626,-6.206288709741761,6.493249341634075,-87.16920982848139,-43.80268317921953,-4.025160149758002,7.750031361118581,True
69.85000000000001,-6.875000052946642,6.456045793623526,-85.88169950645155,-49.6460645694835,-6.264923990268597,6.652425855578691,-87.29719955127425,-43.843543817530374,-6.415027871118129,7.925309881594527,True
69.9,-6.921931579628904,6.49414852768912,-85.99126592435384,-49.63907113807807,-6.609307953599242,6.742766766212191,-87.40011218347097,-43.93495479362617,-9.656721069314962,7.287794861305009,True
69.95,-6.968819844261325,6.532088908379757,-86.10075608259636,-49.63205858813247,-6.727190282333173,6.448436340878425,-87.50821093088585,-43.844919172391506,-7.401539562360345,3.0743966306447956,True
70.0,-7.015664553792397,6.569865987187891,-86.20983210735811,-49.62559547676674,-6.4603774215852825,6.224895737050526,-87.62954739265932,-43.858003046651994,-3.2125870967959536,3.653770100992622,True
70.05,-7.062465415442853,6.607478819688533,-86.31875994850228,-49.61930691615362,-6.443803865083093,6.621791836747246,-87.717415124665,-43.85290228739996,-5.822237612992513,10.420204291204005,True
70.10000000000001,-7.109222136707469,6.6449264655628335,-86.4273579486722,-49.61334651630872,-6.612328072287844,6.417240059799701,-87.79089514101686,-43.820563732800416,-7.8872194762268055,4.0155955979931,True
70.15,-7.155934425356849,6.682207988621566,-86.53574497544027,-49.60782729859092,-6.787126959608,6.2318345195948055,-87.93091447197652,-43.821353547522804,-8.097212685230485,4.087954797588452,True
70.2,-7.202601989439371,6.719322456828621,-86.64384499712787,-49.60325650114955,-6.8610916647320535,6.347208811052334,-88.04864612742267,-43.81606892485561,-7.116739647237408,7.315406401921702,True
70.25,-7.249224537282906,6.756268942324219,-86.75191570612022,-49.59853231618576,-6.8746923119641234,6.469468204790044,-88.13181115480491,-43.75896036336594,-6.513949310742474,7.493004711176348,True
70.3,-7.295801777496681,6.793046521448148,-86.85985736852997,-49.5936408782158,-6.907555860277988,6.58439294434249,-88.24761943823212,-43.74310882331468,-6.751715861086648,7.506315444768055,True
70.35000000000001,-7.342333418973103,6.829654274762852,-86.96785477976141,-49.589353978231486,-6.834046590330685,6.672811587447541,-88.35518102030096,-43.754239499166545,-5.603340152669487,7.300859083345651,True
70.4,-7.38881917088955,6.866091287076391,-87.07557944740397,-49.58527566033274,-6.816972504389836,6.737086177869945,-88.5046116539393,-43.7721076114741,-6.189484134571471,7.110423862159292,True
70.45,-7.435258742710231,6.902356647465362,-87.1837624092829,-49.58182601449474,-6.951461347083335,7.115360704872782,-88.55466184814094,-43.74620942590221,-7.881342555674268,10.669728899556333,True
70.5,-7.481651844187973,6.938449449297643,-87.29162630982653,-49.578680559856984,-7.204446909125698,7.177165086356567,-88.68547747082964,-43.76855091737041,-9.309606290111496,7.435750132340058,True
70.55,-7.527998185366035,6.974368790255063,-87.39906890097318,-49.57594617585064,-7.23705109557604,7.16283805790253,-88.80236394110379,-43.71520122269512,-7.0551576598673815,6.645037102637305,True
70.60000000000001,-7.574297476579969,7.010113772355994,-87.5061859921925,-49.57287823948019,-7.377212085058699,7.266603668770008,-88.89810572428631,-43.759867546883754,-8.296236546662378,7.9649897387633795,True
70.65,-7.620549428459313,7.045683501977713,-87.61329449172193,-49.570498123477336,-7.445052974158197,7.267672325848218,-88.97749186511213,-43.749742641757365,-7.610098936863886,6.902467113993654,True
70.7,-7.666753751929527,7.081077089878837,-87.72016561318608,-49.56896327873684,-7.672450632307255,7.4923670001313525,-89.11675739575597,-43.71320794960476,-9.453541461574904,9.413893273323925,True
70.75,-7.7129101582137585,7.116293651221529,-87.82727974606266,-49.567736636234734,-7.9781391326963815,7.388935758697325,-89.23644250584354,-43.72013712985656,-10.51205970104499,5.9393421376837345,True
70.8,-7.759018358834606,7.151332305593579,-87.9340314718453,-49.566796381195175,-8.15456984937284,7.334498181546251,-89.2545207592217,-43.808362562378036,-9.31025039317778,6.421730542730034,True
70.85000000000001,-7.805078065615978,7.186192177030461,-88.04114662172564,-49.56529778522336,-8.346931274334247,7.194550158287341,-89.37539313795337,-43.79594916385495,-9.63916034533358,5.439262051469402,True
70.9,-7.851088990684838,7.22087239403719,-88.14799005323155,-49.56426359404394,-8.57386404817778,7.381842940106386,-89.52858323388799,-43.73916031111548,-10.181129273679222,8.987445928020716,True
70.95,-7.897050846473062,7.255372089610156,-88.25458438174951,-49.562856598459426,-8.220430321212715,7.420268155708818,-89.64505178706872,-43.7008089261877,-3.897445329926196,7.478906292109164,True
71.0,-7.942963345719204,7.289690401258765,-88.36097654391139,-49.56144162633105,-8.069104465590598,7.563138592806977,-89.71037098456233,-43.739825453540526,-5.908832631570481,8.677025542665616,True
71.05,-7.988826201470291,7.323826471027014,-88.46748643238013,-49.559589014402505,-8.130711039508498,7.741153567262423,-89.78961866218512,-43.792289839140054,-8.188527948023708,9.183963337270647,True
71.10000000000001,-8.034639127083631,7.357779445514943,-88.57366104212157,-49.557815272969385,-8.04116433247162,7.605510719345662,-89.99253017988555,-43.77983113066592,-6.561583890606563,5.823043685653852,True
71.15,-8.080401836228573,7.391548475899944,-88.6804741237802,-49.556830109703114,-7.82012869407192,7.874898279740453,-90.13038321477599,-43.886913003074696,-5.045842323164502,10.250319770336134,True
71.2,-8.126114042888343,7.425132717958024,-88.78694495915224,-49.55637718265571,-7.880318143935264,7.863181955719624,-90.20787975548555,-43.77622057025947,-8.024351606224828,7.3330079446953285,True
71.25,-8.17177546136179,7.458531332084874,-88.89329293181797,-49.55590506910606,-7.784146636093486,7.725791006860828,-90.31781807353397,-43.82227298139854,-6.340421276715059,5.938217095670721,True
71.3,-8.217385806265211,7.491743483316894,-88.99919543642721,-49.55595135288678,-7.964964034794882,7.1380375591710585,-90.43554232496939,-43.7703750093504,-9.371019045474032,0.8221275758399138,True
71.35000000000001,-8.262944792534109,7.524768341352037,-89.10497127936975,-49.555288165494304,-8.20209828621065,6.787888439782787,-90.52555512355462,-43.740906566068034,-10.149353743898622,3.0476571312684726,True
71.4,-8.308452135424925,7.557605080570543,-89.21000587328957,-49.55549886021715,-7.971158200693419,6.987204968811419,-90.74899768218087,-43.86245181355577,-5.118367460831445,8.912335824671928,True
71.45,-8.35390755051695,7.590252880055665,-89.31534143764604,-49.556134374627966,-7.883195149017121,6.803436721617297,-90.93898173648942,-43.96677795220365,-6.56097386226869,4.799615288361073,True
71.5,-8.399310753713978,7.622710923614112,-89.42039597867522,-49.556783188456386,-7.793901892822056,6.555052846493062,-91.08103228448424,-44.08125494825253,-6.48816688012084,3.9495457832941128,True
71.55,-8.444661461246136,7.654978399796485,-89.52572999236365,-49.55761507591202,-8.124372040524865,6.612573203050515,-91.05613992450019,-44.09589079460098,-11.116255941261658,7.178368505659654,True
71.60000000000001,-8.48995938967166,7.687054501917564,-89.63105833873412,-49.558815337374476,-8.302409416192818,6.740428284222309,-91.07957554206511,-43.99971375580099,-9.66892575627513,8.008094397105651,True
71.65,-8.535204255878627,7.7189384280764575,-89.73605495046876,-49.559664818286514,-8.294980874388683,6.798724810985979,-91.2738928134372,-43.876453014850235,-7.744243730489164,7.332173287146443,True
71.7,-8.580395777086776,7.750629381176676,-89.84076339846918,-49.56067901181107,-8.736815860501405,6.747335584830495,-91.35354609137842,-43.88867049740677,-12.76487533016227,6.150178640198518,True
71.75,-8.625533670849252,7.782126568946043,-89.94463810999133,-49.56148331161091,-8.366492925835258,6.800476868950964,-91.40275857526996,-43.838901925044745,-4.050433929379517,7.281283949275156,True
71.8,-8.670617655054354,7.8134292039565,-90.04859040779107,-49.56263971618265,-8.465399794049619,6.711822951761835,-91.47123931449883,-43.86411381057352,-9.03007848280932,5.73874292094548,True
71.85000000000001,-8.71564744792736,7.844536503643824,-90.15200598240368,-49.563601052808885,-8.44096011489951,7.0712418639859225,-91.55822987556927,-43.82646421198857,-7.738319839811421,10.67563171985897,True
71.9,-8.760622768032174,7.875447690327116,-90.25546216580823,-49.56467139693246,-8.502425521315695,7.252553017345828,-91.7060502729173,-43.851782202443935,-8.69504710323518,8.956428146446804,True
71.95,-8.805543334273194,7.906161991228321,-90.3591261522147,-49.56654662468467,-8.604220703555946,7.2791859792227305,-91.81233591001957,-43.82946271278892,-9.20110968093184,7.3710323558925115,True
72.0,-8.85040886589705,7.936678638491531,-90.46334343126654,-49.56907440405783,-8.258622723793803,7.0287020517123455,-91.8778889673078,-43.82277132254538,-4.295810923046573,4.3126785082941606,True
72.05,-8.895219082494302,7.966996869202148,-90.56744411383022,-49.57137766591799,-8.25146968116628,7.197223609731532,-91.97903409395565,-43.80986443273318,-7.818539618982279,8.810145581080203,True
72.10000000000001,-8.939973704001252,7.997115925405987,-90.67168441127676,-49.573879777041256,-8.302963719776548,7.063588309122843,-92.05680957149404,-43.84372049435693,-8.47752022469568,5.565922238112961,True
72.15,-8.984672450701646,8.027035054128202,-90.77555073562378,-49.57615291297484,-8.677070202440802,7.122439803939213,-92.12948919597382,-43.8676892441516,-12.121538593815373,7.618669374152683,True
72.2,-9.02931504322847,8.056753507392138,-90.87955877715245,-49.57835427976977,-8.605981144139282,6.820345882429031,-92.21582636767522,-43.808861176742425,-7.447795114708191,3.6369354511135974,True
72.25,-9.073901202565667,8.086270542238012,-90.98368883250086,-49.581177083062165,-8.798198070685272,6.956018513487794,-92.40885293600886,-43.80564531426334,-10.34103742400325,8.296374568504959,True
72.3,-9.118430650049884,8.115585420741487,-91.08762890204777,-49.584648909685555,-8.666806596978178,7.015635686907989,-92.49157446727146,-43.80733472358936,-6.884039038936846,7.5565594878235505,True
72.35000000000001,-9.16290310737223,8.144697410032137,-91.19086624764526,-49.588362540547735,-8.75622013941787,7.396967362751092,-92.60588063382232,-43.78296789104212,-9.26191746179958,11.19753594736983,True
72.4,-9.207318296579974,8.173605782311734,-91.29445429132863,-49.59221687555952,-8.560803235456218,7.467340716711716,-92.66380675123617,-43.80768242121382,-6.168928500167958,8.018009411076132,True
72.45,-9.251675940078336,8.20230981487248,-91.39760290735607,-49.59653712992383,-8.580003945562396,7.572010579075144,-92.7498279725874,-43.74603416208936,-8.423503996378432,8.458578682518528,True
72.5,-9.29597576063218,8.230808790115056,-91.50036563416863,-49.60087151170017,-8.357241370058164,7.207847379027545,-92.87834431668664,-43.72509569764377,-5.752305396804628,3.3166218179328215,True
72.55,-9.340217481367787,8.259101995566567,-91.60315283948243,-49.60549271543952,-8.314150139363417,7.2588152690500225,-92.94252547437013,-43.80571377714606,-7.602561379862433,7.680087580874673,True
72.60000000000001,-9.384400825774557,8.287188723898364,-91.70562811130638,-49.610604885666014,-8.2842871672835,7.4440661599228335,-93.08821745151634,-43.76930487498486,-7.724550927821196,9.221183174981444,True
72.65,-9.428525517706692,8.31506827294367,-91.80815105862848,-49.615829292341864,-8.331994404625398,7.4810898595900825,-93.1966367287182,-43.7925980720965,-8.57703635025129,7.713726904690214,True
72.7,-9.47259128138504,8.342739945715236,-91.90972553170816,-49.62150340727731,-8.369921999461164,7.816008766522914,-93.27044461644785,-43.8275080268757,-8.509056066227497,11.06869312854738,True
72.75,-9.516597841398713,8.370203050422674,-92.01128256190965,-49.627930802840616,-8.11548681141477,7.3388240780471286,-93.43137645591447,-43.86325041725102,-5.292225577749335,2.268962180395815,True
72.8,-9.560544922706857,8.3974569004898,-92.11274968354478,-49.63397855754035,-7.917307085031278,7.286935149713471,-93.51218818394914,-43.80298776621955,-5.735987821568875,6.669744455347761,True
72.85000000000001,-9.604432250640363,8.424500814571784,-92.21427894945683,-49.64097481358431,-8.035266626879064,7.778018609339023,-93.60886157866062,-43.85112124073885,-9.119348041277254,12.685549040321657,True
72.9,-9.64825955090356,8.451334116572177,-92.31638295914013,-49.6488039385057,-8.333270313157493,7.91494419703389,-93.68693764473278,-43.80193637716537,-11.217728818838252,9.113449077878611,True
72.95,-9.69202654957597,8.477956135659829,-92.41852507630114,-49.65653400300406,-8.526844739534843,7.971286965968746,-93.84077498951677,-43.81296996949576,-10.273033341482403,8.330082721613048,True
73.0,-9.735732973113995,8.504366206285649,-92.52051933139352,-49.66437788220744,-8.949178700140433,8.261317787538605,-93.92874594062356,-43.807087137425945,-12.974078036104075,10.982925409249116,True
73.05,-9.779378548352623,8.530563668199242,-92.62188961951418,-49.67264781138462,-9.113496436139394,8.53626149484837,-93.99376240222139,-43.83948884150547,-10.419490229797907,11.037809518336488,True
73.10000000000001,-9.82296300250718,8.556547866465444,-92.72301403032105,-49.680403858838275,-9.25096069932279,8.648303141028833,-94.12814858899873,-43.82153001469155,-10.257986336954138,9.437601621003985,True
73.15,-9.866486063174932,8.58231815148063,-92.82414779403891,-49.68852235027892,-9.379129786956293,8.726350747017804,-94.23329171875204,-43.84363223263366,-10.269101658561674,9.145539658516359,True
73.2,-9.909947458336898,8.607873878989018,-92.9251971420169,-49.696898202652015,-9.534418677312045,8.53814671476384,-94.27840985621215,-43.867173413986244,-10.677415791670406,6.247113383738224,True
73.25,-9.953346916359518,8.633214410098761,-93.02606152906887,-49.70548404964383,-9.488821363940506,8.506574464313513,-94.42406260385982,-43.88090099605496,-8.564379269690999,7.865801822623274,True
73.3,-9.996684165996308,8.658339111297899,-93.12700554924693,-49.714056696547345,-9.189212665541941,8.520106956491524,-94.5176800211021,-43.86411115135081,-5.710613202664616,8.355460085951908,True
73.35000000000001,-10.039958936389613,8.683247354470215,-93.22763098093107,-49.72258747743346,-9.42968082386827,8.580011240736805,-94.55202008100584,-44.04756249116637,-11.52096877869562,8.890188407683048,True
73.4,-10.083170957072237,8.707938516910916,-93.32758398486872,-49.73082507073048,-9.382291539668651,8.736285956818099,-94.73564775420924,-43.97033274590138,-8.50174050599717,10.01679644832525,True
73.45,-10.126319957969203,8.732411981342231,-93.42760988021544,-49.73945630514725,-9.647061179952514,8.898674416299178,-94.84302552486113,-43.91978848898514,-11.964898084877445,10.206278675793424,True
73.5,-10.169405669399396,8.756667135928826,-93.52711939305944,-49.748323654882846,-9.552130203981418,8.52859832911295,-94.9463697621314,-44.000667309515414,-8.15902048835427,4.401059771736809,True
73.55,-10.21242782207726,8.7807033742931,-93.62623645599844,-49.75752286990803,-9.225829709281925,8.306381567811256,-95.051986234746,-43.9554117210738,-5.523539503137723,5.7857186362544715,True
73.60000000000001,-10.255386147114486,8.804520095530348,-93.72508795608465,-49.76744052922715,-9.20866239071371,8.575445377211107,-95.12413056243841,-43.923485489249124,-8.741723735562386,11.109444442601962,True
73.65,-10.298280376021667,8.828116704223772,-93.82383311994565,-49.777702352732156,-9.010106148099847,8.70369538824803,-95.25856281526578,-44.009235880106424,-6.715776070681524,9.751879068070258,True
73.7,-10.341110240710021,8.851492610459387,-93.92238698305067,-49.788060684568684,-8.827478531016443,8.714987135856196,-95.2902688771623,-43.9605527118514,-6.7533080801833325,8.552913422101042,True
73.75,-10.383875473493024,8.874647229840752,-94.0209574695094,-49.798597908008055,-8.85669661516418,9.251078415971717,-95.35867834048108,-43.965743637073,-8.987318240860835,14.422664185740691,True
73.8,-10.42657580708813,8.897579983503597,-94.1187739643162,-49.808822039781965,-8.99118253736492,9.125387911876947,-95.5212420496052,-44.031277064501204,-10.187222857534067,7.450029531023838,True
73.85000000000001,-10.469210974618397,8.920290298130276,-94.21679442787413,-49.819194669195596,-9.142327776666331,8.995783085022742,-95.56705385113005,-44.05095517105717,-10.485281886544586,7.3193762706272185,True
73.9,-10.51178070961413,8.942777605964089,-94.31432358867914,-49.83016234228874,-9.213026527606491,9.252909614419034,-95.7080214465359,-44.052843387820964,-9.703517602308608,11.546645247242353,True
73.95,-10.55428474601465,8.965041344823524,-94.41120563969645,-49.841547472357306,-9.50540163235291,9.370570766854081,-95.73872827515635,-44.085173590063604,-12.23944467906686,10.196934775949284,True
74.0,-10.596722818169868,8.98708095811627,-94.50814263670893,-49.85346343107547,-9.825053050209123,9.160708105851661,-95.90299670546503,-44.04218937940921,-12.774283803937143,6.645095232910398,True
74.05,-10.639094660841963,9.008895894853136,-94.60457594690857,-49.86582990841988,-9.859211075352897,9.123709670387077,-96.02520294485626,-44.074835264254844,-9.835369725865204,8.431565984461235,True
74.10000000000001,-10.68140000920707,9.030485609661852,-94.70088850549239,-49.878455288702185,-10.167305927006753,8.848550610997195,-96.06810843041914,-44.076025612646276,-12.930632254734082,5.760082698755818,True
74.15,-10.723638598856883,9.051849562800658,-94.79711065655385,-49.89102107966879,-10.195515955980856,8.38945392262566,-96.23279950981771,-44.10227663005331,-10.049148227970564,3.5131728985106108,True
74.2,-10.76581016580036,9.072987220171845,-94.89329348282678,-49.90348971522808,-10.481213008807655,8.27710311061623,-96.30732653813226,-44.10682738460064,-12.953853718099138,7.042833484355098,True
74.25,-10.807914446465345,9.093898053335076,-94.99001390893785,-49.91652807447601,-10.598610916730014,8.378798512431894,-96.34925324876635,-44.26930984708954,-11.30099786722603,9.347742159571986,True
74.3,-10.849951177700214,9.114581539520612,-95.086461051511,-49.92963663274059,-10.410547034365132,8.194368318058821,-96.51035176138801,-44.183596765339466,-7.988368543950383,6.239660231982642,True
74.35000000000001,-10.891920096775564,9.135037161642389,-95.18229878781372,-49.94299917123391,-10.67829330966364,8.29387676692579,-96.55237913964325,-44.21830491921975,-12.947566389010785,9.271751394595068,True
74.4,-10.93382094138575,9.1552644083109,-95.27833245803642,-49.9567222984568,-10.506357021657811,8.280314295709895,-96.67163215686607,-44.158872643305436,-8.260716770803795,8.088243901485894,True
74.45,-10.975653449650638,9.175262773846036,-95.37397977857118,-49.97092527639582,-10.934688921326009,8.371630766532824,-96.78388080148225,-44.11835140478327,-14.838099106521625,9.252926052387602,True
74.5,-11.017417360117198,9.195031758289707,-95.46959019241302,-49.98563400794684,-11.298878657524625,8.322481871683866,-96.85370505390136,-44.13605419685065,-14.457369963486379,7.760386027572104,True
74.55,-11.059112411761125,9.214570867418328,-95.5655412454244,-50.00077253791684,-11.045448564195036,8.330731899949303,-96.94149742313589,-44.20384031745785,-7.854275779625947,8.370629102969207,True
74.60000000000001,-11.100738343988484,9.233879612755192,-95.66104871022851,-50.015750596486505,-11.181800969931833,8.089807954626393,-97.06168860185296,-44.213852117024835,-12.024645595348627,5.603047683874744,True
74.65,-11.142294896637319,9.252957511582666,-95.75585427202287,-50.03060730526431,-11.035733774052034,8.36089609923983,-97.17445518888536,-44.24337919781192,-8.994427106393829,11.133451926464407,True
74.7,-11.183781809979322,9.271804086954273,-95.85088777996111,-50.04538463183132,-11.25860410521071,8.216949559713337,-97.25035155273486,-44.21785853930202,-13.021507323642538,6.70485860557294,True
74.75,-11.225198824721419,9.290418867706613,-95.94577020491704,-50.06124723396924,-11.323352498309205,8.428545422178766,-97.34195810641393,-44.30360925636914,-11.434363678537494,10.563494468463483,True
74.8,-11.2665456820074,9.308801388471137,-96.04112211499954,-50.07687620200775,-11.27121573031055,8.190168715683948,-97.43800655637527,-44.188004532238466,-10.194175726221626,5.7139125686475545,True
74.85000000000001,-11.307822123419554,9.326951189685783,-96.13641910408546,-50.0926244468997,-11.262733634069036,8.324269592573534,-97.52968947742988,-44.24092604830961,-10.651101110669444,9.689540169473087,True
74.9,-11.349027890980237,9.344867817606463,-96.23146288699377,-50.10828159445723,-11.229478539408428,8.058075002695023,-97.58319430655706,-44.24177597159346,-10.382155040859281,5.325973631557613,True
74.95,-11.390162727153543,9.362550824318415,-96.32577814043115,-50.12423702770733,-10.802640312780014,7.9945967152515784,-97.7511458534057,-44.33434721523785,-5.982762737180844,7.388168215521526,True
75.0,-11.431226374846874,9.379999767747389,-96.419437858709,-50.14035767692241,-10.889243224825622,7.965966021042359,-97.82906350816121,-44.32124537604961,-11.410534184975166,7.731553882103425,True
75.05,-11.472218577412583,9.397214211670713,-96.51240993889203,-50.15621280528218,-11.155985468220102,8.317838897923892,-97.88339949997297,-44.2910580620876,-13.49997390737177,11.95446187567577,True
75.10000000000001,-11.513139078649541,9.414193725728188,-96.60550772158393,-50.17192323488482,-11.228353912746883,8.099432014642309,-97.99062584845313,-44.35062082094439,-11.547134172685912,5.8520436545542935,True
75.15,-11.553987622804714,9.430937885432835,-96.69862522890432,-50.188217104144655,-11.40674703055536,8.349351917308521,-98.1119246702419,-44.40372222728308,-12.79282008467417,10.911891650063009,True
75.2,-11.594763954574862,9.44744627218154,-96.79229438363531,-50.20504522229983,-11.650164553355987,8.335725319702828,-98.22477078496435,-44.39620494748904,-13.661627499269963,8.164181125328984,True
75.25,-11.635467819108039,9.463718473265498,-96.88615900015958,-50.22194160170952,-11.927724581465561,8.101696363689465,-98.248796519996,-44.388148915247115,-14.229981101767024,5.701976972421335,True
75.3,-11.67609896200522,9.479754081880525,-96.98049507716807,-50.2390007607871,-12.207880650140396,8.184732261385454,-98.33577893355998,-44.395435296767324,-14.476967372856592,9.065050681842,True
75.35000000000001,-11.716657129321904,9.495552697137244,-97.07462084888583,-50.25663074275604,-12.395943534003933,8.332858002051529,-98.47202492355471,-44.39908441325775,-13.668446282092335,9.853725064497583,True
75.4,-11.757142067569664,9.511113924071092,-97.16893450987054,-50.2745202830015,-12.739010502102367,8.691851961325012,-98.56873731386376,-44.46284378077372,-15.555699243495269,12.321582404366056,True
75.45,-11.797553523717772,9.526437373652207,-97.26358746965052,-50.29290353420339,-13.049255567449459,8.18367190842296,-98.58241688687922,-44.55387078884206,-15.460372021666931,2.9203356812782095,True
75.5,-11.837891245194761,9.54152266279515,-97.35829972317782,-50.31130636846978,-13.25128070375965,8.510201095376098,-98.75206791451541,-44.48761070883233,-14.49985985374846,11.85877580574664,True
75.55,-11.878154979889995,9.556369414368476,-97.45338206724965,-50.32909509621361,-13.250277209076584,8.794747267025274,-98.83108323054158,-44.54555675469139,-12.405565526517822,11.633543219257007,True
75.60000000000001,-11.91834447615529,9.570977257204175,-97.54827404051626,-50.34746347147203,-13.135374106047658,8.701190998871994,-98.98417484789694,-44.61446891504503,-11.15152176766386,7.6236781621363425,True
75.65,-11.958459482806397,9.585345826106927,-97.64298460575655,-50.36590533362831,-13.263455417963499,8.640583168489952,-99.04517469498232,-44.50861649619545,-13.798299701195688,7.930434844211748,True
75.7,-11.998499749124651,9.599474761863261,-97.73773857275091,-50.38442935009698,-13.292941784575964,8.784411976318278,-99.10619577089392,-44.525395288665095,-12.815161545673417,10.168537036586239,True
75.75,-12.03846502485854,9.613363711250525,-97.83269130280077,-50.40326894520119,-12.993175604968064,8.99303767389825,-99.21948193600237,-44.619050633891376,-9.183782962309259,11.00132564917654,True
75.8,-12.078355060225212,9.627012327045701,-97.92807083380434,-50.42249049111042,-13.146044638920461,9.154046607700113,-99.31504528773043,-44.57252873345051,-14.025746444212952,10.631858361380344,True
75.85000000000001,-12.118169605912081,9.64042026803411,-98.0231663676787,-50.442082467177045,-13.339916827600414,9.493576639199304,-99.34287316527849,-44.61220985899223,-14.609628593142629,12.750968983090956,True
75.9,-12.157908413078353,9.65358719901792,-98.1181001445063,-50.462464722039584,-13.359588069232357,9.435299198932254,-99.4705240508326,-44.58892050588358,-12.831672543097511,8.575838745414817,True
75.95,-12.197571233356621,9.666512790824546,-98.21278356837347,-50.48382937479656,-13.367548723512348,9.580148172266496,-99.6009815864475,-44.619279737955736,-12.735565604033189,10.81266762343537,True
76.0,-12.237157818854385,9.679196720314865,-98.30750542343146,-50.50575930293311,-13.637504722038296,9.503893584065272,-99.72167843044288,-44.63156086619605,-15.68406781362862,8.470574136770072,True
76.05,-12.276667922155617,9.691638670391301,-98.4022322707894,-50.52815788337469,-13.747872057354183,9.702958982191891,-99.72244976098563,-44.705248528211115,-14.122484751089846,11.496708371149158,True
76.10000000000001,-12.316101296322305,9.703838330005752,-98.4963413929938,-50.550519124737285,-13.766907363392663,9.554486682618933,-99.92242555379855,-44.73038925336888,-13.204752924305541,7.779385519839181,True
76.15,-12.355457694895975,9.715795394167358,-98.59059851307305,-50.57353620740116,-13.61191248066836,9.674405192280462,-99.99312012333306,-44.7853334447974,-11.303040241008466,10.66843840214711,True
76.2,-12.394736871899273,9.72750956395014,-98.6848954077167,-50.59699282715375,-13.769713646790978,9.612057819313096,-100.08270574764437,-44.73705992767865,-14.693068761947094,8.737241340484719,True
76.25,-12.43393858183746,9.738980546500462,-98.77883563087504,-50.620290727820496,-13.758956718947527,9.600854034279433,-100.19160745189707,-44.79677626630316,-12.94734972349919,9.271660193021235,True
76.3,-12.473062579699993,9.750208055044363,-98.87258430581846,-50.643533968778414,-13.799471634064547,9.744689317178572,-100.21746798616209,-44.820647024961275,-13.532368236389017,10.996323812500403,True
76.35000000000001,-12.51210862096202,9.761191808894713,-98.96702226357357,-50.66684191143846,-13.81809348898696,10.222231637880803,-100.36878057675258,-44.90308468258714,-13.337316819192775,14.830369858763321,True
76.4,-12.551076461585875,9.77193153345823,-99.06201473478797,-50.68998000852409,-13.630581824302437,10.339932502220982,-100.48242667917731,-44.864610650461344,-11.061816586878589,11.179845527387835,True
76.45,-12.589965858022707,9.782426960242368,-99.15717633060467,-50.71236705901008,-13.572753643715563,10.422026178127005,-100.47680778793347,-44.9297842991529,-12.37932399197002,10.877678420070515,True
76.5,-12.628776567213908,9.792677826862,-99.2519176343581,-50.73503650937009,-13.42383329568112,10.369386963752353,-100.61821142231433,-44.93714584622312,-11.33359833507961,9.437994364676122,True
76.55,-12.667508346592678,9.802683877045995,-99.34632788894517,-50.75772216915234,-13.30183245421909,10.381391774855265,-100.70978664157731,-44.92672565578564,-11.54144111468933,10.132519067190632,True
76.60000000000001,-12.706160954085519,9.812444860643623,-99.44046390893145,-50.78070151939709,-13.197641831402875,10.283635481264326,-100.81359649541064,-44.90876710548718,-11.66545111611999,8.926672499486926,True
76.65,-12.744734148113753,9.821960533630797,-99.53428487045912,-50.80399507407255,-13.645101719838452,10.27633778912679,-100.91043178303389,-44.911761225500776,-17.75525617568733,9.874758443978177,True
76.7,-12.78322768759505,9.831230658116189,-99.62838929126318,-50.8278712768582,-13.88367482934219,10.328908995814798,-100.94871359298284,-45.154271556856976,-15.773333451895095,10.548444957185545,True
76.75,-12.82164133194491,9.840255002347172,-99.72218818431588,-50.851359093290526,-13.869625209703965,10.355395771728555,-101.14394969707223,-45.013160908323485,-13.144132347120452,10.310508408640953,True
76.80000000000001,-12.85997484107819,9.84903334071561,-99.81625218407954,-50.87502073892728,-13.957730613016297,10.339124344824459,-101.18964035527553,-45.01716637262479,-14.290719435158243,9.85726374780162,True
76.85000000000001,-12.898227975410567,9.8575654537635,-99.90988033288565,-50.89835358323023,-13.826233925006933,10.321008621767664,-101.27293329709616,-45.0273594921963,-11.918446107003376,9.834230700688888,True
76.9,-12.936400495860084,9.86585112818846,-100.00361909128242,-50.921789205559946,-13.867083096841231,10.582835263097506,-101.37666322446876,-45.077925241479136,-13.761344333183416,12.94732133751853,True
76.95,-12.974492163848607,9.87389015684906,-100.09717114949282,-50.94579628158842,-13.78679089108982,10.605848779991003,-101.49848743462618,-45.15965154815947,-12.452545314598567,10.487454707311741,True
77.0,-13.012502741303347,9.881682338770004,-100.19134481663193,-50.9700436972684,-13.721625467105453,10.442077316126339,-101.55543585533584,-45.099158325106536,-12.576216753878432,8.435896280326984,True
77.05000000000001,-13.050431990658327,9.889227479147152,-100.28594275208309,-50.994295341762964,-13.458145431963983,10.401457844677134,-101.67751832695797,-45.21539757946438,-10.321438054811434,9.698302922950802,True
77.10000000000001,-13.088279674855825,9.896525389352382,-100.38004988191749,-51.018712594198576,-13.364093264356729,10.274139064286954,-101.75760274885322,-45.145021035360685,-12.021789924220407,8.708288217080074,True
77.15,-13.126045557347968,9.903575886938322,-100.47381557018674,-51.04405854161225,-13.166427544099104,10.136259713559859,-101.87857759983457,-45.18174956257783,-10.810602949395626,8.504000217121366,True
77.2,-13.163729402098106,9.910378795642899,-100.56795571160865,-51.069645865277735,-13.295840922614405,10.057133355020248,-101.93101058316779,-45.21679304392764,-14.323411871825787,9.07165855881629,True
77.25,-13.20133097358233,9.916933945393751,-100.66153124798795,-51.095626443416684,-13.45828931718932,10.083168049489096,-102.07487777699491,-45.2354241309472,-14.791800131318695,10.192543925405257,True
77.30000000000001,-13.23885003679095,9.923241172312476,-100.75543308588772,-51.12201022042039,-13.504617753235257,9.762197839721706,-102.06972754332332,-45.31595944298509,-13.63148961066247,6.349467963710328,True
77.35000000000001,-13.276286357229928,9.929300318718727,-100.84924446175664,-51.14915564426315,-13.4318276311821,9.708478469050515,-102.23321055005162,-45.27040770419968,-12.342727554693889,9.098713368910788,True
77.4,-13.31363970092239,9.93511123313416,-100.94315266528399,-51.17584111864649,-13.575692745231654,9.762697947404973,-102.36144268431933,-45.2997343796023,-14.714573548486726,10.271880133617797,True
77.45,-13.35090983441006,9.940673770286217,-101.03732370649745,-51.20240630557686,-13.203055176273292,9.690308300211171,-102.4663945368426,-45.41239823749214,-9.068101434227227,8.896549202528243,True
77.5,-13.38809652475472,9.945987791111762,-101.13097309457137,-51.22953029696408,-13.010714230053212,9.724436830129394,-102.57028972493484,-45.46351762835446,-10.807112085962222,10.030844062754644,True
77.55000000000001,-13.425199539539701,9.95105316276055,-101.22390670726213,-51.25698680190498,-13.060141227400498,9.833582885952334,-102.5602278227559,-45.45006245879585,-13.371740409720083,10.899706823311142,True
77.60000000000001,-13.462218646871246,9.95586975859855,-101.31668932843021,-51.284207762736806,-12.820677311834986,9.661605789291544,-102.67901511597447,-45.543622912425526,-10.198459860097241,7.8500334861004735,True
77.65,-13.499153615380067,9.96043745821112,-101.40881533047015,-51.31228722815215,-12.514829841945792,9.421344549999432,-102.76969296356494,-45.48311223272979,-9.285652187856396,6.959327490720806,True
77.7,-13.536004214222736,9.964756147406007,-101.50096218830494,-51.340024646124135,-12.901399030020727,9.307725044835209,-102.91253667122272,-45.47314375241686,-16.790154576112656,8.20183785556255,True
77.75,-13.572770213083134,9.968825718216205,-101.59298360077824,-51.36787513217466,-13.208939436784567,8.733988344584711,-103.00447010724034,-45.52573398074644,-16.19785432822306,2.9804025185767085,True
77.80000000000001,-13.609451382173887,9.972646068902659,-101.68487064588646,-51.395796758896275,-13.110985360868082,8.79356457592471,-103.05282168138604,-45.540715677505894,-11.909219318142261,9.615371680355913,True
77.85000000000001,-13.646047492237797,9.976217103956799,-101.77710616920876,-51.42402797074135,-12.980084363746139,8.462920021541734,-103.1583850416987,-45.64883284897621,-11.47518916422786,5.302744919914269,True
77.9,-13.6825583145493,9.979538734102933,-101.86906888038509,-51.45234334844542,-12.734237706642155,8.814772625996003,-103.22615100890987,-45.72090185064268,-10.096301207501625,12.666563278970749,True
77.95,-13.718983620915877,9.982610876300482,-101.96067971316485,-51.480174051639096,-13.069935455267036,8.782874506079263,-103.32682520476489,-45.63336847912933,-16.405499586999603,8.642776107174363,True
78.0,-13.755323183679483,9.98543345374605,-102.05226962796682,-51.508213071766534,-13.124845568788416,8.789663349464453,-103.4382049345159,-45.68851759904925,-13.529592621457683,9.040959190421605,True
78.05000000000001,-13.79157677571797,9.988006395875349,-102.14440775228157,-51.536759311000964,-12.966837498081793,8.874163296539077,-103.4899575741352,-45.85753195885863,-11.19978454714279,9.91034424864536,True
78.10000000000001,-13.827744170446499,9.99032963836496,-102.2363215638149,-51.56575139169448,-13.412657779720215,8.90774945374566,-103.5268351984966,-45.8050978959059,-17.81526484403372,9.406220811987602,True
78.15,-13.863825141818978,9.99240312313394,-102.32871685668941,-51.59460166227463,-13.883344780257426,8.981196093902966,-103.67240355655666,-45.807994396802215,-18.430675042863832,9.876464405820208,True
78.2,-13.89981946432944,9.994226798345279,-102.42132950206089,-51.62359747104895,-13.974110565923331,9.032954732194332,-103.7875642814188,-45.81218895130408,-14.545307010137789,9.684193819468199,True
78.25,-13.935726913013504,9.995800618407193,-102.51380576633593,-51.652754566202944,-13.936234959029422,8.966969350148583,-103.89432622932574,-45.83443667603571,-13.184768410041528,8.407877516291283,True
78.30000000000001,-13.971547263449738,9.99712454397426,-102.60648333204662,-51.682367445147015,-14.050752362343127,8.871855488454424,-104.00378607881939,-45.835730672991254,-14.866797978472867,8.032615418511465,True
78.35000000000001,-14.007280291761038,9.998198541948412,-102.69897822369393,-51.71170038125918,-14.06252981371881,8.991330269322884,-104.08635703553017,-45.90778201959536,-13.81294951316348,10.356551769002202,True
78.4,-14.042925774616116,9.999022585479752,-102.79147017608358,-51.741234329689924,-13.862029552828595,9.099059678547624,-104.1485483707018,-45.90463450287718,-11.465149564585825,10.308056966114474,True
78.45,-14.078483489230816,9.999596653967238,-102.88448557432626,-51.77132083988826,-14.12611228467125,8.752338174375307,-104.24188730295633,-45.98559190846126,-16.506382815335083,5.318824221678344,True
78.5,-14.113953213369534,9.999920733059188,-102.97734977120973,-51.80231353020886,-14.440974261805383,8.655530736928258,-104.38098849172212,-45.98597356057385,-17.27203001158552,7.850986185693438,True
78.55000000000001,-14.149334725346623,9.99999481465364,-103.0699055675553,-51.83401541412038,-14.356431122468363,8.894576230555826,-104.46343545952307,-45.97036747634572,-13.06284237954636,11.529473841182778,True
78.60000000000001,-14.184627804027727,9.999818896898557,-103.16199306007073,-51.86581444387305,-14.554046981391652,8.994353817631914,-104.57740179057762,-46.04645418767798,-16.160865140458068,10.156516614030224,True
78.65,-14.219832228831233,9.999392984191875,-103.25412914184791,-51.89819372932906,-14.630064124245816,9.087197847444301,-104.60358104137642,-46.20901144783492,-14.966804894282848,10.150898125631114,True
78.7,-14.254947779729596,9.998717087181388,-103.34619918676661,-51.93158459020625,-14.69524542361346,9.165207900046992,-104.7555809340124,-46.12939142538081,-14.913052753006895,10.05759397080239,True
78.75,-14.289974237250734,9.99779122276449,-103.43874058528341,-51.965540714905096,-14.711269339396852,9.826919133754709,-104.83167907996572,-46.14829809252961,-14.4251764728835,16.63396642892949,True
78.80000000000001,-14.32491138247942,9.996615414087742,-103.53045561976359,-51.99980215393755,-14.623539699845791,9.890103220071946,-104.88421717352793,-46.30506948792193,-13.286334855521163,10.455516607677522,True
78.85000000000001,-14.35975899705859,9.995189690546296,-103.62151652786599,-52.03409140193848,-14.833903078484715,9.942705555411981,-105.00334638569223,-46.17557947719483,-16.565242924125798,10.389643254830743,True
78.9,-14.394516863190763,9.99351408778317,-103.71249940818204,-52.06958019365651,-14.757213217325951,9.80500144478762,-105.10027661746396,-46.207540150779316,-13.537283425281757,8.308746144243248,True
78.95,-14.429184763639405,9.991588647688342,-103.80343892194594,-52.105337848286474,-14.968581304307323,10.161974362440994,-105.24230708696211,-46.271345367054785,-16.704774048448925,13.738072729257532,True
79.0,-14.463762481730242,9.98941341839772,-103.8953868709493,-52.14100772270834,-14.930392204405694,10.247022175596213,-105.26696949824574,-46.34138757118856,-14.089714215219097,10.975435446938548,True
79.05000000000001,-14.498249801352658,9.986988454291918,-103.98685598261908,-52.177252667826366,-14.991855116308304,10.712379696907389,-105.36721300967291,-46.366533654612255,-15.173781636747483,15.283225214421085,True
79.10000000000001,-14.532646506961006,9.984313815994915,-104.07802319249448,-52.21396357858883,-15.334411616079775,11.05554891415903,-105.44826543053922,-46.43904883707272,-18.370777595665448,14.277329398959024,True
79.15,-14.566952383575991,9.981389570372526,-104.16879455465573,-52.250848694926944,-15.432799132402335,11.059415675653693,-105.51146511453885,-46.427478715068546,-15.917131802823029,10.760242718119095,True
79.2,-14.601167216785997,9.978215790530742,-104.25962662777023,-52.28835538241145,-15.474557129852396,11.35061148491377,-105.59551906665878,-46.44654897066829,-15.375807226218694,13.97812249645098,True
79.25,-14.63529079274843,9.974792555813893,-104.35054326631725,-52.32645442114848,-15.7249654963663,11.253201134452752,-105.7024269161433,-46.537144442663376,-17.746629333744416,9.875579961952312,True
79.30000000000001,-14.669322898191053,9.97111995180267,-104.44183150377933,-52.364846310912675,-15.859855068240977,11.187169563349029,-105.83794573393527,-46.55305346041829,-16.6571922649797,10.1686052825879,True
79.35000000000001,-14.703263320413306,9.967198070311978,-104.53273609238828,-52.403421013936125,-15.740208267841474,11.182115841399336,-105.92104735928739,-46.544035046681486,-13.929370933662561,10.811131351600203,True
79.4,-14.737111847287672,9.963027009388655,-104.62307901653556,-52.44202921776862,-15.654013565578147,10.998903255952857,-105.9803474691799,-46.594167450953435,-14.231993925523057,8.830085670115395,True
79.45,-14.770868267260958,9.958606873309005,-104.71290816686972,-52.480880306419735,-15.511182633661525,11.014417334907828,-106.13490237615927,-46.60550980394781,-13.555344805751336,10.91794921302733,True
79.5,-14.80453236935566,9.953937772576198,-104.80257456747835,-52.51997923399274,-15.393043954430794,10.579868328945906,-106.16694026438539,-46.73635315443342,-13.742024952628036,5.918496418707181,True
79.55000000000001,-14.838103943171262,9.94901982391751,-104.89227072451884,-52.559233364833084,-15.48983169747943,10.541990115821688,-106.27993563865,-46.71450727917024,-16.064018842818097,10.027299431034013,True
79.60000000000001,-14.871582778885497,9.943853150281402,-104.98226842326936,-52.59906383582199,-15.564413757680853,10.45813888607432,-106.38319441718873,-46.7937521559819,-15.898478439601224,9.491094939681831,True
79.65,-14.904968667255783,9.938437880834448,-105.07243612260464,-52.63992935041384,-15.506695117916129,10.636817320255773,-106.46528020352963,-46.79816680768923,-14.486013727087908,12.365429612054353,True
79.7,-14.938261399620416,9.932774150958096,-105.16233512657308,-52.68138133215051,-15.412458069652429,10.625867355191868,-106.5414077927413,-46.80087147878747,-14.04476728737578,10.39636320639767,True
79.75,-14.971460767899929,9.926862102245304,-105.25224726662245,-52.72326396888176,-15.439419005480133,10.659343812034486,-106.62724571690168,-46.83043359702507,-15.33924301129322,10.89262100405292,True
79.80000000000001,-15.004566564598385,9.920701882496978,-105.34145010175688,-52.76570153243873,-14.987353857353622,10.661150573788492,-106.59170389833433,-47.023688554838635,-10.02568717301369,10.571406902286105,True
79.85000000000001,-15.037578582804649,9.914293645718292,-105.4301268187094,-52.80881371217929,-14.973069782992802,10.78058964488223,-106.80854609876158,-46.959056517660244,-14.587694923546097,11.893120432876923,True
79.9,-15.07049661619372,9.907637552114835,-105.51893502367884,-52.85177510866762,-15.054572172877455,10.597298052723596,-106.93095964087397,-47.001006542536025,-15.656753526920188,8.615051248360864,True
79.95,-15.103320459027998,9.900733768088596,-105.60810470636619,-52.89529566148775,-14.812684802926118,10.808759339383412,-107.04235494192375,-47.1223287997629,-12.11489459689346,12.882708296170124,True
80.0,-15.136049906158565,9.893582466233818,-105.69738544581726,-52.939201333923876,-15.033725028682248,10.462315056911805,-107.08600272296265,-47.074821927948534,-17.100098054068553,6.825328021828135,True
80.05000000000001,-15.168684753026502,9.886183825332672,-105.78617186258121,-52.98313843167296,-15.3860678140653,10.249706843433565,-107.16511566350742,-47.09563957608214,-18.732864327392306,8.066459953934793,True
80.10000000000001,-15.201224795664107,9.878538030350798,-105.87505974279118,-53.027157734249556,-15.811761645918228,10.472643065072216,-107.23781694875431,-47.147906730984175,-19.824705397594272,12.766648988000679,True
80.15,-15.233669830696215,9.870645272432675,-105.96364766726862,-53.071696857969535,-15.485413577374292,10.38987893652671,-107.32234210143457,-47.28084669546343,-11.761057319126007,9.523408256824483,True
80.2,-15.266019655341479,9.862505748896833,-106.0523523843667,-53.11681574088816,-15.50909054600909,10.057241538532283,-107.46025641325922,-47.243809397046604,-15.434899695585585,6.680581518655162,True
80.25,-15.29827406741358,9.854119663230946,-106.14083280089217,-53.162206139384026,-15.880815881634982,9.928450077612725,-107.52815188887435,-47.29714008790087,-19.3412533876848,8.711855088517446,True
80.30000000000001,-15.33043286532257,9.845487225086707,-106.22901934917184,-53.20810248821702,-15.94440410399998,10.335425507541668,-107.6067577057621,-47.37327172726121,-16.191911052618337,14.59198317614093,True
80.35000000000001,-15.362495848076057,9.836608650274629,-106.31674019458539,-53.254293838416515,-15.836615687129989,10.295273725937493,-107.69123379352338,-47.379278102790295,-14.3408223904427,9.910605522064897,True
80.4,-15.394462815280487,9.827484160758619,-106.40382735975783,-53.30105399228204,-16.47461696235673,10.300674694910809,-107.82375602968733,-47.538270464907775,-22.59342367156583,10.391143027332138,True
80.45,-15.426333567142436,9.818113984650436,-106.49032677469579,-53.347903670461754,-16.40213962650492,10.544841518030855,-107.92943884191838,-47.59880250850497,-15.160494024951397,13.063167958244252,True
80.5,-15.458107904469818,9.808498356203994,-106.57692839097656,-53.39552848196284,-16.47194608928666,10.48862352201781,-107.99029840421356,-47.59152905798213,-16.712002265228207,9.894912853850386,True
80.55000000000001,-15.489785628673117,9.798637515809506,-106.6634883283249,-53.443478326927654,-16.024012640742413,10.896085242275834,-108.00653105961,-47.58872101796769,-11.000083265886836,15.033124285647846,True
80.60000000000001,-15.521366541766646,9.788531709987474,-106.75039132924516,-53.491563596664335,-16.025554249604895,10.725906695923594,-108.16558071465928,-47.63140706056204,-15.691430672893397,8.897686909650936,True
80.65,-15.552850446369826,9.778181191382506,-106.83728550703546,-53.53978351134426,-16.034222173665114,11.095713993160157,-108.259221661401,-47.72604230422146,-15.777324680881279,14.797390233488626,True
80.7,-15.584237145708332,9.767586218757035,-106.9240731646172,-53.58734092654794,-16.021337991653503,11.066157496073647,-108.2930985142342,-47.71524295749276,-15.552118733881764,10.621679727602839,True
80.75,-15.615526443615419,9.756747056984821,-107.01091471033759,-53.63522826866507,-15.606840977125051,11.197795128158582,-108.42489793616004,-47.77229081825613,-11.07259687254137,12.394408298209381,True
80.80000000000001,-15.646718144533068,9.745663977044346,-107.09784730848648,-53.683305195459056,-15.205348195639058,11.140163661614542,-108.46570631441452,-47.802135399469066,-10.915929797159059,10.388446304847495,True
80.85000000000001,-15.677812053513232,9.734337256012036,-107.18429489044752,-53.73166037876789,-15.287113508383467,10.827969937920178,-108.47130889801588,-47.9292955525655,-16.010815241549636,7.512231581042924,True
80.9,-15.708807976219108,9.722767177055315,-107.27030398645883,-53.77954417864719,-15.254404402326001,11.089817562244878,-108.65364339151864,-47.93077642123142,-14.802609340787116,13.688393242810209,True
80.95,-15.739705718926258,9.710954029425569,-107.3560650387464,-53.827292992651834,-15.224855926180087,11.0577217150284,-108.7525630036054,-47.97961051660813,-14.82089753616599,10.601962377509839,True
81.0,-15.770505088523901,9.698898108450862,-107.44220659205885,-53.87455997720875,-15.314946162488749,11.03552657683797,-108.85939118335219,-48.04091701761402,-16.138372287937756,10.690316543360503,True
81.05000000000001,-15.801205892516098,9.686599715528589,-107.5281740389529,-53.92228490423688,-15.350713874121658,11.000024837192218,-108.88134824854762,-48.05327254843244,-15.598123486780763,10.523440413258061,True
81.10000000000001,-15.831807939022882,9.674059158117945,-107.61418662409257,-53.97018965962668,-15.424123352958956,10.651200607974074,-108.99300084452103,-48.12692555669089,-16.04931800035323,7.009812515732034,True
81.15,-15.86231103678158,9.661276749732204,-107.699606672197,-54.01831672991441,-15.12627931597856,10.475780846918765,-109.10081662264409,-48.16655443514512,-11.96581233052121,8.68792195944248,True
81.2,-15.892714995147948,9.64825280993091,-107.78560325006967,-54.06711684099636,-14.990517742330807,10.414680646692261,-109.21771570543771,-48.25357733599148,-13.560790309143963,9.834526557560675,True
81.25,-15.923019624097316,9.63498766431188,-107.87170986816125,-54.11602885742204,-14.875143700962884,10.438319739799356,-109.23998992129998,-48.228758883667155,-13.682305911004507,10.739913070148095,True
81.30000000000001,-15.953224734225879,9.621481644503064,-107.95793677267156,-54.16555205987923,-15.236328944550497,10.822136485690283,-109.36639715131841,-48.301110188236166,-18.9110027642387,14.774444114832388,True
81.35000000000001,-15.983330136751785,9.60773508815425,-108.04423874683862,-54.21492022756425,-15.292605333650188,10.487513044539005,-109.4022255546618,-48.391544048822794,-15.778273585583442,7.052452137384897,True
81.4,-16.013335643516353,9.593748338928641,-108.13008154583572,-54.26460664726784,-15.422581731505105,10.374241413631353,-109.51276804161667,-48.38734882332375,-16.643672360460123,9.270992853315262,True
81.45,-16.04324106698529,9.579521746494228,-108.21670620918924,-54.315102841099986,-15.719055719322073,10.23415387552512,-109.63474135876352,-48.46387269659925,-18.604845299685813,8.889432978689586,True
81.5,-16.07304622024977,9.565055666515091,-108.30330843577926,-54.36604806079695,-15.900756965815537,9.987774708752848,-109.6890843595082,-48.48875828876326,-17.54111629666484,7.605639441661229,True
81.55000000000001,-16.1027509170277,9.550350460642465,-108.38949100013292,-54.41721440813851,-15.770094509451138,9.639693742945271,-109.79449120994127,-48.51726247332406,-14.198050811958666,6.289014656885616,True
81.60000000000001,-16.13235497166482,9.535406496505738,-108.4752051934133,-54.467964343526575,-15.782236356148665,9.56572850112757,-109.86945165242057,-48.61507146785519,-15.703730979634726,9.084318167357273,True
81.65,-16.16185819913587,9.520224147703237,-108.5610242794881,-54.518626949827514,-15.928257996051586,9.404404130068206,-109.93327316750384,-48.71572663549646,-17.215838520171776,8.043784791836044,True
81.7,-16.19126041504579,9.504803793792888,-108.64699708720212,-54.56949242883524,-16.187255001691987,9.225036352518227,-110.00025271674161,-48.77014359765848,-18.588699522132163,7.7143323451193995,True
81.75,-16.220561435630827,9.489145820282731,-108.73273868652832,-54.62026658546588,-16.198728440653976,9.0079149942081,-110.1060846576358,-48.77958026420733,-16.025321893186945,7.153694130699019,True
81.80000000000001,-16.249761077759693,9.473250618621293,-108.81832208630053,-54.67121314316357,-15.820742380002972,9.163850543613252,-110.23328139778582,-48.8306069305476,-11.699583885690389,11.142935998042976,True
81.85000000000001,-16.278859158934715,9.457118586187793,-108.90377771724683,-54.722729821387794,-15.833278632995171,9.3550596400588,-110.29141235221844,-48.87368883628037,-15.78195919546803,11.644583866484668,True
81.9,-16.30785549729299,9.44075012628219,-108.99055694113243,-54.774327628897126,-15.639416468002407,9.156953343031045,-110.39923439989555,-48.889206283377106,-13.494980637036377,7.442069575319158,True
81.95,-16.336749911607484,9.424145648115141,-109.07765675012064,-54.82583842099245,-15.960011091936464,9.253316104616596,-110.46684527818155,-49.03958210766847,-19.079347714100187,10.572053781544277,True
82.0,-16.365542221288216,9.407305566797726,-109.16497798333162,-54.87644036066657,-16.119549087125968,9.143543820393738,-110.51832659611696,-49.042768314005194,-17.52235146658377,8.335414155195574,True
82.05000000000001,-16.394232246383343,9.390230303331101,-109.2519556241063,-54.92716584728755,-16.212836134209763,9.315371294183896,-110.57044219541825,-49.117155414090526,-16.905638834538163,11.3774766992268,True
82.10000000000001,-16.422819807580282,9.372920284595976,-109.33937090736028,-54.978306346015536,-16.32063186982604,9.345605622369908,-110.71117097240086,-49.14471583850821,-17.14692291076432,9.919736933197026,True
82.15,-16.451304726206896,9.355375943341901,-109.42707585550924,-55.02933168224938,-16.537820466624236,9.47251181195366,-110.84390901781698,-49.1961159687484,-18.449751234024124,11.018078555925634,True
82.2,-16.479686824232516,9.337597718176507,-109.51473569983236,-55.080331763982365,-16.654879678186216,9.625885012954495,-110.91500997656576,-49.212175807714054,-17.499402665243036,11.400387977104264,True
82.25,-16.507965924269126,9.319586053554492,-109.60277521777469,-55.13097185857485,-16.332288541524314,9.541422158779932,-111.00016427207309,-49.28011126287173,-12.692106904768048,8.856412299559148,True
82.30000000000001,-16.536141849572466,9.30134139976652,-109.69047031483133,-55.181563097091406,-16.609493902277997,9.025215184489277,-111.08260784229715,-49.36688061341831,-19.146563970601132,3.96989494736937,True
82.35000000000001,-16.564214424043058,9.282864212928011,-109.77820866214343,-55.233027455696934,-16.82863367530314,9.165501546743876,-111.14924960242816,-49.419699666390294,-18.71620991978748,10.901842737592442,True
82.4,-16.59218347222742,9.264154954967662,-109.86515596880025,-55.284746225619806,-17.21152334369982,9.36043351667319,-111.25431850923604,-49.412020262027276,-20.714139302406274,11.617092717044152,True
82.45,-16.620048819319095,9.245214093615937,-109.95223554488726,-55.33621290855381,-17.345950231320785,9.230734963056932,-111.3210289132268,-49.51890400581333,-18.24624790486488,8.137389282689627,True
82.5,-16.647810291159747,9.226042102393402,-110.03942717857791,-55.38726906870887,-17.130882779561844,9.053722620958398,-111.42669333763553,-49.51601080988929,-14.458692948615012,7.5047378370016355,True
82.55000000000001,-16.67546771424028,9.206639460598824,-110.126212926454,-55.438867143150055,-17.03278684947856,9.141206011174027,-111.4419187026686,-49.63401131963321,-15.613937456559142,10.31236546132375,True
82.60000000000001,-16.703020915701877,9.18700665329724,-110.21314003201435,-55.49077589990697,-17.141539482057613,8.788577274222824,-111.59656634064625,-49.588255720158436,-17.862542197357854,5.46722358753745,True
82.65,-16.73046972333712,9.167144171307822,-110.29939573423661,-55.542668145108166,-16.98425216639824,8.647349860976153,-111.71269994394578,-49.65551881115431,-14.984522867352721,7.558661443162071,True
82.7,-16.75781396559106,9.14705251119157,-110.38536560723644,-55.594942406109475,-16.94066895639008,9.000688586062616,-111.78495025822978,-49.7304333004271,-16.15225088375233,12.960693454172592,True
82.75,-16.785053471562254,9.126732175238953,-110.47134452884791,-55.64754130959722,-17.037858996377647,8.776209879903611,-111.8798854929745,-49.78190972924444,-17.70141119829988,6.77416056236303,True
82.80000000000001,-16.8121880710039,9.106183671457297,-110.55727867375175,-55.70002655254673,-17.258526526387048,8.435033901859162,-111.98092321644585,-49.854842703212014,-19.159148201199628,5.301418931071101,True
82.85000000000001,-16.83921759432483,9.085407513558135,-110.64203855836347,-55.752358629683755,-17.421451189411382,8.693253023284393,-112.04040393674329,-49.879656507949136,-18.68872124723471,11.722853578870279,True
82.9,-16.8661418725906,9.06440422094434,-110.72650978442347,-55.804489020374334,-17.50975825587185,9.167393441437355,-112.1182399737469,-49.974601630237615,-17.999635538011987,14.312102937518212,True
82.95,-16.892960737524568,9.043174318697124,-110.81081900081784,-55.85665619645457,-17.48327062371217,9.741306694088747,-112.17692968330533,-49.98769581590037,-16.79824975107539,15.768435413487412,True
83.0,-16.919674021508932,9.021718337562932,-110.89507218575308,-55.909427415016225,-17.491684493772528,9.749266210203258,-112.24700578427145,-50.05282713043981,-17.17980805622353,9.879627818804742,True
83.05000000000001,-16.94628155758573,9.000036813940183,-110.97883052088699,-55.96247507159058,-17.07340752502551,9.989189889924775,-112.37567669608077,-50.1166131598169,-12.437427651188258,12.477708327969772,True
83.10000000000001,-16.972783179457952,8.978130289865845,-111.06305214871469,-56.01611666129982,-17.00621878307617,9.984427077495372,-112.4672051381022,-50.13115887092506,-16.055964296400347,9.929092391753828,True
83.15,-16.999178721490566,8.955999313001861,-111.14723547740535,-56.070172661699345,-17.21428054843908,9.981110706153125,-112.51978679938868,-50.20885836497693,-19.077869525333185,9.947876336569902,True
83.2,-17.02546801871149,8.93364443662152,-111.23237501868857,-56.124236291853535,-17.168389416594508,9.815127866688083,-112.6460891891445,-50.24870414158498,-16.40723947930131,8.135274260499727,True
83.25,-17.051650906812732,8.911066219595547,-111.31760801523538,-56.17846048989893,-17.054074258935575,9.999998866473595,-112.69602598398538,-50.33502186456324,-15.607486739585944,11.924655936653618,True
83.30000000000001,-17.07772722215131,8.888265226378202,-111.40241630365458,-56.232078128397184,-17.177975825090115,9.964176303272588,-112.82252068807688,-50.38268714481564,-18.185364788206776,9.601513048051586,True
83.35000000000001,-17.103696801750335,8.865242026993137,-111.48659935762689,-56.28581855596384,-17.153766437498486,9.869130478404912,-112.8984073715429,-50.46653936208567,-16.636422093728665,8.908041102663823,True
83.4,-17.12955948330003,8.841997197019118,-111.57044811323615,-56.33962662953195,-17.068255276629163,9.652098232234358,-112.96402080133888,-50.497642357528775,-15.947753763279813,7.477670927504176,True
83.45,-17.15531510515871,8.818531317575705,-111.65394966012758,-56.393665508769686,-17.21714407154728,9.525769095509585,-113.03263120061678,-50.51976557209366,-18.508057736734404,8.327345250751808,True
83.5,-17.180963506353827,8.79484497530865,-111.73798728927953,-56.44763502646747,-17.70430402581126,9.538880567576888,-113.16386450275762,-50.59306129981342,-22.40116254509138,9.78858515016895,True
83.55000000000001,-17.20650452658297,8.770938762375257,-111.8221717681815,-56.50119894625648,-17.69961237771825,9.344613312984292,-113.20679231547612,-50.610241113920054,-17.279543742776504,7.481722170214968,True
83.60000000000001,-17.23193800621482,8.746813276429643,-111.90569564581435,-56.55491789507667,-17.531069065169472,9.018969368712291,-113.33409938097518,-50.73560818362037,-15.45631713234973,5.864570131708205,True
83.65,-17.257263786290224,8.72246912060768,-111.98930811327716,-56.60828335376578,-17.271807166959274,8.942588757022214,-113.34371816557666,-50.841053796728424,-14.334496352640178,8.399538776448846,True
83.7,-17.282481708523147,8.69790690351199,-112.07286355885512,-56.66190309476333,-17.312988370454047,8.901146574264738,-113.47262869271285,-50.80034465741592,-17.498788361050302,8.722833234191286,True
83.75,-17.30759161530164,8.673127239196736,-112.15661291795573,-56.7153358649228,-17.270460367947578,8.729604425861073,-113.55797831731638,-50.86076881398896,-16.602241677740967,7.237340912434028,True
83.80000000000001,-17.332593349688885,8.64813074715222,-112.24060410538064,-56.76901434004916,-17.35541663041381,8.563794307072927,-113.61913472690927,-50.901037674552335,-17.996361071152833,7.16513217343536,True
83.85000000000001,-17.35748675542412,8.622918052289444,-112.32466315969927,-56.82294705098543,-17.4972097948742,8.859284632344293,-113.65114831671221,-51.04502299016389,-18.69678029478538,12.181957889846268,True
83.9,-17.382271676923622,8.597489784924482,-112.40886147103348,-56.87785305596447,-17.523778953284616,9.175291585099385,-113.81232233128586,-51.061753889094355,-17.52273359497223,12.62581530275804,True
83.95,-17.406947959281737,8.571846580762672,-112.49259192599615,-56.93364868858997,-17.622054331800232,9.276356520692971,-113.86881942405066,-51.03139267662708,-18.347700696763926,10.468072485243201,True
84.0,-17.431515448271764,8.545989080882805,-112.57613267061504,-56.98970340168948,-17.554046461374416,9.118651357213926,-114.00514651891979,-51.25244496739383,-16.577924680306772,7.66215366078092,True
84.05000000000001,-17.455973990346987,8.519917931721007,-112.65918223418886,-57.04568855241053,-17.587938897396313,8.93023436487863,-114.03225974597628,-51.35715715363734,-17.672800948797843,7.200935105296438,True
84.10000000000001,-17.480323432641597,8.493633785054664,-112.74264276003258,-57.10190209442739,-17.626854695846696,8.948337234786232,-114.12870240187065,-51.26487359100942,-17.76558835909922,9.358484673256582,True
84.15,-17.50456362297164,8.467137297986078,-112.825534337651,-57.15864373774306,-17.41391407943067,8.990080777630473,-114.13971852649378,-51.35872317881362,-14.987746527207655,9.632334689935982,True
84.2,-17.528694409836028,8.44042913292604,-112.9083083150736,-57.215956287908014,-17.48422522764451,8.941419649963441,-114.26445393541967,-51.34032829337066,-18.00051422141977,8.655045708737077,True
84.25,-17.552715642417418,8.413509957577274,-112.99028283260793,-57.27319686890272,-17.69385868604994,8.935772304637537,-114.37584978245229,-51.36371534348158,-19.613066605083784,9.099099717358293,True
84.30000000000001,-17.576627170583183,8.386380444917773,-113.07216728750319,-57.33103036932988,-18.054845092154707,8.76224975916925,-114.43380809846968,-51.440696239996385,-21.470984462821683,7.216218765441479,True
84.35000000000001,-17.600428844886338,8.359041273183948,-113.15450176562784,-57.388759564684364,-17.901681235248702,8.659663020895652,-114.52031514014719,-51.494841050432655,-16.01284971241999,7.878552106429149,True
84.4,-17.624120516566514,8.331493125853651,-113.2362445104933,-57.446435876265845,-18.2217922803978,8.327620789380907,-114.54334301837446,-51.60711378611692,-21.18106805846173,5.235164696375773,True
84.45,-17.647702037550822,8.303736691629148,-113.31792814054009,-57.503758123814734,-17.96735726783491,8.176493008226933,-114.67826456346032,-51.62874620288578,-15.02493764123734,6.99773650120231,True
84.5,-17.671173260454854,8.275772664419831,-113.40030836913898,-57.560364278411775,-18.03725445563222,8.406797376810752,-114.80058789108112,-51.74439910278311,-18.4621345147556,11.126835551588943,True
84.55000000000001,-17.694534038583527,8.247601743324932,-113.48252355912501,-57.617270795996,-18.1168233427287,8.311236127133524,-114.86324310162837,-51.76411518305044,-18.62221360698325,7.647292488941775,True
84.60000000000001,-17.717784225932053,8.219224632616022,-113.56454130264314,-57.674425653127265,-17.937404233918215,8.214005979087245,-114.98376449199708,-51.850297025350166,-15.80216573802257,7.552761850867758,True
84.65,-17.74092367718685,8.190642041719371,-113.64604462334053,-57.73124321325831,-17.972200575677977,7.970285462252248,-115.04267550655739,-51.875112136445566,-18.06740453625621,5.840679226702009,True
84.7,-17.763952247726404,8.161854685198284,-113.72878222975439,-57.78828197781177,-17.74215356444113,8.033898397836127,-115.13561587843603,-51.97526985470386,-15.151075587975358,9.074651454921275,True
84.75,-17.78686979362224,8.132863282735162,-113.81097784241047,-57.846109762119916,-17.8268184483446,7.797679076171401,-115.19350650509205,-52.00704850189653,-18.483444543245,5.77027421593619,True
84.80000000000001,-17.80967617163978,8.103668559113538,-113.89324011860539,-57.9044280687046,-17.76018570402871,7.558027877038875,-115.23124888001134,-52.038097921915046,-16.869680250016337,5.554462939602692,True
84.85000000000001,-17.8323712392392,8.074271244200022,-113.97466859974679,-57.9628030216747,-17.29036454393654,7.871862013266178,-115.28728578247842,-52.11196102262075,-12.327607843412085,11.543250410432654,True
84.9,-17.85495485457643,8.044672072925938,-114.05662984302816,-58.02183393384998,-17.219760389116793,7.89268274174217,-115.36804229667959,-52.21242956068104,-16.443020894594067,8.49772635552409,True
84.95,-17.877426876503947,8.01487178526901,-114.1382748505361,-58.080308198415295,-17.105933417786083,7.941368964861868,-115.47748154609275,-52.25819230028297,-15.904329718067626,8.820886379330037,True
85.0,-17.89978716457167,7.984871126234903,-114.21965359004581,-58.13849423774076,-16.937831801845082,7.659918716243059,-115.6359819010123,-52.35595963843656,-15.2183873656639,5.159711970387001,True
85.05000000000001,-17.92203557902789,7.954670845838507,-114.30107861009036,-58.19722813669254,-17.39949065288908,7.774267268546663,-115.67697947469149,-52.4448863894086,-22.12009169027977,9.352426970462595,True
85.10000000000001,-17.944171980820084,7.924271699085272,-114.38268165650808,-58.25647938326307,-17.890783187067104,7.420775820969974,-115.7988511807009,-52.442383409294564,-22.79381378708732,4.214770867519938,True
85.15,-17.966196231595802,7.893674445952293,-114.46431256881868,-58.315876750965984,-17.7418249716702,7.3404222034220235,-115.8863665019623,-52.52286651613322,-16.019618382685003,6.99314842610608,True
85.2,-17.98810819370356,7.862879851369281,-114.54596107579626,-58.37562978443587,-17.689432406710583,7.3052721612429306,-115.92526369668401,-52.5606549995848,-16.99048248552834,7.427143175727469,True
85.25,-18.009907730193657,7.831888685199521,-114.62796706033744,-58.43561713388162,-17.766606067953536,7.441628829030951,-116.06094819379844,-52.64133469751077,-18.400517174584405,9.305483393702975,True
85.30000000000001,-18.031594704819078,7.800701722220532,-114.70948797558273,-58.495544258677924,-17.938605263285098,7.444784820184869,-116.07498639915909,-52.70081407221552,-19.515867079416605,7.911959396136081,True
85.35000000000001,-18.053168982036286,7.769319742104772,-114.79130563388686,-58.55573889614845,-18.20081056726216,7.671711037164238,-116.17815467964034,-52.76076886059547,-20.659495150191205,10.398680797130005,True
85.4,-18.074630427006113,7.737743529400123,-114.8726266293695,-58.6155917449812,-17.986141868124562,7.656911460809753,-116.24966928054596,-52.879621247849855,-15.538349393350211,7.864039318066174,True
85.45,-18.095978905594613,7.705973873510246,-114.95450537568158,-58.67531217519097,-17.916746254401847,7.675579968859835,-116.27906780606335,-52.9360939401751,-17.01023023789567,8.213883382433615,True
85.5,-18.117214284373865,7.674011568674873,-115.03633733580784,-58.734841158196645,-17.94636816670171,7.804906963060355,-116.41999014208989,-52.93754511098595,-18.062236013630756,9.451998136689738,True
85.55000000000001,-18.13833643062281,7.641857413949971,-115.11811679651748,-58.79499375184195,-17.641158927177628,7.4105532657008375,-116.49380964090835,-52.946943157512116,-14.35484881058171,3.6972635914414322,True
85.60000000000001,-18.15934521232811,7.6095122131877435,-115.19978868444548,-58.855873807147766,-17.397388459571463,7.071263993919883,-116.58974694688902,-52.978306515888,-14.81757957207428,4.016223820323422,True
85.65,-18.180240498184943,7.5769767750165045,-115.2809883351522,-58.91695023973776,-17.21470651355437,6.839627184375518,-116.67719757511192,-53.02548076113058,-15.320742881142221,4.961398466156342,True
85.7,-18.201022157597844,7.544251912820535,-115.36215010991492,-58.977543706210845,-17.412209941008058,6.970744527515082,-116.76873782983222,-53.12376629761099,-19.430648089788455,8.824732873608486,True
85.75,-18.22169006068151,7.511338444719662,-115.44336972288087,-59.0378690442471,-17.325517527053535,6.990489893780037,-116.81827268651918,-53.175937720241976,-16.408265898159808,7.662402712730895,True
85.80000000000001,-18.242244078261614,7.478237193548887,-115.52455006990319,-59.09810202233359,-17.58710557138654,7.111121461838389,-116.92952262315636,-53.215126920862645,-20.22850960334085,8.78788023799379,True
85.85000000000001,-18.262684081875605,7.444948986837776,-115.60524839781695,-59.15805367389379,-17.53916224434588,7.067157219787777,-116.94222361468249,-53.34652499118505,-16.972071711535676,7.029820410607684,True
85.9,-18.283009943773536,7.411474656789739,-115.68628455976217,-59.21860635155056,-17.75658582844649,6.702599968096583,-117.07804967740744,-53.352049707110865,-19.903005482049103,3.40815202642105,True
85.95,-18.30322153691883,7.37781504026131,-115.76758907749854,-59.27988368775686,-17.753168683925033,6.692197612848221,-117.17083929493629,-53.42767793443044,-17.60017023802272,7.082159699844396,True
86.0,-18.323318734989098,7.343970978741133,-115.84951283657607,-59.340856995640436,-18.080791879355456,6.469155419875656,-117.18922414505538,-53.46612164026324,-21.290159168229565,4.697658814731134,True
86.05000000000001,-18.343301412376935,7.309943318328964,-115.93056173199764,-59.40224083408078,-18.332288104241222,6.288721861147923,-117.3048948752319,-53.5990920875903,-20.682184070856625,4.991049430766614,True
86.10000000000001,-18.363169444190635,7.275732909714585,-116.0119307621224,-59.46410714595732,-18.380818512406762,6.1429857623962505,-117.40496319372488,-53.726045241050095,-18.62001935836981,5.234222486136012,True
86.15,-18.38292270625509,7.241340608156408,-116.09389193609056,-59.52592619170953,-18.456596481470413,6.310735109190611,-117.46958871438798,-53.67063720931817,-18.963230100008587,8.612605226918022,True
86.2,-18.40256107511248,7.206767273460168,-116.1760414314686,-59.58801826062602,-18.202466654156648,6.294204586838812,-117.57845348839152,-53.81201251569194,-15.340657737942674,6.666947494119786,True
86.25,-18.422084428023044,7.172013769957456,-116.25830545977686,-59.65033534007177,-18.480644480311085,6.216442182969648,-117.6463768775854,-53.78334334330663,-21.093317109612794,5.960913802027303,True
86.30000000000001,-18.44149264296591,7.1370809664840245,-116.33990468299577,-59.71270270158327,-18.022362607178,6.58238287900391,-117.69065596378037,-53.85387368012941,-13.090818160860838,10.840730174460447,True
86.35000000000001,-18.460785598639788,7.1019697363581535,-116.42156286375464,-59.77518208643033,-18.003681659670168,6.745991159781785,-117.77264316217841,-53.92754824777676,-17.665702434892612,8.844000814201515,True
86.4,-18.47996317446376,7.06668095735878,-116.50299613150403,-59.83844814246991,-17.815464448503615,6.686168671115049,-117.9016313997154,-54.011141395033384,-15.763923137571961,6.464239559146397,True
86.45,-18.499025250578054,7.0312155117035156,-116.58498532301326,-59.90206583102664,-17.757820445103082,6.339215096993709,-117.95883697992701,-54.00642545779666,-17.085634774387287,3.2153932956450593,True
86.5,-18.517971707844744,6.99557428602668,-116.66678078363101,-59.96558673595337,-17.94858901872826,6.334252431260886,-118.06068940351169,-54.06335170482544,-19.80985315782418,6.764534813211528,True
86.55000000000001,-18.536802427848546,6.959758171357034,-116.74907868806672,-60.02953911091186,-18.27383525272453,6.478781923915545,-118.13197213117432,-54.132006171000974,-21.455983088086636,8.415217207614266,True
86.60000000000001,-18.555517292897516,6.923768063095591,-116.83137821890426,-60.09378530355329,-18.428290890001247,6.677372000677684,-118.19883310534073,-54.26264526220197,-19.791652737305657,9.118699503210301,True
86.65,-18.5741161860238,6.887604860993196,-116.91384661337537,-60.15831256386636,-18.26896465381282,6.610462884148805,-118.32725215098066,-54.29029012200235,-16.412203036519887,6.297968461872021,True
86.7,-18.592598990984385,6.851269469128006,-116.99617695253343,-60.22396801965705,-18.038060002415147,6.713580696202301,-118.38227033060045,-54.410333624057685,-15.499211299546717,8.138144079413097,True
86.75,-18.610965592261806,6.814762795882912,-117.07815307013408,-60.2897557433568,-17.984713427004806,6.801634713443527,-118.45124321810619,-54.37806217035875,-17.31358629949846,8.049094290621477,True
86.80000000000001,-18.629215875064858,6.778085753922855,-117.16051371635962,-60.35594205229525,-17.921595110478275,6.62455436376252,-118.5830289894538,-54.507965367724935,-17.171620508323606,5.150096495828119,True
86.85000000000001,-18.647349725329324,6.741239260171987,-117.24318397380276,-60.42207723327117,-17.753792598789566,6.285057469759938,-118.6331377062933,-54.525768334345386,-15.955732849423004,3.202380399336281,True
86.9,-18.665367029718716,6.704224235790709,-117.32566497706777,-60.48828267389341,-17.316738772927458,6.2177430478991,-118.70094952964193,-54.635033600864844,-12.826594993945694,5.975242133447922,True
86.95,-18.683267675624926,6.667041606152727,-117.40777147801154,-60.5549528279271,-17.43336795723892,6.359641179880903,-118.77027727158301,-54.675926891800394,-18.6792771856948,8.248185087340621,True
87.0,-18.701051551168987,6.62969230082182,-117.48922958192846,-60.62161353218727,-17.385525085089924,6.2695476343855185,-118.852900527096,-54.70995572197609,-16.93410462813971,5.76004499050633,True
87.05000000000001,-18.718718545201728,6.592177253528688,-117.57074765349708,-60.68862109459924,-17.348541282444636,6.176508453040211,-118.95657602931342,-54.88815837182092,-17.0252467254762,5.649735829306404,True
87.10000000000001,-18.73626854730449,6.5544974021475735,-117.65270792813433,-60.75605030785088,-17.597046297284805,6.374660592683438,-119.04386424393786,-54.87428971062187,-20.17997586528649,8.82122995189453,True
87.15,-18.75370144778983,6.516653688672772,-117.73448100773689,-60.824190458251266,-17.659220438094035,6.018997704997177,-119.1414302894294,-54.97470124621513,-18.281162545990313,2.7854552332271605,True
87.2,-18.771017137702156,6.4786470591951755,-117.81643476012096,-60.892328035208735,-17.60477214415404,5.844052761265331,-119.23298778059825,-55.04291082558349,-17.028926754448534,4.533496610898668,True
87.25,-18.78821550881848,6.440478463878528,-117.89861774397683,-60.96068341736234,-17.530978738231088,5.973859782528476,-119.2852557892878,-55.097101283115514,-16.771268581973658,7.790378093297455,True
87.30000000000001,-18.805296453649042,6.402148856935699,-117.98015512857184,-61.02939214716689,-17.350472518452907,5.855012290411869,-119.27907075319037,-55.205726051433246,-15.523899509737884,5.103588762215172,True
87.35000000000001,-18.822259865437974,6.363659196604918,-118.06134285548399,-61.098847124694736,-17.26012883528206,6.10450620771979,-119.40401591876218,-55.21137544882193,-16.40124428812035,9.115460329331858,True
87.4,-18.83910563816402,6.325010445125663,-118.14268586743029,-61.16804795160807,-17.498286644801052,6.005927715251933,-119.5291855107561,-55.33210234537638,-19.999907843155846,5.414996833841986,True
87.45,-18.855833666541155,6.286203568714692,-118.22391804748744,-61.237511837314095,-17.521958918308673,6.049210906519422,-119.62339064174861,-55.39414759857508,-17.781665740897978,6.910882954959009,True
87.5,-18.872443846019248,6.247239537541924,-118.30506440388685,-61.307004220405396,-17.83341694516156,6.115899314049213,-119.68215998398786,-55.501130826392945,-21.009832405376443,7.196353330167293,True
87.55000000000001,-18.888936072784745,6.208119325706081,-118.38603079382506,-61.37653726101003,-17.766365299175973,5.784589550896478,-119.81298959318724,-55.567689356804706,-17.02100518398575,2.7971947380376143,True
87.60000000000001,-18.905310243761274,6.168843911210433,-118.46703125317542,-61.446739360660956,-18.298757926464166,6.063077426837973,-119.87560404618232,-55.69307868179743,-23.660400080867596,9.342433991524132,True
87.65,-18.921566256610312,6.129414275938315,-118.54862597643091,-61.516836896327455,-18.253147449409294,5.76994068107666,-119.95898571668818,-55.650933518794496,-17.61159174419137,3.170049853375562,True
87.7,-18.93770400973185,6.089831405628522,-118.63046847059856,-61.58718227406467,-18.192408638776914,6.144343262656773,-120.0159592457069,-55.70353673954929,-17.40724679931403,10.386332353933788,True
87.75,-18.953723402264963,6.0500962898507815,-118.71239200296121,-61.657754854771795,-18.186448897978355,6.432653706154349,-120.09473970594125,-55.78309627017707,-17.97460351052492,9.696982583671073,True
87.80000000000001,-18.96962433408852,6.0102099219808895,-118.79418643350643,-61.729205463754795,-18.277187316873047,6.214308991333999,-120.17981096143764,-55.877881859171055,-19.051652991611995,4.254956559831297,True
87.85000000000001,-18.985406705821735,5.970173299175979,-118.87626806589275,-61.800345305123955,-18.602208735840218,6.214443389820054,-120.2488294014564,-55.92047918192449,-21.73745425737066,6.531339286984477,True
87.9,-19.001070418824835,5.929987422349551,-118.95816108498465,-61.871594807300816,-18.608971067587664,5.978598214695791,-120.35683974537741,-56.00011481920267,-18.431445585091424,3.8883649320168003,True
87.95,-19.016615375199674,5.889653296146417,-119.04007822727601,-61.94307248636281,-18.638795547516672,6.286298627423203,-120.4287547514383,-56.115336108646744,-18.70178727442346,9.768393128584089,True
88.0,-19.032041477790322,5.849171928917617,-119.12216122271916,-62.0149568819321,-18.895956768808123,6.383076868402515,-120.52168603064915,-56.14971153967746,-21.265425843069472,7.638824942096302,True
88.05000000000001,-19.047348630183688,5.808544332695238,-119.20460152602787,-62.087008399776515,-19.12141393544186,6.483714757393694,-120.63257789588566,-56.214155597499904,-21.108062865859637,7.751394822679391,True
88.10000000000001,-19.062536736710115,5.7677715231670845,-119.28675525444903,-62.15896472681036,-18.74367019582557,6.515902933994147,-120.68863551873126,-56.2764130567359,-14.552346917714189,7.058580364119249,True
88.15,-19.077605702443993,5.726854519651242,-119.36863065681328,-62.23109498987281,-18.82884513057608,6.655726657780622,-120.69896353206505,-56.41839614877784,-19.445505145705532,8.276766666802782,True
88.2,-19.09255543320433,5.685794345070696,-119.450086648124,-62.303190573788804,-18.88289293197673,6.4995367902625985,-120.79451816763236,-56.42794547948949,-19.170911795091328,5.076208164895796,True
88.25,-19.10738583555536,5.644592025927643,-119.53121723543744,-62.37583752723246,-19.13224078911303,6.628924415696752,-120.87755932222943,-56.49799367042094,-21.400326823983654,8.140472188466934,True
88.30000000000001,-19.12209681680712,5.603248592277933,-119.6119942594742,-62.44931168218402,-19.157818208168447,6.384365101558887,-120.97338151228182,-56.57646269460467,-19.100432169436793,4.0668056868036775,True
88.35000000000001,-19.136688285016014,5.561765077705264,-119.69250839997599,-62.52321719982156,-19.370346714761247,6.328832827154619,-121.09563404370616,-56.678056238670436,-21.216220110709827,5.9969130499431085,True
88.4,-19.15116014898543,5.520142519295313,-119.77356224960569,-62.597395522036805,-19.259071807903155,6.130047015156473,-121.16901868290189,-56.67838059131171,-17.77369203592868,4.356257726392197,True
88.45,-19.165512318266245,5.478381957609902,-119.85460098461273,-62.6721002946726,-19.525057255771713,5.851711517616284,-121.20387025550964,-56.902900446497554,-21.901892247034652,3.3173083541190955,True
88.5,-19.17974470315746,5.4364844366608835,-119.93605698988829,-62.74696817463819,-19.388679471501803,5.781946045028908,-121.25098659441862,-56.87111892765943,-17.620805688436054,5.433981313523939,True
88.55000000000001,-19.19385721470673,5.394451003884068,-120.01687957927786,-62.822071697619734,-19.640427588257456,5.6814295078223225,-121.4293159453591,-57.01234402885753,-21.85339755707927,5.031582798298165,True
88.60000000000001,-19.207849764710872,5.352282710113147,-120.09758737500326,-62.89801610782767,-19.902057685860196,5.720152666550534,-121.48851170952932,-57.006647718698034,-22.166484543303312,6.502731931382072,True
88.65,-19.22172226571651,5.309980609553237,-120.17769887677272,-62.97381616761825,-19.853875175308243,5.7185172058055365,-121.57546665898403,-57.13366867234848,-18.917141237327847,6.080287007875173,True
88.7,-19.23547463102057,5.267545759754634,-120.25807652793563,-63.04983292148155,-20.15277700321385,5.496533177267191,-121.63287804446853,-57.1506134085421,-22.769682531514423,3.6104536235051996,True
88.75,-19.24910677467079,5.224979221586404,-120.3383683233878,-63.12641308958875,-20.00398596555114,5.475769197540403,-121.74232831293553,-57.24131081755506,-18.007065308599167,5.682149150948839,True
88.80000000000001,-19.262618611466333,5.182282059209752,-120.41844096238081,-63.20369266187845,-19.970895589113926,5.387945015715002,-121.8041320090956,-57.310295330640656,-19.199542832068474,4.91398171375472,True
88.85000000000001,-19.27601005695826,5.139455340051531,-120.49851721486657,-63.28024603916059,-19.93247382708227,5.464936510637878,-121.88681942185967,-57.38283707691083,-19.12849310826935,6.683401330739856,True
88.9,-19.289281027450073,5.096500134777504,-120.57840248857215,-63.35711120455571,-20.187751541818127,5.127562211889087,-121.98389527116493,-57.593317736080365,-22.385949925252053,2.100874725795585,True
88.95,-19.30243143999826,5.053417517265534,-120.6576113110363,-63.43490188172987,-20.298656545849102,5.445866264625606,-122.07300728614922,-57.64841859391859,-20.97794117872057,9.155521735405697,True
89.0,-19.315461212412778,5.010208564578846,-120.73708637965301,-63.51336431952738,-20.262715891625064,5.19992371535346,-122.1128337026892,-57.63575983496928,-19.440871589958036,3.097094290798131,True
89.05000000000001,-19.328370263257597,4.966874356938978,-120.81742986713996,-63.591920979712164,-20.036102357296635,5.124179279747151,-122.2143302825605,-57.692074425909674,-17.296071624584965,4.808861823250043,True
89.10000000000001,-19.341158511851187,4.923415977698876,-120.89705223858581,-63.670878141509746,-20.256421116562286,4.992639235291536,-122.27224714577423,-57.83647176562474,-22.114051475315314,4.119630924066882,True
89.15,-19.353825878267035,4.8798345133157754,-120.97685052221067,-63.750049892976975,-20.49155951530741,4.967845541301906,-122.28827287023313,-57.95069677026579,-22.460554115713858,5.204589077172644,True
89.2,-19.366372283334144,4.836131053323999,-121.05610682887483,-63.82935922539495,-20.447289468248357,4.797051851905432,-122.42699470443178,-57.98072784340643,-19.5282689126431,3.5476246583823503,True
89.25,-19.378797648637526,4.792306690307758,-121.13499755081843,-63.908801072773045,-20.354215420020445,4.693215520893248,-122.5439527672262,-58.03156995170981,-18.968130092786947,4.156275750417835,True
89.30000000000001,-19.391101896518688,4.748362519873856,-121.21384833617691,-63.98837633707787,-20.09688372259604,4.195623427888054,-122.61680017276291,-58.157738882091294,-17.081341337181836,-0.32460667654432407,True
89.35000000000001,-19.403284950076113,4.704299640624284,-121.29243522196099,-64.06813598967709,-20.024027631763726,4.092139473032327,-122.67619150190636,-58.205659640800135,-18.957363574242418,3.687880695447788,True
89.4,-19.41534673316577,4.6601191541286955,-121.37132846242991,-64.14740682279876,-20.09729236946169,4.144921892991591,-122.810189594098,-58.3425591055136,-20.543628039667475,5.339313114692378,True
89.45,-19.427287170401538,4.615822164896985,-121.4500680711741,-64.22692743720958,-19.88249234528242,4.519331134520998,-122.8406885412211,-58.40801350059459,-17.389653769182857,8.944590324104368,True
89.5,-19.439106187155737,4.5714097803515426,-121.52846342068094,-64.30614740423088,-19.79094096174722,4.488824725178064,-122.89075571041482,-58.41655284932976,-18.61339333429791,4.6946415689359355,True
89.55000000000001,-19.450803709559544,4.526883110799686,-121.60702757769022,-64.38540285386823,-19.821341389619953,4.330175799144224,-123.02189092569742,-58.54824989595197,-19.914977305895974,3.2266818990610395,True
89.60000000000001,-19.462379664503477,4.482243269405849,-121.68561270424144,-64.46441248144197,-19.719699343436538,4.181509552208397,-123.05978300758616,-58.627496988430494,-18.468568324648288,3.207318118952178,True
89.65,-19.473833979637867,4.437491372163712,-121.76395889701394,-64.54332346069734,-19.816384480124373,4.25817417216906,-123.12030180873421,-58.7274264727823,-20.61005627328932,5.593766273608694,True
89.7,-19.48516658337327,4.392628537868406,-121.84168708010789,-64.62191750107996,-19.473816714838808,3.9670778165234455,-123.22915792151566,-58.860790029156135,-15.79005850837742,1.5341707420556856,True
89.75,-19.496377404880956,4.347655888088435,-121.91929459416187,-64.69966753910575,-19.567411216972587,3.6615950279195384,-123.21577644192493,-58.96006211231742,-20.41064001230867,1.1402051313674706,True
89.80000000000001,-19.507466374093333,4.302574547137671,-121.99694168424675,-64.77755615550556,-19.394000954891,3.7103310680909263,-123.40365683889458,-59.001093123736766,-17.50630684721445,4.84000561388863,True
89.85000000000001,-19.518433421704366,4.257385642047352,-122.07452169029233,-64.85538447265773,-19.34404293723851,3.6530523947128573,-123.42323973743436,-59.07301438217311,-18.756619875348658,3.6794621834809034,True
89.9,-19.529278479170053,4.212090302537722,-122.15154457262157,-64.93260693972489,-19.050397433806133,3.4927954503694756,-123.5769878642857,-59.12097430651566,-16.004021618637612,2.472327985446544,True
89.95,-19.540001478708817,4.16668966098989,-122.22868589732194,-65.00984448045517,-19.38507519287869,3.5466567041224897,-123.60096256110215,-59.1745888575914,-22.800271606554205,4.719624369139716,True
90.0,-19.55060235330194,4.121184852417566,-122.30581761816109,-65.08817633430957,-19.559039930740628,3.3245431735276916,-123.68279661157692,-59.1957598571062,-21.25584850248595,1.6661955955117267,True
90.05000000000001,-19.561081036694002,4.07557701443856,-122.38306418029029,-65.16677844834075,-19.345549969618677,3.3033619271240875,-123.77509215441901,-59.247399214026785,-17.065966897181895,3.7377709157538117,True
90.10000000000001,-19.571437463393263,4.029867287246462,-122.46026503989073,-65.2456158984023,-19.55362862074176,3.2361125921145084,-123.8372595305142,-59.345591961176964,-21.6103155690458,3.1946486895397745,True
90.15,-19.581671568672082,3.984056813582087,-122.53726337844795,-65.32450300130019,-19.786495178448252,3.3762336916091855,-123.85202370578712,-59.494295176593155,-22.043927334154134,5.443761632371549,True
90.2,-19.59178328856734,3.9381467387048597,-122.61375156428915,-65.40373014773843,-19.65077329588842,3.2578340573100415,-123.94482770946126,-59.53551744784829,-18.111321258695938,2.6492607584208687,True
90.25,-19.601772559880818,3.8921382103642927,-122.69091395503885,-65.48218558315888,-19.687100579879303,3.111175035791521,-124.08641282684214,-59.586506586119086,-19.93823303572283,2.2343297733653538,True
90.30000000000001,-19.61163932017961,3.8460323787711657,-122.76774546495476,-65.55991827342181,-19.479795243892198,3.171442669300095,-124.12733933321037,-59.75628029200702,-17.2440457277343,4.409738255351099,True
90.35000000000001,-19.621383507796487,3.7998303965688836,-122.84478868768512,-65.63835682293613,-19.27477954150396,2.960961347977225,-124.24883534238636,-59.79850496670444,-17.12151989612675,1.4118785041464306,True
90.4,-19.63100506183031,3.753533418804611,-122.92148681563755,-65.71723602163024,-19.165022526045124,3.0358922800404824,-124.31365521830936,-59.85235784398742,-18.03065646913487,4.430670415523695,True
90.45,-19.6405039221464,3.7071426029003653,-122.9975973275752,-65.79581111506467,-18.98386836843756,2.830861506419607,-124.32916854892683,-59.92293876246457,-17.15641823288739,1.3526196481179358,True
90.5,-19.649880029376913,3.6606591086241105,-123.07321167988904,-65.87478309992717,-18.91052344462789,3.082607366405449,-124.43749214215406,-60.00505072001384,-18.229373265843634,6.27617423061201,True
90.55000000000001,-19.65913332492121,3.614084098060799,-123.14864392833302,-65.95399977059994,-19.118163592709525,3.0998009913247224,-124.53159566478321,-60.033759368378256,-21.31209934774076,3.836014890857575,True
90.60000000000001,-19.668263750946217,3.567418735583286,-123.2236403132844,-66.03360120583146,-19.131632077660615,3.1682029697048444,-124.56201230539561,-60.184550207143715,-19.30102958840979,4.408451292031861,True
90.65,-19.677271250386802,3.52066418782317,-123.29886748452284,-66.11276245159932,-19.089379311143865,3.452515834859528,-124.63239612240889,-60.23388910336324,-18.693194518394566,6.857953841069759,True
90.7,-19.68615576694613,3.4738216236417423,-123.37399705382624,-66.19203755827463,-19.561837275168315,3.366496011116217,-124.77898105117121,-60.371066546159156,-24.39940216837862,2.922119318673823,True
90.75,-19.694917245095994,3.4268922141006355,-123.44843372849205,-66.27092761723902,-19.15038037803225,3.0606341604200598,-124.83273813275078,-60.36970491139796,-14.89306393106928,0.3963225991755034,True
90.80000000000001,-19.70355563007719,3.379877132432659,-123.52304322701539,-66.35011910854864,-19.281614632920416,2.83155639758877,-124.8889904735669,-60.5150308555274,-20.64803807494689,1.0095675449513646,True
90.85000000000001,-19.712070867899836,3.332777554012425,-123.59745554941559,-66.42909485975932,-19.211826303482713,2.989410589906187,-125.01658813970947,-60.607246467272745,-18.501229362133667,5.144792632328959,True
90.9,-19.720462905343727,3.285594656326905,-123.671883059944,-66.50825163280564,-19.31575319851985,3.042788483875529,-125.08836681982406,-60.648070778008275,-20.3887623976018,4.081291321934799,True
90.95,-19.72873168995865,3.2383296189461186,-123.74626043183255,-66.58741717828572,-19.332415071171063,2.8935453180564465,-125.15541508538175,-60.700842909944654,-19.49239228429223,1.8505865503756946,True
91.0,-19.73687717006473,3.1909836234935214,-123.82036217179761,-66.666823319082,-19.13652408103118,2.9346670196652043,-125.22466119256482,-60.80550854552243,-17.134825302640344,3.8507633003655966,True
91.05000000000001,-19.744899294752752,3.1435578536164996,-123.89444157598864,-66.74640542031801,-19.57178762302505,3.035456381245659,-125.27169594286333,-60.85813456536806,-24.03143912867587,4.53694223059985,True
91.10000000000001,-19.75279801388445,3.0960534949568985,-123.96839880387921,-66.82609915339035,-19.709945980190714,2.973460290408178,-125.35263823907513,-60.92598557077926,-21.04165539660991,2.786337625854073,True
91.15,-19.76057327809286,3.048471735121176,-124.04242174717021,-66.90577527338654,-19.822503347540767,2.866454576634381,-125.44264297576976,-61.02796002680451,-20.862224115292285,2.2281307051486525,True
91.2,-19.76822503878261,3.0008137636508323,-124.11700552493406,-66.98523258131668,-19.473932334745747,2.8354948914531963,-125.49923771411252,-61.12412141722366,-15.804864002693783,2.9850913952215072,True
91.25,-19.775753248130215,2.953080771992708,-124.19139329419951,-67.06512084835335,-19.57317772944084,3.122664825529155,-125.5314859531961,-61.23637834423347,-20.53709167332121,6.496475930450819,True
91.30000000000001,-19.783157859084398,2.905273953469072,-124.2654926177222,-67.14557736729068,-19.857085350831493,3.0571920921590605,-125.60001283847873,-61.26135152195377,-22.67389151046854,2.770442552451028,True
91.35000000000001,-19.79043882536636,2.8573945032479156,-124.33894993621084,-67.2256323963995,-19.670542131685888,3.461426024343912,-125.67084183055135,-61.38409444397641,-17.643080376704738,7.9568486741030355,True
91.4,-19.797596101470077,2.8094436183130176,-124.4123329695303,-67.30499254225393,-19.37779663742241,3.503053284293809,-125.805176931246,-61.478664741503195,-16.32918927463085,4.200257474420137,True
91.45,-19.80462964266261,2.7614224974339696,-124.48611523987164,-67.38406103294344,-19.617189487834043,3.3781463767279476,-125.79837312580456,-61.59046953361482,-22.048679971656394,2.3599395424245477,True
91.5,-19.811539404984345,2.7133323411363275,-124.56005644142245,-67.46270659827842,-19.250674121738363,3.267348434350114,-125.90502595245455,-61.60742715263022,-15.465158871430361,2.4148875406575137,True
91.55000000000001,-19.818325345249292,2.665174351671458,-124.63367113156839,-67.54155819465353,-19.09026079368725,3.2110014812538683,-125.98667117639108,-61.6929554228945,-17.49043707522484,2.9284294955780377,True
91.60000000000001,-19.824987421045343,2.6169497329866087,-124.70719361436758,-67.62024422344669,-19.21034631835492,2.8841968498390598,-126.04539060724173,-61.76199980434879,-20.501911143082584,-0.13535181314583422,True
91.65,-19.831525590734543,2.5686596906947514,-124.78048741630849,-67.69883176821763,-19.453317041805136,2.460366074515171,-126.16187524608907,-61.8220307542711,-21.96126849586293,-1.4705598099282038,True
91.7,-19.837939813453357,2.52030543204441,-124.8537896364358,-67.7774167517862,-19.236295062020524,2.500101106926831,-126.19960827523738,-61.913737819596264,-17.013279751261333,3.373310948115427,True
91.75,-19.844230049112916,2.471888165889517,-124.92626665204092,-67.85638209664543,-19.511690456191722,2.0908664443520126,-126.29519818394705,-61.95925303780754,-22.343985081546705,-1.6164546802437298,True
91.80000000000001,-19.850396258399265,2.4234091026592206,-124.99797160742365,-67.93601533720349,-19.612618092665436,2.126307821258282,-126.33964462397181,-62.11491271803234,-20.61101511923186,3.030595477158098,True
91.85000000000001,-19.856438402773612,2.3748694543275937,-125.06990180868446,-68.0152416615929,-19.680606395566723,1.7740276795310777,-126.50076793093025,-62.24230197958606,-20.327433595347195,-1.2742925429109477,True
91.9,-19.862356444472585,2.326270434383283,-125.1413669838537,-68.09423314769795,-19.835207483047256,1.8489771366685586,-126.5447842135061,-62.22564231594136,-21.343015841331344,3.210655388766262,True
91.95,-19.868150346508433,2.2776132577992896,-125.21259395994579,-68.173528608233,-19.925711915762612,1.9200958322213633,-126.58961074270641,-62.32992165938046,-20.749739897160616,3.206458557792517,True
92.0,-19.87382007266929,2.2288991410024592,-125.28369164009922,-68.25274734592152,-19.87808832877698,1.9134271061695933,-126.71217643757694,-62.40402250384999,-19.281435502572574,2.3808979836554385,True
92.05000000000001,-19.879365587519388,2.180129301843192,-125.35498745747257,-68.33219170041131,-19.76324032379725,1.904774612141182,-126.64243443318058,-62.55920576520013,-18.500240606429326,2.3396396580023655,True
92.10000000000001,-19.884786856399273,2.131304959564945,-125.42555092119946,-68.411340432639,-19.50465939648317,1.7789907236032645,-126.81929360174908,-62.54515619801985,-16.811803095592374,1.015966548095652,True
92.15,-19.890083845426037,2.082427334773697,-125.49555310028335,-68.49034237745668,-19.463987403422507,1.7440172801426876,-126.89130493419906,-62.64727282408144,-19.0584446835229,1.9191201868626306,True
92.2,-19.89525652149351,2.033497649407556,-125.56597734679276,-68.56881383103804,-19.667497716202853,1.688845403637985,-126.95214058150346,-62.692823440260455,-21.75713118400363,1.6529934871503986,True
92.25,-19.900304852272487,1.9845171267060913,-125.63575840741538,-68.64728605086837,-19.551794389639937,1.2975435550487255,-127.0374049022808,-62.89068996245895,-18.343730148263205,-2.155743352320033,True
92.30000000000001,-19.905228806210925,1.9354869911797843,-125.70542945246852,-68.72583719511806,-19.717760866442063,1.6258652061945265,-127.05336334090389,-62.88979097624599,-21.406398040034713,5.565702400363465,True
92.35000000000001,-19.91002835253411,1.886408468579539,-125.77520023156897,-68.80441954935989,-19.890679882848794,1.5788145512479248,-127.10959742833869,-62.92811444605789,-21.608820604296653,1.6095802604136171,True
92.4,-19.91470346124491,1.83728278586583,-125.84521276069381,-68.88199801380857,-20.04395263546088,1.4428144546836836,-127.25850826812484,-63.13634533817991,-21.518654917757043,0.5699669515368421,True
92.45,-19.919254103123897,1.7881111711781483,-125.91474648712293,-68.95936261629126,-20.203293511860274,1.6252842988607257,-127.33357247112409,-63.16521464799902,-21.700294852039978,3.9976912753736933,True
92.5,-19.923680249729586,1.7388948538043356,-125.98400572998936,-69.0367285183422,-20.160970327041444,1.5505234364112843,-127.31131331189091,-63.233761923646156,-19.577790572428874,1.249631627986788,True
92.55000000000001,-19.92798187339857,1.6896350641497273,-126.05346822809867,-69.1137971574739,-20.20839693027214,1.9448902166524311,-127.45495426726035,-63.24552628345046,-20.553868200725706,6.414888254515324,True
92.60000000000001,-19.93215894724571,1.6403330337065172,-126.1231103121447,-69.19099431296719,-20.425306657744972,2.0481605669097522,-127.48318495146508,-63.324339440072904,-22.480950777687248,3.447723582618794,True
92.65,-19.936211445164314,1.590989995022916,-126.19277311629266,-69.26809689723453,-20.574851155563223,1.8986232424485014,-127.59030593699426,-63.48427817546329,-21.893288743451222,0.6975897938850856,True
92.7,-19.94013934182629,1.5416071816722856,-126.26250348459646,-69.34485643599335,-20.259765395398883,1.9495432731737943,-127.61717770468161,-63.47458713743988,-16.827347453477284,2.8129421479563894,True
92.75,-19.943942612682278,1.492185828222423,-126.33191128590158,-69.4226225582582,-20.4382983771801,1.9092961570327625,-127.73958917477182,-63.619400378845356,-22.103016857101277,1.8219524748437284,True
92.80000000000001,-19.94762123396187,1.4427271702045552,-126.40105238846131,-69.50092007772773,-20.469868875289126,1.6515303821380969,-127.76487830570527,-63.603876372741155,-20.604048286907396,-0.6320170880383709,True
92.85000000000001,-19.951175182673676,1.393232444082574,-126.47030716514949,-69.57971853581432,-20.17356195233749,1.5427954331446383,-127.84846346950893,-63.77353185978893,-16.97794434012253,0.8349265979761685,True
92.9,-19.954604436605536,1.343702887222073,-126.54005879185407,-69.65867706971873,-20.289884770217707,1.4443013843053631,-127.85871928951947,-63.81785723405589,-21.362682988746474,0.8631944100486075,True
92.95,-19.95790897432462,1.2941397378593755,-126.61018593161249,-69.73779883987153,-20.492953618899318,1.2454031831675987,-128.0375971302285,-63.92299047118867,-22.41468110140143,-0.33902198973488545,True
93.0,-19.96108877517759,1.244544235070617,-126.67986204401016,-69.81678053023352,-20.54311052721131,0.9846655945443378,-128.0645771242714,-63.94380756499304,-20.860378321047662,-1.1863949942759837,True
93.05000000000001,-19.964143819290687,1.1949176187408017,-126.7497864346965,-69.89554005587317,-20.473708439967215,1.0288590572185594,-128.14299672655898,-64.06992178881384,-19.573666069148373,2.006803247611232,True
93.10000000000001,-19.9670740875699,1.1452611295327708,-126.8195443557302,-69.97377530639329,-20.046315665044787,1.0652932644634634,-128.21915094123284,-64.10942260329881,-15.531338091558318,1.937753429407069,True
93.15,-19.969879561701067,1.095576008856133,-126.88983864935184,-70.05215693047973,-20.101706384641407,1.3924631832079328,-128.16794426592136,-64.25375700524779,-20.603282618222693,5.18982052171872,True
93.2,-19.972560224149976,1.0458634988363527,-126.95985921729377,-70.13071172558148,-20.080852165076283,1.5483030450983408,-128.3540330778437,-64.32635801159222,-19.790281360565462,3.5126077364132766,True
93.25,-19.975116058162502,0.9961248422835556,-127.02903511861834,-70.20946867485782,-20.09192603961302,1.1267914596406174,-128.41505637506518,-64.35780127068301,-20.13558386452134,-2.8184650232702952,True
93.30000000000001,-19.977547047764684,0.9463612826615829,-127.09858418574561,-70.28858427866629,-19.770340981289024,1.2679370443165314,-128.4569255219959,-64.40028004511527,-16.44378305446311,3.1363656475567288,True
93.35000000000001,-19.979853177762852,0.896574064056851,-127.16780224257475,-70.36764703265476,-19.57983897836639,1.3237986296228887,-128.556908158598,-64.57152877322483,-17.663609599476164,2.283224375895302,True
93.4,-19.982034433743696,0.8467644311471966,-127.23679323872395,-70.44718802553834,-19.475729853520367,1.35828791953858,-128.55620976170368,-64.59386170489014,-18.487959876118097,2.0761896824428723,True
93.45,-19.984090802074373,0.7969336291708834,-127.30531512808604,-70.526315858404,-19.377311112546874,1.1657510435750909,-128.67037104677956,-64.61343257669624,-18.474313876911477,-0.43457840828978567,True
93.5,-19.98602226990259,0.7470829038953477,-127.37376132018892,-70.60536222120355,-19.054785568485524,1.3266539526925618,-128.8106853009018,-64.80170993467401,-15.903620603905615,3.350831715184444,True
93.55000000000001,-19.987828825156683,0.6972135015860901,-127.44198027926862,-70.68411870815616,-19.23812187344867,1.4659343646338203,-128.8093471892494,-64.83948036053043,-21.302830269417676,3.219143827819973,True
93.60000000000001,-19.98951045654568,0.6473266689756412,-127.5100060638702,-70.76228348975842,-19.481057570796956,1.2668101404689842,-128.88386141627194,-64.89860121970837,-22.10161737296964,-0.4627856146744734,True
93.65,-19.991067153559396,0.5974236532321828,-127.57769208850524,-70.84131330900657,-19.354277475919623,1.313186273170681,-128.85048621596954,-65.04820246153342,-18.157335150786842,2.1135371079538507,True
93.7,-19.992498906468473,0.5475057019284918,-127.64556782754684,-70.92040675374278,-19.516122794470423,1.3738880134305986,-129.0421073964479,-65.03769963475474,-21.283147815952805,2.3084746761110324,True
93.75,-19.99380570632447,0.49757406301078616,-127.71324643727759,-70.99973676907754,-19.575493690946868,1.596757734820196,-129.024410220351,-65.20255230176187,-20.255937009544787,4.155226870176976,True
93.80000000000001,-19.99498754495988,0.4476299847674028,-127.78049620649747,-71.07890424613277,-19.909353842366574,1.4857634215388549,-129.119948234772,-65.2281490314416,-23.361857875339687,0.5927490495662175,True
93.85000000000001,-19.996044414988226,0.3976747157977143,-127.84718300422834,-71.15776571268772,-19.72509000421091,1.3560148276374957,-129.25156869014904,-65.30917009348606,-17.834806234940288,0.2932464857361394,True
93.9,-19.996976309804065,0.34770950498086084,-127.91355892277433,-71.23647403019105,-19.657006284210713,1.0476266217248988,-129.26468642807674,-65.37809752720032,-18.99933774842772,-1.805528515782798,True
93.95,-19.997783223583067,0.29773560144447486,-127.98023433913579,-71.31513852595624,-19.48954775868692,1.0699261576062267,-129.3857974552094,-65.4476000738078,-17.842457491149084,1.644216222909944,True
94.0,-19.998465151282016,0.24775425453357763,-128.04736735716628,-71.39387214637982,-19.5430812129728,1.0522922098127774,-129.43940987482833,-65.58490121818768,-20.177992919661694,1.2063126145401342,True
94.05000000000001,-19.99902208863887,0.19776671377920318,-128.1142221469838,-71.47226263567026,-19.006565971750852,0.6680340561026199,-129.54006884288376,-65.62908960863169,-13.629816403138673,-2.903665711435342,True
94.10000000000001,-19.99945403217277,0.14777422886728458,-128.18133130688145,-71.55064585270401,-18.95545724068151,0.40293366206410997,-129.57843640465214,-65.68339159550186,-18.644569219928115,-1.8730905556768025,True
94.15,-19.999760979184074,0.09777804960735866,-128.24799884305614,-71.62839481478288,-19.118443545303712,0.3673732686751805,-129.59485174165386,-65.75554248934343,-20.98658848409394,0.47883182957433346,True
94.2,-19.99994292775436,0.047779425901285116,-128.31464929898428,-71.70633544783455,-19.12289915753442,-0.005346240632966626,-129.64976353963064,-65.82753076414924,-19.339169791720224,-3.326507807469319,True
94.25,-19.99999987674645,-0.0022203922879652028,-128.38079539919482,-71.78359040681464,-18.941297729161416,-0.26783139562893316,-129.76774195814716,-65.91008815232856,-17.263178860116827,-2.3847544692855216,True
94.30000000000001,-19.999931825804417,-0.05222015496752397,-128.44601931885765,-71.86128706617751,-19.07045232384401,-0.3557981298553921,-129.84153309182213,-65.99957890196242,-20.594705327948457,-0.6547730106053383,True
94.35000000000001,-19.999738775353574,-0.10221861214591058,-128.51114161141675,-71.93887841704885,-19.031540205544918,-0.31782094746738043,-129.9222099316911,-66.070772051845,-18.820568440918123,0.6739517771188779,True
94.4,-19.99942072660049,-0.15221451386433518,-128.5761824080016,-72.01643580014473,-18.80832370717537,-0.3432083556928137,-129.93643228497763,-66.13347261960274,-16.732295627572306,-0.020675659612694686,True
94.45,-19.998977681532967,-0.20220661022782327,-128.64071815138044,-72.09425143529502,-19.111034602094207,-0.39915104947050073,-130.01077168111982,-66.18874577809898,-22.427804367112177,-0.3952724350451179,True
94.5,-19.998409642920034,-0.252193651436605,-128.70472994057397,-72.17256844801452,-19.129733063825935,-0.27847555338519053,-130.0849170943902,-66.37696326536681,-19.484967336297387,1.5212468588750558,True
94.55000000000001,-19.99771661431193,-0.3021743878172358,-128.767978641236,-72.25052865709876,-19.066536057126452,-0.13455098370010538,-130.12379262133854,-66.4029711123905,-18.58667378813469,1.8613414091291558,True
94.60000000000001,-19.996898600040087,-0.3521475698538918,-128.83102864793491,-72.32847969604614,-19.538910474273923,-0.15011911736457234,-130.23695284894657,-66.47254650665406,-24.516792936422874,0.17283108261463406,True
94.65,-19.995955605217087,-0.4021119482196601,-128.89419100528104,-72.40606216406617,-19.48143987069683,-0.11530079364925061,-130.2912338758026,-66.53666357016358,-18.957059987850236,0.7110904645004034,True
94.7,-19.994887635736646,-0.4520662738076486,-128.95722550221834,-72.48296394867965,-19.66854339836149,-0.3547056155377715,-130.3556826717511,-66.67891970200607,-21.63944861565021,-2.3370768669199786,True
94.75,-19.99369469827357,-0.5020092977623368,-129.0203688997715,-72.55959924959942,-19.725999955988986,-0.5283248767158079,-130.4003989357441,-66.69319376253887,-20.33255164166909,-1.8000953053577369,True
94.80000000000001,-19.992376800283708,-0.5519397715107629,-129.08329741659122,-72.63585947557797,-19.794768478753404,-0.04111403401037661,-130.39185218515354,-66.83341883226743,-20.499911479976458,5.426032208426404,True
94.85000000000001,-19.990933950003928,-0.6018564467936125,-129.146426580217,-72.71224660162719,-19.661693218795406,-0.1814247386594907,-130.54953958776247,-66.83715838675292,-18.30194286153059,-1.226368589299692,True
94.9,-19.989366156452032,-0.651758075696639,-129.20909255814342,-72.78808134932832,-19.6880669741749,-0.3145932660192338,-130.59455710720806,-66.8847739114316,-19.979254824598478,-1.2596113250002536,True
94.95,-19.98767342942673,-0.7016434106817365,-129.27137205456322,-72.8633239536869,-19.695445190288197,-0.13342067245027775,-130.65857658241814,-67.00780132108802,-19.791183906685628,2.1312815496110153,True
95.0,-19.98585577950756,-0.751511204618093,-129.33347450215564,-72.93833329935987,-19.863212780726606,0.1249937272565553,-130.72089265305743,-67.08431747218091,-21.589019622350758,3.1113637143642405,True
95.05000000000001,-19.983913218054823,-0.8013602108134932,-129.39544245934565,-73.01340407342633,-19.97277968316285,-0.24267316089395974,-130.79825267529566,-67.1855475327464,-21.066298860094562,-3.6903229421112926,True
95.10000000000001,-19.981845757209527,-0.8511891830453604,-129.45735919635416,-73.08843319869645,-20.288461090331985,-0.08524550125713692,-130.8866343514216,-67.32027810073502,-23.44882722711153,1.8855257847268523,True
95.15,-19.97965340989329,-0.9009968755919664,-129.5186589650877,-73.1633813001376,-20.287087858552184,-0.09633523967171315,-130.9035339050062,-67.30759593026455,-20.149720865224324,0.11368816739870517,True
95.2,-19.977336189808284,-0.9507820432636273,-129.57938859417416,-73.23813020364662,-19.864546906230547,-0.3142897615150594,-130.94156715824582,-67.33984195367714,-15.460489989626872,-2.210770274272567,True
95.25,-19.974894111437116,-1.0005434414337087,-129.63993873661204,-73.31285619383031,-19.94202356802261,-0.268682402043488,-131.00453176563425,-67.43543147688085,-20.73083588799865,0.5563306283273339,True
95.30000000000001,-19.97232719004278,-1.0502798260698836,-129.70068529596895,-73.38766332175487,-19.602220853696398,-0.2523839330303327,-130.95057550421328,-67.60233874823803,-16.13623242915127,0.25418332125003074,True
95.35000000000001,-19.96963544166852,-1.0999899537651086,-129.7617483634841,-73.46250541073907,-19.630705938093907,-0.10653538862566592,-131.152619530667,-67.55977494580377,-19.988818691073163,1.7035997460104546,True
95.4,-19.96681888313775,-1.1496725817687632,-129.82257878087378,-73.53731654340577,-19.45491949340414,-0.24998055856563453,-131.23000525735236,-67.67594836408448,-17.72676682567352,-1.4221203038470205,True
95.45,-19.963877532053964,-1.199326468017752,-129.8835236975154,-73.61163703648751,-19.380602328768425,-0.9171925101976834,-131.2560901590785,-67.7380198642463,-18.728289855524753,-7.378491572430842,True
95.5,-19.96081140680058,-1.2489503711675232,-129.94416538414345,-73.68627422871194,-19.357372388056024,-0.9337696566845343,-131.36818031010017,-67.83341377796731,-19.2389233219516,-0.6322363079216393,True
95.55000000000001,-19.957620526540886,-1.2985430506230644,-130.0048273467296,-73.76160453223397,-19.598427613574575,-0.9488371715610738,-131.37505468361314,-67.90463136099984,-22.16947601766485,-0.63629667070962,True
95.60000000000001,-19.954304911217868,-1.348103266569955,-130.06507443728518,-73.83746952315276,-19.604178613873984,-1.0662096450862473,-131.49568259062838,-68.08046478529876,-19.72156256153069,-1.793211737116275,True
95.65,-19.950864581554107,-1.3976297800054125,-130.12511905448022,-73.91321414540963,-19.670356951376203,-0.9034301757183003,-131.49098511950555,-68.0187391621943,-20.40257715433853,1.237731625727965,True
95.7,-19.947299559051658,-1.4471213527691453,-130.1846647314145,-73.98881724849647,-19.90629362587529,-1.0293111764599585,-131.58062112847108,-68.10140470043129,-22.345934006347875,-1.8738456231073222,True
95.75,-19.943609865991895,-1.4965767475744474,-130.24492347551643,-74.06394239552257,-19.654497189733487,-0.9844991932967451,-131.66103697134315,-68.21888061650036,-17.085956073383432,-0.07620551168824638,True
95.80000000000001,-19.93979552543539,-1.5459947280390067,-130.30514273999813,-74.13809661111976,-19.591114031977174,-0.9993807888167014,-131.69983373044613,-68.3063958092704,-18.992614530821584,-0.7247501708833152,True
95.85000000000001,-19.93585656122176,-1.5953740587158682,-130.36440611008592,-74.21227106975309,-19.363559323019885,-1.1459639947163756,-131.75261461857744,-68.35634217189542,-17.113480272195083,-2.2253077100756466,True
95.9,-19.93179299796952,-1.6447135051243715,-130.4244835921064,-74.28600589952659,-19.78942715368701,-0.9192814549132218,-131.81630271155984,-68.45926706514548,-24.239915205381692,1.8185665167273677,True
95.95,-19.927604861075924,-1.6940118337808912,-130.48412053227452,-74.3599148731585,-19.39295237994087,-0.7175683385657801,-131.84003476738957,-68.55758819392877,-15.374159663740922,1.6938531734057054,True
96.0,-19.92329217671681,-1.743267812229814,-130.54347620072315,-74.4333655452646,-19.281703154337663,-0.8143907474782984,-131.94048450055072,-68.54992075919283,-18.263911625616004,-1.492698005518215,True
96.05000000000001,-19.91885497184645,-1.7924802090742256,-130.60222523869217,-74.5066635023407,-19.121386747346754,-0.8715117760829081,-132.0004021471852,-68.6951400648407,-17.633679859576578,-1.1344045625423562,True
96.10000000000001,-19.91429327419736,-1.8416477940067515,-130.66091490951086,-74.58036233465512,-19.108122915155914,-1.0785290215648708,-132.0643762466004,-68.75780154745419,-19.15688022314333,-2.858394565805323,True
96.15,-19.909607112280124,-1.8907693378403636,-130.7190337626297,-74.65389020714491,-19.09608453635408,-1.148111999846916,-132.05348436516113,-68.81302697930067,-19.156668778225352,-1.4839609578002477,True
96.2,-19.904796515383254,-1.9398436125389897,-130.77657187135293,-74.72717230780826,-19.380547295470016,-1.4746677199858709,-132.18042326123788,-68.8619660662006,-22.455980663595913,-4.413068271516841,True
96.25,-19.89986151357295,-1.988869391248336,-130.83391181366605,-74.80025825962292,-19.47984659197078,-1.5340163075432376,-132.18315605061215,-69.00182447895276,-20.604222597926555,-1.6883410452851584,True
96.30000000000001,-19.894802137692963,-2.0378454483265225,-130.89156391817926,-74.87339512969127,-19.480630958464726,-1.4732062597271989,-132.17514672476648,-69.18671147490612,-19.578629824836113,-0.4056170842490763,True
96.35000000000001,-19.889618419364382,-2.086770559374604,-130.94874933613605,-74.94592529611833,-19.525054119289592,-1.6733489982431997,-132.27046409500903,-69.13819223718889,-20.060526801031315,-3.281549151854277,True
96.4,-19.884310390985426,-2.1356435012673867,-131.00617551628503,-75.01797256291259,-19.3028546060131,-2.072557305462326,-132.38123833958062,-69.17445525944579,-17.122489631953663,-5.667962360873138,True
96.45,-19.87887808573125,-2.1844630521838866,-131.06352896991876,-75.08970496409965,-19.6023249332279,-2.116325588082122,-132.47085268798975,-69.21836611980034,-22.770863904433252,-2.0177553160099895,True
96.5,-19.873321537553753,-2.233227991637839,-131.1204031249601,-75.16164057884554,-19.26099712752654,-2.3256765760968885,-132.46611662116828,-69.34527295265535,-15.84464028765078,-3.9140352238824154,True
96.55000000000001,-19.867640781181336,-2.281937100508331,-131.1767435821153,-75.23366434854056,-19.185331724206982,-2.5424099578589376,-132.56156535469069,-69.35337002557303,-18.556674581306655,-4.163962763539946,True
96.60000000000001,-19.861835852118706,-2.3305891610701615,-131.23309038767002,-75.30531952639059,-18.997675902014883,-2.5743144726736515,-132.59655724653385,-69.4061472203298,-17.253039846189157,-2.2777549581381145,True
96.65,-19.855906786646656,-2.3791829570243324,-131.28907797546472,-75.37627335232365,-18.867145802306162,-2.056466879469792,-132.68282780857172,-69.49064322155583,-17.746086456026422,3.8109258274619506,True
96.7,-19.849853621821826,-2.427717273528511,-131.34551995316295,-75.44677722176208,-18.84197960793333,-2.311904165194722,-132.7090676359251,-69.66128098686828,-18.82241605309848,-4.44994777013452,True
96.75,-19.84367639547648,-2.476190897227277,-131.40201505098005,-75.51728493351355,-19.01492544640327,-2.6339356606370297,-132.81302472028395,-69.6746740974845,-21.002796576200687,-5.399282026369204,True
96.80000000000001,-19.83737514621825,-2.524602616282598,-131.45783532087484,-75.58766744482449,-19.09708473401377,-2.6826079618841585,-132.87794876520314,-69.75055692541531,-20.112915592840572,-2.6032036191309533,True
96.85000000000001,-19.830949913429933,-2.5729512204040015,-131.51302787707291,-75.65751948802273,-19.209319789916794,-2.5147573738608227,-132.86190936015092,-69.89049640147488,-20.511990829488827,-0.24011224014806143,True
96.9,-19.82440073726921,-2.6212355008788863,-131.56784557583586,-75.72778999635261,-19.360973920279886,-2.3858536684185445,-132.96516644242064,-69.88558876344246,-21.037705870118934,-0.5689018543756186,True
96.95,-19.817727658668417,-2.6694542506027705,-131.62259260199116,-75.79851742137821,-19.308726912500546,-2.6384788265201182,-133.01859370253132,-69.89453764308841,-18.87701552814727,-4.736601345380667,True
97.0,-19.810930719334262,-2.717606264109442,-131.6768980874687,-75.86878024288909,-19.5717150579385,-2.6548636480142327,-133.04453441044384,-70.0538078422238,-22.35229788669391,-2.2972039559750987,True
97.05000000000001,-19.804009961747603,-2.7656903376010518,-131.73108850871384,-75.93891962069485,-19.658685928814183,-2.5882232181561085,-133.08522020732224,-70.04885633486721,-20.587034852206532,-1.401211580114159,True
97.10000000000001,-19.796965429163148,-2.8137052689782505,-131.78509211345502,-76.00933839926009,-19.832705042613505,-2.684300438413355,-133.1845167855818,-70.22340013632063,-21.622875425543164,-3.180388699674154,True
97.15,-19.7897971656092,-2.8616498578702894,-131.83893888863093,-76.07975374408838,-19.640806802608083,-2.8263664127517165,-133.0964700547076,-70.351062166177,-17.67273391125047,-3.7741716345633867,True
97.2,-19.782505215887397,-2.909522905664908,-131.8929528435216,-76.15022481002849,-19.51514720901628,-3.178687978501125,-133.26532654366352,-70.31475890197795,-18.27042203768158,-6.237698674671398,True
97.25,-19.77508962557238,-2.95732321553844,-131.94657098255536,-76.22043000372794,-19.333485368100156,-3.103148485933601,-133.35619710884473,-70.3691702953234,-17.549547376841023,-1.740784430687259,True
97.30000000000001,-19.76755044101158,-3.005049592485611,-132.00046680487895,-76.29060393604163,-19.292272078306336,-3.2649743230284183,-133.37230811633373,-70.42917424472694,-18.983007063448472,-4.349485331787014,True
97.35000000000001,-19.759887709324875,-3.052700843349465,-132.05394818634136,-76.3605352332633,-19.22186772218029,-3.6012038969315037,-133.48165716976268,-70.52275857234412,-18.621117476152804,-6.429758966156108,True
97.4,-19.752101478404303,-3.1002757768512472,-132.10766634335317,-76.42979201655304,-19.281033942829637,-3.4611785159770783,-133.50082346787252,-70.5899258552066,-20.01512115400944,-1.3857739428566644,True
97.45,-19.744191796913793,-3.147773203620064,-132.1615318778168,-76.49889510447822,-19.117855081874566,-3.355197928222789,-133.525720191301,-70.71774285609565,-17.57357659466857,-1.6841952092243067,True
97.5,-19.736158714288823,-3.1951919362227366,-132.21633937930386,-76.56795501994074,-19.09507600292434,-2.9793955944446946,-133.59350386237423,-70.72301721857966,-19.01346967572103,1.3879546303186223,True
97.55000000000001,-19.728002280736128,-3.242530789193453,-132.27108211232795,-76.63712319127812,-19.372314945027853,-3.0257478064693313,-133.6692736835636,-70.84498127691045,-22.329460673305242,-3.054404686845462,True
97.60000000000001,-19.719722547233403,-3.289788579063288,-132.3256306514773,-76.70638453432225,-19.30440747713054,-2.985315309830814,-133.71978722668024,-70.90756928392553,-18.68380319833013,-2.1309755323053103,True
97.65,-19.71131956552895,-3.3369641243899895,-132.37974584294548,-76.77560001365075,-19.226301884419584,-3.4280639477055925,-133.75291025830498,-70.9403920745028,-18.519633109395798,-7.500182284121097,True
97.7,-19.702793388141373,-3.3840562457873977,-132.4332463137079,-76.84434526826992,-19.311566952221447,-3.340964194928788,-133.80004411854037,-70.9880554046835,-20.285769097768032,-1.931873571542667,True
97.75,-19.69414406835926,-3.4310637659548977,-132.48718252636178,-76.91270625768743,-19.388138766507733,-3.4131759211147155,-133.87506750084145,-71.18787896810613,-20.255964370705662,-3.661672051248771,True
97.80000000000001,-19.685371660240826,-3.4779855097069667,-132.54062639539143,-76.98153238686722,-19.09935396222802,-3.67751878296085,-133.86089681451222,-71.29014377984207,-16.23136237812629,-5.874536996792473,True
97.85000000000001,-19.676476218613598,-3.5248203040024375,-132.59412129954603,-77.04956529760896,-18.841703803785478,-3.7714357028535472,-133.95577260093,-71.22195194387972,-16.366526323385752,-4.178372386679066,True
97.9,-19.667457799074054,-3.5715669779738763,-132.6475203048823,-77.11771281313774,-18.909334787006085,-3.886886189545887,-134.03392398473002,-71.28282673907158,-19.798295162172447,-4.510349844703052,True
97.95,-19.658316457987283,-3.618224362956901,-132.70083592163002,-77.18597266963268,-18.92779856999026,-4.150237405700241,-134.05811748729622,-71.33697078517223,-19.296286951041573,-6.258685681399015,True
98.0,-19.649052252486648,-3.6647912925192836,-132.75419730005856,-77.25420333402924,-18.840249236885246,-3.8026276805537105,-134.16103369055386,-71.39966870802216,-18.12395439371442,0.34624594187957136,True
98.05000000000001,-19.639665240473395,-3.7112666024902454,-132.8077696474814,-77.32156794376375,-18.707221291036017,-4.086239516594629,-134.19906388843293,-71.45757954425814,-17.546591715349972,-6.45056269461603,True
98.10000000000001,-19.630155480616317,-3.7576491309894395,-132.86111460041988,-77.38859741510268,-18.5959482566546,-4.143924430177291,-134.25596568894375,-71.54287855447646,-17.683077937647074,-4.163963503963328,True
98.15,-19.62052303235139,-3.803937718456053,-132.91403274595314,-77.45544416687412,-18.9327669621449,-4.047346727441227,-134.339241672154,-71.6086152293436,-22.594787346578673,-2.5039598377936647,True
98.2,-19.61076795588138,-3.8501312076778267,-132.9673007388343,-77.52241208405695,-19.085233820944847,-3.810058275326495,-134.34523889019385,-71.64628913254938,-20.788213061366818,-0.8783761800520362,True
98.25,-19.600890312175476,-3.8962284438199517,-133.02045352343987,-77.58921416733357,-19.143990588587364,-4.042218695176158,-134.4283630359597,-71.69952901337238,-19.849352915842726,-5.949200685948485,True
98.30000000000001,-19.59089016296893,-3.9422282744539103,-133.07371974483252,-77.65506206465217,-18.91036824725075,-4.156936425439244,-134.4697686482978,-71.75814662886116,-16.63055605925852,-4.82546614286866,True
98.35000000000001,-19.58076757076264,-3.988129549586316,-133.12645261601614,-77.7204823869661,-18.889177742919454,-4.897643211494691,-134.53229384736227,-71.8436079400972,-18.822154821990953,-11.915222785724218,True
98.4,-19.570522598822766,-4.033931121687712,-133.1788780793582,-77.78596718433442,-18.947288609374578,-5.195178179408461,-134.56924844831573,-71.92768890979829,-19.692554392615808,-7.54188657951308,True
98.45,-19.560155311180363,-4.079631845721151,-133.23061552756639,-77.85147813567394,-18.900369476528283,-5.058622120047042,-134.65435174220414,-72.06067708739513,-18.563691394333855,-2.938413834244079,True
98.5,-19.54966577263093,-4.125230579170943,-133.28281157749356,-77.91665835923011,-19.045655228526627,-5.187554931518169,-134.64042311447324,-72.05100913590248,-20.67595853040839,-5.815755214249359,True
98.55000000000001,-19.53905404873406,-4.170726182071112,-133.3344976848622,-77.98137257325355,-19.085929455666292,-5.108720781355482,-134.73884283962448,-72.1512300752372,-19.604577356101423,-3.6149852820763217,True
98.60000000000001,-19.528320205812992,-4.216117517033938,-133.38600074095493,-78.04641150869932,-19.209331123431472,-5.290466090300805,-134.73302029413944,-72.21573686041441,-20.564239892331507,-6.484629428327534,True
98.65,-19.517464310954203,-4.261403449278443,-133.4376537531935,-78.11119723070503,-19.505759271452888,-4.899537389681006,-134.8232009142958,-72.26371121157051,-22.585510610458712,-0.24582669993274098,True
98.7,-19.506486432007005,-4.306582846658649,-133.4890013988358,-78.17560405834558,-19.176478004242036,-5.067044836944385,-134.8535114581925,-72.38205976589563,-15.824497214806334,-6.202386572111293,True
98.75,-19.495386637583106,-4.3516545796919885,-133.53963993608812,-78.239429182962,-19.44017808580026,-5.053488302097112,-134.9448827368007,-72.37543076987606,-22.196002531273816,-4.32584002235224,True
98.80000000000001,-19.484164997056176,-4.396617521587516,-133.58955496726617,-78.30359603694218,-19.53077518084845,-5.135059382540391,-134.9620663541375,-72.44562484553593,-20.46729198805727,-5.397397039298983,True
98.85000000000001,-19.472821580561448,-4.441470548273963,-133.6390399617363,-78.36678669763518,-19.643730175284695,-5.199886101207808,-135.04990860645066,-72.48269341302824,-20.79119935497218,-5.282180564978214,True
98.9,-19.46135645899523,-4.486212538428029,-133.68877517473916,-78.43001723270586,-19.794313246966308,-5.492763567687324,-135.11511801970224,-72.6664955614107,-21.299530281725943,-7.898459538804031,True
98.95,-19.44976970401449,-4.530842373502307,-133.73827262813958,-78.49329878223128,-19.858521881032477,-5.317792179730867,-135.05188306267175,-72.76482559573836,-20.44656025147117,-2.9125818491598308,True
99.0,-19.438061388036417,-4.575358937753213,-133.78752018544338,-78.55665341002808,-20.19717949434765,-5.332904722612715,-135.19754137131832,-72.77736464125977,-23.559591822128944,-4.917339050152332,True
99.05000000000001,-19.426231584237936,-4.6197611182689915,-133.83618057281925,-78.61967217719449,-20.66407644822082,-5.4027704051077965,-135.22595525295688,-72.79669940268887,-25.247080176454773,-5.552793686051674,True
99.10000000000001,-19.414280366555296,-4.664047804997424,-133.88478144938773,-78.6829217972353,-20.979517349505073,-5.157140042690859,-135.29711005027121,-72.85916033407001,-23.91610065222126,-2.1033886388860488,True
99.15,-19.40220780968356,-4.708217890773636,-133.93325522299142,-78.74540234447555,-21.007281536387627,-4.835537701677547,-135.33136954660745,-72.94749594570236,-20.950102335018453,-1.0843776204576963,True
99.2,-19.39001398907617,-4.752270271347814,-133.98185287502,-78.8079364170294,-21.184518778531967,-4.764891759709595,-135.28568600204179,-73.03533767359067,-22.647755778884935,-3.6634224285797474,True
99.25,-19.377698980944473,-4.796203845412705,-134.03007888393702,-78.87030340224827,-20.74660995814842,-4.931045742607861,-135.44582843380275,-73.02052188903416,-15.926040596489162,-6.260946496295136,True
99.30000000000001,-19.365262862257218,-4.840017514631279,-134.07826463914674,-78.93296936800122,-20.594196140702625,-4.662292168122496,-135.47671012616914,-73.19206122209668,-18.79670458259989,-1.5447515770803468,True
99.35000000000001,-19.35270571074011,-4.883710183664072,-134.12625969822696,-78.99570894962496,-20.343158016131326,-4.65884277636437,-135.52166725571445,-73.17184878116792,-17.589606825951897,-4.3099934260571935,True
99.4,-19.340027604875317,-4.927280760196617,-134.17430996364132,-79.0590803865258,-20.30918431048895,-4.9131180803738665,-135.5799213594772,-73.18494679964226,-19.830389049407497,-7.18908595452188,True
99.45,-19.327228623900943,-4.970728154966787,-134.22222171927328,-79.12233832190819,-19.952793541143787,-5.195461930705101,-135.60678003931875,-73.24969151328392,-16.211696455460054,-7.693124902949685,True
99.5,-19.314308847810583,-5.014051281791989,-134.2704179156033,-79.1855095854747,-19.967478874122705,-5.28771306569892,-135.65726600768247,-73.3269890776622,-20.089071424143903,-5.793965822051907,True
99.55000000000001,-19.301268357352797,-5.0572490575962945,-134.31843314581985,-79.24921491130236,-20.246858701953325,-5.18391533352932,-135.73206518107528,-73.37329509242419,-23.050138109342818,-3.687783683943576,True
99.60000000000001,-19.28810723403061,-5.100320402437544,-134.36655379132642,-79.31286216770259,-20.19367619345645,-4.989984021136432,-135.79402912454023,-73.44036270176021,-19.55200550722925,-2.610640743763051,True
99.65,-19.274825560100993,-5.143264239534389,-134.4142917212163,-79.37619181476039,-19.899466121599392,-5.302904026284137,-135.7726914700185,-73.49369498095912,-16.82545500324565,-8.13001031257651,True
99.7,-19.261423418574374,-5.186079495293107,-134.46121647242867,-79.43888384837452,-19.87797130263171,-5.495311956530601,-135.75848295573556,-73.62410981196705,-19.6537344976202,-7.0313432762625965,True
99.75,-19.24790089321408,-5.228765099334568,-134.50770378654528,-79.50178564602679,-19.954638744293778,-5.481548281990446,-135.8941518122487,-73.61963594967669,-20.740968246121348,-4.892267467914964,True
99.80000000000001,-19.234258068535862,-5.271319984520876,-134.5544908577421,-79.56523742849842,-20.031714763856414,-5.6380294308648295,-135.97104101719646,-73.68098631079212,-20.806980259514326,-6.789953336343002,True
99.85000000000001,-19.220495029807335,-5.313743086982104,-134.60129253736372,-79.62860239333627,-20.154749335807086,-5.978898887122881,-136.00509648195143,-73.77503193206307,-21.37424046678653,-8.968659906769934,True
99.9,-19.20661186304743,-5.356033346142928,-134.64860780000322,-79.69119426481527,-20.288286898249815,-5.728591991399511,-135.97906429528825,-73.89011356107991,-21.58379241797782,-2.641910781978279,True
99.95,-19.192608655025907,-5.398189704749044,-134.69585795323871,-79.75383937708447,-20.143253135631728,-5.9302244620494236,-136.06674916665577,-73.92319524637769,-18.572648456647137,-7.5173761781511415,True
