timestamp,sample_count,acc_mag,gyro_mag,is_walking,step_detected,step_count,speed_ms,distance,x,y,yaw
1788520468214.0,5,9.8,0.0,0,0,0,0.0,0.0,0.0,0.0,0.0
1788520468308.0,10,9.8,0.0,0,0,0,0.0,0.0,0.0,0.0,0.0
1788520468402.0,15,9.8,0.0,0,0,0,0.0,0.0,0.0,0.0,0.0
1788520468495.0,20,9.8,0.0,0,0,0,0.0,0.0,0.0,0.0,0.0
1788520468590.0,25,9.8,0.0,0,0,0,0.0,0.0,0.0,0.0,0.0
1788520468683.0,30,9.8,0.0,0,0,0,0.0,0.0,0.0,0.0,0.0
1788520468779.0,35,9.8,0.0,0,0,0,0.0,0.0,0.0,0.0,0.0
1788520468870.0,40,9.8,0.0,0,0,0,0.0,0.0,0.0,0.0,0.0
1788520468964.0,45,9.8,0.0,0,0,0,0.0,0.0,0.0,0.0,0.0
1788520469058.0,50,9.8,0.0,0,0,0,0.0,0.0,0.0,0.0,0.0
1788520469151.0,55,9.8,0.0,0,0,0,0.0,0.0,0.0,0.0,0.0
1788520469251.0,60,9.8,0.0,0,0,0,0.0,0.0,0.0,0.0,0.0
1788520469337.0,65,9.8,0.0,0,0,0,0.0,0.0,0.0,0.0,0.0
1788520469433.0,70,9.8,0.0,0,0,0,0.0,0.0,0.0,0.0,0.0
1788520469525.0,75,9.8,0.0,0,0,0,0.0,0.0,0.0,0.0,0.0
1788520469619.0,80,9.8,0.0,0,0,0,0.0,0.0,0.0,0.0,0.0
1788520469713.0,85,9.8,0.0,0,0,0,0.0,0.0,0.0,0.0,0.0
1788520469806.0,90,9.8,0.0,0,0,0,0.0,0.0,0.0,0.0,0.0
1788520469900.0,95,9.8,0.0,0,0,0,0.0,0.0,0.0,0.0,0.0
1788520469997.0,100,9.8,0.0,0,0,0,0.0,0.0,0.0,0.0,0.0
1788520470087.0,105,9.8,0.0,0,0,0,0.0,0.0,0.0,0.0,0.0
1788520470181.0,110,9.8,0.0,0,0,0,0.0,0.0,0.0,0.0,0.0
1788520470274.0,115,9.8,0.0,0,0,0,0.0,0.0,0.0,0.0,0.0
1788520470368.0,120,9.8,0.0,0,0,0,0.0,0.0,0.0,0.0,0.0
1788520470463.0,125,9.8,0.0,0,0,0,0.0,0.0,0.0,0.0,0.0
1788520470556.0,130,9.8,0.0,0,0,0,0.0,0.0,0.0,0.0,0.0
1788520470649.0,135,9.8,0.0,0,0,0,0.0,0.0,0.0,0.0,0.0
1788520470743.0,140,9.8,0.0,0,0,0,0.0,0.0,0.0,0.0,0.0
1788520470836.0,145,9.8,0.0,0,0,0,0.0,0.0,0.0,0.0,0.0
1788520470930.0,150,9.8,0.0,0,0,0,0.0,0.0,0.0,0.0,0.0
1788520471027.0,155,9.8,0.0,0,0,0,0.0,0.0,0.0,0.0,0.0
1788520471117.0,160,9.8,0.0,0,0,0,0.0,0.0,0.0,0.0,0.0
1788520471211.0,165,9.8,0.0,0,0,0,0.0,0.0,0.0,0.0,0.0
1788520471305.0,170,9.8,0.0,0,0,0,0.0,0.0,0.0,0.0,0.0
1788520471398.0,175,9.8,0.0,0,0,0,0.0,0.0,0.0,0.0,0.0
1788520471494.0,180,9.8,0.0,0,0,0,0.0,0.0,0.0,0.0,0.0
1788520471586.0,185,9.8,0.0,0,0,0,0.0,0.0,0.0,0.0,0.0
1788520471679.0,190,9.8,0.0,0,0,0,0.0,0.0,0.0,0.0,0.0
1788520471778.0,195,9.8,0.0,0,0,0,0.0,0.0,0.0,0.0,0.0
1788520471867.0,200,9.8,0.0,0,0,0,0.0,0.0,0.0,0.0,0.0
1788520471963.0,205,9.8,0.0,0,0,0,0.0,0.0,0.0,0.0,0.0
1788520472054.0,210,9.8,0.0,0,0,0,0.0,0.0,0.0,0.0,0.0
1788520472147.0,215,9.8,0.0,0,0,0,0.0,0.0,0.0,0.0,0.0
1788520472240.0,220,9.8,0.0,0,0,0,0.0,0.0,0.0,0.0,0.0
1788520472334.0,225,9.8,0.0,0,0,0,0.0,0.0,0.0,0.0,0.0
1788520472428.0,230,9.8,0.0,0,0,0,0.0,0.0,0.0,0.0,0.0
1788520472522.0,235,9.8,0.0,0,0,0,0.0,0.0,0.0,0.0,0.0
1788520472616.0,240,9.8,0.0,0,0,0,0.0,0.0,0.0,0.0,0.0
1788520472712.0,245,9.8,0.0,0,0,0,0.0,0.0,0.0,0.0,0.0
1788520472804.0,250,9.8,0.0,0,0,0,0.0,0.0,0.0,0.0,0.0
1788520472898.0,255,9.8,0.0,0,0,0,0.0,0.0,0.0,0.0,0.0
1788520472998.0,260,9.8,0.0,0,0,0,0.0,0.0,0.0,0.0,0.0
1788520473084.0,265,9.8,0.0,0,0,0,0.0,0.0,0.0,0.0,0.0
1788520473177.0,270,9.8,0.0,0,0,0,0.0,0.0,0.0,0.0,0.0
1788520473271.0,275,9.8,0.0,0,0,0,0.0,0.0,0.0,0.0,0.0
1788520473365.0,280,9.8,0.0,0,0,0,0.0,0.0,0.0,0.0,0.0
1788520473463.0,285,9.8,0.0,0,0,0,0.0,0.0,0.0,0.0,0.0
1788520473552.0,290,9.8,0.0,0,0,0,0.0,0.0,0.0,0.0,0.0
1788520473647.0,295,9.8,0.0,0,0,0,0.0,0.0,0.0,0.0,0.0
1788520473741.0,300,9.8,0.0,0,0,0,0.0,0.0,0.0,0.0,0.0
1788520473834.0,305,9.8,0.0,0,0,0,0.0,0.0,0.0,0.0,0.0
1788520473928.0,310,9.8,0.0,0,0,0,0.0,0.0,0.0,0.0,0.0
1788520474023.0,315,9.8,0.0,0,0,0,0.0,0.0,0.0,0.0,0.0
1788520474115.0,320,9.8,0.0,0,0,0,0.0,0.0,0.0,0.0,0.0
1788520474208.0,325,9.8,0.0,0,0,0,0.0,0.0,0.0,0.0,0.0
1788520474301.0,330,9.8,0.0,0,0,0,0.0,0.0,0.0,0.0,0.0
1788520474395.0,335,9.8,0.0,0,0,0,0.0,0.0,0.0,0.0,0.0
1788520474492.0,340,9.8,0.0,0,0,0,0.0,0.0,0.0,0.0,0.0
1788520474583.0,345,9.8,0.0,0,0,0,0.0,0.0,0.0,0.0,0.0
1788520474678.0,350,9.8,0.0,0,0,0,0.0,0.0,0.0,0.0,0.0
1788520474770.0,355,9.8,0.0,0,0,0,0.0,0.0,0.0,0.0,0.0
1788520474864.0,360,9.8,0.0,0,0,0,0.0,0.0,0.0,0.0,0.0
1788520474957.0,365,9.8,0.0,0,0,0,0.0,0.0,0.0,0.0,0.0
1788520475052.0,370,9.8,0.0,0,0,0,0.0,0.0,0.0,0.0,0.0
1788520475150.0,375,9.8,0.0,0,0,0,0.0,0.0,0.0,0.0,0.0
1788520475238.0,380,9.8,0.0,0,0,0,0.0,0.0,0.0,0.0,0.0
1788520475331.0,385,9.8,0.0,0,0,0,0.0,0.0,0.0,0.0,0.0
1788520475425.0,390,9.8,0.0,0,0,0,0.0,0.0,0.0,0.0,0.0
1788520475519.0,395,9.8,0.0,0,0,0,0.0,0.0,0.0,0.0,0.0
1788520475613.0,400,9.8,0.0,0,0,0,0.0,0.0,0.0,0.0,0.0
1788520475712.0,405,9.8,0.0,0,0,0,0.0,0.0,0.0,0.0,0.0
1788520475800.0,410,9.8,0.0,0,0,0,0.0,0.0,0.0,0.0,0.0
1788520475896.0,415,9.8,0.0,0,0,0,0.0,0.0,0.0,0.0,0.0
1788520475988.0,420,9.8,0.0,0,0,0,0.0,0.0,0.0,0.0,0.0
1788520476081.0,425,9.8,0.0,0,0,0,0.0,0.0,0.0,0.0,0.0
1788520476174.0,430,9.8,0.0,0,0,0,0.0,0.0,0.0,0.0,0.0
1788520476268.0,435,9.8,0.0,0,0,0,0.0,0.0,0.0,0.0,0.0
1788520476362.0,440,9.8,0.0,0,0,0,0.0,0.0,0.0,0.0,0.0
1788520476456.0,445,9.8,0.0,0,0,0,0.0,0.0,0.0,0.0,0.0
1788520476549.0,450,9.8,0.0,0,0,0,0.0,0.0,0.0,0.0,0.0
1788520476645.0,455,9.8,0.0,0,0,0,0.0,0.0,0.0,0.0,0.0
1788520476737.0,460,9.8,0.0,0,0,0,0.0,0.0,0.0,0.0,0.0
1788520476830.0,465,9.8,0.0,0,0,0,0.0,0.0,0.0,0.0,0.0
1788520476925.0,470,9.8,0.0,0,0,0,0.0,0.0,0.0,0.0,0.0
1788520477018.0,475,9.8,0.0,0,0,0,0.0,0.0,0.0,0.0,0.0
1788520477112.0,480,9.8,0.0,0,0,0,0.0,0.0,0.0,0.0,0.0
1788520477206.0,485,9.8,0.0,0,0,0,0.0,0.0,0.0,0.0,0.0
1788520477298.0,490,9.8,0.0,0,0,0,0.0,0.0,0.0,0.0,0.0
1788520477392.0,495,9.8,0.0,0,0,0,0.0,0.0,0.0,0.0,0.0
1788520477487.0,500,9.8,0.0,0,0,0,0.0,0.0,0.0,0.0,0.0
1788520477579.0,505,9.8,0.0,0,0,0,0.0,0.0,0.0,0.0,0.0
1788520477673.0,510,9.8,0.0,0,0,0,0.0,0.0,0.0,0.0,0.0
1788520477767.0,515,9.8,0.0,0,0,0,0.0,0.0,0.0,0.0,0.0
1788520477861.0,520,9.8,0.0,0,0,0,0.0,0.0,0.0,0.0,0.0
1788520477955.0,525,9.8,0.0,0,0,0,0.0,0.0,0.0,0.0,0.0
1788520478048.0,530,9.8,0.0,0,0,0,0.0,0.0,0.0,0.0,0.0
1788520478143.0,535,9.8,0.0,0,0,0,0.0,0.0,0.0,0.0,0.0
1788520478236.0,540,9.8,0.0,0,0,0,0.0,0.0,0.0,0.0,0.0
1788520478330.0,545,9.8,0.0,0,0,0,0.0,0.0,0.0,0.0,0.0
1788520478424.0,550,9.8,0.0,0,0,0,0.0,0.0,0.0,0.0,0.0
1788520478517.0,555,9.8,0.0,0,0,0,0.0,0.0,0.0,0.0,0.0
1788520478615.0,560,9.8,0.0,0,0,0,0.0,0.0,0.0,0.0,0.0
1788520478704.0,565,9.8,0.0,0,0,0,0.0,0.0,0.0,0.0,0.0
1788520478797.0,570,9.8,0.0,0,0,0,0.0,0.0,0.0,0.0,0.0
1788520478891.0,575,9.8,0.0,0,0,0,0.0,0.0,0.0,0.0,0.0
1788520478986.0,580,9.8,0.0,0,0,0,0.0,0.0,0.0,0.0,0.0
1788520479079.0,585,9.8,0.0,0,0,0,0.0,0.0,0.0,0.0,0.0
1788520479172.0,590,9.8,0.0,0,0,0,0.0,0.0,0.0,0.0,0.0
1788520479266.0,595,9.8,0.0,0,0,0,0.0,0.0,0.0,0.0,0.0
1788520479359.0,600,9.8,0.0,0,0,0,0.0,0.0,0.0,0.0,0.0
1788520479453.0,605,9.8,0.0,0,0,0,0.0,0.0,0.0,0.0,0.0
1788520479546.0,610,9.8,0.0,0,0,0,0.0,0.0,0.0,0.0,0.0
1788520479646.0,615,9.8,0.0,0,0,0,0.0,0.0,0.0,0.0,0.0
1788520479734.0,620,9.8,0.0,0,0,0,0.0,0.0,0.0,0.0,0.0
1788520479829.0,625,9.8,0.0,0,0,0,0.0,0.0,0.0,0.0,0.0
1788520479922.0,630,9.8,0.0,0,0,0,0.0,0.0,0.0,0.0,0.0
1788520480015.0,635,9.8,0.0,0,0,0,0.0,0.0,0.0,0.0,0.0
1788520480111.0,640,9.8,0.0,0,0,0,0.0,0.0,0.0,0.0,0.0
1788520480202.0,645,9.8,0.0,0,0,0,0.0,0.0,0.0,0.0,0.0
1788520480296.0,650,9.8,0.0,0,0,0,0.0,0.0,0.0,0.0,0.0
1788520480396.0,655,9.8,0.0,0,0,0,0.0,0.0,0.0,0.0,0.0
1788520480484.0,660,9.8,0.0,0,0,0,0.0,0.0,0.0,0.0,0.0
1788520480577.0,665,9.8,0.0,0,0,0,0.0,0.0,0.0,0.0,0.0
1788520480671.0,670,9.8,0.0,0,0,0,0.0,0.0,0.0,0.0,0.0
1788520480765.0,675,9.8,0.0,0,0,0,0.0,0.0,0.0,0.0,0.0
1788520480857.0,680,9.8,0.0,0,0,0,0.0,0.0,0.0,0.0,0.0
1788520480951.0,685,9.8,0.0,0,0,0,0.0,0.0,0.0,0.0,0.0
1788520481045.0,690,9.8,0.0,0,0,0,0.0,0.0,0.0,0.0,0.0
1788520481139.0,695,9.8,0.0,0,0,0,0.0,0.0,0.0,0.0,0.0
1788520481233.0,700,9.8,0.0,0,0,0,0.0,0.0,0.0,0.0,0.0
1788520481329.0,705,9.8,0.0,0,0,0,0.0,0.0,0.0,0.0,0.0
1788520481420.0,710,9.8,0.0,0,0,0,0.0,0.0,0.0,0.0,0.0
1788520481514.0,715,9.8,0.0,0,0,0,0.0,0.0,0.0,0.0,0.0
1788520481614.0,720,9.8,0.0,0,0,0,0.0,0.0,0.0,0.0,0.0
1788520481701.0,725,9.8,0.0,0,0,0,0.0,0.0,0.0,0.0,0.0
1788520481794.0,730,9.8,0.0,0,0,0,0.0,0.0,0.0,0.0,0.0
1788520481889.0,735,9.8,0.0,0,0,0,0.0,0.0,0.0,0.0,0.0
1788520481982.0,740,9.8,0.0,0,0,0,0.0,0.0,0.0,0.0,0.0
1788520482079.0,745,9.8,0.0,0,0,0,0.0,0.0,0.0,0.0,0.0
1788520482169.0,750,9.8,0.0,0,0,0,0.0,0.0,0.0,0.0,0.0
1788520482263.0,755,9.8,0.0,0,0,0,0.0,0.0,0.0,0.0,0.0
1788520482356.0,760,9.8,0.0,0,0,0,0.0,0.0,0.0,0.0,0.0
1788520482450.0,765,9.8,0.0,0,0,0,0.0,0.0,0.0,0.0,0.0
1788520482543.0,770,9.8,0.0,0,0,0,0.0,0.0,0.0,0.0,0.0
1788520482637.0,775,9.8,0.0,0,0,0,0.0,0.0,0.0,0.0,0.0
1788520482731.0,780,9.8,0.0,0,0,0,0.0,0.0,0.0,0.0,0.0
1788520482828.0,785,9.8,0.0,0,0,0,0.0,0.0,0.0,0.0,0.0
1788520482919.0,790,9.8,0.0,0,0,0,0.0,0.0,0.0,0.0,0.0
1788520483012.0,795,9.8,0.0,0,0,0,0.0,0.0,0.0,0.0,0.0
1788520483114.0,800,9.8,0.0,0,0,0,0.0,0.0,0.0,0.0,0.0
1788520483200.0,805,9.8,0.0,0,0,0,0.0,0.0,0.0,0.0,0.0
1788520483294.0,810,9.8,0.0,0,0,0,0.0,0.0,0.0,0.0,0.0
1788520483387.0,815,9.8,0.0,0,0,0,0.0,0.0,0.0,0.0,0.0
1788520483481.0,820,9.8,0.0,0,0,0,0.0,0.0,0.0,0.0,0.0
1788520483575.0,825,9.8,0.0,0,0,0,0.0,0.0,0.0,0.0,0.0
1788520483668.0,830,9.8,0.0,0,0,0,0.0,0.0,0.0,0.0,0.0
1788520483762.0,835,9.8,0.0,0,0,0,0.0,0.0,0.0,0.0,0.0
1788520483855.0,840,9.8,0.0,0,0,0,0.0,0.0,0.0,0.0,0.0
1788520483950.0,845,9.8,0.0,0,0,0,0.0,0.0,0.0,0.0,0.0
1788520484047.0,850,9.8,0.0,0,0,0,0.0,0.0,0.0,0.0,0.0
1788520484136.0,855,9.8,0.0,0,0,0,0.0,0.0,0.0,0.0,0.0
1788520484230.0,860,9.8,0.0,0,0,0,0.0,0.0,0.0,0.0,0.0
1788520484330.0,865,9.8,0.0,0,0,0,0.0,0.0,0.0,0.0,0.0
1788520484419.0,870,9.8,0.0,0,0,0,0.0,0.0,0.0,0.0,0.0
1788520484511.0,875,9.8,0.0,0,0,0,0.0,0.0,0.0,0.0,0.0
1788520484605.0,880,9.8,0.0,0,0,0,0.0,0.0,0.0,0.0,0.0
1788520484698.0,885,9.8,0.0,0,0,0,0.0,0.0,0.0,0.0,0.0
1788520484792.0,890,9.8,0.0,0,0,0,0.0,0.0,0.0,0.0,0.0
1788520484886.0,895,9.8,0.0,0,0,0,0.0,0.0,0.0,0.0,0.0
1788520484979.0,900,9.8,0.0,0,0,0,0.0,0.0,0.0,0.0,0.0
1788520485076.0,905,9.8,0.0,0,0,0,0.0,0.0,0.0,0.0,0.0
1788520485167.0,910,9.8,0.0,0,0,0,0.0,0.0,0.0,0.0,0.0
1788520485260.0,915,9.8,0.0,0,0,0,0.0,0.0,0.0,0.0,0.0
1788520485354.0,920,9.8,0.0,0,0,0,0.0,0.0,0.0,0.0,0.0
1788520485448.0,925,9.8,0.0,0,0,0,0.0,0.0,0.0,0.0,0.0
1788520485543.0,930,9.8,0.0,0,0,0,0.0,0.0,0.0,0.0,0.0
1788520485635.0,935,9.8,0.0,0,0,0,0.0,0.0,0.0,0.0,0.0
1788520485728.0,940,9.8,0.0,0,0,0,0.0,0.0,0.0,0.0,0.0
1788520485822.0,945,9.8,0.0,0,0,0,0.0,0.0,0.0,0.0,0.0
1788520485916.0,950,9.8,0.0,0,0,0,0.0,0.0,0.0,0.0,0.0
1788520486012.0,955,9.8,0.0,0,0,0,0.0,0.0,0.0,0.0,0.0
1788520486103.0,960,9.8,0.0,0,0,0,0.0,0.0,0.0,0.0,0.0
1788520486197.0,965,9.8,0.0,0,0,0,0.0,0.0,0.0,0.0,0.0
1788520486295.0,970,9.8,0.0,0,0,0,0.0,0.0,0.0,0.0,0.0
1788520486384.0,975,9.8,0.0,0,0,0,0.0,0.0,0.0,0.0,0.0
1788520486478.0,980,9.8,0.0,0,0,0,0.0,0.0,0.0,0.0,0.0
1788520486572.0,985,9.8,0.0,0,0,0,0.0,0.0,0.0,0.0,0.0
1788520486666.0,990,9.8,0.0,0,0,0,0.0,0.0,0.0,0.0,0.0
1788520486765.0,995,9.8,0.0,0,0,0,0.0,0.0,0.0,0.0,0.0
1788520486853.0,1000,9.8,0.0,0,0,0,0.0,0.0,0.0,0.0,0.0
1788520486947.0,1005,9.8,0.0,0,0,0,0.0,0.0,0.0,0.0,0.0
1788520487040.0,1010,9.8,0.0,0,0,0,0.0,0.0,0.0,0.0,0.0
1788520487134.0,1015,9.8,0.0,0,0,0,0.0,0.0,0.0,0.0,0.0
1788520487228.0,1020,9.8,0.0,0,0,0,0.0,0.0,0.0,0.0,0.0
1788520487323.0,1025,9.8,0.0,0,0,0,0.0,0.0,0.0,0.0,0.0
1788520487415.0,1030,9.8,0.0,0,0,0,0.0,0.0,0.0,0.0,0.0
1788520487510.0,1035,9.8,0.0,0,0,0,0.0,0.0,0.0,0.0,0.0
1788520487603.0,1040,9.8,0.0,0,0,0,0.0,0.0,0.0,0.0,0.0
1788520487696.0,1045,9.8,0.0,0,0,0,0.0,0.0,0.0,0.0,0.0
1788520487790.0,1050,9.8,0.0,0,0,0,0.0,0.0,0.0,0.0,0.0
1788520487883.0,1055,9.8,0.0,0,0,0,0.0,0.0,0.0,0.0,0.0
1788520487978.0,1060,9.8,0.0,0,0,0,0.0,0.0,0.0,0.0,0.0
1788520488071.0,1065,9.8,0.0,0,0,0,0.0,0.0,0.0,0.0,0.0
1788520488164.0,1070,9.8,0.0,0,0,0,0.0,0.0,0.0,0.0,0.0
1788520488258.0,1075,9.8,0.0,0,0,0,0.0,0.0,0.0,0.0,0.0
1788520488353.0,1080,9.8,0.0,0,0,0,0.0,0.0,0.0,0.0,0.0
1788520488444.0,1085,9.8,0.0,0,0,0,0.0,0.0,0.0,0.0,0.0
1788520488539.0,1090,9.8,0.0,0,0,0,0.0,0.0,0.0,0.0,0.0
1788520488632.0,1095,9.8,0.0,0,0,0,0.0,0.0,0.0,0.0,0.0
1788520488729.0,1100,9.8,0.0,0,0,0,0.0,0.0,0.0,0.0,0.0
1788520488820.0,1105,9.8,0.0,0,0,0,0.0,0.0,0.0,0.0,0.0
1788520488914.0,1110,9.8,0.0,0,0,0,0.0,0.0,0.0,0.0,0.0
1788520489013.0,1115,9.8,0.0,0,0,0,0.0,0.0,0.0,0.0,0.0
1788520489100.0,1120,9.8,0.0,0,0,0,0.0,0.0,0.0,0.0,0.0
1788520489197.0,1125,9.8,0.0,0,0,0,0.0,0.0,0.0,0.0,0.0
1788520489288.0,1130,9.8,0.0,0,0,0,0.0,0.0,0.0,0.0,0.0
1788520489382.0,1135,9.8,0.0,0,0,0,0.0,0.0,0.0,0.0,0.0
1788520489476.0,1140,9.8,0.0,0,0,0,0.0,0.0,0.0,0.0,0.0
1788520489569.0,1145,9.8,0.0,0,0,0,0.0,0.0,0.0,0.0,0.0
1788520489663.0,1150,9.8,0.0,0,0,0,0.0,0.0,0.0,0.0,0.0
1788520489762.0,1155,9.8,0.0,0,0,0,0.0,0.0,0.0,0.0,0.0
1788520489850.0,1160,9.8,0.0,0,0,0,0.0,0.0,0.0,0.0,0.0
1788520489944.0,1165,9.8,0.0,0,0,0,0.0,0.0,0.0,0.0,0.0
1788520490038.0,1170,9.8,0.0,0,0,0,0.0,0.0,0.0,0.0,0.0
1788520490131.0,1175,9.8,0.0,0,0,0,0.0,0.0,0.0,0.0,0.0
1788520490226.0,1180,9.8,0.0,0,0,0,0.0,0.0,0.0,0.0,0.0
1788520490318.0,1185,9.8,0.0,0,0,0,0.0,0.0,0.0,0.0,0.0
1788520490411.0,1190,9.8,0.0,0,0,0,0.0,0.0,0.0,0.0,0.0
1788520490511.0,1195,9.8,0.0,0,0,0,0.0,0.0,0.0,0.0,0.0
1788520490600.0,1200,9.8,0.0,0,0,0,0.0,0.0,0.0,0.0,0.0
1788520490695.0,1205,9.8,0.0,0,0,0,0.0,0.0,0.0,0.0,0.0
1788520490787.0,1210,9.8,0.0,0,0,0,0.0,0.0,0.0,0.0,0.0
1788520490881.0,1215,9.8,0.0,0,0,0,0.0,0.0,0.0,0.0,0.0
1788520490979.0,1220,9.8,0.0,0,0,0,0.0,0.0,0.0,0.0,0.0
1788520491068.0,1225,9.8,0.0,0,0,0,0.0,0.0,0.0,0.0,0.0
1788520491161.0,1230,9.8,0.0,0,0,0,0.0,0.0,0.0,0.0,0.0
1788520491255.0,1235,9.8,0.0,0,0,0,0.0,0.0,0.0,0.0,0.0
1788520491349.0,1240,9.8,0.0,0,0,0,0.0,0.0,0.0,0.0,0.0
1788520491442.0,1245,9.8,0.0,0,0,0,0.0,0.0,0.0,0.0,0.0
1788520491536.0,1250,9.8,0.0,0,0,0,0.0,0.0,0.0,0.0,0.0
1788520491630.0,1255,9.8,0.0,0,0,0,0.0,0.0,0.0,0.0,0.0
1788520491723.0,1260,9.8,0.0,0,0,0,0.0,0.0,0.0,0.0,0.0
1788520491816.0,1265,9.8,0.0,0,0,0,0.0,0.0,0.0,0.0,0.0
1788520491913.0,1270,9.8,0.0,0,0,0,0.0,0.0,0.0,0.0,0.0
1788520492004.0,1275,9.8,0.0,0,0,0,0.0,0.0,0.0,0.0,0.0
1788520492098.0,1280,9.8,0.0,0,0,0,0.0,0.0,0.0,0.0,0.0
1788520492192.0,1285,9.8,0.0,0,0,0,0.0,0.0,0.0,0.0,0.0
1788520492285.0,1290,9.8,0.0,0,0,0,0.0,0.0,0.0,0.0,0.0
1788520492379.0,1295,9.8,0.0,0,0,0,0.0,0.0,0.0,0.0,0.0
1788520492473.0,1300,9.8,0.0,0,0,0,0.0,0.0,0.0,0.0,0.0
1788520492566.0,1305,9.8,0.0,0,0,0,0.0,0.0,0.0,0.0,0.0
1788520492660.0,1310,9.8,0.0,0,0,0,0.0,0.0,0.0,0.0,0.0
1788520492753.0,1315,9.8,0.0,0,0,0,0.0,0.0,0.0,0.0,0.0
1788520492847.0,1320,9.8,0.0,0,0,0,0.0,0.0,0.0,0.0,0.0
1788520492945.0,1325,9.8,0.0,0,0,0,0.0,0.0,0.0,0.0,0.0
1788520493034.0,1330,9.8,0.0,0,0,0,0.0,0.0,0.0,0.0,0.0
1788520493128.0,1335,9.8,0.0,0,0,0,0.0,0.0,0.0,0.0,0.0
1788520493221.0,1340,9.8,0.0,0,0,0,0.0,0.0,0.0,0.0,0.0
1788520493315.0,1345,9.8,0.0,0,0,0,0.0,0.0,0.0,0.0,0.0
1788520493414.0,1350,9.8,0.0,0,0,0,0.0,0.0,0.0,0.0,0.0
1788520493502.0,1355,9.8,0.0,0,0,0,0.0,0.0,0.0,0.0,0.0
1788520493596.0,1360,9.8,0.0,0,0,0,0.0,0.0,0.0,0.0,0.0
1788520493698.0,1365,9.8,0.0,0,0,0,0.0,0.0,0.0,0.0,0.0
1788520493783.0,1370,9.8,0.0,0,0,0,0.0,0.0,0.0,0.0,0.0
1788520493878.0,1375,9.8,0.0,0,0,0,0.0,0.0,0.0,0.0,0.0
1788520493971.0,1380,9.8,0.0,0,0,0,0.0,0.0,0.0,0.0,0.0
1788520494064.0,1385,9.8,0.0,0,0,0,0.0,0.0,0.0,0.0,0.0
1788520494159.0,1390,9.8,0.0,0,0,0,0.0,0.0,0.0,0.0,0.0
1788520494252.0,1395,9.8,0.0,0,0,0,0.0,0.0,0.0,0.0,0.0
1788520494346.0,1400,9.8,0.0,0,0,0,0.0,0.0,0.0,0.0,0.0
1788520494447.0,1405,9.8,0.0,0,0,0,0.0,0.0,0.0,0.0,0.0
1788520494533.0,1410,9.8,0.0,0,0,0,0.0,0.0,0.0,0.0,0.0
1788520494630.0,1415,9.8,0.0,0,0,0,0.0,0.0,0.0,0.0,0.0
1788520494720.0,1420,9.8,0.0,0,0,0,0.0,0.0,0.0,0.0,0.0
1788520494813.0,1425,9.8,0.0,0,0,0,0.0,0.0,0.0,0.0,0.0
1788520494913.0,1430,9.8,0.0,0,0,0,0.0,0.0,0.0,0.0,0.0
1788520495001.0,1435,9.8,0.0,0,0,0,0.0,0.0,0.0,0.0,0.0
1788520495094.0,1440,9.8,0.0,0,0,0,0.0,0.0,0.0,0.0,0.0
1788520495188.0,1445,9.8,0.0,0,0,0,0.0,0.0,0.0,0.0,0.0
1788520495282.0,1450,9.8,0.0,0,0,0,0.0,0.0,0.0,0.0,0.0
1788520495378.0,1455,9.8,0.0,0,0,0,0.0,0.0,0.0,0.0,0.0
1788520495469.0,1460,9.8,0.0,0,0,0,0.0,0.0,0.0,0.0,0.0
1788520495562.0,1465,9.8,0.0,0,0,0,0.0,0.0,0.0,0.0,0.0
1788520495660.0,1470,9.8,0.0,0,0,0,0.0,0.0,0.0,0.0,0.0
1788520495750.0,1475,9.8,0.0,0,0,0,0.0,0.0,0.0,0.0,0.0
1788520495844.0,1480,9.8,0.0,0,0,0,0.0,0.0,0.0,0.0,0.0
1788520495938.0,1485,9.8,0.0,0,0,0,0.0,0.0,0.0,0.0,0.0
1788520496031.0,1490,9.8,0.0,0,0,0,0.0,0.0,0.0,0.0,0.0
1788520496125.0,1495,9.8,0.0,0,0,0,0.0,0.0,0.0,0.0,0.0
1788520496218.0,1500,9.8,0.0,0,0,0,0.0,0.0,0.0,0.0,0.0
1788520496312.0,1505,9.8,0.0,0,0,0,0.0,0.0,0.0,0.0,0.0
1788520496406.0,1510,9.8,0.0,0,0,0,0.0,0.0,0.0,0.0,0.0
1788520496499.0,1515,9.8,0.0,0,0,0,0.0,0.0,0.0,0.0,0.0
1788520496593.0,1520,9.8,0.0,0,0,0,0.0,0.0,0.0,0.0,0.0
1788520496687.0,1525,9.8,0.0,0,0,0,0.0,0.0,0.0,0.0,0.0
1788520496781.0,1530,9.8,0.0,0,0,0,0.0,0.0,0.0,0.0,0.0
1788520496878.0,1535,9.8,0.0,0,0,0,0.0,0.0,0.0,0.0,0.0
1788520496968.0,1540,9.8,0.0,0,0,0,0.0,0.0,0.0,0.0,0.0
1788520497063.0,1545,9.8,0.0,0,0,0,0.0,0.0,0.0,0.0,0.0
1788520497155.0,1550,9.8,0.0,0,0,0,0.0,0.0,0.0,0.0,0.0
1788520497249.0,1555,9.8,0.0,0,0,0,0.0,0.0,0.0,0.0,0.0
1788520497342.0,1560,9.8,0.0,0,0,0,0.0,0.0,0.0,0.0,0.0
1788520497437.0,1565,9.8,0.0,0,0,0,0.0,0.0,0.0,0.0,0.0
1788520497531.0,1570,9.8,0.0,0,0,0,0.0,0.0,0.0,0.0,0.0
1788520497624.0,1575,9.8,0.0,0,0,0,0.0,0.0,0.0,0.0,0.0
1788520497718.0,1580,9.8,0.0,0,0,0,0.0,0.0,0.0,0.0,0.0
1788520497815.0,1585,9.8,0.0,0,0,0,0.0,0.0,0.0,0.0,0.0
1788520497905.0,1590,9.8,0.0,0,0,0,0.0,0.0,0.0,0.0,0.0
1788520497998.0,1595,9.8,0.0,0,0,0,0.0,0.0,0.0,0.0,0.0
1788520498097.0,1600,9.8,0.0,0,0,0,0.0,0.0,0.0,0.0,0.0
1788520498186.0,1605,9.8,0.0,0,0,0,0.0,0.0,0.0,0.0,0.0
1788520498280.0,1610,9.8,0.0,0,0,0,0.0,0.0,0.0,0.0,0.0
1788520498380.0,1615,9.8,0.0,0,0,0,0.0,0.0,0.0,0.0,0.0
1788520498467.0,1620,9.8,0.0,0,0,0,0.0,0.0,0.0,0.0,0.0
1788520498561.0,1625,9.8,0.0,0,0,0,0.0,0.0,0.0,0.0,0.0
1788520498654.0,1630,9.8,0.0,0,0,0,0.0,0.0,0.0,0.0,0.0
1788520498748.0,1635,9.8,0.0,0,0,0,0.0,0.0,0.0,0.0,0.0
1788520498845.0,1640,9.8,0.0,0,0,0,0.0,0.0,0.0,0.0,0.0
1788520498935.0,1645,9.8,0.0,0,0,0,0.0,0.0,0.0,0.0,0.0
1788520499029.0,1650,9.8,0.0,0,0,0,0.0,0.0,0.0,0.0,0.0
1788520499128.0,1655,9.8,0.0,0,0,0,0.0,0.0,0.0,0.0,0.0
1788520499216.0,1660,9.8,0.0,0,0,0,0.0,0.0,0.0,0.0,0.0
1788520499309.0,1665,9.8,0.0,0,0,0,0.0,0.0,0.0,0.0,0.0
1788520499404.0,1670,9.8,0.0,0,0,0,0.0,0.0,0.0,0.0,0.0
1788520499496.0,1675,9.8,0.0,0,0,0,0.0,0.0,0.0,0.0,0.0
1788520499594.0,1680,9.8,0.0,0,0,0,0.0,0.0,0.0,0.0,0.0
1788520499685.0,1685,9.8,0.0,0,0,0,0.0,0.0,0.0,0.0,0.0
1788520499778.0,1690,9.8,0.0,0,0,0,0.0,0.0,0.0,0.0,0.0
1788520499872.0,1695,9.8,0.0,0,0,0,0.0,0.0,0.0,0.0,0.0
1788520499965.0,1700,9.8,0.0,0,0,0,0.0,0.0,0.0,0.0,0.0
1788520500059.0,1705,9.8,0.0,0,0,0,0.0,0.0,0.0,0.0,0.0
1788520500152.0,1710,9.8,0.0,0,0,0,0.0,0.0,0.0,0.0,0.0
1788520500246.0,1715,9.8,0.0,0,0,0,0.0,0.0,0.0,0.0,0.0
1788520500340.0,1720,9.8,0.0,0,0,0,0.0,0.0,0.0,0.0,0.0
1788520500433.0,1725,9.8,0.0,0,0,0,0.0,0.0,0.0,0.0,0.0
1788520500528.0,1730,9.8,0.0,0,0,0,0.0,0.0,0.0,0.0,0.0
1788520500620.0,1735,9.8,0.0,0,0,0,0.0,0.0,0.0,0.0,0.0
1788520500714.0,1740,9.8,0.0,0,0,0,0.0,0.0,0.0,0.0,0.0
1788520500811.0,1745,9.8,0.0,0,0,0,0.0,0.0,0.0,0.0,0.0
1788520500902.0,1750,9.8,0.0,0,0,0,0.0,0.0,0.0,0.0,0.0
1788520500996.0,1755,9.8,0.0,0,0,0,0.0,0.0,0.0,0.0,0.0
1788520501089.0,1760,9.8,0.0,0,0,0,0.0,0.0,0.0,0.0,0.0
1788520501183.0,1765,9.8,0.0,0,0,0,0.0,0.0,0.0,0.0,0.0
1788520501277.0,1770,9.8,0.0,0,0,0,0.0,0.0,0.0,0.0,0.0
1788520501370.0,1775,9.8,0.0,0,0,0,0.0,0.0,0.0,0.0,0.0
1788520501464.0,1780,9.8,0.0,0,0,0,0.0,0.0,0.0,0.0,0.0
1788520501558.0,1785,9.8,0.0,0,0,0,0.0,0.0,0.0,0.0,0.0
1788520501651.0,1790,9.8,0.0,0,0,0,0.0,0.0,0.0,0.0,0.0
1788520501745.0,1795,9.8,0.0,0,0,0,0.0,0.0,0.0,0.0,0.0
1788520501838.0,1800,9.8,0.0,0,0,0,0.0,0.0,0.0,0.0,0.0
1788520501932.0,1805,9.8,0.0,0,0,0,0.0,0.0,0.0,0.0,0.0
1788520502025.0,1810,9.8,0.0,0,0,0,0.0,0.0,0.0,0.0,0.0
1788520502119.0,1815,9.8,0.0,0,0,0,0.0,0.0,0.0,0.0,0.0
1788520502213.0,1820,9.8,0.0,0,0,0,0.0,0.0,0.0,0.0,0.0
1788520502307.0,1825,9.8,0.0,0,0,0,0.0,0.0,0.0,0.0,0.0
1788520502400.0,1830,9.8,0.0,0,0,0,0.0,0.0,0.0,0.0,0.0
1788520502494.0,1835,9.8,0.0,0,0,0,0.0,0.0,0.0,0.0,0.0
1788520502589.0,1840,9.8,0.0,0,0,0,0.0,0.0,0.0,0.0,0.0
1788520502681.0,1845,9.8,0.0,0,0,0,0.0,0.0,0.0,0.0,0.0
1788520502781.0,1850,9.8,0.0,0,0,0,0.0,0.0,0.0,0.0,0.0
1788520502869.0,1855,9.8,0.0,0,0,0,0.0,0.0,0.0,0.0,0.0
1788520502962.0,1860,9.8,0.0,0,0,0,0.0,0.0,0.0,0.0,0.0
1788520503056.0,1865,9.8,0.0,0,0,0,0.0,0.0,0.0,0.0,0.0
1788520503149.0,1870,9.8,0.0,0,0,0,0.0,0.0,0.0,0.0,0.0
1788520503245.0,1875,9.8,0.0,0,0,0,0.0,0.0,0.0,0.0,0.0
1788520503337.0,1880,9.8,0.0,0,0,0,0.0,0.0,0.0,0.0,0.0
1788520503431.0,1885,9.8,0.0,0,0,0,0.0,0.0,0.0,0.0,0.0
1788520503524.0,1890,9.8,0.0,0,0,0,0.0,0.0,0.0,0.0,0.0
1788520503619.0,1895,9.8,0.0,0,0,0,0.0,0.0,0.0,0.0,0.0
1788520503711.0,1900,9.8,0.0,0,0,0,0.0,0.0,0.0,0.0,0.0
1788520503805.0,1905,9.8,0.0,0,0,0,0.0,0.0,0.0,0.0,0.0
1788520503899.0,1910,9.8,0.0,0,0,0,0.0,0.0,0.0,0.0,0.0
1788520503995.0,1915,9.8,0.0,0,0,0,0.0,0.0,0.0,0.0,0.0
1788520504086.0,1920,9.8,0.0,0,0,0,0.0,0.0,0.0,0.0,0.0
1788520504180.0,1925,9.8,0.0,0,0,0,0.0,0.0,0.0,0.0,0.0
1788520504273.0,1930,9.8,0.0,0,0,0,0.0,0.0,0.0,0.0,0.0
1788520504367.0,1935,9.8,0.0,0,0,0,0.0,0.0,0.0,0.0,0.0
1788520504461.0,1940,9.8,0.0,0,0,0,0.0,0.0,0.0,0.0,0.0
1788520504554.0,1945,9.8,0.0,0,0,0,0.0,0.0,0.0,0.0,0.0
1788520504648.0,1950,9.8,0.0,0,0,0,0.0,0.0,0.0,0.0,0.0
1788520504744.0,1955,9.8,0.0,0,0,0,0.0,0.0,0.0,0.0,0.0
1788520504835.0,1960,9.8,0.0,0,0,0,0.0,0.0,0.0,0.0,0.0
1788520504929.0,1965,9.8,0.0,0,0,0,0.0,0.0,0.0,0.0,0.0
1788520505023.0,1970,9.8,0.0,0,0,0,0.0,0.0,0.0,0.0,0.0
1788520505116.0,1975,9.8,0.0,0,0,0,0.0,0.0,0.0,0.0,0.0
1788520505210.0,1980,9.8,0.0,0,0,0,0.0,0.0,0.0,0.0,0.0
1788520505304.0,1985,9.8,0.0,0,0,0,0.0,0.0,0.0,0.0,0.0
1788520505398.0,1990,9.8,0.0,0,0,0,0.0,0.0,0.0,0.0,0.0
1788520505491.0,1995,9.8,0.0,0,0,0,0.0,0.0,0.0,0.0,0.0
1788520505584.0,2000,9.8,0.0,0,0,0,0.0,0.0,0.0,0.0,0.0
1788520505679.0,2005,9.8,0.0,0,0,0,0.0,0.0,0.0,0.0,0.0
1788520505772.0,2010,9.8,0.0,0,0,0,0.0,0.0,0.0,0.0,0.0
1788520505865.0,2015,9.8,0.0,0,0,0,0.0,0.0,0.0,0.0,0.0
1788520505961.0,2020,9.8,0.0,0,0,0,0.0,0.0,0.0,0.0,0.0
1788520506053.0,2025,9.8,0.0,0,0,0,0.0,0.0,0.0,0.0,0.0
1788520506153.0,2030,9.8,0.0,0,0,0,0.0,0.0,0.0,0.0,0.0
1788520506241.0,2035,9.8,0.0,0,0,0,0.0,0.0,0.0,0.0,0.0
1788520506334.0,2040,9.8,0.0,0,0,0,0.0,0.0,0.0,0.0,0.0
1788520506427.0,2045,9.8,0.0,0,0,0,0.0,0.0,0.0,0.0,0.0
1788520506521.0,2050,9.8,0.0,0,0,0,0.0,0.0,0.0,0.0,0.0
1788520506615.0,2055,9.8,0.0,0,0,0,0.0,0.0,0.0,0.0,0.0
1788520506713.0,2060,9.8,0.0,0,0,0,0.0,0.0,0.0,0.0,0.0
1788520506802.0,2065,9.8,0.0,0,0,0,0.0,0.0,0.0,0.0,0.0
1788520506897.0,2070,9.8,0.0,0,0,0,0.0,0.0,0.0,0.0,0.0
1788520506995.0,2075,9.8,0.0,0,0,0,0.0,0.0,0.0,0.0,0.0
1788520507083.0,2080,9.8,0.0,0,0,0,0.0,0.0,0.0,0.0,0.0
1788520507177.0,2085,9.8,0.0,0,0,0,0.0,0.0,0.0,0.0,0.0
1788520507271.0,2090,9.8,0.0,0,0,0,0.0,0.0,0.0,0.0,0.0
1788520507364.0,2095,9.8,0.0,0,0,0,0.0,0.0,0.0,0.0,0.0
1788520507458.0,2100,9.8,0.0,0,0,0,0.0,0.0,0.0,0.0,0.0
1788520507552.0,2105,9.8,0.0,0,0,0,0.0,0.0,0.0,0.0,0.0
1788520507646.0,2110,9.8,0.0,0,0,0,0.0,0.0,0.0,0.0,0.0
1788520507739.0,2115,9.8,0.0,0,0,0,0.0,0.0,0.0,0.0,0.0
1788520507833.0,2120,9.8,0.0,0,0,0,0.0,0.0,0.0,0.0,0.0
1788520507926.0,2125,9.8,0.0,0,0,0,0.0,0.0,0.0,0.0,0.0
1788520508020.0,2130,9.8,0.0,0,0,0,0.0,0.0,0.0,0.0,0.0
1788520508114.0,2135,9.8,0.0,0,0,0,0.0,0.0,0.0,0.0,0.0
1788520508207.0,2140,9.8,0.0,0,0,0,0.0,0.0,0.0,0.0,0.0
1788520508302.0,2145,9.8,0.0,0,0,0,0.0,0.0,0.0,0.0,0.0
1788520508395.0,2150,9.8,0.0,0,0,0,0.0,0.0,0.0,0.0,0.0
1788520508489.0,2155,9.8,0.0,0,0,0,0.0,0.0,0.0,0.0,0.0
1788520508581.0,2160,9.8,0.0,0,0,0,0.0,0.0,0.0,0.0,0.0
1788520508679.0,2165,9.8,0.0,0,0,0,0.0,0.0,0.0,0.0,0.0
1788520508769.0,2170,9.8,0.0,0,0,0,0.0,0.0,0.0,0.0,0.0
1788520508863.0,2175,9.8,0.0,0,0,0,0.0,0.0,0.0,0.0,0.0
1788520508957.0,2180,9.8,0.0,0,0,0,0.0,0.0,0.0,0.0,0.0
1788520509050.0,2185,9.8,0.0,0,0,0,0.0,0.0,0.0,0.0,0.0
1788520509148.0,2190,9.8,0.0,0,0,0,0.0,0.0,0.0,0.0,0.0
1788520509237.0,2195,9.8,0.0,0,0,0,0.0,0.0,0.0,0.0,0.0
1788520509331.0,2200,9.8,0.0,0,0,0,0.0,0.0,0.0,0.0,0.0
1788520509428.0,2205,9.8,0.0,0,0,0,0.0,0.0,0.0,0.0,0.0
1788520509518.0,2210,9.8,0.0,0,0,0,0.0,0.0,0.0,0.0,0.0
1788520509613.0,2215,9.8,0.0,0,0,0,0.0,0.0,0.0,0.0,0.0
1788520509705.0,2220,9.8,0.0,0,0,0,0.0,0.0,0.0,0.0,0.0
1788520509799.0,2225,9.8,0.0,0,0,0,0.0,0.0,0.0,0.0,0.0
1788520509894.0,2230,9.8,0.0,0,0,0,0.0,0.0,0.0,0.0,0.0
1788520509987.0,2235,9.8,0.0,0,0,0,0.0,0.0,0.0,0.0,0.0
1788520510080.0,2240,9.8,0.0,0,0,0,0.0,0.0,0.0,0.0,0.0
1788520510174.0,2245,9.8,0.0,0,0,0,0.0,0.0,0.0,0.0,0.0
1788520510267.0,2250,9.8,0.0,0,0,0,0.0,0.0,0.0,0.0,0.0
1788520510361.0,2255,9.8,0.0,0,0,0,0.0,0.0,0.0,0.0,0.0
1788520510455.0,2260,9.8,0.0,0,0,0,0.0,0.0,0.0,0.0,0.0
1788520510548.0,2265,9.8,0.0,0,0,0,0.0,0.0,0.0,0.0,0.0
1788520510646.0,2270,9.8,0.0,0,0,0,0.0,0.0,0.0,0.0,0.0
1788520510735.0,2275,9.8,0.0,0,0,0,0.0,0.0,0.0,0.0,0.0
1788520510829.0,2280,9.8,0.0,0,0,0,0.0,0.0,0.0,0.0,0.0
1788520510929.0,2285,9.8,0.0,0,0,0,0.0,0.0,0.0,0.0,0.0
1788520511016.0,2290,9.8,0.0,0,0,0,0.0,0.0,0.0,0.0,0.0
1788520511113.0,2295,9.8,0.0,0,0,0,0.0,0.0,0.0,0.0,0.0
1788520511204.0,2300,9.8,0.0,0,0,0,0.0,0.0,0.0,0.0,0.0
1788520511297.0,2305,9.8,0.0,0,0,0,0.0,0.0,0.0,0.0,0.0
1788520511391.0,2310,9.8,0.0,0,0,0,0.0,0.0,0.0,0.0,0.0
1788520511485.0,2315,9.8,0.0,0,0,0,0.0,0.0,0.0,0.0,0.0
1788520511578.0,2320,9.8,0.0,0,0,0,0.0,0.0,0.0,0.0,0.0
1788520511673.0,2325,9.8,0.0,0,0,0,0.0,0.0,0.0,0.0,0.0
1788520511765.0,2330,9.8,0.0,0,0,0,0.0,0.0,0.0,0.0,0.0
1788520511859.0,2335,9.8,0.0,0,0,0,0.0,0.0,0.0,0.0,0.0
1788520511953.0,2340,9.8,0.0,0,0,0,0.0,0.0,0.0,0.0,0.0
1788520512047.0,2345,9.8,0.0,0,0,0,0.0,0.0,0.0,0.0,0.0
1788520512141.0,2350,9.8,0.0,0,0,0,0.0,0.0,0.0,0.0,0.0
1788520512234.0,2355,9.8,0.0,0,0,0,0.0,0.0,0.0,0.0,0.0
1788520512329.0,2360,9.8,0.0,0,0,0,0.0,0.0,0.0,0.0,0.0
1788520512421.0,2365,9.8,0.0,0,0,0,0.0,0.0,0.0,0.0,0.0
1788520512515.0,2370,9.8,0.0,0,0,0,0.0,0.0,0.0,0.0,0.0
1788520512609.0,2375,9.8,0.0,0,0,0,0.0,0.0,0.0,0.0,0.0
1788520512702.0,2380,9.8,0.0,0,0,0,0.0,0.0,0.0,0.0,0.0
1788520512797.0,2385,9.8,0.0,0,0,0,0.0,0.0,0.0,0.0,0.0
1788520512889.0,2390,9.8,0.0,0,0,0,0.0,0.0,0.0,0.0,0.0
1788520512983.0,2395,9.8,0.0,0,0,0,0.0,0.0,0.0,0.0,0.0
1788520513078.0,2400,9.8,0.0,0,0,0,0.0,0.0,0.0,0.0,0.0
1788520513170.0,2405,9.8,0.0,0,0,0,0.0,0.0,0.0,0.0,0.0
1788520513264.0,2410,9.8,0.0,0,0,0,0.0,0.0,0.0,0.0,0.0
1788520513363.0,2415,9.8,0.0,0,0,0,0.0,0.0,0.0,0.0,0.0
1788520513452.0,2420,9.8,0.0,0,0,0,0.0,0.0,0.0,0.0,0.0
1788520513545.0,2425,9.8,0.0,0,0,0,0.0,0.0,0.0,0.0,0.0
1788520513644.0,2430,9.8,0.0,0,0,0,0.0,0.0,0.0,0.0,0.0
1788520513733.0,2435,9.8,0.0,0,0,0,0.0,0.0,0.0,0.0,0.0
1788520513828.0,2440,9.8,0.0,0,0,0,0.0,0.0,0.0,0.0,0.0
1788520513920.0,2445,9.8,0.0,0,0,0,0.0,0.0,0.0,0.0,0.0
1788520514013.0,2450,9.8,0.0,0,0,0,0.0,0.0,0.0,0.0,0.0
1788520514108.0,2455,9.8,0.0,0,0,0,0.0,0.0,0.0,0.0,0.0
1788520514201.0,2460,9.8,0.0,0,0,0,0.0,0.0,0.0,0.0,0.0
1788520514295.0,2465,9.8,0.0,0,0,0,0.0,0.0,0.0,0.0,0.0
1788520514388.0,2470,9.8,0.0,0,0,0,0.0,0.0,0.0,0.0,0.0
1788520514482.0,2475,9.8,0.0,0,0,0,0.0,0.0,0.0,0.0,0.0
1788520514577.0,2480,9.8,0.0,0,0,0,0.0,0.0,0.0,0.0,0.0
1788520514671.0,2485,9.8,0.0,0,0,0,0.0,0.0,0.0,0.0,0.0
1788520514763.0,2490,9.8,0.0,0,0,0,0.0,0.0,0.0,0.0,0.0
1788520514862.0,2495,9.8,0.0,0,0,0,0.0,0.0,0.0,0.0,0.0
1788520514950.0,2500,9.8,0.0,0,0,0,0.0,0.0,0.0,0.0,0.0
1788520515044.0,2505,9.8,0.0,0,0,0,0.0,0.0,0.0,0.0,0.0
1788520515137.0,2510,9.8,0.0,0,0,0,0.0,0.0,0.0,0.0,0.0
1788520515232.0,2515,9.8,0.0,0,0,0,0.0,0.0,0.0,0.0,0.0
1788520515324.0,2520,9.8,0.0,0,0,0,0.0,0.0,0.0,0.0,0.0
1788520515419.0,2525,9.8,0.0,0,0,0,0.0,0.0,0.0,0.0,0.0
1788520515512.0,2530,9.8,0.0,0,0,0,0.0,0.0,0.0,0.0,0.0
1788520515609.0,2535,9.8,0.0,0,0,0,0.0,0.0,0.0,0.0,0.0
1788520515700.0,2540,9.8,0.0,0,0,0,0.0,0.0,0.0,0.0,0.0
1788520515795.0,2545,9.8,0.0,0,0,0,0.0,0.0,0.0,0.0,0.0
1788520515887.0,2550,9.8,0.0,0,0,0,0.0,0.0,0.0,0.0,0.0
1788520515980.0,2555,9.8,0.0,0,0,0,0.0,0.0,0.0,0.0,0.0
1788520516078.0,2560,9.8,0.0,0,0,0,0.0,0.0,0.0,0.0,0.0
1788520516167.0,2565,9.8,0.0,0,0,0,0.0,0.0,0.0,0.0,0.0
1788520516262.0,2570,9.8,0.0,0,0,0,0.0,0.0,0.0,0.0,0.0
1788520516355.0,2575,9.8,0.0,0,0,0,0.0,0.0,0.0,0.0,0.0
1788520516449.0,2580,9.8,0.0,0,0,0,0.0,0.0,0.0,0.0,0.0
1788520516544.0,2585,9.8,0.0,0,0,0,0.0,0.0,0.0,0.0,0.0
1788520516636.0,2590,9.8,0.0,0,0,0,0.0,0.0,0.0,0.0,0.0
1788520516730.0,2595,9.8,0.0,0,0,0,0.0,0.0,0.0,0.0,0.0
1788520516823.0,2600,9.8,0.0,0,0,0,0.0,0.0,0.0,0.0,0.0
1788520516917.0,2605,9.8,0.0,0,0,0,0.0,0.0,0.0,0.0,0.0
1788520517011.0,2610,9.8,0.0,0,0,0,0.0,0.0,0.0,0.0,0.0
1788520517106.0,2615,9.8,0.0,0,0,0,0.0,0.0,0.0,0.0,0.0
1788520517198.0,2620,9.8,0.0,0,0,0,0.0,0.0,0.0,0.0,0.0
1788520517296.0,2625,9.8,0.0,0,0,0,0.0,0.0,0.0,0.0,0.0
1788520517385.0,2630,9.8,0.0,0,0,0,0.0,0.0,0.0,0.0,0.0
1788520517479.0,2635,9.8,0.0,0,0,0,0.0,0.0,0.0,0.0,0.0
1788520517573.0,2640,9.8,0.0,0,0,0,0.0,0.0,0.0,0.0,0.0
1788520517667.0,2645,9.8,0.0,0,0,0,0.0,0.0,0.0,0.0,0.0
1788520517761.0,2650,9.8,0.0,0,0,0,0.0,0.0,0.0,0.0,0.0
1788520517854.0,2655,9.8,0.0,0,0,0,0.0,0.0,0.0,0.0,0.0
1788520517948.0,2660,9.8,0.0,0,0,0,0.0,0.0,0.0,0.0,0.0
1788520518041.0,2665,9.8,0.0,0,0,0,0.0,0.0,0.0,0.0,0.0
1788520518135.0,2670,9.8,0.0,0,0,0,0.0,0.0,0.0,0.0,0.0
1788520518229.0,2675,9.8,0.0,0,0,0,0.0,0.0,0.0,0.0,0.0
1788520518322.0,2680,9.8,0.0,0,0,0,0.0,0.0,0.0,0.0,0.0
1788520518416.0,2685,9.8,0.0,0,0,0,0.0,0.0,0.0,0.0,0.0
1788520518511.0,2690,9.8,0.0,0,0,0,0.0,0.0,0.0,0.0,0.0
1788520518604.0,2695,9.8,0.0,0,0,0,0.0,0.0,0.0,0.0,0.0
1788520518697.0,2700,9.8,0.0,0,0,0,0.0,0.0,0.0,0.0,0.0
1788520518792.0,2705,9.8,0.0,0,0,0,0.0,0.0,0.0,0.0,0.0
1788520518884.0,2710,9.8,0.0,0,0,0,0.0,0.0,0.0,0.0,0.0
1788520518978.0,2715,9.8,0.0,0,0,0,0.0,0.0,0.0,0.0,0.0
1788520519071.0,2720,9.8,0.0,0,0,0,0.0,0.0,0.0,0.0,0.0
1788520519165.0,2725,9.8,0.0,0,0,0,0.0,0.0,0.0,0.0,0.0
1788520519262.0,2730,9.8,0.0,0,0,0,0.0,0.0,0.0,0.0,0.0
1788520519352.0,2735,9.8,0.0,0,0,0,0.0,0.0,0.0,0.0,0.0
1788520519446.0,2740,9.8,0.0,0,0,0,0.0,0.0,0.0,0.0,0.0
1788520519545.0,2745,9.8,0.0,0,0,0,0.0,0.0,0.0,0.0,0.0
1788520519633.0,2750,9.8,0.0,0,0,0,0.0,0.0,0.0,0.0,0.0
1788520519729.0,2755,9.8,0.0,0,0,0,0.0,0.0,0.0,0.0,0.0
1788520519820.0,2760,9.8,0.0,0,0,0,0.0,0.0,0.0,0.0,0.0
1788520519915.0,2765,9.8,0.0,0,0,0,0.0,0.0,0.0,0.0,0.0
1788520520014.0,2770,9.8,0.0,0,0,0,0.0,0.0,0.0,0.0,0.0
1788520520102.0,2775,9.8,0.0,0,0,0,0.0,0.0,0.0,0.0,0.0
1788520520196.0,2780,9.8,0.0,0,0,0,0.0,0.0,0.0,0.0,0.0
1788520520289.0,2785,9.8,0.0,0,0,0,0.0,0.0,0.0,0.0,0.0
1788520520383.0,2790,9.8,0.0,0,0,0,0.0,0.0,0.0,0.0,0.0
1788520520479.0,2795,9.8,0.0,0,0,0,0.0,0.0,0.0,0.0,0.0
1788520520570.0,2800,9.8,0.0,0,0,0,0.0,0.0,0.0,0.0,0.0
1788520520664.0,2805,9.8,0.0,0,0,0,0.0,0.0,0.0,0.0,0.0
1788520520761.0,2810,9.8,0.0,0,0,0,0.0,0.0,0.0,0.0,0.0
1788520520851.0,2815,9.8,0.0,0,0,0,0.0,0.0,0.0,0.0,0.0
1788520520945.0,2820,9.8,0.0,0,0,0,0.0,0.0,0.0,0.0,0.0
1788520521038.0,2825,9.8,0.0,0,0,0,0.0,0.0,0.0,0.0,0.0
1788520521132.0,2830,9.8,0.0,0,0,0,0.0,0.0,0.0,0.0,0.0
1788520521226.0,2835,9.8,0.0,0,0,0,0.0,0.0,0.0,0.0,0.0
1788520521320.0,2840,9.8,0.0,0,0,0,0.0,0.0,0.0,0.0,0.0
1788520521413.0,2845,9.8,0.0,0,0,0,0.0,0.0,0.0,0.0,0.0
1788520521512.0,2850,9.8,0.0,0,0,0,0.0,0.0,0.0,0.0,0.0
1788520521601.0,2855,9.8,0.0,0,0,0,0.0,0.0,0.0,0.0,0.0
1788520521694.0,2860,9.8,0.0,0,0,0,0.0,0.0,0.0,0.0,0.0
1788520521788.0,2865,9.8,0.0,0,0,0,0.0,0.0,0.0,0.0,0.0
1788520521882.0,2870,9.8,0.0,0,0,0,0.0,0.0,0.0,0.0,0.0
1788520521977.0,2875,9.8,0.0,0,0,0,0.0,0.0,0.0,0.0,0.0
1788520522069.0,2880,9.8,0.0,0,0,0,0.0,0.0,0.0,0.0,0.0
1788520522163.0,2885,9.8,0.0,0,0,0,0.0,0.0,0.0,0.0,0.0
1788520522261.0,2890,9.8,0.0,0,0,0,0.0,0.0,0.0,0.0,0.0
1788520522350.0,2895,9.8,0.0,0,0,0,0.0,0.0,0.0,0.0,0.0
1788520522444.0,2900,9.8,0.0,0,0,0,0.0,0.0,0.0,0.0,0.0
1788520522537.0,2905,9.8,0.0,0,0,0,0.0,0.0,0.0,0.0,0.0
1788520522631.0,2910,9.8,0.0,0,0,0,0.0,0.0,0.0,0.0,0.0
1788520522729.0,2915,9.8,0.0,0,0,0,0.0,0.0,0.0,0.0,0.0
1788520522818.0,2920,9.8,0.0,0,0,0,0.0,0.0,0.0,0.0,0.0
1788520522913.0,2925,9.8,0.0,0,0,0,0.0,0.0,0.0,0.0,0.0
1788520523013.0,2930,9.8,0.0,0,0,0,0.0,0.0,0.0,0.0,0.0
1788520523099.0,2935,9.8,0.0,0,0,0,0.0,0.0,0.0,0.0,0.0
1788520523192.0,2940,9.8,0.0,0,0,0,0.0,0.0,0.0,0.0,0.0
1788520523286.0,2945,9.8,0.0,0,0,0,0.0,0.0,0.0,0.0,0.0
1788520523380.0,2950,9.8,0.0,0,0,0,0.0,0.0,0.0,0.0,0.0
1788520523474.0,2955,9.8,0.0,0,0,0,0.0,0.0,0.0,0.0,0.0
1788520523567.0,2960,9.8,0.0,0,0,0,0.0,0.0,0.0,0.0,0.0
1788520523661.0,2965,9.8,0.0,0,0,0,0.0,0.0,0.0,0.0,0.0
1788520523755.0,2970,9.8,0.0,0,0,0,0.0,0.0,0.0,0.0,0.0
1788520523848.0,2975,9.8,0.0,0,0,0,0.0,0.0,0.0,0.0,0.0
1788520523945.0,2980,9.8,0.0,0,0,0,0.0,0.0,0.0,0.0,0.0
1788520524036.0,2985,9.8,0.0,0,0,0,0.0,0.0,0.0,0.0,0.0
1788520524130.0,2990,9.8,0.0,0,0,0,0.0,0.0,0.0,0.0,0.0
1788520524228.0,2995,9.8,0.0,0,0,0,0.0,0.0,0.0,0.0,0.0
1788520524317.0,3000,9.8,0.0,0,0,0,0.0,0.0,0.0,0.0,0.0
1788520524410.0,3005,9.8,0.0,0,0,0,0.0,0.0,0.0,0.0,0.0
1788520524504.0,3010,9.8,0.0,0,0,0,0.0,0.0,0.0,0.0,0.0
1788520524598.0,3015,9.8,0.0,0,0,0,0.0,0.0,0.0,0.0,0.0
1788520524695.0,3020,9.8,0.0,0,0,0,0.0,0.0,0.0,0.0,0.0
1788520524785.0,3025,9.8,0.0,0,0,0,0.0,0.0,0.0,0.0,0.0
1788520524879.0,3030,9.8,0.0,0,0,0,0.0,0.0,0.0,0.0,0.0
1788520524978.0,3035,9.8,0.0,0,0,0,0.0,0.0,0.0,0.0,0.0
1788520525067.0,3040,9.8,0.0,0,0,0,0.0,0.0,0.0,0.0,0.0
1788520525159.0,3045,9.8,0.0,0,0,0,0.0,0.0,0.0,0.0,0.0
1788520525254.0,3050,9.8,0.0,0,0,0,0.0,0.0,0.0,0.0,0.0
1788520525347.0,3055,9.8,0.0,0,0,0,0.0,0.0,0.0,0.0,0.0
1788520525441.0,3060,9.8,0.0,0,0,0,0.0,0.0,0.0,0.0,0.0
1788520525534.0,3065,9.8,0.0,0,0,0,0.0,0.0,0.0,0.0,0.0
1788520525633.0,3070,9.8,0.0,0,0,0,0.0,0.0,0.0,0.0,0.0
1788520525722.0,3075,9.8,0.0,0,0,0,0.0,0.0,0.0,0.0,0.0
1788520525815.0,3080,9.8,0.0,0,0,0,0.0,0.0,0.0,0.0,0.0
1788520525909.0,3085,9.8,0.0,0,0,0,0.0,0.0,0.0,0.0,0.0
1788520526003.0,3090,9.8,0.0,0,0,0,0.0,0.0,0.0,0.0,0.0
1788520526097.0,3095,9.8,0.0,0,0,0,0.0,0.0,0.0,0.0,0.0
1788520526190.0,3100,9.8,0.0,0,0,0,0.0,0.0,0.0,0.0,0.0
1788520526284.0,3105,9.8,0.0,0,0,0,0.0,0.0,0.0,0.0,0.0
1788520526378.0,3110,9.8,0.0,0,0,0,0.0,0.0,0.0,0.0,0.0
1788520526471.0,3115,9.8,0.0,0,0,0,0.0,0.0,0.0,0.0,0.0
1788520526565.0,3120,9.8,0.0,0,0,0,0.0,0.0,0.0,0.0,0.0
1788520526659.0,3125,9.8,0.0,0,0,0,0.0,0.0,0.0,0.0,0.0
1788520526752.0,3130,9.8,0.0,0,0,0,0.0,0.0,0.0,0.0,0.0
1788520526846.0,3135,9.8,0.0,0,0,0,0.0,0.0,0.0,0.0,0.0
1788520526945.0,3140,9.8,0.0,0,0,0,0.0,0.0,0.0,0.0,0.0
1788520527033.0,3145,9.8,0.0,0,0,0,0.0,0.0,0.0,0.0,0.0
1788520527130.0,3150,9.8,0.0,0,0,0,0.0,0.0,0.0,0.0,0.0
1788520527221.0,3155,9.8,0.0,0,0,0,0.0,0.0,0.0,0.0,0.0
1788520527314.0,3160,9.8,0.0,0,0,0,0.0,0.0,0.0,0.0,0.0
1788520527415.0,3165,9.8,0.0,0,0,0,0.0,0.0,0.0,0.0,0.0
1788520527501.0,3170,9.8,0.0,0,0,0,0.0,0.0,0.0,0.0,0.0
1788520527595.0,3175,9.8,0.0,0,0,0,0.0,0.0,0.0,0.0,0.0
1788520527697.0,3180,9.8,0.0,0,0,0,0.0,0.0,0.0,0.0,0.0
1788520527783.0,3185,9.8,0.0,0,0,0,0.0,0.0,0.0,0.0,0.0
1788520527877.0,3190,9.8,0.0,0,0,0,0.0,0.0,0.0,0.0,0.0
1788520527970.0,3195,9.8,0.0,0,0,0,0.0,0.0,0.0,0.0,0.0
1788520528063.0,3200,9.8,0.0,0,0,0,0.0,0.0,0.0,0.0,0.0
1788520528163.0,3205,9.8,0.0,0,0,0,0.0,0.0,0.0,0.0,0.0
1788520528251.0,3210,9.8,0.0,0,0,0,0.0,0.0,0.0,0.0,0.0
1788520528345.0,3215,9.8,0.0,0,0,0,0.0,0.0,0.0,0.0,0.0
1788520528438.0,3220,9.8,0.0,0,0,0,0.0,0.0,0.0,0.0,0.0
1788520528532.0,3225,9.8,0.0,0,0,0,0.0,0.0,0.0,0.0,0.0
1788520528627.0,3230,9.8,0.0,0,0,0,0.0,0.0,0.0,0.0,0.0
1788520528720.0,3235,9.8,0.0,0,0,0,0.0,0.0,0.0,0.0,0.0
1788520528813.0,3240,9.8,0.0,0,0,0,0.0,0.0,0.0,0.0,0.0
1788520528914.0,3245,9.8,0.0,0,0,0,0.0,0.0,0.0,0.0,0.0
1788520529000.0,3250,9.8,0.0,0,0,0,0.0,0.0,0.0,0.0,0.0
1788520529094.0,3255,9.8,0.0,0,0,0,0.0,0.0,0.0,0.0,0.0
1788520529187.0,3260,9.8,0.0,0,0,0,0.0,0.0,0.0,0.0,0.0
1788520529281.0,3265,9.8,0.0,0,0,0,0.0,0.0,0.0,0.0,0.0
1788520529375.0,3270,9.8,0.0,0,0,0,0.0,0.0,0.0,0.0,0.0
1788520529468.0,3275,9.8,0.0,0,0,0,0.0,0.0,0.0,0.0,0.0
1788520529562.0,3280,9.8,0.0,0,0,0,0.0,0.0,0.0,0.0,0.0
1788520529656.0,3285,9.8,0.0,0,0,0,0.0,0.0,0.0,0.0,0.0
1788520529750.0,3290,9.8,0.0,0,0,0,0.0,0.0,0.0,0.0,0.0
1788520529847.0,3295,9.8,0.0,0,0,0,0.0,0.0,0.0,0.0,0.0
1788520529937.0,3300,9.8,0.0,0,0,0,0.0,0.0,0.0,0.0,0.0
1788520530031.0,3305,9.8,0.0,0,0,0,0.0,0.0,0.0,0.0,0.0
1788520530128.0,3310,9.8,0.0,0,0,0,0.0,0.0,0.0,0.0,0.0
1788520530218.0,3315,9.8,0.0,0,0,0,0.0,0.0,0.0,0.0,0.0
1788520530312.0,3320,9.8,0.0,0,0,0,0.0,0.0,0.0,0.0,0.0
1788520530406.0,3325,9.8,0.0,0,0,0,0.0,0.0,0.0,0.0,0.0
1788520530499.0,3330,9.8,0.0,0,0,0,0.0,0.0,0.0,0.0,0.0
1788520530594.0,3335,9.8,0.0,0,0,0,0.0,0.0,0.0,0.0,0.0
1788520530686.0,3340,9.8,0.0,0,0,0,0.0,0.0,0.0,0.0,0.0
1788520530780.0,3345,9.8,0.0,0,0,0,0.0,0.0,0.0,0.0,0.0
1788520530875.0,3350,9.8,0.0,0,0,0,0.0,0.0,0.0,0.0,0.0
1788520530968.0,3355,9.8,0.0,0,0,0,0.0,0.0,0.0,0.0,0.0
1788520531061.0,3360,9.8,0.0,0,0,0,0.0,0.0,0.0,0.0,0.0
1788520531154.0,3365,9.8,0.0,0,0,0,0.0,0.0,0.0,0.0,0.0
1788520531249.0,3370,9.8,0.0,0,0,0,0.0,0.0,0.0,0.0,0.0
1788520531346.0,3375,9.8,0.0,0,0,0,0.0,0.0,0.0,0.0,0.0
1788520531436.0,3380,9.8,0.0,0,0,0,0.0,0.0,0.0,0.0,0.0
1788520531529.0,3385,9.8,0.0,0,0,0,0.0,0.0,0.0,0.0,0.0
1788520531628.0,3390,9.8,0.0,0,0,0,0.0,0.0,0.0,0.0,0.0
1788520531717.0,3395,9.8,0.0,0,0,0,0.0,0.0,0.0,0.0,0.0
1788520531812.0,3400,9.8,0.0,0,0,0,0.0,0.0,0.0,0.0,0.0
1788520531904.0,3405,9.8,0.0,0,0,0,0.0,0.0,0.0,0.0,0.0
1788520531998.0,3410,9.8,0.0,0,0,0,0.0,0.0,0.0,0.0,0.0
1788520532096.0,3415,9.8,0.0,0,0,0,0.0,0.0,0.0,0.0,0.0
1788520532186.0,3420,9.8,0.0,0,0,0,0.0,0.0,0.0,0.0,0.0
1788520532279.0,3425,9.8,0.0,0,0,0,0.0,0.0,0.0,0.0,0.0
1788520532372.0,3430,9.8,0.0,0,0,0,0.0,0.0,0.0,0.0,0.0
1788520532466.0,3435,9.8,0.0,0,0,0,0.0,0.0,0.0,0.0,0.0
1788520532562.0,3440,9.8,0.0,0,0,0,0.0,0.0,0.0,0.0,0.0
1788520532654.0,3445,9.8,0.0,0,0,0,0.0,0.0,0.0,0.0,0.0
1788520532747.0,3450,9.8,0.0,0,0,0,0.0,0.0,0.0,0.0,0.0
1788520532841.0,3455,9.8,0.0,0,0,0,0.0,0.0,0.0,0.0,0.0
1788520532935.0,3460,9.8,0.0,0,0,0,0.0,0.0,0.0,0.0,0.0
1788520533028.0,3465,9.8,0.0,0,0,0,0.0,0.0,0.0,0.0,0.0
1788520533122.0,3470,9.8,0.0,0,0,0,0.0,0.0,0.0,0.0,0.0
1788520533215.0,3475,9.8,0.0,0,0,0,0.0,0.0,0.0,0.0,0.0
1788520533312.0,3480,9.8,0.0,0,0,0,0.0,0.0,0.0,0.0,0.0
1788520533403.0,3485,9.8,0.0,0,0,0,0.0,0.0,0.0,0.0,0.0
1788520533497.0,3490,9.8,0.0,0,0,0,0.0,0.0,0.0,0.0,0.0
1788520533596.0,3495,9.8,0.0,0,0,0,0.0,0.0,0.0,0.0,0.0
1788520533684.0,3500,9.8,0.0,0,0,0,0.0,0.0,0.0,0.0,0.0
1788520533778.0,3505,9.8,0.0,0,0,0,0.0,0.0,0.0,0.0,0.0
1788520533871.0,3510,9.8,0.0,0,0,0,0.0,0.0,0.0,0.0,0.0
1788520533965.0,3515,9.8,0.0,0,0,0,0.0,0.0,0.0,0.0,0.0
1788520534062.0,3520,9.8,0.0,0,0,0,0.0,0.0,0.0,0.0,0.0
1788520534152.0,3525,9.8,0.0,0,0,0,0.0,0.0,0.0,0.0,0.0
1788520534246.0,3530,9.8,0.0,0,0,0,0.0,0.0,0.0,0.0,0.0
1788520534341.0,3535,9.8,0.0,0,0,0,0.0,0.0,0.0,0.0,0.0
1788520534434.0,3540,9.8,0.0,0,0,0,0.0,0.0,0.0,0.0,0.0
1788520534527.0,3545,9.8,0.0,0,0,0,0.0,0.0,0.0,0.0,0.0
1788520534621.0,3550,9.8,0.0,0,0,0,0.0,0.0,0.0,0.0,0.0
1788520534714.0,3555,9.8,0.0,0,0,0,0.0,0.0,0.0,0.0,0.0
1788520534808.0,3560,9.8,0.0,0,0,0,0.0,0.0,0.0,0.0,0.0
1788520534902.0,3565,9.8,0.0,0,0,0,0.0,0.0,0.0,0.0,0.0
1788520534996.0,3570,9.8,0.0,0,0,0,0.0,0.0,0.0,0.0,0.0
1788520535089.0,3575,9.8,0.0,0,0,0,0.0,0.0,0.0,0.0,0.0
1788520535183.0,3580,9.8,0.0,0,0,0,0.0,0.0,0.0,0.0,0.0
1788520535280.0,3585,9.8,0.0,0,0,0,0.0,0.0,0.0,0.0,0.0
1788520535370.0,3590,9.8,0.0,0,0,0,0.0,0.0,0.0,0.0,0.0
1788520535463.0,3595,9.8,0.0,0,0,0,0.0,0.0,0.0,0.0,0.0
1788520535558.0,3600,9.8,0.0,0,0,0,0.0,0.0,0.0,0.0,0.0
1788520535651.0,3605,9.8,0.0,0,0,0,0.0,0.0,0.0,0.0,0.0
1788520535745.0,3610,9.8,0.0,0,0,0,0.0,0.0,0.0,0.0,0.0
1788520535838.0,3615,9.8,0.0,0,0,0,0.0,0.0,0.0,0.0,0.0
1788520535932.0,3620,9.8,0.0,0,0,0,0.0,0.0,0.0,0.0,0.0
1788520536029.0,3625,9.8,0.0,0,0,0,0.0,0.0,0.0,0.0,0.0
1788520536119.0,3630,9.8,0.0,0,0,0,0.0,0.0,0.0,0.0,0.0
1788520536213.0,3635,9.8,0.0,0,0,0,0.0,0.0,0.0,0.0,0.0
1788520536313.0,3640,9.8,0.0,0,0,0,0.0,0.0,0.0,0.0,0.0
1788520536401.0,3645,9.8,0.0,0,0,0,0.0,0.0,0.0,0.0,0.0
1788520536495.0,3650,9.8,0.0,0,0,0,0.0,0.0,0.0,0.0,0.0
1788520536588.0,3655,9.8,0.0,0,0,0,0.0,0.0,0.0,0.0,0.0
1788520536682.0,3660,9.8,0.0,0,0,0,0.0,0.0,0.0,0.0,0.0
1788520536778.0,3665,9.8,0.0,0,0,0,0.0,0.0,0.0,0.0,0.0
1788520536869.0,3670,9.8,0.0,0,0,0,0.0,0.0,0.0,0.0,0.0
1788520536963.0,3675,9.8,0.0,0,0,0,0.0,0.0,0.0,0.0,0.0
1788520537062.0,3680,9.8,0.0,0,0,0,0.0,0.0,0.0,0.0,0.0
1788520537150.0,3685,9.8,0.0,0,0,0,0.0,0.0,0.0,0.0,0.0
1788520537244.0,3690,9.8,0.0,0,0,0,0.0,0.0,0.0,0.0,0.0
1788520537338.0,3695,9.8,0.0,0,0,0,0.0,0.0,0.0,0.0,0.0
1788520537432.0,3700,9.8,0.0,0,0,0,0.0,0.0,0.0,0.0,0.0
1788520537525.0,3705,9.8,0.0,0,0,0,0.0,0.0,0.0,0.0,0.0
1788520537618.0,3710,9.8,0.0,0,0,0,0.0,0.0,0.0,0.0,0.0
1788520537712.0,3715,9.8,0.0,0,0,0,0.0,0.0,0.0,0.0,0.0
1788520537812.0,3720,9.8,0.0,0,0,0,0.0,0.0,0.0,0.0,0.0
1788520537899.0,3725,9.8,0.0,0,0,0,0.0,0.0,0.0,0.0,0.0
1788520537996.0,3730,9.8,0.0,0,0,0,0.0,0.0,0.0,0.0,0.0
1788520538087.0,3735,9.8,0.0,0,0,0,0.0,0.0,0.0,0.0,0.0
1788520538180.0,3740,9.8,0.0,0,0,0,0.0,0.0,0.0,0.0,0.0
1788520538280.0,3745,9.8,0.0,0,0,0,0.0,0.0,0.0,0.0,0.0
1788520538367.0,3750,9.8,0.0,0,0,0,0.0,0.0,0.0,0.0,0.0
1788520538461.0,3755,9.8,0.0,0,0,0,0.0,0.0,0.0,0.0,0.0
1788520538555.0,3760,9.8,0.0,0,0,0,0.0,0.0,0.0,0.0,0.0
1788520538649.0,3765,9.8,0.0,0,0,0,0.0,0.0,0.0,0.0,0.0
1788520538742.0,3770,9.8,0.0,0,0,0,0.0,0.0,0.0,0.0,0.0
1788520538836.0,3775,9.8,0.0,0,0,0,0.0,0.0,0.0,0.0,0.0
1788520538929.0,3780,9.8,0.0,0,0,0,0.0,0.0,0.0,0.0,0.0
1788520539024.0,3785,9.8,0.0,0,0,0,0.0,0.0,0.0,0.0,0.0
1788520539116.0,3790,9.8,0.0,0,0,0,0.0,0.0,0.0,0.0,0.0
1788520539217.0,3795,9.8,0.0,0,0,0,0.0,0.0,0.0,0.0,0.0
1788520539305.0,3800,9.8,0.0,0,0,0,0.0,0.0,0.0,0.0,0.0
1788520539398.0,3805,9.8,0.0,0,0,0,0.0,0.0,0.0,0.0,0.0
1788520539495.0,3810,9.8,0.0,0,0,0,0.0,0.0,0.0,0.0,0.0
1788520539587.0,3815,9.8,0.0,0,0,0,0.0,0.0,0.0,0.0,0.0
1788520539679.0,3820,9.8,0.0,0,0,0,0.0,0.0,0.0,0.0,0.0
1788520539779.0,3825,9.8,0.0,0,0,0,0.0,0.0,0.0,0.0,0.0
1788520539867.0,3830,9.8,0.0,0,0,0,0.0,0.0,0.0,0.0,0.0
1788520539961.0,3835,9.8,0.0,0,0,0,0.0,0.0,0.0,0.0,0.0
1788520540053.0,3840,9.8,0.0,0,0,0,0.0,0.0,0.0,0.0,0.0
1788520540147.0,3845,9.8,0.0,0,0,0,0.0,0.0,0.0,0.0,0.0
1788520540241.0,3850,9.8,0.0,0,0,0,0.0,0.0,0.0,0.0,0.0
1788520540335.0,3855,9.8,0.0,0,0,0,0.0,0.0,0.0,0.0,0.0
1788520540429.0,3860,9.8,0.0,0,0,0,0.0,0.0,0.0,0.0,0.0
1788520540522.0,3865,9.8,0.0,0,0,0,0.0,0.0,0.0,0.0,0.0
1788520540615.0,3870,9.8,0.0,0,0,0,0.0,0.0,0.0,0.0,0.0
1788520540713.0,3875,9.8,0.0,0,0,0,0.0,0.0,0.0,0.0,0.0
1788520540803.0,3880,9.8,0.0,0,0,0,0.0,0.0,0.0,0.0,0.0
1788520540897.0,3885,9.8,0.0,0,0,0,0.0,0.0,0.0,0.0,0.0
1788520540996.0,3890,9.8,0.0,0,0,0,0.0,0.0,0.0,0.0,0.0
1788520541084.0,3895,9.8,0.0,0,0,0,0.0,0.0,0.0,0.0,0.0
1788520541178.0,3900,9.8,0.0,0,0,0,0.0,0.0,0.0,0.0,0.0
1788520541271.0,3905,9.8,0.0,0,0,0,0.0,0.0,0.0,0.0,0.0
1788520541365.0,3910,9.8,0.0,0,0,0,0.0,0.0,0.0,0.0,0.0
1788520541462.0,3915,9.8,0.0,0,0,0,0.0,0.0,0.0,0.0,0.0
1788520541552.0,3920,9.8,0.0,0,0,0,0.0,0.0,0.0,0.0,0.0
1788520541645.0,3925,9.8,0.0,0,0,0,0.0,0.0,0.0,0.0,0.0
1788520541739.0,3930,9.8,0.0,0,0,0,0.0,0.0,0.0,0.0,0.0
1788520541833.0,3935,9.8,0.0,0,0,0,0.0,0.0,0.0,0.0,0.0
1788520541926.0,3940,9.8,0.0,0,0,0,0.0,0.0,0.0,0.0,0.0
1788520542020.0,3945,9.8,0.0,0,0,0,0.0,0.0,0.0,0.0,0.0
1788520542119.0,3950,9.8,0.0,0,0,0,0.0,0.0,0.0,0.0,0.0
1788520542214.0,3955,9.8,0.0,0,0,0,0.0,0.0,0.0,0.0,0.0
1788520542301.0,3960,9.8,0.0,0,0,0,0.0,0.0,0.0,0.0,0.0
1788520542395.0,3965,9.8,0.0,0,0,0,0.0,0.0,0.0,0.0,0.0
1788520542489.0,3970,9.8,0.0,0,0,0,0.0,0.0,0.0,0.0,0.0
1788520542583.0,3975,9.8,0.0,0,0,0,0.0,0.0,0.0,0.0,0.0
1788520542677.0,3980,9.8,0.0,0,0,0,0.0,0.0,0.0,0.0,0.0
1788520542770.0,3985,9.8,0.0,0,0,0,0.0,0.0,0.0,0.0,0.0
1788520542864.0,3990,9.8,0.0,0,0,0,0.0,0.0,0.0,0.0,0.0
1788520542958.0,3995,9.8,0.0,0,0,0,0.0,0.0,0.0,0.0,0.0
1788520543051.0,4000,9.8,0.0,0,0,0,0.0,0.0,0.0,0.0,0.0
1788520543147.0,4005,9.8,0.0,0,0,0,0.0,0.0,0.0,0.0,0.0
1788520543238.0,4010,9.8,0.0,0,0,0,0.0,0.0,0.0,0.0,0.0
1788520543332.0,4015,9.8,0.0,0,0,0,0.0,0.0,0.0,0.0,0.0
1788520543426.0,4020,9.8,0.0,0,0,0,0.0,0.0,0.0,0.0,0.0
1788520543520.0,4025,9.8,0.0,0,0,0,0.0,0.0,0.0,0.0,0.0
1788520543613.0,4030,9.8,0.0,0,0,0,0.0,0.0,0.0,0.0,0.0
1788520543708.0,4035,9.8,0.0,0,0,0,0.0,0.0,0.0,0.0,0.0
1788520543800.0,4040,9.8,0.0,0,0,0,0.0,0.0,0.0,0.0,0.0
1788520543894.0,4045,9.8,0.0,0,0,0,0.0,0.0,0.0,0.0,0.0
1788520543988.0,4050,9.8,0.0,0,0,0,0.0,0.0,0.0,0.0,0.0
1788520544081.0,4055,9.8,0.0,0,0,0,0.0,0.0,0.0,0.0,0.0
1788520544176.0,4060,9.8,0.0,0,0,0,0.0,0.0,0.0,0.0,0.0
1788520544268.0,4065,9.8,0.0,0,0,0,0.0,0.0,0.0,0.0,0.0
1788520544362.0,4070,9.8,0.0,0,0,0,0.0,0.0,0.0,0.0,0.0
1788520544462.0,4075,9.8,0.0,0,0,0,0.0,0.0,0.0,0.0,0.0
1788520544550.0,4080,9.8,0.0,0,0,0,0.0,0.0,0.0,0.0,0.0
1788520544646.0,4085,9.8,0.0,0,0,0,0.0,0.0,0.0,0.0,0.0
1788520544737.0,4090,9.8,0.0,0,0,0,0.0,0.0,0.0,0.0,0.0
1788520544831.0,4095,9.8,0.0,0,0,0,0.0,0.0,0.0,0.0,0.0
1788520544928.0,4100,9.8,0.0,0,0,0,0.0,0.0,0.0,0.0,0.0
1788520545018.0,4105,9.8,0.0,0,0,0,0.0,0.0,0.0,0.0,0.0
1788520545112.0,4110,9.8,0.0,0,0,0,0.0,0.0,0.0,0.0,0.0
1788520545207.0,4115,9.8,0.0,0,0,0,0.0,0.0,0.0,0.0,0.0
1788520545299.0,4120,9.8,0.0,0,0,0,0.0,0.0,0.0,0.0,0.0
1788520545395.0,4125,9.8,0.0,0,0,0,0.0,0.0,0.0,0.0,0.0
1788520545487.0,4130,9.8,0.0,0,0,0,0.0,0.0,0.0,0.0,0.0
1788520545580.0,4135,9.8,0.0,0,0,0,0.0,0.0,0.0,0.0,0.0
1788520545674.0,4140,9.8,0.0,0,0,0,0.0,0.0,0.0,0.0,0.0
1788520545767.0,4145,9.8,0.0,0,0,0,0.0,0.0,0.0,0.0,0.0
1788520545861.0,4150,9.8,0.0,0,0,0,0.0,0.0,0.0,0.0,0.0
1788520545955.0,4155,9.8,0.0,0,0,0,0.0,0.0,0.0,0.0,0.0
1788520546048.0,4160,9.8,0.0,0,0,0,0.0,0.0,0.0,0.0,0.0
1788520546142.0,4165,9.8,0.0,0,0,0,0.0,0.0,0.0,0.0,0.0
1788520546236.0,4170,9.8,0.0,0,0,0,0.0,0.0,0.0,0.0,0.0
1788520546330.0,4175,9.8,0.0,0,0,0,0.0,0.0,0.0,0.0,0.0
1788520546423.0,4180,9.8,0.0,0,0,0,0.0,0.0,0.0,0.0,0.0
1788520546517.0,4185,9.8,0.0,0,0,0,0.0,0.0,0.0,0.0,0.0
1788520546611.0,4190,9.8,0.0,0,0,0,0.0,0.0,0.0,0.0,0.0
1788520546704.0,4195,9.8,0.0,0,0,0,0.0,0.0,0.0,0.0,0.0
1788520546799.0,4200,9.8,0.0,0,0,0,0.0,0.0,0.0,0.0,0.0
1788520546896.0,4205,9.8,0.0,0,0,0,0.0,0.0,0.0,0.0,0.0
1788520546985.0,4210,9.8,0.0,0,0,0,0.0,0.0,0.0,0.0,0.0
1788520547080.0,4215,9.8,0.0,0,0,0,0.0,0.0,0.0,0.0,0.0
1788520547180.0,4220,9.8,0.0,0,0,0,0.0,0.0,0.0,0.0,0.0
1788520547267.0,4225,9.8,0.0,0,0,0,0.0,0.0,0.0,0.0,0.0
1788520547361.0,4230,9.8,0.0,0,0,0,0.0,0.0,0.0,0.0,0.0
1788520547454.0,4235,9.8,0.0,0,0,0,0.0,0.0,0.0,0.0,0.0
1788520547548.0,4240,9.8,0.0,0,0,0,0.0,0.0,0.0,0.0,0.0
1788520547646.0,4245,9.8,0.0,0,0,0,0.0,0.0,0.0,0.0,0.0
1788520547735.0,4250,9.8,0.0,0,0,0,0.0,0.0,0.0,0.0,0.0
1788520547828.0,4255,9.8,0.0,0,0,0,0.0,0.0,0.0,0.0,0.0
1788520547922.0,4260,9.8,0.0,0,0,0,0.0,0.0,0.0,0.0,0.0
1788520548015.0,4265,9.8,0.0,0,0,0,0.0,0.0,0.0,0.0,0.0
1788520548113.0,4270,9.8,0.0,0,0,0,0.0,0.0,0.0,0.0,0.0
1788520548204.0,4275,9.8,0.0,0,0,0,0.0,0.0,0.0,0.0,0.0
1788520548297.0,4280,9.8,0.0,0,0,0,0.0,0.0,0.0,0.0,0.0
1788520548396.0,4285,9.8,0.0,0,0,0,0.0,0.0,0.0,0.0,0.0
1788520548484.0,4290,9.8,0.0,0,0,0,0.0,0.0,0.0,0.0,0.0
1788520548578.0,4295,9.8,0.0,0,0,0,0.0,0.0,0.0,0.0,0.0
1788520548672.0,4300,9.8,0.0,0,0,0,0.0,0.0,0.0,0.0,0.0
1788520548766.0,4305,9.8,0.0,0,0,0,0.0,0.0,0.0,0.0,0.0
1788520548859.0,4310,9.8,0.0,0,0,0,0.0,0.0,0.0,0.0,0.0
1788520548953.0,4315,9.8,0.0,0,0,0,0.0,0.0,0.0,0.0,0.0
1788520549047.0,4320,9.8,0.0,0,0,0,0.0,0.0,0.0,0.0,0.0
1788520549145.0,4325,9.8,0.0,0,0,0,0.0,0.0,0.0,0.0,0.0
1788520549234.0,4330,9.8,0.0,0,0,0,0.0,0.0,0.0,0.0,0.0
1788520549331.0,4335,9.8,0.0,0,0,0,0.0,0.0,0.0,0.0,0.0
1788520549421.0,4340,9.8,0.0,0,0,0,0.0,0.0,0.0,0.0,0.0
1788520549515.0,4345,9.8,0.0,0,0,0,0.0,0.0,0.0,0.0,0.0
1788520549608.0,4350,9.8,0.0,0,0,0,0.0,0.0,0.0,0.0,0.0
1788520549702.0,4355,9.8,0.0,0,0,0,0.0,0.0,0.0,0.0,0.0
1788520549796.0,4360,9.8,0.0,0,0,0,0.0,0.0,0.0,0.0,0.0
1788520549889.0,4365,9.8,0.0,0,0,0,0.0,0.0,0.0,0.0,0.0
1788520549983.0,4370,9.8,0.0,0,0,0,0.0,0.0,0.0,0.0,0.0
1788520550079.0,4375,9.8,0.0,0,0,0,0.0,0.0,0.0,0.0,0.0
1788520550170.0,4380,9.8,0.0,0,0,0,0.0,0.0,0.0,0.0,0.0
1788520550264.0,4385,9.8,0.0,0,0,0,0.0,0.0,0.0,0.0,0.0
1788520550363.0,4390,9.8,0.0,0,0,0,0.0,0.0,0.0,0.0,0.0
1788520550451.0,4395,9.8,0.0,0,0,0,0.0,0.0,0.0,0.0,0.0
1788520550548.0,4400,9.8,0.0,0,0,0,0.0,0.0,0.0,0.0,0.0
1788520550638.0,4405,9.8,0.0,0,0,0,0.0,0.0,0.0,0.0,0.0
1788520550732.0,4410,9.8,0.0,0,0,0,0.0,0.0,0.0,0.0,0.0
1788520550828.0,4415,9.8,0.0,0,0,0,0.0,0.0,0.0,0.0,0.0
1788520550919.0,4420,9.8,0.0,0,0,0,0.0,0.0,0.0,0.0,0.0
1788520551013.0,4425,9.8,0.0,0,0,0,0.0,0.0,0.0,0.0,0.0
1788520551111.0,4430,9.8,0.0,0,0,0,0.0,0.0,0.0,0.0,0.0
1788520551201.0,4435,9.8,0.0,0,0,0,0.0,0.0,0.0,0.0,0.0
1788520551294.0,4440,9.8,0.0,0,0,0,0.0,0.0,0.0,0.0,0.0
1788520551388.0,4445,9.8,0.0,0,0,0,0.0,0.0,0.0,0.0,0.0
1788520551481.0,4450,9.8,0.0,0,0,0,0.0,0.0,0.0,0.0,0.0
1788520551575.0,4455,9.8,0.0,0,0,0,0.0,0.0,0.0,0.0,0.0
1788520551669.0,4460,9.8,0.0,0,0,0,0.0,0.0,0.0,0.0,0.0
1788520551763.0,4465,9.8,0.0,0,0,0,0.0,0.0,0.0,0.0,0.0
1788520551862.0,4470,9.8,0.0,0,0,0,0.0,0.0,0.0,0.0,0.0
1788520551950.0,4475,9.8,0.0,0,0,0,0.0,0.0,0.0,0.0,0.0
1788520552045.0,4480,9.8,0.0,0,0,0,0.0,0.0,0.0,0.0,0.0
1788520552137.0,4485,9.8,0.0,0,0,0,0.0,0.0,0.0,0.0,0.0
1788520552231.0,4490,9.8,0.0,0,0,0,0.0,0.0,0.0,0.0,0.0
1788520552327.0,4495,9.8,0.0,0,0,0,0.0,0.0,0.0,0.0,0.0
1788520552418.0,4500,9.8,0.0,0,0,0,0.0,0.0,0.0,0.0,0.0
1788520552512.0,4505,9.8,0.0,0,0,0,0.0,0.0,0.0,0.0,0.0
1788520552606.0,4510,9.8,0.0,0,0,0,0.0,0.0,0.0,0.0,0.0
1788520552699.0,4515,9.8,0.0,0,0,0,0.0,0.0,0.0,0.0,0.0
1788520552795.0,4520,9.8,0.0,0,0,0,0.0,0.0,0.0,0.0,0.0
1788520552888.0,4525,9.8,0.0,0,0,0,0.0,0.0,0.0,0.0,0.0
1788520552980.0,4530,9.8,0.0,0,0,0,0.0,0.0,0.0,0.0,0.0
1788520553080.0,4535,9.8,0.0,0,0,0,0.0,0.0,0.0,0.0,0.0
1788520553167.0,4540,9.8,0.0,0,0,0,0.0,0.0,0.0,0.0,0.0
1788520553261.0,4545,9.8,0.0,0,0,0,0.0,0.0,0.0,0.0,0.0
1788520553355.0,4550,9.8,0.0,0,0,0,0.0,0.0,0.0,0.0,0.0
1788520553449.0,4555,9.8,0.0,0,0,0,0.0,0.0,0.0,0.0,0.0
1788520553544.0,4560,9.8,0.0,0,0,0,0.0,0.0,0.0,0.0,0.0
1788520553636.0,4565,9.8,0.0,0,0,0,0.0,0.0,0.0,0.0,0.0
1788520553729.0,4570,9.8,0.0,0,0,0,0.0,0.0,0.0,0.0,0.0
1788520553823.0,4575,9.8,0.0,0,0,0,0.0,0.0,0.0,0.0,0.0
1788520553917.0,4580,9.8,0.0,0,0,0,0.0,0.0,0.0,0.0,0.0
1788520554012.0,4585,9.8,0.0,0,0,0,0.0,0.0,0.0,0.0,0.0
1788520554104.0,4590,9.8,0.0,0,0,0,0.0,0.0,0.0,0.0,0.0
1788520554198.0,4595,9.8,0.0,0,0,0,0.0,0.0,0.0,0.0,0.0
1788520554294.0,4600,9.8,0.0,0,0,0,0.0,0.0,0.0,0.0,0.0
1788520554385.0,4605,9.8,0.0,0,0,0,0.0,0.0,0.0,0.0,0.0
1788520554479.0,4610,9.8,0.0,0,0,0,0.0,0.0,0.0,0.0,0.0
1788520554572.0,4615,9.8,0.0,0,0,0,0.0,0.0,0.0,0.0,0.0
1788520554666.0,4620,9.8,0.0,0,0,0,0.0,0.0,0.0,0.0,0.0
1788520554761.0,4625,9.8,0.0,0,0,0,0.0,0.0,0.0,0.0,0.0
1788520554854.0,4630,9.8,0.0,0,0,0,0.0,0.0,0.0,0.0,0.0
1788520554947.0,4635,9.8,0.0,0,0,0,0.0,0.0,0.0,0.0,0.0
1788520555041.0,4640,9.8,0.0,0,0,0,0.0,0.0,0.0,0.0,0.0
1788520555134.0,4645,9.8,0.0,0,0,0,0.0,0.0,0.0,0.0,0.0
1788520555229.0,4650,9.8,0.0,0,0,0,0.0,0.0,0.0,0.0,0.0
1788520555322.0,4655,9.8,0.0,0,0,0,0.0,0.0,0.0,0.0,0.0
1788520555415.0,4660,9.8,0.0,0,0,0,0.0,0.0,0.0,0.0,0.0
1788520555511.0,4665,9.8,0.0,0,0,0,0.0,0.0,0.0,0.0,0.0
1788520555603.0,4670,9.8,0.0,0,0,0,0.0,0.0,0.0,0.0,0.0
1788520555697.0,4675,9.8,0.0,0,0,0,0.0,0.0,0.0,0.0,0.0
1788520555790.0,4680,9.8,0.0,0,0,0,0.0,0.0,0.0,0.0,0.0
1788520555884.0,4685,9.8,0.0,0,0,0,0.0,0.0,0.0,0.0,0.0
1788520555978.0,4690,9.8,0.0,0,0,0,0.0,0.0,0.0,0.0,0.0
1788520556071.0,4695,9.8,0.0,0,0,0,0.0,0.0,0.0,0.0,0.0
1788520556165.0,4700,9.8,0.0,0,0,0,0.0,0.0,0.0,0.0,0.0
1788520556262.0,4705,9.8,0.0,0,0,0,0.0,0.0,0.0,0.0,0.0
1788520556353.0,4710,9.8,0.0,0,0,0,0.0,0.0,0.0,0.0,0.0
1788520556446.0,4715,9.8,0.0,0,0,0,0.0,0.0,0.0,0.0,0.0
1788520556539.0,4720,9.8,0.0,0,0,0,0.0,0.0,0.0,0.0,0.0
1788520556634.0,4725,9.8,0.0,0,0,0,0.0,0.0,0.0,0.0,0.0
1788520556729.0,4730,9.8,0.0,0,0,0,0.0,0.0,0.0,0.0,0.0
1788520556820.0,4735,9.8,0.0,0,0,0,0.0,0.0,0.0,0.0,0.0
1788520556915.0,4740,9.8,0.0,0,0,0,0.0,0.0,0.0,0.0,0.0
1788520557008.0,4745,9.8,0.0,0,0,0,0.0,0.0,0.0,0.0,0.0
1788520557102.0,4750,9.8,0.0,0,0,0,0.0,0.0,0.0,0.0,0.0
1788520557195.0,4755,9.8,0.0,0,0,0,0.0,0.0,0.0,0.0,0.0
1788520557292.0,4760,9.8,0.0,0,0,0,0.0,0.0,0.0,0.0,0.0
1788520557382.0,4765,9.8,0.0,0,0,0,0.0,0.0,0.0,0.0,0.0
1788520557479.0,4770,9.8,0.0,0,0,0,0.0,0.0,0.0,0.0,0.0
1788520557570.0,4775,9.8,0.0,0,0,0,0.0,0.0,0.0,0.0,0.0
1788520557664.0,4780,9.8,0.0,0,0,0,0.0,0.0,0.0,0.0,0.0
1788520557762.0,4785,9.8,0.0,0,0,0,0.0,0.0,0.0,0.0,0.0
1788520557851.0,4790,9.8,0.0,0,0,0,0.0,0.0,0.0,0.0,0.0
1788520557944.0,4795,9.8,0.0,0,0,0,0.0,0.0,0.0,0.0,0.0
1788520558044.0,4800,9.8,0.0,0,0,0,0.0,0.0,0.0,0.0,0.0
1788520558132.0,4805,9.8,0.0,0,0,0,0.0,0.0,0.0,0.0,0.0
1788520558225.0,4810,9.8,0.0,0,0,0,0.0,0.0,0.0,0.0,0.0
1788520558319.0,4815,9.8,0.0,0,0,0,0.0,0.0,0.0,0.0,0.0
1788520558413.0,4820,9.8,0.0,0,0,0,0.0,0.0,0.0,0.0,0.0
1788520558514.0,4825,9.8,0.0,0,0,0,0.0,0.0,0.0,0.0,0.0
1788520558601.0,4830,9.8,0.0,0,0,0,0.0,0.0,0.0,0.0,0.0
1788520558697.0,4835,9.8,0.0,0,0,0,0.0,0.0,0.0,0.0,0.0
1788520558788.0,4840,9.8,0.0,0,0,0,0.0,0.0,0.0,0.0,0.0
1788520558881.0,4845,9.8,0.0,0,0,0,0.0,0.0,0.0,0.0,0.0
1788520558975.0,4850,9.8,0.0,0,0,0,0.0,0.0,0.0,0.0,0.0
1788520559070.0,4855,9.8,0.0,0,0,0,0.0,0.0,0.0,0.0,0.0
1788520559162.0,4860,9.8,0.0,0,0,0,0.0,0.0,0.0,0.0,0.0
1788520559256.0,4865,9.8,0.0,0,0,0,0.0,0.0,0.0,0.0,0.0
1788520559350.0,4870,9.8,0.0,0,0,0,0.0,0.0,0.0,0.0,0.0
1788520559446.0,4875,9.8,0.0,0,0,0,0.0,0.0,0.0,0.0,0.0
1788520559537.0,4880,9.8,0.0,0,0,0,0.0,0.0,0.0,0.0,0.0
1788520559632.0,4885,9.8,0.0,0,0,0,0.0,0.0,0.0,0.0,0.0
1788520559727.0,4890,9.8,0.0,0,0,0,0.0,0.0,0.0,0.0,0.0
1788520559818.0,4895,9.8,0.0,0,0,0,0.0,0.0,0.0,0.0,0.0
1788520559912.0,4900,9.8,0.0,0,0,0,0.0,0.0,0.0,0.0,0.0
1788520560011.0,4905,9.8,0.0,0,0,0,0.0,0.0,0.0,0.0,0.0
1788520560104.0,4910,9.8,0.0,0,0,0,0.0,0.0,0.0,0.0,0.0
1788520560193.0,4915,9.8,0.0,0,0,0,0.0,0.0,0.0,0.0,0.0
1788520560288.0,4920,9.8,0.0,0,0,0,0.0,0.0,0.0,0.0,0.0
1788520560380.0,4925,9.8,0.0,0,0,0,0.0,0.0,0.0,0.0,0.0
1788520560474.0,4930,9.8,0.0,0,0,0,0.0,0.0,0.0,0.0,0.0
1788520560567.0,4935,9.8,0.0,0,0,0,0.0,0.0,0.0,0.0,0.0
1788520560661.0,4940,9.8,0.0,0,0,0,0.0,0.0,0.0,0.0,0.0
1788520560756.0,4945,9.8,0.0,0,0,0,0.0,0.0,0.0,0.0,0.0
1788520560848.0,4950,9.8,0.0,0,0,0,0.0,0.0,0.0,0.0,0.0
1788520560944.0,4955,9.8,0.0,0,0,0,0.0,0.0,0.0,0.0,0.0
1788520561036.0,4960,9.8,0.0,0,0,0,0.0,0.0,0.0,0.0,0.0
1788520561132.0,4965,9.8,0.0,0,0,0,0.0,0.0,0.0,0.0,0.0
1788520561223.0,4970,9.8,0.0,0,0,0,0.0,0.0,0.0,0.0,0.0
1788520561317.0,4975,9.8,0.0,0,0,0,0.0,0.0,0.0,0.0,0.0
1788520561409.0,4980,9.8,0.0,0,0,0,0.0,0.0,0.0,0.0,0.0
1788520561504.0,4985,9.8,0.0,0,0,0,0.0,0.0,0.0,0.0,0.0
1788520561598.0,4990,9.8,0.0,0,0,0,0.0,0.0,0.0,0.0,0.0
1788520561691.0,4995,9.8,0.0,0,0,0,0.0,0.0,0.0,0.0,0.0
1788520561785.0,5000,9.8,0.0,0,0,0,0.0,0.0,0.0,0.0,0.0
1788520561880.0,5005,9.8,0.0,0,0,0,0.0,0.0,0.0,0.0,0.0
1788520561972.0,5010,9.8,0.0,0,0,0,0.0,0.0,0.0,0.0,0.0
1788520562066.0,5015,9.8,0.0,0,0,0,0.0,0.0,0.0,0.0,0.0
1788520562160.0,5020,9.8,0.0,0,0,0,0.0,0.0,0.0,0.0,0.0
1788520562253.0,5025,9.8,0.0,0,0,0,0.0,0.0,0.0,0.0,0.0
1788520562348.0,5030,9.8,0.0,0,0,0,0.0,0.0,0.0,0.0,0.0
1788520562445.0,5035,9.8,0.0,0,0,0,0.0,0.0,0.0,0.0,0.0
1788520562535.0,5040,9.8,0.0,0,0,0,0.0,0.0,0.0,0.0,0.0
1788520562627.0,5045,9.8,0.0,0,0,0,0.0,0.0,0.0,0.0,0.0
1788520562724.0,5050,9.8,0.0,0,0,0,0.0,0.0,0.0,0.0,0.0
1788520562815.0,5055,9.8,0.0,0,0,0,0.0,0.0,0.0,0.0,0.0
1788520562913.0,5060,9.8,0.0,0,0,0,0.0,0.0,0.0,0.0,0.0
1788520563003.0,5065,9.8,0.0,0,0,0,0.0,0.0,0.0,0.0,0.0
1788520563097.0,5070,9.8,0.0,0,0,0,0.0,0.0,0.0,0.0,0.0
1788520563189.0,5075,9.8,0.0,0,0,0,0.0,0.0,0.0,0.0,0.0
1788520563284.0,5080,9.8,0.0,0,0,0,0.0,0.0,0.0,0.0,0.0
1788520563378.0,5085,9.8,0.0,0,0,0,0.0,0.0,0.0,0.0,0.0
1788520563471.0,5090,9.8,0.0,0,0,0,0.0,0.0,0.0,0.0,0.0
1788520563564.0,5095,9.8,0.0,0,0,0,0.0,0.0,0.0,0.0,0.0
1788520563661.0,5100,9.8,0.0,0,0,0,0.0,0.0,0.0,0.0,0.0
1788520563751.0,5105,9.8,0.0,0,0,0,0.0,0.0,0.0,0.0,0.0
1788520563847.0,5110,9.8,0.0,0,0,0,0.0,0.0,0.0,0.0,0.0
1788520563939.0,5115,9.8,0.0,0,0,0,0.0,0.0,0.0,0.0,0.0
1788520564033.0,5120,9.8,0.0,0,0,0,0.0,0.0,0.0,0.0,0.0
1788520564128.0,5125,9.8,0.0,0,0,0,0.0,0.0,0.0,0.0,0.0
1788520564220.0,5130,9.8,0.0,0,0,0,0.0,0.0,0.0,0.0,0.0
1788520564315.0,5135,9.8,0.0,0,0,0,0.0,0.0,0.0,0.0,0.0
1788520564415.0,5140,9.8,0.0,0,0,0,0.0,0.0,0.0,0.0,0.0
1788520564501.0,5145,9.8,0.0,0,0,0,0.0,0.0,0.0,0.0,0.0
1788520564594.0,5150,9.8,0.0,0,0,0,0.0,0.0,0.0,0.0,0.0
1788520564689.0,5155,9.8,0.0,0,0,0,0.0,0.0,0.0,0.0,0.0
1788520564782.0,5160,9.8,0.0,0,0,0,0.0,0.0,0.0,0.0,0.0
1788520564876.0,5165,9.8,0.0,0,0,0,0.0,0.0,0.0,0.0,0.0
1788520564970.0,5170,9.8,0.0,0,0,0,0.0,0.0,0.0,0.0,0.0
1788520565063.0,5175,9.8,0.0,0,0,0,0.0,0.0,0.0,0.0,0.0
1788520565161.0,5180,9.8,0.0,0,0,0,0.0,0.0,0.0,0.0,0.0
1788520565250.0,5185,9.8,0.0,0,0,0,0.0,0.0,0.0,0.0,0.0
1788520565344.0,5190,9.8,0.0,0,0,0,0.0,0.0,0.0,0.0,0.0
1788520565438.0,5195,9.8,0.0,0,0,0,0.0,0.0,0.0,0.0,0.0
1788520565531.0,5200,9.8,0.0,0,0,0,0.0,0.0,0.0,0.0,0.0
1788520565630.0,5205,9.8,0.0,0,0,0,0.0,0.0,0.0,0.0,0.0
1788520565718.0,5210,9.8,0.0,0,0,0,0.0,0.0,0.0,0.0,0.0
1788520565813.0,5215,9.8,0.0,0,0,0,0.0,0.0,0.0,0.0,0.0
1788520565906.0,5220,9.8,0.0,0,0,0,0.0,0.0,0.0,0.0,0.0
1788520565999.0,5225,9.8,0.0,0,0,0,0.0,0.0,0.0,0.0,0.0
1788520566093.0,5230,9.8,0.0,0,0,0,0.0,0.0,0.0,0.0,0.0
1788520566187.0,5235,9.8,0.0,0,0,0,0.0,0.0,0.0,0.0,0.0
1788520566280.0,5240,9.8,0.0,0,0,0,0.0,0.0,0.0,0.0,0.0
1788520566377.0,5245,9.8,0.0,0,0,0,0.0,0.0,0.0,0.0,0.0
1788520566467.0,5250,9.8,0.0,0,0,0,0.0,0.0,0.0,0.0,0.0
1788520566562.0,5255,9.8,0.0,0,0,0,0.0,0.0,0.0,0.0,0.0
1788520566655.0,5260,9.8,0.0,0,0,0,0.0,0.0,0.0,0.0,0.0
1788520566749.0,5265,9.8,0.0,0,0,0,0.0,0.0,0.0,0.0,0.0
1788520566847.0,5270,9.8,0.0,0,0,0,0.0,0.0,0.0,0.0,0.0
1788520566936.0,5275,9.8,0.0,0,0,0,0.0,0.0,0.0,0.0,0.0
1788520567030.0,5280,9.8,0.0,0,0,0,0.0,0.0,0.0,0.0,0.0
1788520567129.0,5285,9.8,0.0,0,0,0,0.0,0.0,0.0,0.0,0.0
1788520567217.0,5290,9.8,0.0,0,0,0,0.0,0.0,0.0,0.0,0.0
1788520567311.0,5295,9.8,0.0,0,0,0,0.0,0.0,0.0,0.0,0.0
1788520567405.0,5300,9.8,0.0,0,0,0,0.0,0.0,0.0,0.0,0.0
1788520567498.0,5305,9.8,0.0,0,0,0,0.0,0.0,0.0,0.0,0.0
1788520567595.0,5310,9.8,0.0,0,0,0,0.0,0.0,0.0,0.0,0.0
1788520567686.0,5315,9.8,0.0,0,0,0,0.0,0.0,0.0,0.0,0.0
1788520567779.0,5320,9.8,0.0,0,0,0,0.0,0.0,0.0,0.0,0.0
1788520567880.0,5325,9.8,0.0,0,0,0,0.0,0.0,0.0,0.0,0.0
1788520567966.0,5330,9.8,0.0,0,0,0,0.0,0.0,0.0,0.0,0.0
1788520568063.0,5335,9.8,0.0,0,0,0,0.0,0.0,0.0,0.0,0.0
1788520568154.0,5340,9.8,0.0,0,0,0,0.0,0.0,0.0,0.0,0.0
1788520568248.0,5345,9.8,0.0,0,0,0,0.0,0.0,0.0,0.0,0.0
1788520568341.0,5350,9.8,0.0,0,0,0,0.0,0.0,0.0,0.0,0.0
1788520568435.0,5355,9.8,0.0,0,0,0,0.0,0.0,0.0,0.0,0.0
1788520568529.0,5360,9.8,0.0,0,0,0,0.0,0.0,0.0,0.0,0.0
1788520568622.0,5365,9.8,0.0,0,0,0,0.0,0.0,0.0,0.0,0.0
1788520568716.0,5370,9.8,0.0,0,0,0,0.0,0.0,0.0,0.0,0.0
1788520568809.0,5375,9.8,0.0,0,0,0,0.0,0.0,0.0,0.0,0.0
1788520568903.0,5380,9.8,0.0,0,0,0,0.0,0.0,0.0,0.0,0.0
1788520568997.0,5385,9.8,0.0,0,0,0,0.0,0.0,0.0,0.0,0.0
1788520569090.0,5390,9.8,0.0,0,0,0,0.0,0.0,0.0,0.0,0.0
1788520569185.0,5395,9.8,0.0,0,0,0,0.0,0.0,0.0,0.0,0.0
1788520569280.0,5400,9.8,0.0,0,0,0,0.0,0.0,0.0,0.0,0.0
1788520569371.0,5405,9.8,0.0,0,0,0,0.0,0.0,0.0,0.0,0.0
1788520569465.0,5410,9.8,0.0,0,0,0,0.0,0.0,0.0,0.0,0.0
1788520569559.0,5415,9.8,0.0,0,0,0,0.0,0.0,0.0,0.0,0.0
1788520569652.0,5420,9.8,0.0,0,0,0,0.0,0.0,0.0,0.0,0.0
1788520569746.0,5425,9.8,0.0,0,0,0,0.0,0.0,0.0,0.0,0.0
1788520569840.0,5430,9.8,0.0,0,0,0,0.0,0.0,0.0,0.0,0.0
1788520569933.0,5435,9.8,0.0,0,0,0,0.0,0.0,0.0,0.0,0.0
1788520570027.0,5440,9.8,0.0,0,0,0,0.0,0.0,0.0,0.0,0.0
1788520570120.0,5445,9.8,0.0,0,0,0,0.0,0.0,0.0,0.0,0.0
1788520570215.0,5450,9.8,0.0,0,0,0,0.0,0.0,0.0,0.0,0.0
1788520570312.0,5455,9.8,0.0,0,0,0,0.0,0.0,0.0,0.0,0.0
1788520570402.0,5460,9.8,0.0,0,0,0,0.0,0.0,0.0,0.0,0.0
1788520570495.0,5465,9.8,0.0,0,0,0,0.0,0.0,0.0,0.0,0.0
1788520570589.0,5470,9.8,0.0,0,0,0,0.0,0.0,0.0,0.0,0.0
1788520570683.0,5475,9.8,0.0,0,0,0,0.0,0.0,0.0,0.0,0.0
1788520570778.0,5480,9.8,0.0,0,0,0,0.0,0.0,0.0,0.0,0.0
1788520570871.0,5485,9.8,0.0,0,0,0,0.0,0.0,0.0,0.0,0.0
1788520570964.0,5490,9.8,0.0,0,0,0,0.0,0.0,0.0,0.0,0.0
1788520571060.0,5495,9.8,0.0,0,0,0,0.0,0.0,0.0,0.0,0.0
1788520571151.0,5500,9.8,0.0,0,0,0,0.0,0.0,0.0,0.0,0.0
1788520571244.0,5505,9.8,0.0,0,0,0,0.0,0.0,0.0,0.0,0.0
1788520571338.0,5510,9.8,0.0,0,0,0,0.0,0.0,0.0,0.0,0.0
1788520571432.0,5515,9.8,0.0,0,0,0,0.0,0.0,0.0,0.0,0.0
1788520571529.0,5520,9.8,0.0,0,0,0,0.0,0.0,0.0,0.0,0.0
1788520571619.0,5525,9.8,0.0,0,0,0,0.0,0.0,0.0,0.0,0.0
1788520571713.0,5530,9.8,0.0,0,0,0,0.0,0.0,0.0,0.0,0.0
1788520571813.0,5535,9.8,0.0,0,0,0,0.0,0.0,0.0,0.0,0.0
1788520571900.0,5540,9.8,0.0,0,0,0,0.0,0.0,0.0,0.0,0.0
1788520571999.0,5545,9.8,0.0,0,0,0,0.0,0.0,0.0,0.0,0.0
1788520572087.0,5550,9.8,0.0,0,0,0,0.0,0.0,0.0,0.0,0.0
1788520572180.0,5555,9.8,0.0,0,0,0,0.0,0.0,0.0,0.0,0.0
1788520572281.0,5560,9.8,0.0,0,0,0,0.0,0.0,0.0,0.0,0.0
1788520572368.0,5565,9.8,0.0,0,0,0,0.0,0.0,0.0,0.0,0.0
1788520572462.0,5570,9.8,0.0,0,0,0,0.0,0.0,0.0,0.0,0.0
1788520572555.0,5575,9.8,0.0,0,0,0,0.0,0.0,0.0,0.0,0.0
1788520572649.0,5580,9.8,0.0,0,0,0,0.0,0.0,0.0,0.0,0.0
1788520572743.0,5585,9.8,0.0,0,0,0,0.0,0.0,0.0,0.0,0.0
1788520572837.0,5590,9.8,0.0,0,0,0,0.0,0.0,0.0,0.0,0.0
1788520572931.0,5595,9.8,0.0,0,0,0,0.0,0.0,0.0,0.0,0.0
1788520573027.0,5600,9.8,0.0,0,0,0,0.0,0.0,0.0,0.0,0.0
1788520573117.0,5605,9.8,0.0,0,0,0,0.0,0.0,0.0,0.0,0.0
1788520573211.0,5610,9.8,0.0,0,0,0,0.0,0.0,0.0,0.0,0.0
1788520573304.0,5615,9.8,0.0,0,0,0,0.0,0.0,0.0,0.0,0.0
1788520573398.0,5620,9.8,0.0,0,0,0,0.0,0.0,0.0,0.0,0.0
1788520573493.0,5625,9.8,0.0,0,0,0,0.0,0.0,0.0,0.0,0.0
1788520573585.0,5630,9.8,0.0,0,0,0,0.0,0.0,0.0,0.0,0.0
1788520573679.0,5635,9.8,0.0,0,0,0,0.0,0.0,0.0,0.0,0.0
1788520573775.0,5640,9.8,0.0,0,0,0,0.0,0.0,0.0,0.0,0.0
1788520573866.0,5645,9.8,0.0,0,0,0,0.0,0.0,0.0,0.0,0.0
1788520573959.0,5650,9.8,0.0,0,0,0,0.0,0.0,0.0,0.0,0.0
1788520574057.0,5655,9.8,0.0,0,0,0,0.0,0.0,0.0,0.0,0.0
1788520574152.0,5660,9.8,0.0,0,0,0,0.0,0.0,0.0,0.0,0.0
1788520574241.0,5665,9.8,0.0,0,0,0,0.0,0.0,0.0,0.0,0.0
1788520574337.0,5670,9.8,0.0,0,0,0,0.0,0.0,0.0,0.0,0.0
1788520574429.0,5675,9.8,0.0,0,0,0,0.0,0.0,0.0,0.0,0.0
1788520574528.0,5680,9.8,0.0,0,0,0,0.0,0.0,0.0,0.0,0.0
1788520574615.0,5685,9.8,0.0,0,0,0,0.0,0.0,0.0,0.0,0.0
1788520574716.0,5690,9.8,0.0,0,0,0,0.0,0.0,0.0,0.0,0.0
1788520574804.0,5695,9.8,0.0,0,0,0,0.0,0.0,0.0,0.0,0.0
1788520574896.0,5700,9.8,0.0,0,0,0,0.0,0.0,0.0,0.0,0.0
1788520574993.0,5705,9.8,0.0,0,0,0,0.0,0.0,0.0,0.0,0.0
1788520575084.0,5710,9.8,0.0,0,0,0,0.0,0.0,0.0,0.0,0.0
1788520575177.0,5715,9.8,0.0,0,0,0,0.0,0.0,0.0,0.0,0.0
1788520575272.0,5720,9.8,0.0,0,0,0,0.0,0.0,0.0,0.0,0.0
1788520575365.0,5725,9.8,0.0,0,0,0,0.0,0.0,0.0,0.0,0.0
1788520575461.0,5730,9.8,0.0,0,0,0,0.0,0.0,0.0,0.0,0.0
1788520575552.0,5735,9.8,0.0,0,0,0,0.0,0.0,0.0,0.0,0.0
1788520575645.0,5740,9.8,0.0,0,0,0,0.0,0.0,0.0,0.0,0.0
1788520575740.0,5745,9.8,0.0,0,0,0,0.0,0.0,0.0,0.0,0.0
1788520575834.0,5750,9.8,0.0,0,0,0,0.0,0.0,0.0,0.0,0.0
1788520575929.0,5755,9.8,0.0,0,0,0,0.0,0.0,0.0,0.0,0.0
1788520576020.0,5760,9.8,0.0,0,0,0,0.0,0.0,0.0,0.0,0.0
1788520576114.0,5765,9.8,0.0,0,0,0,0.0,0.0,0.0,0.0,0.0
1788520576212.0,5770,9.8,0.0,0,0,0,0.0,0.0,0.0,0.0,0.0
1788520576302.0,5775,9.8,0.0,0,0,0,0.0,0.0,0.0,0.0,0.0
1788520576395.0,5780,9.8,0.0,0,0,0,0.0,0.0,0.0,0.0,0.0
1788520576488.0,5785,9.8,0.0,0,0,0,0.0,0.0,0.0,0.0,0.0
1788520576582.0,5790,9.8,0.0,0,0,0,0.0,0.0,0.0,0.0,0.0
1788520576676.0,5795,9.8,0.0,0,0,0,0.0,0.0,0.0,0.0,0.0
1788520576769.0,5800,9.8,0.0,0,0,0,0.0,0.0,0.0,0.0,0.0
1788520576864.0,5805,9.8,0.0,0,0,0,0.0,0.0,0.0,0.0,0.0
1788520576958.0,5810,9.8,0.0,0,0,0,0.0,0.0,0.0,0.0,0.0
1788520577051.0,5815,9.8,0.0,0,0,0,0.0,0.0,0.0,0.0,0.0
1788520577145.0,5820,9.8,0.0,0,0,0,0.0,0.0,0.0,0.0,0.0
1788520577238.0,5825,9.8,0.0,0,0,0,0.0,0.0,0.0,0.0,0.0
1788520577332.0,5830,9.8,0.0,0,0,0,0.0,0.0,0.0,0.0,0.0
1788520577426.0,5835,9.8,0.0,0,0,0,0.0,0.0,0.0,0.0,0.0
1788520577519.0,5840,9.8,0.0,0,0,0,0.0,0.0,0.0,0.0,0.0
1788520577613.0,5845,9.8,0.0,0,0,0,0.0,0.0,0.0,0.0,0.0
1788520577707.0,5850,9.8,0.0,0,0,0,0.0,0.0,0.0,0.0,0.0
1788520577800.0,5855,9.8,0.0,0,0,0,0.0,0.0,0.0,0.0,0.0
1788520577894.0,5860,9.8,0.0,0,0,0,0.0,0.0,0.0,0.0,0.0
1788520577990.0,5865,9.8,0.0,0,0,0,0.0,0.0,0.0,0.0,0.0
1788520578082.0,5870,9.8,0.0,0,0,0,0.0,0.0,0.0,0.0,0.0
1788520578179.0,5875,9.8,0.0,0,0,0,0.0,0.0,0.0,0.0,0.0
1788520578269.0,5880,9.8,0.0,0,0,0,0.0,0.0,0.0,0.0,0.0
1788520578363.0,5885,9.8,0.0,0,0,0,0.0,0.0,0.0,0.0,0.0
1788520578456.0,5890,9.8,0.0,0,0,0,0.0,0.0,0.0,0.0,0.0
1788520578550.0,5895,9.8,0.0,0,0,0,0.0,0.0,0.0,0.0,0.0
1788520578643.0,5900,9.8,0.0,0,0,0,0.0,0.0,0.0,0.0,0.0
1788520578737.0,5905,9.8,0.0,0,0,0,0.0,0.0,0.0,0.0,0.0
1788520578831.0,5910,9.8,0.0,0,0,0,0.0,0.0,0.0,0.0,0.0
1788520578925.0,5915,9.8,0.0,0,0,0,0.0,0.0,0.0,0.0,0.0
1788520579018.0,5920,9.8,0.0,0,0,0,0.0,0.0,0.0,0.0,0.0
1788520579115.0,5925,9.8,0.0,0,0,0,0.0,0.0,0.0,0.0,0.0
1788520579206.0,5930,9.8,0.0,0,0,0,0.0,0.0,0.0,0.0,0.0
1788520579299.0,5935,9.8,0.0,0,0,0,0.0,0.0,0.0,0.0,0.0
1788520579396.0,5940,9.8,0.0,0,0,0,0.0,0.0,0.0,0.0,0.0
1788520579486.0,5945,9.8,0.0,0,0,0,0.0,0.0,0.0,0.0,0.0
1788520579581.0,5950,9.8,0.0,0,0,0,0.0,0.0,0.0,0.0,0.0
1788520579673.0,5955,9.8,0.0,0,0,0,0.0,0.0,0.0,0.0,0.0
1788520579767.0,5960,9.8,0.0,0,0,0,0.0,0.0,0.0,0.0,0.0
1788520579861.0,5965,9.8,0.0,0,0,0,0.0,0.0,0.0,0.0,0.0
1788520579955.0,5970,9.8,0.0,0,0,0,0.0,0.0,0.0,0.0,0.0
1788520580048.0,5975,9.8,0.0,0,0,0,0.0,0.0,0.0,0.0,0.0
1788520580143.0,5980,9.8,0.0,0,0,0,0.0,0.0,0.0,0.0,0.0
1788520580236.0,5985,9.8,0.0,0,0,0,0.0,0.0,0.0,0.0,0.0
1788520580330.0,5990,9.8,0.0,0,0,0,0.0,0.0,0.0,0.0,0.0
1788520580430.0,5995,9.8,0.0,0,0,0,0.0,0.0,0.0,0.0,0.0
1788520580517.0,6000,9.8,0.0,0,0,0,0.0,0.0,0.0,0.0,0.0
1788520580610.0,6005,9.8,0.0,0,0,0,0.0,0.0,0.0,0.0,0.0
1788520580705.0,6010,9.8,0.0,0,0,0,0.0,0.0,0.0,0.0,0.0
1788520580798.0,6015,9.8,0.0,0,0,0,0.0,0.0,0.0,0.0,0.0
1788520580897.0,6020,9.8,0.0,0,0,0,0.0,0.0,0.0,0.0,0.0
1788520580986.0,6025,9.8,0.0,0,0,0,0.0,0.0,0.0,0.0,0.0
1788520581079.0,6030,9.8,0.0,0,0,0,0.0,0.0,0.0,0.0,0.0
1788520581172.0,6035,9.8,0.0,0,0,0,0.0,0.0,0.0,0.0,0.0
1788520581266.0,6040,9.8,0.0,0,0,0,0.0,0.0,0.0,0.0,0.0
1788520581360.0,6045,9.8,0.0,0,0,0,0.0,0.0,0.0,0.0,0.0
1788520581453.0,6050,9.8,0.0,0,0,0,0.0,0.0,0.0,0.0,0.0
1788520581547.0,6055,9.8,0.0,0,0,0,0.0,0.0,0.0,0.0,0.0
1788520581641.0,6060,9.8,0.0,0,0,0,0.0,0.0,0.0,0.0,0.0
1788520581735.0,6065,9.8,0.0,0,0,0,0.0,0.0,0.0,0.0,0.0
1788520581830.0,6070,9.8,0.0,0,0,0,0.0,0.0,0.0,0.0,0.0
1788520581922.0,6075,9.8,0.0,0,0,0,0.0,0.0,0.0,0.0,0.0
1788520582016.0,6080,9.8,0.0,0,0,0,0.0,0.0,0.0,0.0,0.0
1788520582116.0,6085,9.8,0.0,0,0,0,0.0,0.0,0.0,0.0,0.0
1788520582202.0,6090,9.8,0.0,0,0,0,0.0,0.0,0.0,0.0,0.0
1788520582297.0,6095,9.8,0.0,0,0,0,0.0,0.0,0.0,0.0,0.0
1788520582399.0,6100,9.8,0.0,0,0,0,0.0,0.0,0.0,0.0,0.0
1788520582484.0,6105,9.8,0.0,0,0,0,0.0,0.0,0.0,0.0,0.0
1788520582578.0,6110,9.8,0.0,0,0,0,0.0,0.0,0.0,0.0,0.0
1788520582671.0,6115,9.8,0.0,0,0,0,0.0,0.0,0.0,0.0,0.0
1788520582765.0,6120,9.8,0.0,0,0,0,0.0,0.0,0.0,0.0,0.0
1788520582859.0,6125,9.8,0.0,0,0,0,0.0,0.0,0.0,0.0,0.0
1788520582952.0,6130,9.8,0.0,0,0,0,0.0,0.0,0.0,0.0,0.0
1788520583047.0,6135,9.8,0.0,0,0,0,0.0,0.0,0.0,0.0,0.0
1788520583145.0,6140,9.8,0.0,0,0,0,0.0,0.0,0.0,0.0,0.0
1788520583234.0,6145,9.8,0.0,0,0,0,0.0,0.0,0.0,0.0,0.0
1788520583328.0,6150,9.8,0.0,0,0,0,0.0,0.0,0.0,0.0,0.0
1788520583421.0,6155,9.8,0.0,0,0,0,0.0,0.0,0.0,0.0,0.0
1788520583515.0,6160,9.8,0.0,0,0,0,0.0,0.0,0.0,0.0,0.0
1788520583613.0,6165,9.8,0.0,0,0,0,0.0,0.0,0.0,0.0,0.0
1788520583702.0,6170,9.8,0.0,0,0,0,0.0,0.0,0.0,0.0,0.0
1788520583797.0,6175,9.8,0.0,0,0,0,0.0,0.0,0.0,0.0,0.0
1788520583892.0,6180,9.8,0.0,0,0,0,0.0,0.0,0.0,0.0,0.0
1788520583983.0,6185,9.8,0.0,0,0,0,0.0,0.0,0.0,0.0,0.0
1788520584077.0,6190,9.8,0.0,0,0,0,0.0,0.0,0.0,0.0,0.0
1788520584170.0,6195,9.8,0.0,0,0,0,0.0,0.0,0.0,0.0,0.0
1788520584263.0,6200,9.8,0.0,0,0,0,0.0,0.0,0.0,0.0,0.0
1788520584361.0,6205,9.8,0.0,0,0,0,0.0,0.0,0.0,0.0,0.0
1788520584451.0,6210,9.8,0.0,0,0,0,0.0,0.0,0.0,0.0,0.0
1788520584545.0,6215,9.8,0.0,0,0,0,0.0,0.0,0.0,0.0,0.0
1788520584638.0,6220,9.8,0.0,0,0,0,0.0,0.0,0.0,0.0,0.0
1788520584733.0,6225,9.8,0.0,0,0,0,0.0,0.0,0.0,0.0,0.0
1788520584828.0,6230,9.8,0.0,0,0,0,0.0,0.0,0.0,0.0,0.0
1788520584920.0,6235,9.8,0.0,0,0,0,0.0,0.0,0.0,0.0,0.0
1788520585014.0,6240,9.8,0.0,0,0,0,0.0,0.0,0.0,0.0,0.0
1788520585110.0,6245,9.8,0.0,0,0,0,0.0,0.0,0.0,0.0,0.0
1788520585201.0,6250,9.8,0.0,0,0,0,0.0,0.0,0.0,0.0,0.0
1788520585296.0,6255,9.8,0.0,0,0,0,0.0,0.0,0.0,0.0,0.0
1788520585388.0,6260,9.8,0.0,0,0,0,0.0,0.0,0.0,0.0,0.0
1788520585482.0,6265,9.8,0.0,0,0,0,0.0,0.0,0.0,0.0,0.0
1788520585577.0,6270,9.8,0.0,0,0,0,0.0,0.0,0.0,0.0,0.0
1788520585669.0,6275,9.8,0.0,0,0,0,0.0,0.0,0.0,0.0,0.0
1788520585764.0,6280,9.8,0.0,0,0,0,0.0,0.0,0.0,0.0,0.0
1788520585857.0,6285,9.8,0.0,0,0,0,0.0,0.0,0.0,0.0,0.0
1788520585951.0,6290,9.8,0.0,0,0,0,0.0,0.0,0.0,0.0,0.0
1788520586045.0,6295,9.8,0.0,0,0,0,0.0,0.0,0.0,0.0,0.0
1788520586137.0,6300,9.8,0.0,0,0,0,0.0,0.0,0.0,0.0,0.0
1788520586231.0,6305,9.8,0.0,0,0,0,0.0,0.0,0.0,0.0,0.0
1788520586324.0,6310,9.8,0.0,0,0,0,0.0,0.0,0.0,0.0,0.0
1788520586419.0,6315,9.8,0.0,0,0,0,0.0,0.0,0.0,0.0,0.0
1788520586513.0,6320,9.8,0.0,0,0,0,0.0,0.0,0.0,0.0,0.0
1788520586606.0,6325,9.8,0.0,0,0,0,0.0,0.0,0.0,0.0,0.0
1788520586700.0,6330,9.8,0.0,0,0,0,0.0,0.0,0.0,0.0,0.0
1788520586795.0,6335,9.8,0.0,0,0,0,0.0,0.0,0.0,0.0,0.0
1788520586887.0,6340,9.8,0.0,0,0,0,0.0,0.0,0.0,0.0,0.0
1788520586981.0,6345,9.8,0.0,0,0,0,0.0,0.0,0.0,0.0,0.0
1788520587079.0,6350,9.8,0.0,0,0,0,0.0,0.0,0.0,0.0,0.0
1788520587167.0,6355,9.8,0.0,0,0,0,0.0,0.0,0.0,0.0,0.0
1788520587263.0,6360,9.8,0.0,0,0,0,0.0,0.0,0.0,0.0,0.0
1788520587355.0,6365,9.8,0.0,0,0,0,0.0,0.0,0.0,0.0,0.0
1788520587448.0,6370,9.8,0.0,0,0,0,0.0,0.0,0.0,0.0,0.0
1788520587542.0,6375,9.8,0.0,0,0,0,0.0,0.0,0.0,0.0,0.0
1788520587636.0,6380,9.8,0.0,0,0,0,0.0,0.0,0.0,0.0,0.0
1788520587729.0,6385,9.8,0.0,0,0,0,0.0,0.0,0.0,0.0,0.0
1788520587823.0,6390,9.8,0.0,0,0,0,0.0,0.0,0.0,0.0,0.0
1788520587917.0,6395,9.8,0.0,0,0,0,0.0,0.0,0.0,0.0,0.0
1788520588010.0,6400,9.8,0.0,0,0,0,0.0,0.0,0.0,0.0,0.0
1788520588104.0,6405,9.8,0.0,0,0,0,0.0,0.0,0.0,0.0,0.0
1788520588198.0,6410,9.8,0.0,0,0,0,0.0,0.0,0.0,0.0,0.0
1788520588291.0,6415,9.8,0.0,0,0,0,0.0,0.0,0.0,0.0,0.0
1788520588385.0,6420,9.8,0.0,0,0,0,0.0,0.0,0.0,0.0,0.0
1788520588479.0,6425,9.8,0.0,0,0,0,0.0,0.0,0.0,0.0,0.0
1788520588572.0,6430,9.8,0.0,0,0,0,0.0,0.0,0.0,0.0,0.0
1788520588666.0,6435,9.8,0.0,0,0,0,0.0,0.0,0.0,0.0,0.0
1788520588771.0,6440,9.8,0.0,0,0,0,0.0,0.0,0.0,0.0,0.0
1788520588854.0,6445,9.8,0.0,0,0,0,0.0,0.0,0.0,0.0,0.0
1788520588946.0,6450,9.8,0.0,0,0,0,0.0,0.0,0.0,0.0,0.0
1788520589040.0,6455,9.8,0.0,0,0,0,0.0,0.0,0.0,0.0,0.0
1788520589134.0,6460,9.8,0.0,0,0,0,0.0,0.0,0.0,0.0,0.0
1788520589227.0,6465,9.8,0.0,0,0,0,0.0,0.0,0.0,0.0,0.0
1788520589321.0,6470,9.8,0.0,0,0,0,0.0,0.0,0.0,0.0,0.0
1788520589414.0,6475,9.8,0.0,0,0,0,0.0,0.0,0.0,0.0,0.0
1788520589509.0,6480,9.8,0.0,0,0,0,0.0,0.0,0.0,0.0,0.0
1788520589602.0,6485,9.8,0.0,0,0,0,0.0,0.0,0.0,0.0,0.0
1788520589697.0,6490,9.8,0.0,0,0,0,0.0,0.0,0.0,0.0,0.0
1788520589802.0,6495,9.8,0.0,0,0,0,0.0,0.0,0.0,0.0,0.0
1788520589883.0,6500,9.8,0.0,0,0,0,0.0,0.0,0.0,0.0,0.0
1788520589977.0,6505,9.8,0.0,0,0,0,0.0,0.0,0.0,0.0,0.0
1788520590071.0,6510,9.8,0.0,0,0,0,0.0,0.0,0.0,0.0,0.0
1788520590166.0,6515,9.8,0.0,0,0,0,0.0,0.0,0.0,0.0,0.0
1788520590258.0,6520,9.8,0.0,0,0,0,0.0,0.0,0.0,0.0,0.0
1788520590352.0,6525,9.8,0.0,0,0,0,0.0,0.0,0.0,0.0,0.0
1788520590445.0,6530,9.8,0.0,0,0,0,0.0,0.0,0.0,0.0,0.0
1788520590538.0,6535,9.8,0.0,0,0,0,0.0,0.0,0.0,0.0,0.0
1788520590632.0,6540,9.8,0.0,0,0,0,0.0,0.0,0.0,0.0,0.0
1788520590728.0,6545,9.8,0.0,0,0,0,0.0,0.0,0.0,0.0,0.0
1788520590819.0,6550,9.8,0.0,0,0,0,0.0,0.0,0.0,0.0,0.0
1788520590913.0,6555,9.8,0.0,0,0,0,0.0,0.0,0.0,0.0,0.0
1788520591007.0,6560,9.8,0.0,0,0,0,0.0,0.0,0.0,0.0,0.0
1788520591100.0,6565,9.8,0.0,0,0,0,0.0,0.0,0.0,0.0,0.0
1788520591194.0,6570,9.8,0.0,0,0,0,0.0,0.0,0.0,0.0,0.0
1788520591288.0,6575,9.8,0.0,0,0,0,0.0,0.0,0.0,0.0,0.0
1788520591381.0,6580,9.8,0.0,0,0,0,0.0,0.0,0.0,0.0,0.0
1788520591475.0,6585,9.8,0.0,0,0,0,0.0,0.0,0.0,0.0,0.0
1788520591569.0,6590,9.8,0.0,0,0,0,0.0,0.0,0.0,0.0,0.0
1788520591662.0,6595,9.8,0.0,0,0,0,0.0,0.0,0.0,0.0,0.0
1788520591756.0,6600,9.8,0.0,0,0,0,0.0,0.0,0.0,0.0,0.0
1788520591850.0,6605,9.8,0.0,0,0,0,0.0,0.0,0.0,0.0,0.0
1788520591943.0,6610,9.8,0.0,0,0,0,0.0,0.0,0.0,0.0,0.0
1788520592037.0,6615,9.8,0.0,0,0,0,0.0,0.0,0.0,0.0,0.0
1788520592130.0,6620,9.8,0.0,0,0,0,0.0,0.0,0.0,0.0,0.0
1788520592225.0,6625,9.8,0.0,0,0,0,0.0,0.0,0.0,0.0,0.0
1788520592318.0,6630,9.8,0.0,0,0,0,0.0,0.0,0.0,0.0,0.0
1788520592412.0,6635,9.8,0.0,0,0,0,0.0,0.0,0.0,0.0,0.0
1788520592506.0,6640,9.8,0.0,0,0,0,0.0,0.0,0.0,0.0,0.0
1788520592599.0,6645,9.8,0.0,0,0,0,0.0,0.0,0.0,0.0,0.0
1788520592696.0,6650,9.8,0.0,0,0,0,0.0,0.0,0.0,0.0,0.0
1788520592787.0,6655,9.8,0.0,0,0,0,0.0,0.0,0.0,0.0,0.0
1788520592880.0,6660,9.8,0.0,0,0,0,0.0,0.0,0.0,0.0,0.0
1788520592978.0,6665,9.8,0.0,0,0,0,0.0,0.0,0.0,0.0,0.0
1788520593067.0,6670,9.8,0.0,0,0,0,0.0,0.0,0.0,0.0,0.0
1788520593160.0,6675,9.8,0.0,0,0,0,0.0,0.0,0.0,0.0,0.0
1788520593254.0,6680,9.8,0.0,0,0,0,0.0,0.0,0.0,0.0,0.0
1788520593349.0,6685,9.8,0.0,0,0,0,0.0,0.0,0.0,0.0,0.0
1788520593447.0,6690,9.8,0.0,0,0,0,0.0,0.0,0.0,0.0,0.0
1788520593536.0,6695,9.8,0.0,0,0,0,0.0,0.0,0.0,0.0,0.0
1788520593629.0,6700,9.8,0.0,0,0,0,0.0,0.0,0.0,0.0,0.0
1788520593727.0,6705,9.8,0.0,0,0,0,0.0,0.0,0.0,0.0,0.0
1788520593817.0,6710,9.8,0.0,0,0,0,0.0,0.0,0.0,0.0,0.0
1788520593912.0,6715,9.8,0.0,0,0,0,0.0,0.0,0.0,0.0,0.0
1788520594005.0,6720,9.8,0.0,0,0,0,0.0,0.0,0.0,0.0,0.0
1788520594097.0,6725,9.8,0.0,0,0,0,0.0,0.0,0.0,0.0,0.0
1788520594194.0,6730,9.8,0.0,0,0,0,0.0,0.0,0.0,0.0,0.0
1788520594285.0,6735,9.8,0.0,0,0,0,0.0,0.0,0.0,0.0,0.0
1788520594378.0,6740,9.8,0.0,0,0,0,0.0,0.0,0.0,0.0,0.0
1788520594472.0,6745,9.8,0.0,0,0,0,0.0,0.0,0.0,0.0,0.0
1788520594566.0,6750,9.8,0.0,0,0,0,0.0,0.0,0.0,0.0,0.0
1788520594659.0,6755,9.8,0.0,0,0,0,0.0,0.0,0.0,0.0,0.0
1788520594753.0,6760,9.8,0.0,0,0,0,0.0,0.0,0.0,0.0,0.0
1788520594847.0,6765,9.8,0.0,0,0,0,0.0,0.0,0.0,0.0,0.0
1788520594941.0,6770,9.8,0.0,0,0,0,0.0,0.0,0.0,0.0,0.0
1788520595035.0,6775,9.8,0.0,0,0,0,0.0,0.0,0.0,0.0,0.0
1788520595131.0,6780,9.8,0.0,0,0,0,0.0,0.0,0.0,0.0,0.0
1788520595221.0,6785,9.8,0.0,0,0,0,0.0,0.0,0.0,0.0,0.0
1788520595314.0,6790,9.8,0.0,0,0,0,0.0,0.0,0.0,0.0,0.0
1788520595409.0,6795,9.8,0.0,0,0,0,0.0,0.0,0.0,0.0,0.0
1788520595502.0,6800,9.8,0.0,0,0,0,0.0,0.0,0.0,0.0,0.0
1788520595596.0,6805,9.8,0.0,0,0,0,0.0,0.0,0.0,0.0,0.0
1788520595694.0,6810,9.8,0.0,0,0,0,0.0,0.0,0.0,0.0,0.0
1788520595784.0,6815,9.8,0.0,0,0,0,0.0,0.0,0.0,0.0,0.0
1788520595878.0,6820,9.8,0.0,0,0,0,0.0,0.0,0.0,0.0,0.0
1788520595971.0,6825,9.8,0.0,0,0,0,0.0,0.0,0.0,0.0,0.0
1788520596064.0,6830,9.8,0.0,0,0,0,0.0,0.0,0.0,0.0,0.0
1788520596161.0,6835,9.8,0.0,0,0,0,0.0,0.0,0.0,0.0,0.0
1788520596253.0,6840,9.8,0.0,0,0,0,0.0,0.0,0.0,0.0,0.0
1788520596346.0,6845,9.8,0.0,0,0,0,0.0,0.0,0.0,0.0,0.0
1788520596445.0,6850,9.8,0.0,0,0,0,0.0,0.0,0.0,0.0,0.0
1788520596533.0,6855,9.8,0.0,0,0,0,0.0,0.0,0.0,0.0,0.0
1788520596627.0,6860,9.8,0.0,0,0,0,0.0,0.0,0.0,0.0,0.0
1788520596721.0,6865,9.8,0.0,0,0,0,0.0,0.0,0.0,0.0,0.0
1788520596814.0,6870,9.8,0.0,0,0,0,0.0,0.0,0.0,0.0,0.0
1788520596908.0,6875,9.8,0.0,0,0,0,0.0,0.0,0.0,0.0,0.0
1788520597001.0,6880,9.8,0.0,0,0,0,0.0,0.0,0.0,0.0,0.0
1788520597094.0,6885,9.8,0.0,0,0,0,0.0,0.0,0.0,0.0,0.0
1788520597188.0,6890,9.8,0.0,0,0,0,0.0,0.0,0.0,0.0,0.0
1788520597282.0,6895,9.8,0.0,0,0,0,0.0,0.0,0.0,0.0,0.0
1788520597380.0,6900,9.8,0.0,0,0,0,0.0,0.0,0.0,0.0,0.0
1788520597471.0,6905,9.8,0.0,0,0,0,0.0,0.0,0.0,0.0,0.0
1788520597563.0,6910,9.8,0.0,0,0,0,0.0,0.0,0.0,0.0,0.0
1788520597657.0,6915,9.8,0.0,0,0,0,0.0,0.0,0.0,0.0,0.0
1788520597751.0,6920,9.8,0.0,0,0,0,0.0,0.0,0.0,0.0,0.0
1788520597845.0,6925,9.8,0.0,0,0,0,0.0,0.0,0.0,0.0,0.0
1788520597939.0,6930,9.8,0.0,0,0,0,0.0,0.0,0.0,0.0,0.0
1788520598032.0,6935,9.8,0.0,0,0,0,0.0,0.0,0.0,0.0,0.0
1788520598129.0,6940,9.8,0.0,0,0,0,0.0,0.0,0.0,0.0,0.0
1788520598220.0,6945,9.8,0.0,0,0,0,0.0,0.0,0.0,0.0,0.0
1788520598313.0,6950,9.8,0.0,0,0,0,0.0,0.0,0.0,0.0,0.0
1788520598412.0,6955,9.8,0.0,0,0,0,0.0,0.0,0.0,0.0,0.0
1788520598501.0,6960,9.8,0.0,0,0,0,0.0,0.0,0.0,0.0,0.0
1788520598600.0,6965,9.8,0.0,0,0,0,0.0,0.0,0.0,0.0,0.0
1788520598688.0,6970,9.8,0.0,0,0,0,0.0,0.0,0.0,0.0,0.0
1788520598782.0,6975,9.8,0.0,0,0,0,0.0,0.0,0.0,0.0,0.0
1788520598875.0,6980,9.8,0.0,0,0,0,0.0,0.0,0.0,0.0,0.0
1788520598968.0,6985,9.8,0.0,0,0,0,0.0,0.0,0.0,0.0,0.0
1788520599065.0,6990,9.8,0.0,0,0,0,0.0,0.0,0.0,0.0,0.0
1788520599156.0,6995,9.8,0.0,0,0,0,0.0,0.0,0.0,0.0,0.0
1788520599250.0,7000,9.8,0.0,0,0,0,0.0,0.0,0.0,0.0,0.0
1788520599345.0,7005,9.8,0.0,0,0,0,0.0,0.0,0.0,0.0,0.0
1788520599436.0,7010,9.8,0.0,0,0,0,0.0,0.0,0.0,0.0,0.0
1788520599530.0,7015,9.8,0.0,0,0,0,0.0,0.0,0.0,0.0,0.0
1788520599628.0,7020,9.8,0.0,0,0,0,0.0,0.0,0.0,0.0,0.0
1788520599719.0,7025,9.8,0.0,0,0,0,0.0,0.0,0.0,0.0,0.0
1788520599812.0,7030,9.8,0.0,0,0,0,0.0,0.0,0.0,0.0,0.0
1788520599906.0,7035,9.8,0.0,0,0,0,0.0,0.0,0.0,0.0,0.0
1788520600000.0,7040,9.8,0.0,0,0,0,0.0,0.0,0.0,0.0,0.0
1788520600094.0,7045,9.8,0.0,0,0,0,0.0,0.0,0.0,0.0,0.0
1788520600186.0,7050,9.8,0.0,0,0,0,0.0,0.0,0.0,0.0,0.0
1788520600280.0,7055,9.8,0.0,0,0,0,0.0,0.0,0.0,0.0,0.0
1788520600373.0,7060,9.8,0.0,0,0,0,0.0,0.0,0.0,0.0,0.0
1788520600467.0,7065,9.8,0.0,0,0,0,0.0,0.0,0.0,0.0,0.0
1788520600561.0,7070,9.8,0.0,0,0,0,0.0,0.0,0.0,0.0,0.0
1788520600655.0,7075,9.8,0.0,0,0,0,0.0,0.0,0.0,0.0,0.0
1788520600748.0,7080,9.8,0.0,0,0,0,0.0,0.0,0.0,0.0,0.0
1788520600845.0,7085,9.8,0.0,0,0,0,0.0,0.0,0.0,0.0,0.0
1788520600936.0,7090,9.8,0.0,0,0,0,0.0,0.0,0.0,0.0,0.0
1788520601029.0,7095,9.8,0.0,0,0,0,0.0,0.0,0.0,0.0,0.0
1788520601123.0,7100,9.8,0.0,0,0,0,0.0,0.0,0.0,0.0,0.0
1788520601217.0,7105,9.8,0.0,0,0,0,0.0,0.0,0.0,0.0,0.0
1788520601313.0,7110,9.8,0.0,0,0,0,0.0,0.0,0.0,0.0,0.0
1788520601403.0,7115,9.8,0.0,0,0,0,0.0,0.0,0.0,0.0,0.0
1788520601498.0,7120,9.8,0.0,0,0,0,0.0,0.0,0.0,0.0,0.0
1788520601591.0,7125,9.8,0.0,0,0,0,0.0,0.0,0.0,0.0,0.0
1788520601685.0,7130,9.8,0.0,0,0,0,0.0,0.0,0.0,0.0,0.0
1788520601779.0,7135,9.8,0.0,0,0,0,0.0,0.0,0.0,0.0,0.0
1788520601873.0,7140,9.8,0.0,0,0,0,0.0,0.0,0.0,0.0,0.0
1788520601966.0,7145,9.8,0.0,0,0,0,0.0,0.0,0.0,0.0,0.0
1788520602062.0,7150,9.8,0.0,0,0,0,0.0,0.0,0.0,0.0,0.0
1788520602153.0,7155,9.8,0.0,0,0,0,0.0,0.0,0.0,0.0,0.0
1788520602247.0,7160,9.8,0.0,0,0,0,0.0,0.0,0.0,0.0,0.0
1788520602341.0,7165,9.8,0.0,0,0,0,0.0,0.0,0.0,0.0,0.0
1788520602434.0,7170,9.8,0.0,0,0,0,0.0,0.0,0.0,0.0,0.0
1788520602529.0,7175,9.8,0.0,0,0,0,0.0,0.0,0.0,0.0,0.0
1788520602622.0,7180,9.8,0.0,0,0,0,0.0,0.0,0.0,0.0,0.0
1788520602715.0,7185,9.8,0.0,0,0,0,0.0,0.0,0.0,0.0,0.0
1788520602813.0,7190,9.8,0.0,0,0,0,0.0,0.0,0.0,0.0,0.0
1788520602903.0,7195,9.8,0.0,0,0,0,0.0,0.0,0.0,0.0,0.0
1788520602996.0,7200,9.8,0.0,0,0,0,0.0,0.0,0.0,0.0,0.0
1788520603098.0,7205,9.8,0.0,0,0,0,0.0,0.0,0.0,0.0,0.0
1788520603183.0,7210,9.8,0.0,0,0,0,0.0,0.0,0.0,0.0,0.0
1788520603278.0,7215,9.8,0.0,0,0,0,0.0,0.0,0.0,0.0,0.0
1788520603371.0,7220,9.8,0.0,0,0,0,0.0,0.0,0.0,0.0,0.0
1788520603464.0,7225,9.8,0.0,0,0,0,0.0,0.0,0.0,0.0,0.0
1788520603561.0,7230,9.8,0.0,0,0,0,0.0,0.0,0.0,0.0,0.0
1788520603653.0,7235,9.8,0.0,0,0,0,0.0,0.0,0.0,0.0,0.0
1788520603745.0,7240,9.8,0.0,0,0,0,0.0,0.0,0.0,0.0,0.0
1788520603839.0,7245,9.8,0.0,0,0,0,0.0,0.0,0.0,0.0,0.0
1788520603933.0,7250,9.8,0.0,0,0,0,0.0,0.0,0.0,0.0,0.0
1788520604030.0,7255,9.8,0.0,0,0,0,0.0,0.0,0.0,0.0,0.0
1788520604120.0,7260,9.8,0.0,0,0,0,0.0,0.0,0.0,0.0,0.0
1788520604214.0,7265,9.8,0.0,0,0,0,0.0,0.0,0.0,0.0,0.0
1788520604313.0,7270,9.8,0.0,0,0,0,0.0,0.0,0.0,0.0,0.0
1788520604401.0,7275,9.8,0.0,0,0,0,0.0,0.0,0.0,0.0,0.0
1788520604495.0,7280,9.8,0.0,0,0,0,0.0,0.0,0.0,0.0,0.0
1788520604591.0,7285,9.8,0.0,0,0,0,0.0,0.0,0.0,0.0,0.0
1788520604682.0,7290,9.8,0.0,0,0,0,0.0,0.0,0.0,0.0,0.0
1788520604779.0,7295,9.8,0.0,0,0,0,0.0,0.0,0.0,0.0,0.0
1788520604873.0,7300,9.8,0.0,0,0,0,0.0,0.0,0.0,0.0,0.0
1788520604964.0,7305,9.8,0.0,0,0,0,0.0,0.0,0.0,0.0,0.0
1788520605066.0,7310,9.8,0.0,0,0,0,0.0,0.0,0.0,0.0,0.0
1788520605151.0,7315,9.8,0.0,0,0,0,0.0,0.0,0.0,0.0,0.0
1788520605245.0,7320,9.8,0.0,0,0,0,0.0,0.0,0.0,0.0,0.0
1788520605338.0,7325,9.8,0.0,0,0,0,0.0,0.0,0.0,0.0,0.0
1788520605432.0,7330,9.8,0.0,0,0,0,0.0,0.0,0.0,0.0,0.0
1788520605525.0,7335,9.8,0.0,0,0,0,0.0,0.0,0.0,0.0,0.0
1788520605619.0,7340,9.8,0.0,0,0,0,0.0,0.0,0.0,0.0,0.0
1788520605713.0,7345,9.8,0.0,0,0,0,0.0,0.0,0.0,0.0,0.0
1788520605814.0,7350,9.8,0.0,0,0,0,0.0,0.0,0.0,0.0,0.0
1788520605900.0,7355,9.8,0.0,0,0,0,0.0,0.0,0.0,0.0,0.0
1788520605993.0,7360,9.8,0.0,0,0,0,0.0,0.0,0.0,0.0,0.0
1788520606089.0,7365,9.8,0.0,0,0,0,0.0,0.0,0.0,0.0,0.0
1788520606181.0,7370,9.8,0.0,0,0,0,0.0,0.0,0.0,0.0,0.0
1788520606281.0,7375,9.8,0.0,0,0,0,0.0,0.0,0.0,0.0,0.0
1788520606368.0,7380,9.8,0.0,0,0,0,0.0,0.0,0.0,0.0,0.0
1788520606462.0,7385,9.8,0.0,0,0,0,0.0,0.0,0.0,0.0,0.0
1788520606555.0,7390,9.8,0.0,0,0,0,0.0,0.0,0.0,0.0,0.0
1788520606649.0,7395,9.8,0.0,0,0,0,0.0,0.0,0.0,0.0,0.0
1788520606744.0,7400,9.8,0.0,0,0,0,0.0,0.0,0.0,0.0,0.0
1788520606836.0,7405,9.8,0.0,0,0,0,0.0,0.0,0.0,0.0,0.0
1788520606931.0,7410,9.8,0.0,0,0,0,0.0,0.0,0.0,0.0,0.0
1788520607026.0,7415,9.8,0.0,0,0,0,0.0,0.0,0.0,0.0,0.0
1788520607117.0,7420,9.8,0.0,0,0,0,0.0,0.0,0.0,0.0,0.0
1788520607212.0,7425,9.8,0.0,0,0,0,0.0,0.0,0.0,0.0,0.0
1788520607304.0,7430,9.8,0.0,0,0,0,0.0,0.0,0.0,0.0,0.0
1788520607399.0,7435,9.8,0.0,0,0,0,0.0,0.0,0.0,0.0,0.0
1788520607492.0,7440,9.8,0.0,0,0,0,0.0,0.0,0.0,0.0,0.0
1788520607586.0,7445,9.8,0.0,0,0,0,0.0,0.0,0.0,0.0,0.0
1788520607679.0,7450,9.8,0.0,0,0,0,0.0,0.0,0.0,0.0,0.0
1788520607773.0,7455,9.8,0.0,0,0,0,0.0,0.0,0.0,0.0,0.0
1788520607868.0,7460,9.8,0.0,0,0,0,0.0,0.0,0.0,0.0,0.0
1788520607961.0,7465,9.8,0.0,0,0,0,0.0,0.0,0.0,0.0,0.0
1788520608054.0,7470,9.8,0.0,0,0,0,0.0,0.0,0.0,0.0,0.0
1788520608149.0,7475,9.8,0.0,0,0,0,0.0,0.0,0.0,0.0,0.0
1788520608249.0,7480,9.8,0.0,0,0,0,0.0,0.0,0.0,0.0,0.0
1788520608336.0,7485,9.8,0.0,0,0,0,0.0,0.0,0.0,0.0,0.0
1788520608429.0,7490,9.8,0.0,0,0,0,0.0,0.0,0.0,0.0,0.0
1788520608530.0,7495,9.8,0.0,0,0,0,0.0,0.0,0.0,0.0,0.0
1788520608615.0,7500,9.8,0.0,0,0,0,0.0,0.0,0.0,0.0,0.0
1788520608711.0,7505,9.8,0.0,0,0,0,0.0,0.0,0.0,0.0,0.0
1788520608804.0,7510,9.8,0.0,0,0,0,0.0,0.0,0.0,0.0,0.0
1788520608897.0,7515,9.8,0.0,0,0,0,0.0,0.0,0.0,0.0,0.0
1788520608995.0,7520,9.8,0.0,0,0,0,0.0,0.0,0.0,0.0,0.0
1788520609085.0,7525,9.8,0.0,0,0,0,0.0,0.0,0.0,0.0,0.0
1788520609179.0,7530,9.8,0.0,0,0,0,0.0,0.0,0.0,0.0,0.0
1788520609271.0,7535,9.8,0.0,0,0,0,0.0,0.0,0.0,0.0,0.0
1788520609365.0,7540,9.8,0.0,0,0,0,0.0,0.0,0.0,0.0,0.0
1788520609462.0,7545,9.8,0.0,0,0,0,0.0,0.0,0.0,0.0,0.0
1788520609553.0,7550,9.8,0.0,0,0,0,0.0,0.0,0.0,0.0,0.0
1788520609647.0,7555,9.8,0.0,0,0,0,0.0,0.0,0.0,0.0,0.0
1788520609741.0,7560,9.8,0.0,0,0,0,0.0,0.0,0.0,0.0,0.0
1788520609835.0,7565,9.8,0.0,0,0,0,0.0,0.0,0.0,0.0,0.0
1788520609930.0,7570,9.8,0.0,0,0,0,0.0,0.0,0.0,0.0,0.0
1788520610022.0,7575,9.8,0.0,0,0,0,0.0,0.0,0.0,0.0,0.0
1788520610115.0,7580,9.8,0.0,0,0,0,0.0,0.0,0.0,0.0,0.0
1788520610210.0,7585,9.8,0.0,0,0,0,0.0,0.0,0.0,0.0,0.0
1788520610302.0,7590,9.8,0.0,0,0,0,0.0,0.0,0.0,0.0,0.0
1788520610396.0,7595,9.8,0.0,0,0,0,0.0,0.0,0.0,0.0,0.0
1788520610491.0,7600,9.8,0.0,0,0,0,0.0,0.0,0.0,0.0,0.0
1788520610583.0,7605,9.8,0.0,0,0,0,0.0,0.0,0.0,0.0,0.0
1788520610680.0,7610,9.8,0.0,0,0,0,0.0,0.0,0.0,0.0,0.0
1788520610771.0,7615,9.8,0.0,0,0,0,0.0,0.0,0.0,0.0,0.0
1788520610865.0,7620,9.8,0.0,0,0,0,0.0,0.0,0.0,0.0,0.0
1788520610963.0,7625,9.8,0.0,0,0,0,0.0,0.0,0.0,0.0,0.0
1788520611052.0,7630,9.8,0.0,0,0,0,0.0,0.0,0.0,0.0,0.0
1788520611146.0,7635,9.8,0.0,0,0,0,0.0,0.0,0.0,0.0,0.0
1788520611240.0,7640,9.8,0.0,0,0,0,0.0,0.0,0.0,0.0,0.0
1788520611333.0,7645,9.8,0.0,0,0,0,0.0,0.0,0.0,0.0,0.0
1788520611428.0,7650,9.8,0.0,0,0,0,0.0,0.0,0.0,0.0,0.0
1788520611520.0,7655,9.8,0.0,0,0,0,0.0,0.0,0.0,0.0,0.0
1788520611614.0,7660,9.8,0.0,0,0,0,0.0,0.0,0.0,0.0,0.0
1788520611707.0,7665,9.8,0.0,0,0,0,0.0,0.0,0.0,0.0,0.0
1788520611801.0,7670,9.8,0.0,0,0,0,0.0,0.0,0.0,0.0,0.0
1788520611895.0,7675,9.8,0.0,0,0,0,0.0,0.0,0.0,0.0,0.0
1788520611988.0,7680,9.8,0.0,0,0,0,0.0,0.0,0.0,0.0,0.0
1788520612083.0,7685,9.8,0.0,0,0,0,0.0,0.0,0.0,0.0,0.0
1788520612177.0,7690,9.8,0.0,0,0,0,0.0,0.0,0.0,0.0,0.0
1788520612270.0,7695,9.8,0.0,0,0,0,0.0,0.0,0.0,0.0,0.0
1788520612364.0,7700,9.8,0.0,0,0,0,0.0,0.0,0.0,0.0,0.0
1788520612461.0,7705,9.8,0.0,0,0,0,0.0,0.0,0.0,0.0,0.0
1788520612550.0,7710,9.8,0.0,0,0,0,0.0,0.0,0.0,0.0,0.0
1788520612645.0,7715,9.8,0.0,0,0,0,0.0,0.0,0.0,0.0,0.0
1788520612738.0,7720,9.8,0.0,0,0,0,0.0,0.0,0.0,0.0,0.0
1788520612832.0,7725,9.8,0.0,0,0,0,0.0,0.0,0.0,0.0,0.0
1788520612925.0,7730,9.8,0.0,0,0,0,0.0,0.0,0.0,0.0,0.0
1788520613019.0,7735,9.8,0.0,0,0,0,0.0,0.0,0.0,0.0,0.0
1788520613113.0,7740,9.8,0.0,0,0,0,0.0,0.0,0.0,0.0,0.0
1788520613210.0,7745,9.8,0.0,0,0,0,0.0,0.0,0.0,0.0,0.0
1788520613299.0,7750,9.8,0.0,0,0,0,0.0,0.0,0.0,0.0,0.0
1788520613396.0,7755,9.8,0.0,0,0,0,0.0,0.0,0.0,0.0,0.0
1788520613487.0,7760,9.8,0.0,0,0,0,0.0,0.0,0.0,0.0,0.0
1788520613581.0,7765,9.8,0.0,0,0,0,0.0,0.0,0.0,0.0,0.0
1788520613674.0,7770,9.8,0.0,0,0,0,0.0,0.0,0.0,0.0,0.0
1788520613768.0,7775,9.8,0.0,0,0,0,0.0,0.0,0.0,0.0,0.0
1788520613862.0,7780,9.8,0.0,0,0,0,0.0,0.0,0.0,0.0,0.0
1788520613959.0,7785,9.8,0.0,0,0,0,0.0,0.0,0.0,0.0,0.0
1788520614049.0,7790,9.8,0.0,0,0,0,0.0,0.0,0.0,0.0,0.0
1788520614142.0,7795,9.8,0.0,0,0,0,0.0,0.0,0.0,0.0,0.0
1788520614236.0,7800,9.8,0.0,0,0,0,0.0,0.0,0.0,0.0,0.0
1788520614330.0,7805,9.8,0.0,0,0,0,0.0,0.0,0.0,0.0,0.0
1788520614423.0,7810,9.8,0.0,0,0,0,0.0,0.0,0.0,0.0,0.0
1788520614518.0,7815,9.8,0.0,0,0,0,0.0,0.0,0.0,0.0,0.0
1788520614613.0,7820,9.8,0.0,0,0,0,0.0,0.0,0.0,0.0,0.0
1788520614704.0,7825,9.8,0.0,0,0,0,0.0,0.0,0.0,0.0,0.0
1788520614798.0,7830,9.8,0.0,0,0,0,0.0,0.0,0.0,0.0,0.0
1788520614894.0,7835,9.8,0.0,0,0,0,0.0,0.0,0.0,0.0,0.0
1788520614986.0,7840,9.8,0.0,0,0,0,0.0,0.0,0.0,0.0,0.0
1788520615079.0,7845,9.8,0.0,0,0,0,0.0,0.0,0.0,0.0,0.0
1788520615174.0,7850,9.8,0.0,0,0,0,0.0,0.0,0.0,0.0,0.0
1788520615267.0,7855,9.8,0.0,0,0,0,0.0,0.0,0.0,0.0,0.0
1788520615361.0,7860,9.8,0.0,0,0,0,0.0,0.0,0.0,0.0,0.0
1788520615454.0,7865,9.8,0.0,0,0,0,0.0,0.0,0.0,0.0,0.0
1788520615548.0,7870,9.8,0.0,0,0,0,0.0,0.0,0.0,0.0,0.0
1788520615644.0,7875,9.8,0.0,0,0,0,0.0,0.0,0.0,0.0,0.0
1788520615735.0,7880,9.8,0.0,0,0,0,0.0,0.0,0.0,0.0,0.0
1788520615829.0,7885,9.8,0.0,0,0,0,0.0,0.0,0.0,0.0,0.0
1788520615923.0,7890,9.8,0.0,0,0,0,0.0,0.0,0.0,0.0,0.0
1788520616017.0,7895,9.8,0.0,0,0,0,0.0,0.0,0.0,0.0,0.0
1788520616110.0,7900,9.8,0.0,0,0,0,0.0,0.0,0.0,0.0,0.0
1788520616204.0,7905,9.8,0.0,0,0,0,0.0,0.0,0.0,0.0,0.0
1788520616297.0,7910,9.8,0.0,0,0,0,0.0,0.0,0.0,0.0,0.0
1788520616397.0,7915,9.8,0.0,0,0,0,0.0,0.0,0.0,0.0,0.0
1788520616485.0,7920,9.8,0.0,0,0,0,0.0,0.0,0.0,0.0,0.0
1788520616579.0,7925,9.8,0.0,0,0,0,0.0,0.0,0.0,0.0,0.0
1788520616672.0,7930,9.8,0.0,0,0,0,0.0,0.0,0.0,0.0,0.0
1788520616766.0,7935,9.8,0.0,0,0,0,0.0,0.0,0.0,0.0,0.0
1788520616863.0,7940,9.8,0.0,0,0,0,0.0,0.0,0.0,0.0,0.0
1788520616954.0,7945,9.8,0.0,0,0,0,0.0,0.0,0.0,0.0,0.0
1788520617047.0,7950,9.8,0.0,0,0,0,0.0,0.0,0.0,0.0,0.0
1788520617144.0,7955,9.8,0.0,0,0,0,0.0,0.0,0.0,0.0,0.0
1788520617235.0,7960,9.8,0.0,0,0,0,0.0,0.0,0.0,0.0,0.0
1788520617331.0,7965,9.8,0.0,0,0,0,0.0,0.0,0.0,0.0,0.0
1788520617421.0,7970,9.8,0.0,0,0,0,0.0,0.0,0.0,0.0,0.0
1788520617515.0,7975,9.8,0.0,0,0,0,0.0,0.0,0.0,0.0,0.0
1788520617611.0,7980,9.8,0.0,0,0,0,0.0,0.0,0.0,0.0,0.0
1788520617705.0,7985,9.8,0.0,0,0,0,0.0,0.0,0.0,0.0,0.0
1788520617796.0,7990,9.8,0.0,0,0,0,0.0,0.0,0.0,0.0,0.0
1788520617890.0,7995,9.8,0.0,0,0,0,0.0,0.0,0.0,0.0,0.0
1788520617983.0,8000,9.8,0.0,0,0,0,0.0,0.0,0.0,0.0,0.0
1788520618077.0,8005,9.8,0.0,0,0,0,0.0,0.0,0.0,0.0,0.0
1788520618171.0,8010,9.8,0.0,0,0,0,0.0,0.0,0.0,0.0,0.0
1788520618264.0,8015,9.8,0.0,0,0,0,0.0,0.0,0.0,0.0,0.0
1788520618358.0,8020,9.8,0.0,0,0,0,0.0,0.0,0.0,0.0,0.0
1788520618451.0,8025,9.8,0.0,0,0,0,0.0,0.0,0.0,0.0,0.0
1788520618545.0,8030,9.8,0.0,0,0,0,0.0,0.0,0.0,0.0,0.0
1788520618640.0,8035,9.8,0.0,0,0,0,0.0,0.0,0.0,0.0,0.0
1788520618732.0,8040,9.8,0.0,0,0,0,0.0,0.0,0.0,0.0,0.0
1788520618827.0,8045,9.8,0.0,0,0,0,0.0,0.0,0.0,0.0,0.0
1788520618920.0,8050,9.8,0.0,0,0,0,0.0,0.0,0.0,0.0,0.0
1788520619014.0,8055,9.8,0.0,0,0,0,0.0,0.0,0.0,0.0,0.0
1788520619115.0,8060,9.8,0.0,0,0,0,0.0,0.0,0.0,0.0,0.0
1788520619201.0,8065,9.8,0.0,0,0,0,0.0,0.0,0.0,0.0,0.0
1788520619295.0,8070,9.8,0.0,0,0,0,0.0,0.0,0.0,0.0,0.0
1788520619389.0,8075,9.8,0.0,0,0,0,0.0,0.0,0.0,0.0,0.0
1788520619482.0,8080,9.8,0.0,0,0,0,0.0,0.0,0.0,0.0,0.0
1788520619579.0,8085,9.8,0.0,0,0,0,0.0,0.0,0.0,0.0,0.0
1788520619669.0,8090,9.8,0.0,0,0,0,0.0,0.0,0.0,0.0,0.0
1788520619763.0,8095,9.8,0.0,0,0,0,0.0,0.0,0.0,0.0,0.0
1788520619857.0,8100,9.8,0.0,0,0,0,0.0,0.0,0.0,0.0,0.0
1788520619951.0,8105,9.8,0.0,0,0,0,0.0,0.0,0.0,0.0,0.0
1788520620044.0,8110,9.8,0.0,0,0,0,0.0,0.0,0.0,0.0,0.0
1788520620138.0,8115,9.8,0.0,0,0,0,0.0,0.0,0.0,0.0,0.0
1788520620233.0,8120,9.8,0.0,0,0,0,0.0,0.0,0.0,0.0,0.0
1788520620330.0,8125,9.8,0.0,0,0,0,0.0,0.0,0.0,0.0,0.0
1788520620420.0,8130,9.8,0.0,0,0,0,0.0,0.0,0.0,0.0,0.0
1788520620514.0,8135,9.8,0.0,0,0,0,0.0,0.0,0.0,0.0,0.0
1788520620613.0,8140,9.8,0.0,0,0,0,0.0,0.0,0.0,0.0,0.0
1788520620701.0,8145,9.8,0.0,0,0,0,0.0,0.0,0.0,0.0,0.0
1788520620794.0,8150,9.8,0.0,0,0,0,0.0,0.0,0.0,0.0,0.0
1788520620887.0,8155,9.8,0.0,0,0,0,0.0,0.0,0.0,0.0,0.0
1788520620981.0,8160,9.8,0.0,0,0,0,0.0,0.0,0.0,0.0,0.0
1788520621079.0,8165,9.8,0.0,0,0,0,0.0,0.0,0.0,0.0,0.0
1788520621168.0,8170,9.8,0.0,0,0,0,0.0,0.0,0.0,0.0,0.0
1788520621262.0,8175,9.8,0.0,0,0,0,0.0,0.0,0.0,0.0,0.0
1788520621364.0,8180,9.8,0.0,0,0,0,0.0,0.0,0.0,0.0,0.0
1788520621450.0,8185,9.8,0.0,0,0,0,0.0,0.0,0.0,0.0,0.0
1788520621544.0,8190,9.8,0.0,0,0,0,0.0,0.0,0.0,0.0,0.0
1788520621637.0,8195,9.8,0.0,0,0,0,0.0,0.0,0.0,0.0,0.0
1788520621731.0,8200,9.8,0.0,0,0,0,0.0,0.0,0.0,0.0,0.0
1788520621824.0,8205,9.8,0.0,0,0,0,0.0,0.0,0.0,0.0,0.0
1788520621918.0,8210,9.8,0.0,0,0,0,0.0,0.0,0.0,0.0,0.0
1788520622011.0,8215,9.8,0.0,0,0,0,0.0,0.0,0.0,0.0,0.0
1788520622105.0,8220,9.8,0.0,0,0,0,0.0,0.0,0.0,0.0,0.0
1788520622199.0,8225,9.8,0.0,0,0,0,0.0,0.0,0.0,0.0,0.0
1788520622292.0,8230,9.8,0.0,0,0,0,0.0,0.0,0.0,0.0,0.0
1788520622386.0,8235,9.8,0.0,0,0,0,0.0,0.0,0.0,0.0,0.0
1788520622479.0,8240,9.8,0.0,0,0,0,0.0,0.0,0.0,0.0,0.0
1788520622575.0,8245,9.8,0.0,0,0,0,0.0,0.0,0.0,0.0,0.0
1788520622667.0,8250,9.8,0.0,0,0,0,0.0,0.0,0.0,0.0,0.0
1788520622761.0,8255,9.8,0.0,0,0,0,0.0,0.0,0.0,0.0,0.0
1788520622854.0,8260,9.8,0.0,0,0,0,0.0,0.0,0.0,0.0,0.0
1788520622948.0,8265,9.8,0.0,0,0,0,0.0,0.0,0.0,0.0,0.0
1788520623045.0,8270,9.8,0.0,0,0,0,0.0,0.0,0.0,0.0,0.0
1788520623136.0,8275,9.8,0.0,0,0,0,0.0,0.0,0.0,0.0,0.0
1788520623229.0,8280,9.8,0.0,0,0,0,0.0,0.0,0.0,0.0,0.0
1788520623323.0,8285,9.8,0.0,0,0,0,0.0,0.0,0.0,0.0,0.0
1788520623416.0,8290,9.8,0.0,0,0,0,0.0,0.0,0.0,0.0,0.0
1788520623510.0,8295,9.8,0.0,0,0,0,0.0,0.0,0.0,0.0,0.0
1788520623604.0,8300,9.8,0.0,0,0,0,0.0,0.0,0.0,0.0,0.0
1788520623698.0,8305,9.8,0.0,0,0,0,0.0,0.0,0.0,0.0,0.0
1788520623791.0,8310,9.8,0.0,0,0,0,0.0,0.0,0.0,0.0,0.0
1788520623886.0,8315,9.8,0.0,0,0,0,0.0,0.0,0.0,0.0,0.0
1788520623979.0,8320,9.8,0.0,0,0,0,0.0,0.0,0.0,0.0,0.0
1788520624072.0,8325,9.8,0.0,0,0,0,0.0,0.0,0.0,0.0,0.0
1788520624166.0,8330,9.8,0.0,0,0,0,0.0,0.0,0.0,0.0,0.0
1788520624263.0,8335,9.8,0.0,0,0,0,0.0,0.0,0.0,0.0,0.0
1788520624353.0,8340,9.8,0.0,0,0,0,0.0,0.0,0.0,0.0,0.0
1788520624447.0,8345,9.8,0.0,0,0,0,0.0,0.0,0.0,0.0,0.0
1788520624540.0,8350,9.8,0.0,0,0,0,0.0,0.0,0.0,0.0,0.0
1788520624635.0,8355,9.8,0.0,0,0,0,0.0,0.0,0.0,0.0,0.0
1788520624730.0,8360,9.8,0.0,0,0,0,0.0,0.0,0.0,0.0,0.0
1788520624821.0,8365,9.8,0.0,0,0,0,0.0,0.0,0.0,0.0,0.0
1788520624915.0,8370,9.8,0.0,0,0,0,0.0,0.0,0.0,0.0,0.0
1788520625011.0,8375,9.8,0.0,0,0,0,0.0,0.0,0.0,0.0,0.0
1788520625104.0,8380,9.8,0.0,0,0,0,0.0,0.0,0.0,0.0,0.0
1788520625196.0,8385,9.8,0.0,0,0,0,0.0,0.0,0.0,0.0,0.0
1788520625289.0,8390,9.8,0.0,0,0,0,0.0,0.0,0.0,0.0,0.0
1788520625384.0,8395,9.8,0.0,0,0,0,0.0,0.0,0.0,0.0,0.0
1788520625478.0,8400,9.8,0.0,0,0,0,0.0,0.0,0.0,0.0,0.0
1788520625571.0,8405,9.8,0.0,0,0,0,0.0,0.0,0.0,0.0,0.0
1788520625664.0,8410,9.8,0.0,0,0,0,0.0,0.0,0.0,0.0,0.0
1788520625763.0,8415,9.8,0.0,0,0,0,0.0,0.0,0.0,0.0,0.0
1788520625852.0,8420,9.8,0.0,0,0,0,0.0,0.0,0.0,0.0,0.0
1788520625946.0,8425,9.8,0.0,0,0,0,0.0,0.0,0.0,0.0,0.0
1788520626040.0,8430,9.8,0.0,0,0,0,0.0,0.0,0.0,0.0,0.0
1788520626133.0,8435,9.8,0.0,0,0,0,0.0,0.0,0.0,0.0,0.0
1788520626227.0,8440,9.8,0.0,0,0,0,0.0,0.0,0.0,0.0,0.0
1788520626321.0,8445,9.8,0.0,0,0,0,0.0,0.0,0.0,0.0,0.0
1788520626414.0,8450,9.8,0.0,0,0,0,0.0,0.0,0.0,0.0,0.0
1788520626514.0,8455,9.8,0.0,0,0,0,0.0,0.0,0.0,0.0,0.0
1788520626602.0,8460,9.8,0.0,0,0,0,0.0,0.0,0.0,0.0,0.0
1788520626695.0,8465,9.8,0.0,0,0,0,0.0,0.0,0.0,0.0,0.0
1788520626789.0,8470,9.8,0.0,0,0,0,0.0,0.0,0.0,0.0,0.0
1788520626883.0,8475,9.8,0.0,0,0,0,0.0,0.0,0.0,0.0,0.0
1788520626980.0,8480,9.8,0.0,0,0,0,0.0,0.0,0.0,0.0,0.0
1788520627070.0,8485,9.8,0.0,0,0,0,0.0,0.0,0.0,0.0,0.0
1788520627163.0,8490,9.8,0.0,0,0,0,0.0,0.0,0.0,0.0,0.0
1788520627260.0,8495,9.8,0.0,0,0,0,0.0,0.0,0.0,0.0,0.0
1788520627351.0,8500,9.8,0.0,0,0,0,0.0,0.0,0.0,0.0,0.0
1788520627444.0,8505,9.8,0.0,0,0,0,0.0,0.0,0.0,0.0,0.0
1788520627538.0,8510,9.8,0.0,0,0,0,0.0,0.0,0.0,0.0,0.0
1788520627632.0,8515,9.8,0.0,0,0,0,0.0,0.0,0.0,0.0,0.0
1788520627729.0,8520,9.8,0.0,0,0,0,0.0,0.0,0.0,0.0,0.0
1788520627819.0,8525,9.8,0.0,0,0,0,0.0,0.0,0.0,0.0,0.0
1788520627913.0,8530,9.8,0.0,0,0,0,0.0,0.0,0.0,0.0,0.0
1788520628007.0,8535,9.8,0.0,0,0,0,0.0,0.0,0.0,0.0,0.0
1788520628100.0,8540,9.8,0.0,0,0,0,0.0,0.0,0.0,0.0,0.0
1788520628194.0,8545,9.8,0.0,0,0,0,0.0,0.0,0.0,0.0,0.0
1788520628287.0,8550,9.8,0.0,0,0,0,0.0,0.0,0.0,0.0,0.0
1788520628381.0,8555,9.8,0.0,0,0,0,0.0,0.0,0.0,0.0,0.0
1788520628475.0,8560,9.8,0.0,0,0,0,0.0,0.0,0.0,0.0,0.0
1788520628569.0,8565,9.8,0.0,0,0,0,0.0,0.0,0.0,0.0,0.0
1788520628663.0,8570,9.8,0.0,0,0,0,0.0,0.0,0.0,0.0,0.0
1788520628755.0,8575,9.8,0.0,0,0,0,0.0,0.0,0.0,0.0,0.0
1788520628851.0,8580,9.8,0.0,0,0,0,0.0,0.0,0.0,0.0,0.0
1788520628944.0,8585,9.8,0.0,0,0,0,0.0,0.0,0.0,0.0,0.0
1788520629037.0,8590,9.8,0.0,0,0,0,0.0,0.0,0.0,0.0,0.0
1788520629130.0,8595,9.8,0.0,0,0,0,0.0,0.0,0.0,0.0,0.0
1788520629229.0,8600,9.8,0.0,0,0,0,0.0,0.0,0.0,0.0,0.0
1788520629318.0,8605,9.8,0.0,0,0,0,0.0,0.0,0.0,0.0,0.0
1788520629412.0,8610,9.8,0.0,0,0,0,0.0,0.0,0.0,0.0,0.0
1788520629505.0,8615,9.8,0.0,0,0,0,0.0,0.0,0.0,0.0,0.0
1788520629600.0,8620,9.8,0.0,0,0,0,0.0,0.0,0.0,0.0,0.0
1788520629699.0,8625,9.8,0.0,0,0,0,0.0,0.0,0.0,0.0,0.0
1788520629787.0,8630,9.8,0.0,0,0,0,0.0,0.0,0.0,0.0,0.0
1788520629880.0,8635,9.8,0.0,0,0,0,0.0,0.0,0.0,0.0,0.0
1788520629980.0,8640,9.8,0.0,0,0,0,0.0,0.0,0.0,0.0,0.0
1788520630067.0,8645,9.8,0.0,0,0,0,0.0,0.0,0.0,0.0,0.0
1788520630160.0,8650,9.8,0.0,0,0,0,0.0,0.0,0.0,0.0,0.0
1788520630255.0,8655,9.8,0.0,0,0,0,0.0,0.0,0.0,0.0,0.0
1788520630349.0,8660,9.8,0.0,0,0,0,0.0,0.0,0.0,0.0,0.0
1788520630445.0,8665,9.8,0.0,0,0,0,0.0,0.0,0.0,0.0,0.0
1788520630536.0,8670,9.8,0.0,0,0,0,0.0,0.0,0.0,0.0,0.0
1788520630630.0,8675,9.8,0.0,0,0,0,0.0,0.0,0.0,0.0,0.0
1788520630729.0,8680,9.8,0.0,0,0,0,0.0,0.0,0.0,0.0,0.0
1788520630817.0,8685,9.8,0.0,0,0,0,0.0,0.0,0.0,0.0,0.0
1788520630910.0,8690,9.8,0.0,0,0,0,0.0,0.0,0.0,0.0,0.0
1788520631007.0,8695,9.8,0.0,0,0,0,0.0,0.0,0.0,0.0,0.0
1788520631098.0,8700,9.8,0.0,0,0,0,0.0,0.0,0.0,0.0,0.0
1788520631194.0,8705,9.8,0.0,0,0,0,0.0,0.0,0.0,0.0,0.0
1788520631285.0,8710,9.8,0.0,0,0,0,0.0,0.0,0.0,0.0,0.0
1788520631379.0,8715,9.8,0.0,0,0,0,0.0,0.0,0.0,0.0,0.0
1788520631479.0,8720,9.8,0.0,0,0,0,0.0,0.0,0.0,0.0,0.0
1788520631567.0,8725,9.8,0.0,0,0,0,0.0,0.0,0.0,0.0,0.0
1788520631661.0,8730,9.8,0.0,0,0,0,0.0,0.0,0.0,0.0,0.0
1788520631754.0,8735,9.8,0.0,0,0,0,0.0,0.0,0.0,0.0,0.0
1788520631847.0,8740,9.8,0.0,0,0,0,0.0,0.0,0.0,0.0,0.0
1788520631945.0,8745,9.8,0.0,0,0,0,0.0,0.0,0.0,0.0,0.0
1788520632034.0,8750,9.8,0.0,0,0,0,0.0,0.0,0.0,0.0,0.0
1788520632128.0,8755,9.8,0.0,0,0,0,0.0,0.0,0.0,0.0,0.0
1788520632222.0,8760,9.8,0.0,0,0,0,0.0,0.0,0.0,0.0,0.0
1788520632315.0,8765,9.8,0.0,0,0,0,0.0,0.0,0.0,0.0,0.0
1788520632414.0,8770,9.8,0.0,0,0,0,0.0,0.0,0.0,0.0,0.0
1788520632503.0,8775,9.8,0.0,0,0,0,0.0,0.0,0.0,0.0,0.0
1788520632597.0,8780,9.8,0.0,0,0,0,0.0,0.0,0.0,0.0,0.0
1788520632691.0,8785,9.8,0.0,0,0,0,0.0,0.0,0.0,0.0,0.0
1788520632784.0,8790,9.8,0.0,0,0,0,0.0,0.0,0.0,0.0,0.0
1788520632878.0,8795,9.8,0.0,0,0,0,0.0,0.0,0.0,0.0,0.0
1788520632972.0,8800,9.8,0.0,0,0,0,0.0,0.0,0.0,0.0,0.0
1788520633067.0,8805,9.8,0.0,0,0,0,0.0,0.0,0.0,0.0,0.0
1788520633160.0,8810,9.8,0.0,0,0,0,0.0,0.0,0.0,0.0,0.0
1788520633252.0,8815,9.8,0.0,0,0,0,0.0,0.0,0.0,0.0,0.0
1788520633347.0,8820,9.8,0.0,0,0,0,0.0,0.0,0.0,0.0,0.0
1788520633440.0,8825,9.8,0.0,0,0,0,0.0,0.0,0.0,0.0,0.0
1788520633533.0,8830,9.8,0.0,0,0,0,0.0,0.0,0.0,0.0,0.0
1788520633627.0,8835,9.8,0.0,0,0,0,0.0,0.0,0.0,0.0,0.0
1788520633721.0,8840,9.8,0.0,0,0,0,0.0,0.0,0.0,0.0,0.0
1788520633815.0,8845,9.8,0.0,0,0,0,0.0,0.0,0.0,0.0,0.0
1788520633908.0,8850,9.8,0.0,0,0,0,0.0,0.0,0.0,0.0,0.0
1788520634003.0,8855,9.8,0.0,0,0,0,0.0,0.0,0.0,0.0,0.0
1788520634096.0,8860,9.8,0.0,0,0,0,0.0,0.0,0.0,0.0,0.0
1788520634192.0,8865,9.8,0.0,0,0,0,0.0,0.0,0.0,0.0,0.0
1788520634283.0,8870,9.8,0.0,0,0,0,0.0,0.0,0.0,0.0,0.0
1788520634377.0,8875,9.8,0.0,0,0,0,0.0,0.0,0.0,0.0,0.0
1788520634471.0,8880,9.8,0.0,0,0,0,0.0,0.0,0.0,0.0,0.0
1788520634563.0,8885,9.8,0.0,0,0,0,0.0,0.0,0.0,0.0,0.0
1788520634657.0,8890,9.8,0.0,0,0,0,0.0,0.0,0.0,0.0,0.0
1788520634751.0,8895,9.8,0.0,0,0,0,0.0,0.0,0.0,0.0,0.0
1788520634845.0,8900,9.8,0.0,0,0,0,0.0,0.0,0.0,0.0,0.0
1788520634939.0,8905,9.8,0.0,0,0,0,0.0,0.0,0.0,0.0,0.0
1788520635032.0,8910,9.8,0.0,0,0,0,0.0,0.0,0.0,0.0,0.0
1788520635128.0,8915,9.8,0.0,0,0,0,0.0,0.0,0.0,0.0,0.0
1788520635220.0,8920,9.8,0.0,0,0,0,0.0,0.0,0.0,0.0,0.0
1788520635314.0,8925,9.8,0.0,0,0,0,0.0,0.0,0.0,0.0,0.0
1788520635409.0,8930,9.8,0.0,0,0,0,0.0,0.0,0.0,0.0,0.0
1788520635501.0,8935,9.8,0.0,0,0,0,0.0,0.0,0.0,0.0,0.0
1788520635595.0,8940,9.8,0.0,0,0,0,0.0,0.0,0.0,0.0,0.0
1788520635690.0,8945,9.8,0.0,0,0,0,0.0,0.0,0.0,0.0,0.0
1788520635782.0,8950,9.8,0.0,0,0,0,0.0,0.0,0.0,0.0,0.0
1788520635875.0,8955,9.8,0.0,0,0,0,0.0,0.0,0.0,0.0,0.0
1788520635969.0,8960,9.8,0.0,0,0,0,0.0,0.0,0.0,0.0,0.0
1788520636063.0,8965,9.8,0.0,0,0,0,0.0,0.0,0.0,0.0,0.0
1788520636157.0,8970,9.8,0.0,0,0,0,0.0,0.0,0.0,0.0,0.0
1788520636250.0,8975,9.8,0.0,0,0,0,0.0,0.0,0.0,0.0,0.0
1788520636344.0,8980,9.8,0.0,0,0,0,0.0,0.0,0.0,0.0,0.0
1788520636438.0,8985,9.8,0.0,0,0,0,0.0,0.0,0.0,0.0,0.0
1788520636531.0,8990,9.8,0.0,0,0,0,0.0,0.0,0.0,0.0,0.0
1788520636627.0,8995,9.8,0.0,0,0,0,0.0,0.0,0.0,0.0,0.0
1788520636718.0,9000,9.8,0.0,0,0,0,0.0,0.0,0.0,0.0,0.0
1788520636812.0,9005,9.8,0.0,0,0,0,0.0,0.0,0.0,0.0,0.0
1788520636911.0,9010,9.8,0.0,0,0,0,0.0,0.0,0.0,0.0,0.0
1788520636999.0,9015,9.8,0.0,0,0,0,0.0,0.0,0.0,0.0,0.0
1788520637094.0,9020,9.8,0.0,0,0,0,0.0,0.0,0.0,0.0,0.0
1788520637187.0,9025,9.8,0.0,0,0,0,0.0,0.0,0.0,0.0,0.0
1788520637281.0,9030,9.8,0.0,0,0,0,0.0,0.0,0.0,0.0,0.0
1788520637378.0,9035,9.8,0.0,0,0,0,0.0,0.0,0.0,0.0,0.0
1788520637468.0,9040,9.8,0.0,0,0,0,0.0,0.0,0.0,0.0,0.0
1788520637561.0,9045,9.8,0.0,0,0,0,0.0,0.0,0.0,0.0,0.0
1788520637655.0,9050,9.8,0.0,0,0,0,0.0,0.0,0.0,0.0,0.0
1788520637749.0,9055,9.8,0.0,0,0,0,0.0,0.0,0.0,0.0,0.0
1788520637845.0,9060,9.8,0.0,0,0,0,0.0,0.0,0.0,0.0,0.0
1788520637936.0,9065,9.8,0.0,0,0,0,0.0,0.0,0.0,0.0,0.0
1788520638030.0,9070,9.8,0.0,0,0,0,0.0,0.0,0.0,0.0,0.0
1788520638124.0,9075,9.8,0.0,0,0,0,0.0,0.0,0.0,0.0,0.0
1788520638217.0,9080,9.8,0.0,0,0,0,0.0,0.0,0.0,0.0,0.0
1788520638311.0,9085,9.8,0.0,0,0,0,0.0,0.0,0.0,0.0,0.0
1788520638405.0,9090,9.8,0.0,0,0,0,0.0,0.0,0.0,0.0,0.0
1788520638498.0,9095,9.8,0.0,0,0,0,0.0,0.0,0.0,0.0,0.0
1788520638594.0,9100,9.8,0.0,0,0,0,0.0,0.0,0.0,0.0,0.0
1788520638689.0,9105,9.8,0.0,0,0,0,0.0,0.0,0.0,0.0,0.0
1788520638779.0,9110,9.8,0.0,0,0,0,0.0,0.0,0.0,0.0,0.0
1788520638875.0,9115,9.8,0.0,0,0,0,0.0,0.0,0.0,0.0,0.0
1788520638966.0,9120,9.8,0.0,0,0,0,0.0,0.0,0.0,0.0,0.0
1788520639061.0,9125,9.8,0.0,0,0,0,0.0,0.0,0.0,0.0,0.0
1788520639153.0,9130,9.8,0.0,0,0,0,0.0,0.0,0.0,0.0,0.0
1788520639248.0,9135,9.8,0.0,0,0,0,0.0,0.0,0.0,0.0,0.0
1788520639341.0,9140,9.8,0.0,0,0,0,0.0,0.0,0.0,0.0,0.0
1788520639434.0,9145,9.8,0.0,0,0,0,0.0,0.0,0.0,0.0,0.0
1788520639528.0,9150,9.8,0.0,0,0,0,0.0,0.0,0.0,0.0,0.0
1788520639622.0,9155,9.8,0.0,0,0,0,0.0,0.0,0.0,0.0,0.0
1788520639716.0,9160,9.8,0.0,0,0,0,0.0,0.0,0.0,0.0,0.0
1788520639813.0,9165,9.8,0.0,0,0,0,0.0,0.0,0.0,0.0,0.0
1788520639903.0,9170,9.8,0.0,0,0,0,0.0,0.0,0.0,0.0,0.0
1788520639997.0,9175,9.8,0.0,0,0,0,0.0,0.0,0.0,0.0,0.0
1788520640091.0,9180,9.8,0.0,0,0,0,0.0,0.0,0.0,0.0,0.0
1788520640184.0,9185,9.8,0.0,0,0,0,0.0,0.0,0.0,0.0,0.0
1788520640279.0,9190,9.8,0.0,0,0,0,0.0,0.0,0.0,0.0,0.0
1788520640371.0,9195,9.8,0.0,0,0,0,0.0,0.0,0.0,0.0,0.0
1788520640465.0,9200,9.8,0.0,0,0,0,0.0,0.0,0.0,0.0,0.0
1788520640561.0,9205,9.8,0.0,0,0,0,0.0,0.0,0.0,0.0,0.0
1788520640652.0,9210,9.8,0.0,0,0,0,0.0,0.0,0.0,0.0,0.0
1788520640746.0,9215,9.8,0.0,0,0,0,0.0,0.0,0.0,0.0,0.0
1788520640841.0,9220,9.8,0.0,0,0,0,0.0,0.0,0.0,0.0,0.0
1788520640933.0,9225,9.8,0.0,0,0,0,0.0,0.0,0.0,0.0,0.0
1788520641027.0,9230,9.8,0.0,0,0,0,0.0,0.0,0.0,0.0,0.0
1788520641120.0,9235,9.8,0.0,0,0,0,0.0,0.0,0.0,0.0,0.0
1788520641215.0,9240,9.8,0.0,0,0,0,0.0,0.0,0.0,0.0,0.0
1788520641307.0,9245,9.8,0.0,0,0,0,0.0,0.0,0.0,0.0,0.0
1788520641401.0,9250,9.8,0.0,0,0,0,0.0,0.0,0.0,0.0,0.0
1788520641496.0,9255,9.8,0.0,0,0,0,0.0,0.0,0.0,0.0,0.0
1788520641588.0,9260,9.8,0.0,0,0,0,0.0,0.0,0.0,0.0,0.0
1788520641682.0,9265,9.8,0.0,0,0,0,0.0,0.0,0.0,0.0,0.0
1788520641780.0,9270,9.8,0.0,0,0,0,0.0,0.0,0.0,0.0,0.0
1788520641870.0,9275,9.8,0.0,0,0,0,0.0,0.0,0.0,0.0,0.0
1788520641963.0,9280,9.8,0.0,0,0,0,0.0,0.0,0.0,0.0,0.0
1788520642057.0,9285,9.8,0.0,0,0,0,0.0,0.0,0.0,0.0,0.0
1788520642150.0,9290,9.8,0.0,0,0,0,0.0,0.0,0.0,0.0,0.0
1788520642246.0,9295,9.8,0.0,0,0,0,0.0,0.0,0.0,0.0,0.0
1788520642338.0,9300,9.8,0.0,0,0,0,0.0,0.0,0.0,0.0,0.0
1788520642433.0,9305,9.8,0.0,0,0,0,0.0,0.0,0.0,0.0,0.0
1788520642528.0,9310,9.8,0.0,0,0,0,0.0,0.0,0.0,0.0,0.0
1788520642619.0,9315,9.8,0.0,0,0,0,0.0,0.0,0.0,0.0,0.0
1788520642712.0,9320,9.8,0.0,0,0,0,0.0,0.0,0.0,0.0,0.0
1788520642810.0,9325,9.8,0.0,0,0,0,0.0,0.0,0.0,0.0,0.0
1788520642900.0,9330,9.8,0.0,0,0,0,0.0,0.0,0.0,0.0,0.0
1788520642993.0,9335,9.8,0.0,0,0,0,0.0,0.0,0.0,0.0,0.0
1788520643090.0,9340,9.8,0.0,0,0,0,0.0,0.0,0.0,0.0,0.0
1788520643181.0,9345,9.8,0.0,0,0,0,0.0,0.0,0.0,0.0,0.0
1788520643277.0,9350,9.8,0.0,0,0,0,0.0,0.0,0.0,0.0,0.0
1788520643369.0,9355,9.8,0.0,0,0,0,0.0,0.0,0.0,0.0,0.0
1788520643463.0,9360,9.8,0.0,0,0,0,0.0,0.0,0.0,0.0,0.0
1788520643561.0,9365,9.8,0.0,0,0,0,0.0,0.0,0.0,0.0,0.0
1788520643651.0,9370,9.8,0.0,0,0,0,0.0,0.0,0.0,0.0,0.0
1788520643746.0,9375,9.8,0.0,0,0,0,0.0,0.0,0.0,0.0,0.0
1788520643837.0,9380,9.8,0.0,0,0,0,0.0,0.0,0.0,0.0,0.0
1788520643930.0,9385,9.8,0.0,0,0,0,0.0,0.0,0.0,0.0,0.0
1788520644030.0,9390,9.8,0.0,0,0,0,0.0,0.0,0.0,0.0,0.0
1788520644117.0,9395,9.8,0.0,0,0,0,0.0,0.0,0.0,0.0,0.0
1788520644211.0,9400,9.8,0.0,0,0,0,0.0,0.0,0.0,0.0,0.0
1788520644305.0,9405,9.8,0.0,0,0,0,0.0,0.0,0.0,0.0,0.0
1788520644398.0,9410,9.8,0.0,0,0,0,0.0,0.0,0.0,0.0,0.0
1788520644492.0,9415,9.8,0.0,0,0,0,0.0,0.0,0.0,0.0,0.0
1788520644586.0,9420,9.8,0.0,0,0,0,0.0,0.0,0.0,0.0,0.0
1788520644680.0,9425,9.8,0.0,0,0,0,0.0,0.0,0.0,0.0,0.0
1788520644773.0,9430,9.8,0.0,0,0,0,0.0,0.0,0.0,0.0,0.0
1788520644867.0,9435,9.8,0.0,0,0,0,0.0,0.0,0.0,0.0,0.0
1788520644960.0,9440,9.8,0.0,0,0,0,0.0,0.0,0.0,0.0,0.0
1788520645055.0,9445,9.8,0.0,0,0,0,0.0,0.0,0.0,0.0,0.0
1788520645147.0,9450,9.8,0.0,0,0,0,0.0,0.0,0.0,0.0,0.0
1788520645242.0,9455,9.8,0.0,0,0,0,0.0,0.0,0.0,0.0,0.0
1788520645335.0,9460,9.8,0.0,0,0,0,0.0,0.0,0.0,0.0,0.0
1788520645430.0,9465,9.8,0.0,0,0,0,0.0,0.0,0.0,0.0,0.0
1788520645523.0,9470,9.8,0.0,0,0,0,0.0,0.0,0.0,0.0,0.0
1788520645616.0,9475,9.8,0.0,0,0,0,0.0,0.0,0.0,0.0,0.0
1788520645712.0,9480,9.8,0.0,0,0,0,0.0,0.0,0.0,0.0,0.0
1788520645803.0,9485,9.8,0.0,0,0,0,0.0,0.0,0.0,0.0,0.0
1788520645897.0,9490,9.8,0.0,0,0,0,0.0,0.0,0.0,0.0,0.0
1788520645996.0,9495,9.8,0.0,0,0,0,0.0,0.0,0.0,0.0,0.0
1788520646085.0,9500,9.8,0.0,0,0,0,0.0,0.0,0.0,0.0,0.0
1788520646179.0,9505,9.8,0.0,0,0,0,0.0,0.0,0.0,0.0,0.0
1788520646272.0,9510,9.8,0.0,0,0,0,0.0,0.0,0.0,0.0,0.0
1788520646365.0,9515,9.8,0.0,0,0,0,0.0,0.0,0.0,0.0,0.0
1788520646461.0,9520,9.8,0.0,0,0,0,0.0,0.0,0.0,0.0,0.0
1788520646552.0,9525,9.8,0.0,0,0,0,0.0,0.0,0.0,0.0,0.0
1788520646646.0,9530,9.8,0.0,0,0,0,0.0,0.0,0.0,0.0,0.0
1788520646741.0,9535,9.8,0.0,0,0,0,0.0,0.0,0.0,0.0,0.0
1788520646833.0,9540,9.8,0.0,0,0,0,0.0,0.0,0.0,0.0,0.0
1788520646929.0,9545,9.8,0.0,0,0,0,0.0,0.0,0.0,0.0,0.0
1788520647021.0,9550,9.8,0.0,0,0,0,0.0,0.0,0.0,0.0,0.0
1788520647115.0,9555,9.8,0.0,0,0,0,0.0,0.0,0.0,0.0,0.0
1788520647215.0,9560,9.8,0.0,0,0,0,0.0,0.0,0.0,0.0,0.0
1788520647302.0,9565,9.8,0.0,0,0,0,0.0,0.0,0.0,0.0,0.0
1788520647396.0,9570,9.8,0.0,0,0,0,0.0,0.0,0.0,0.0,0.0
1788520647490.0,9575,9.8,0.0,0,0,0,0.0,0.0,0.0,0.0,0.0
1788520647583.0,9580,9.8,0.0,0,0,0,0.0,0.0,0.0,0.0,0.0
1788520647677.0,9585,9.8,0.0,0,0,0,0.0,0.0,0.0,0.0,0.0
1788520647771.0,9590,9.8,0.0,0,0,0,0.0,0.0,0.0,0.0,0.0
1788520647864.0,9595,9.8,0.0,0,0,0,0.0,0.0,0.0,0.0,0.0
1788520647958.0,9600,9.8,0.0,0,0,0,0.0,0.0,0.0,0.0,0.0
1788520648051.0,9605,9.8,0.0,0,0,0,0.0,0.0,0.0,0.0,0.0
1788520648145.0,9610,9.8,0.0,0,0,0,0.0,0.0,0.0,0.0,0.0
1788520648238.0,9615,9.8,0.0,0,0,0,0.0,0.0,0.0,0.0,0.0
1788520648333.0,9620,9.8,0.0,0,0,0,0.0,0.0,0.0,0.0,0.0
1788520648426.0,9625,9.8,0.0,0,0,0,0.0,0.0,0.0,0.0,0.0
1788520648520.0,9630,9.8,0.0,0,0,0,0.0,0.0,0.0,0.0,0.0
1788520648614.0,9635,9.8,0.0,0,0,0,0.0,0.0,0.0,0.0,0.0
1788520648707.0,9640,9.8,0.0,0,0,0,0.0,0.0,0.0,0.0,0.0
1788520648800.0,9645,9.8,0.0,0,0,0,0.0,0.0,0.0,0.0,0.0
1788520648894.0,9650,9.8,0.0,0,0,0,0.0,0.0,0.0,0.0,0.0
1788520648988.0,9655,9.8,0.0,0,0,0,0.0,0.0,0.0,0.0,0.0
1788520649082.0,9660,9.8,0.0,0,0,0,0.0,0.0,0.0,0.0,0.0
1788520649180.0,9665,9.8,0.0,0,0,0,0.0,0.0,0.0,0.0,0.0
1788520649269.0,9670,9.8,0.0,0,0,0,0.0,0.0,0.0,0.0,0.0
1788520649363.0,9675,9.8,0.0,0,0,0,0.0,0.0,0.0,0.0,0.0
1788520649462.0,9680,9.8,0.0,0,0,0,0.0,0.0,0.0,0.0,0.0
1788520649550.0,9685,9.8,0.0,0,0,0,0.0,0.0,0.0,0.0,0.0
1788520649644.0,9690,9.8,0.0,0,0,0,0.0,0.0,0.0,0.0,0.0
1788520649737.0,9695,9.8,0.0,0,0,0,0.0,0.0,0.0,0.0,0.0
1788520649831.0,9700,9.8,0.0,0,0,0,0.0,0.0,0.0,0.0,0.0
1788520649924.0,9705,9.8,0.0,0,0,0,0.0,0.0,0.0,0.0,0.0
1788520650019.0,9710,9.8,0.0,0,0,0,0.0,0.0,0.0,0.0,0.0
1788520650112.0,9715,9.8,0.0,0,0,0,0.0,0.0,0.0,0.0,0.0
1788520650206.0,9720,9.8,0.0,0,0,0,0.0,0.0,0.0,0.0,0.0
1788520650299.0,9725,9.8,0.0,0,0,0,0.0,0.0,0.0,0.0,0.0
1788520650395.0,9730,9.8,0.0,0,0,0,0.0,0.0,0.0,0.0,0.0
1788520650489.0,9735,9.8,0.0,0,0,0,0.0,0.0,0.0,0.0,0.0
1788520650581.0,9740,9.8,0.0,0,0,0,0.0,0.0,0.0,0.0,0.0
1788520650676.0,9745,9.8,0.0,0,0,0,0.0,0.0,0.0,0.0,0.0
1788520650768.0,9750,9.8,0.0,0,0,0,0.0,0.0,0.0,0.0,0.0
1788520650862.0,9755,9.8,0.0,0,0,0,0.0,0.0,0.0,0.0,0.0
1788520650954.0,9760,9.8,0.0,0,0,0,0.0,0.0,0.0,0.0,0.0
1788520651048.0,9765,9.8,0.0,0,0,0,0.0,0.0,0.0,0.0,0.0
1788520651144.0,9770,9.8,0.0,0,0,0,0.0,0.0,0.0,0.0,0.0
1788520651236.0,9775,9.8,0.0,0,0,0,0.0,0.0,0.0,0.0,0.0
1788520651330.0,9780,9.8,0.0,0,0,0,0.0,0.0,0.0,0.0,0.0
1788520651429.0,9785,9.8,0.0,0,0,0,0.0,0.0,0.0,0.0,0.0
1788520651516.0,9790,9.8,0.0,0,0,0,0.0,0.0,0.0,0.0,0.0
1788520651611.0,9795,9.8,0.0,0,0,0,0.0,0.0,0.0,0.0,0.0
1788520651704.0,9800,9.8,0.0,0,0,0,0.0,0.0,0.0,0.0,0.0
1788520651799.0,9805,9.8,0.0,0,0,0,0.0,0.0,0.0,0.0,0.0
1788520651901.0,9810,9.8,0.0,0,0,0,0.0,0.0,0.0,0.0,0.0
1788520651986.0,9815,9.8,0.0,0,0,0,0.0,0.0,0.0,0.0,0.0
1788520652079.0,9820,9.8,0.0,0,0,0,0.0,0.0,0.0,0.0,0.0
1788520652175.0,9825,9.8,0.0,0,0,0,0.0,0.0,0.0,0.0,0.0
1788520652266.0,9830,9.8,0.0,0,0,0,0.0,0.0,0.0,0.0,0.0
1788520652359.0,9835,9.8,0.0,0,0,0,0.0,0.0,0.0,0.0,0.0
1788520652453.0,9840,9.8,0.0,0,0,0,0.0,0.0,0.0,0.0,0.0
1788520652547.0,9845,9.8,0.0,0,0,0,0.0,0.0,0.0,0.0,0.0
1788520652646.0,9850,9.8,0.0,0,0,0,0.0,0.0,0.0,0.0,0.0
1788520652735.0,9855,9.8,0.0,0,0,0,0.0,0.0,0.0,0.0,0.0
1788520652828.0,9860,9.8,0.0,0,0,0,0.0,0.0,0.0,0.0,0.0
1788520652921.0,9865,9.8,0.0,0,0,0,0.0,0.0,0.0,0.0,0.0
1788520653015.0,9870,9.8,0.0,0,0,0,0.0,0.0,0.0,0.0,0.0
1788520653117.0,9875,9.8,0.0,0,0,0,0.0,0.0,0.0,0.0,0.0
1788520653203.0,9880,9.8,0.0,0,0,0,0.0,0.0,0.0,0.0,0.0
1788520653298.0,9885,9.8,0.0,0,0,0,0.0,0.0,0.0,0.0,0.0
1788520653391.0,9890,9.8,0.0,0,0,0,0.0,0.0,0.0,0.0,0.0
1788520653484.0,9895,9.8,0.0,0,0,0,0.0,0.0,0.0,0.0,0.0
1788520653577.0,9900,9.8,0.0,0,0,0,0.0,0.0,0.0,0.0,0.0
1788520653671.0,9905,9.8,0.0,0,0,0,0.0,0.0,0.0,0.0,0.0
1788520653764.0,9910,9.8,0.0,0,0,0,0.0,0.0,0.0,0.0,0.0
1788520653859.0,9915,9.8,0.0,0,0,0,0.0,0.0,0.0,0.0,0.0
1788520653952.0,9920,9.8,0.0,0,0,0,0.0,0.0,0.0,0.0,0.0
1788520654045.0,9925,9.8,0.0,0,0,0,0.0,0.0,0.0,0.0,0.0
1788520654145.0,9930,9.8,0.0,0,0,0,0.0,0.0,0.0,0.0,0.0
1788520654233.0,9935,9.8,0.0,0,0,0,0.0,0.0,0.0,0.0,0.0
1788520654330.0,9940,9.8,0.0,0,0,0,0.0,0.0,0.0,0.0,0.0
1788520654421.0,9945,9.8,0.0,0,0,0,0.0,0.0,0.0,0.0,0.0
1788520654514.0,9950,9.8,0.0,0,0,0,0.0,0.0,0.0,0.0,0.0
1788520654609.0,9955,9.8,0.0,0,0,0,0.0,0.0,0.0,0.0,0.0
1788520654701.0,9960,9.8,0.0,0,0,0,0.0,0.0,0.0,0.0,0.0
1788520654795.0,9965,9.8,0.0,0,0,0,0.0,0.0,0.0,0.0,0.0
1788520654888.0,9970,9.8,0.0,0,0,0,0.0,0.0,0.0,0.0,0.0
1788520654982.0,9975,9.8,0.0,0,0,0,0.0,0.0,0.0,0.0,0.0
1788520655079.0,9980,9.8,0.0,0,0,0,0.0,0.0,0.0,0.0,0.0
1788520655169.0,9985,9.8,0.0,0,0,0,0.0,0.0,0.0,0.0,0.0
1788520655263.0,9990,9.8,0.0,0,0,0,0.0,0.0,0.0,0.0,0.0
1788520655356.0,9995,9.8,0.0,0,0,0,0.0,0.0,0.0,0.0,0.0
1788520655451.0,10000,9.8,0.0,0,0,0,0.0,0.0,0.0,0.0,0.0
1788520655544.0,10005,9.8,0.0,0,0,0,0.0,0.0,0.0,0.0,0.0
1788520655637.0,10010,9.8,0.0,0,0,0,0.0,0.0,0.0,0.0,0.0
1788520655732.0,10015,9.8,0.0,0,0,0,0.0,0.0,0.0,0.0,0.0
1788520655825.0,10020,9.8,0.0,0,0,0,0.0,0.0,0.0,0.0,0.0
1788520655919.0,10025,9.8,0.0,0,0,0,0.0,0.0,0.0,0.0,0.0
1788520656013.0,10030,9.8,0.0,0,0,0,0.0,0.0,0.0,0.0,0.0
1788520656106.0,10035,9.8,0.0,0,0,0,0.0,0.0,0.0,0.0,0.0
1788520656200.0,10040,9.8,0.0,0,0,0,0.0,0.0,0.0,0.0,0.0
1788520656297.0,10045,9.8,0.0,0,0,0,0.0,0.0,0.0,0.0,0.0
1788520656387.0,10050,9.8,0.0,0,0,0,0.0,0.0,0.0,0.0,0.0
1788520656481.0,10055,9.8,0.0,0,0,0,0.0,0.0,0.0,0.0,0.0
1788520656579.0,10060,9.8,0.0,0,0,0,0.0,0.0,0.0,0.0,0.0
1788520656668.0,10065,9.8,0.0,0,0,0,0.0,0.0,0.0,0.0,0.0
1788520656762.0,10070,9.8,0.0,0,0,0,0.0,0.0,0.0,0.0,0.0
1788520656856.0,10075,9.8,0.0,0,0,0,0.0,0.0,0.0,0.0,0.0
1788520656949.0,10080,9.8,0.0,0,0,0,0.0,0.0,0.0,0.0,0.0
1788520657043.0,10085,9.8,0.0,0,0,0,0.0,0.0,0.0,0.0,0.0
1788520657138.0,10090,9.8,0.0,0,0,0,0.0,0.0,0.0,0.0,0.0
1788520657233.0,10095,9.8,0.0,0,0,0,0.0,0.0,0.0,0.0,0.0
1788520657329.0,10100,9.8,0.0,0,0,0,0.0,0.0,0.0,0.0,0.0
1788520657418.0,10105,9.8,0.0,0,0,0,0.0,0.0,0.0,0.0,0.0
1788520657510.0,10110,9.8,0.0,0,0,0,0.0,0.0,0.0,0.0,0.0
1788520657605.0,10115,9.8,0.0,0,0,0,0.0,0.0,0.0,0.0,0.0
1788520657698.0,10120,9.8,0.0,0,0,0,0.0,0.0,0.0,0.0,0.0
1788520657795.0,10125,9.8,0.0,0,0,0,0.0,0.0,0.0,0.0,0.0
1788520657886.0,10130,9.8,0.0,0,0,0,0.0,0.0,0.0,0.0,0.0
1788520657978.0,10135,9.8,0.0,0,0,0,0.0,0.0,0.0,0.0,0.0
1788520658073.0,10140,9.8,0.0,0,0,0,0.0,0.0,0.0,0.0,0.0
1788520658166.0,10145,9.8,0.0,0,0,0,0.0,0.0,0.0,0.0,0.0
1788520658262.0,10150,9.8,0.0,0,0,0,0.0,0.0,0.0,0.0,0.0
1788520658354.0,10155,9.8,0.0,0,0,0,0.0,0.0,0.0,0.0,0.0
1788520658448.0,10160,9.8,0.0,0,0,0,0.0,0.0,0.0,0.0,0.0
1788520658541.0,10165,9.8,0.0,0,0,0,0.0,0.0,0.0,0.0,0.0
1788520658635.0,10170,9.8,0.0,0,0,0,0.0,0.0,0.0,0.0,0.0
1788520658731.0,10175,9.8,0.0,0,0,0,0.0,0.0,0.0,0.0,0.0
1788520658822.0,10180,9.8,0.0,0,0,0,0.0,0.0,0.0,0.0,0.0
1788520658916.0,10185,9.8,0.0,0,0,0,0.0,0.0,0.0,0.0,0.0
1788520659012.0,10190,9.8,0.0,0,0,0,0.0,0.0,0.0,0.0,0.0
1788520659103.0,10195,9.8,0.0,0,0,0,0.0,0.0,0.0,0.0,0.0
1788520659198.0,10200,9.8,0.0,0,0,0,0.0,0.0,0.0,0.0,0.0
1788520659297.0,10205,9.8,0.0,0,0,0,0.0,0.0,0.0,0.0,0.0
1788520659384.0,10210,9.8,0.0,0,0,0,0.0,0.0,0.0,0.0,0.0
1788520659477.0,10215,9.8,0.0,0,0,0,0.0,0.0,0.0,0.0,0.0
1788520659571.0,10220,9.8,0.0,0,0,0,0.0,0.0,0.0,0.0,0.0
1788520659666.0,10225,9.8,0.0,0,0,0,0.0,0.0,0.0,0.0,0.0
1788520659759.0,10230,9.8,0.0,0,0,0,0.0,0.0,0.0,0.0,0.0
1788520659853.0,10235,9.8,0.0,0,0,0,0.0,0.0,0.0,0.0,0.0
1788520659947.0,10240,9.8,0.0,0,0,0,0.0,0.0,0.0,0.0,0.0
1788520660045.0,10245,9.8,0.0,0,0,0,0.0,0.0,0.0,0.0,0.0
1788520660133.0,10250,9.8,0.0,0,0,0,0.0,0.0,0.0,0.0,0.0
1788520660231.0,10255,9.8,0.0,0,0,0,0.0,0.0,0.0,0.0,0.0
1788520660321.0,10260,9.8,0.0,0,0,0,0.0,0.0,0.0,0.0,0.0
1788520660414.0,10265,9.8,0.0,0,0,0,0.0,0.0,0.0,0.0,0.0
1788520660508.0,10270,9.8,0.0,0,0,0,0.0,0.0,0.0,0.0,0.0
1788520660601.0,10275,9.8,0.0,0,0,0,0.0,0.0,0.0,0.0,0.0
1788520660696.0,10280,9.8,0.0,0,0,0,0.0,0.0,0.0,0.0,0.0
1788520660789.0,10285,9.8,0.0,0,0,0,0.0,0.0,0.0,0.0,0.0
1788520660883.0,10290,9.8,0.0,0,0,0,0.0,0.0,0.0,0.0,0.0
1788520660980.0,10295,9.8,0.0,0,0,0,0.0,0.0,0.0,0.0,0.0
1788520661070.0,10300,9.8,0.0,0,0,0,0.0,0.0,0.0,0.0,0.0
1788520661163.0,10305,9.8,0.0,0,0,0,0.0,0.0,0.0,0.0,0.0
1788520661257.0,10310,9.8,0.0,0,0,0,0.0,0.0,0.0,0.0,0.0
1788520661351.0,10315,9.8,0.0,0,0,0,0.0,0.0,0.0,0.0,0.0
1788520661445.0,10320,9.8,0.0,0,0,0,0.0,0.0,0.0,0.0,0.0
1788520661538.0,10325,9.8,0.0,0,0,0,0.0,0.0,0.0,0.0,0.0
1788520661631.0,10330,9.8,0.0,0,0,0,0.0,0.0,0.0,0.0,0.0
1788520661730.0,10335,9.8,0.0,0,0,0,0.0,0.0,0.0,0.0,0.0
1788520661819.0,10340,9.8,0.0,0,0,0,0.0,0.0,0.0,0.0,0.0
1788520661913.0,10345,9.8,0.0,0,0,0,0.0,0.0,0.0,0.0,0.0
1788520662012.0,10350,9.8,0.0,0,0,0,0.0,0.0,0.0,0.0,0.0
1788520662100.0,10355,9.8,0.0,0,0,0,0.0,0.0,0.0,0.0,0.0
1788520662196.0,10360,9.8,0.0,0,0,0,0.0,0.0,0.0,0.0,0.0
1788520662287.0,10365,9.8,0.0,0,0,0,0.0,0.0,0.0,0.0,0.0
1788520662382.0,10370,9.8,0.0,0,0,0,0.0,0.0,0.0,0.0,0.0
1788520662475.0,10375,9.8,0.0,0,0,0,0.0,0.0,0.0,0.0,0.0
1788520662569.0,10380,9.8,0.0,0,0,0,0.0,0.0,0.0,0.0,0.0
1788520662662.0,10385,9.8,0.0,0,0,0,0.0,0.0,0.0,0.0,0.0
1788520662759.0,10390,9.8,0.0,0,0,0,0.0,0.0,0.0,0.0,0.0
1788520662850.0,10395,9.8,0.0,0,0,0,0.0,0.0,0.0,0.0,0.0
1788520662945.0,10400,9.8,0.0,0,0,0,0.0,0.0,0.0,0.0,0.0
1788520663036.0,10405,9.8,0.0,0,0,0,0.0,0.0,0.0,0.0,0.0
1788520663131.0,10410,9.8,0.0,0,0,0,0.0,0.0,0.0,0.0,0.0
1788520663224.0,10415,9.8,0.0,0,0,0,0.0,0.0,0.0,0.0,0.0
1788520663318.0,10420,9.8,0.0,0,0,0,0.0,0.0,0.0,0.0,0.0
1788520663416.0,10425,9.8,0.0,0,0,0,0.0,0.0,0.0,0.0,0.0
1788520663505.0,10430,9.8,0.0,0,0,0,0.0,0.0,0.0,0.0,0.0
1788520663599.0,10435,9.8,0.0,0,0,0,0.0,0.0,0.0,0.0,0.0
1788520663696.0,10440,9.8,0.0,0,0,0,0.0,0.0,0.0,0.0,0.0
1788520663785.0,10445,9.8,0.0,0,0,0,0.0,0.0,0.0,0.0,0.0
1788520663880.0,10450,9.8,0.0,0,0,0,0.0,0.0,0.0,0.0,0.0
1788520663974.0,10455,9.8,0.0,0,0,0,0.0,0.0,0.0,0.0,0.0
1788520664067.0,10460,9.8,0.0,0,0,0,0.0,0.0,0.0,0.0,0.0
1788520664162.0,10465,9.8,0.0,0,0,0,0.0,0.0,0.0,0.0,0.0
1788520664254.0,10470,9.8,0.0,0,0,0,0.0,0.0,0.0,0.0,0.0
1788520664347.0,10475,9.8,0.0,0,0,0,0.0,0.0,0.0,0.0,0.0
1788520664441.0,10480,9.8,0.0,0,0,0,0.0,0.0,0.0,0.0,0.0
1788520664535.0,10485,9.8,0.0,0,0,0,0.0,0.0,0.0,0.0,0.0
1788520664628.0,10490,9.8,0.0,0,0,0,0.0,0.0,0.0,0.0,0.0
1788520664722.0,10495,9.8,0.0,0,0,0,0.0,0.0,0.0,0.0,0.0
1788520664816.0,10500,9.8,0.0,0,0,0,0.0,0.0,0.0,0.0,0.0
1788520664910.0,10505,9.8,0.0,0,0,0,0.0,0.0,0.0,0.0,0.0
1788520665003.0,10510,9.8,0.0,0,0,0,0.0,0.0,0.0,0.0,0.0
1788520665097.0,10515,9.8,0.0,0,0,0,0.0,0.0,0.0,0.0,0.0
1788520665191.0,10520,9.8,0.0,0,0,0,0.0,0.0,0.0,0.0,0.0
1788520665284.0,10525,9.8,0.0,0,0,0,0.0,0.0,0.0,0.0,0.0
1788520665380.0,10530,9.8,0.0,0,0,0,0.0,0.0,0.0,0.0,0.0
1788520665472.0,10535,9.8,0.0,0,0,0,0.0,0.0,0.0,0.0,0.0
1788520665565.0,10540,9.8,0.0,0,0,0,0.0,0.0,0.0,0.0,0.0
1788520665663.0,10545,9.8,0.0,0,0,0,0.0,0.0,0.0,0.0,0.0
1788520665752.0,10550,9.8,0.0,0,0,0,0.0,0.0,0.0,0.0,0.0
1788520665846.0,10555,9.8,0.0,0,0,0,0.0,0.0,0.0,0.0,0.0
1788520665939.0,10560,9.8,0.0,0,0,0,0.0,0.0,0.0,0.0,0.0
1788520666033.0,10565,9.8,0.0,0,0,0,0.0,0.0,0.0,0.0,0.0
1788520666127.0,10570,9.8,0.0,0,0,0,0.0,0.0,0.0,0.0,0.0
1788520666221.0,10575,9.8,0.0,0,0,0,0.0,0.0,0.0,0.0,0.0
1788520666314.0,10580,9.8,0.0,0,0,0,0.0,0.0,0.0,0.0,0.0
1788520666413.0,10585,9.8,0.0,0,0,0,0.0,0.0,0.0,0.0,0.0
1788520666502.0,10590,9.8,0.0,0,0,0,0.0,0.0,0.0,0.0,0.0
1788520666596.0,10595,9.8,0.0,0,0,0,0.0,0.0,0.0,0.0,0.0
1788520666690.0,10600,9.8,0.0,0,0,0,0.0,0.0,0.0,0.0,0.0
1788520666782.0,10605,9.8,0.0,0,0,0,0.0,0.0,0.0,0.0,0.0
1788520666882.0,10610,9.8,0.0,0,0,0,0.0,0.0,0.0,0.0,0.0
1788520666970.0,10615,9.8,0.0,0,0,0,0.0,0.0,0.0,0.0,0.0
1788520667063.0,10620,9.8,0.0,0,0,0,0.0,0.0,0.0,0.0,0.0
1788520667157.0,10625,9.8,0.0,0,0,0,0.0,0.0,0.0,0.0,0.0
1788520667251.0,10630,9.8,0.0,0,0,0,0.0,0.0,0.0,0.0,0.0
1788520667345.0,10635,9.8,0.0,0,0,0,0.0,0.0,0.0,0.0,0.0
1788520667438.0,10640,9.8,0.0,0,0,0,0.0,0.0,0.0,0.0,0.0
1788520667532.0,10645,9.8,0.0,0,0,0,0.0,0.0,0.0,0.0,0.0
1788520667629.0,10650,9.8,0.0,0,0,0,0.0,0.0,0.0,0.0,0.0
1788520667720.0,10655,9.8,0.0,0,0,0,0.0,0.0,0.0,0.0,0.0
1788520667813.0,10660,9.8,0.0,0,0,0,0.0,0.0,0.0,0.0,0.0
1788520667907.0,10665,9.8,0.0,0,0,0,0.0,0.0,0.0,0.0,0.0
1788520668001.0,10670,9.8,0.0,0,0,0,0.0,0.0,0.0,0.0,0.0
1788520668093.0,10675,9.8,0.0,0,0,0,0.0,0.0,0.0,0.0,0.0
1788520668188.0,10680,9.8,0.0,0,0,0,0.0,0.0,0.0,0.0,0.0
1788520668280.0,10685,9.8,0.0,0,0,0,0.0,0.0,0.0,0.0,0.0
1788520668378.0,10690,9.8,0.0,0,0,0,0.0,0.0,0.0,0.0,0.0
1788520668469.0,10695,9.8,0.0,0,0,0,0.0,0.0,0.0,0.0,0.0
1788520668563.0,10700,9.8,0.0,0,0,0,0.0,0.0,0.0,0.0,0.0
1788520668659.0,10705,9.8,0.0,0,0,0,0.0,0.0,0.0,0.0,0.0
1788520668749.0,10710,9.8,0.0,0,0,0,0.0,0.0,0.0,0.0,0.0
1788520668845.0,10715,9.8,0.0,0,0,0,0.0,0.0,0.0,0.0,0.0
1788520668937.0,10720,9.8,0.0,0,0,0,0.0,0.0,0.0,0.0,0.0
1788520669030.0,10725,9.8,0.0,0,0,0,0.0,0.0,0.0,0.0,0.0
1788520669123.0,10730,9.8,0.0,0,0,0,0.0,0.0,0.0,0.0,0.0
1788520669217.0,10735,9.8,0.0,0,0,0,0.0,0.0,0.0,0.0,0.0
1788520669311.0,10740,9.8,0.0,0,0,0,0.0,0.0,0.0,0.0,0.0
1788520669404.0,10745,9.8,0.0,0,0,0,0.0,0.0,0.0,0.0,0.0
1788520669498.0,10750,9.8,0.0,0,0,0,0.0,0.0,0.0,0.0,0.0
1788520669592.0,10755,9.8,0.0,0,0,0,0.0,0.0,0.0,0.0,0.0
1788520669685.0,10760,9.8,0.0,0,0,0,0.0,0.0,0.0,0.0,0.0
1788520669780.0,10765,9.8,0.0,0,0,0,0.0,0.0,0.0,0.0,0.0
1788520669873.0,10770,9.8,0.0,0,0,0,0.0,0.0,0.0,0.0,0.0
1788520669967.0,10775,9.8,0.0,0,0,0,0.0,0.0,0.0,0.0,0.0
1788520670062.0,10780,9.8,0.0,0,0,0,0.0,0.0,0.0,0.0,0.0
1788520670154.0,10785,9.8,0.0,0,0,0,0.0,0.0,0.0,0.0,0.0
1788520670247.0,10790,9.8,0.0,0,0,0,0.0,0.0,0.0,0.0,0.0
1788520670344.0,10795,9.8,0.0,0,0,0,0.0,0.0,0.0,0.0,0.0
1788520670435.0,10800,9.8,0.0,0,0,0,0.0,0.0,0.0,0.0,0.0
1788520670529.0,10805,9.8,0.0,0,0,0,0.0,0.0,0.0,0.0,0.0
1788520670623.0,10810,9.8,0.0,0,0,0,0.0,0.0,0.0,0.0,0.0
1788520670716.0,10815,9.8,0.0,0,0,0,0.0,0.0,0.0,0.0,0.0
1788520670812.0,10820,9.8,0.0,0,0,0,0.0,0.0,0.0,0.0,0.0
1788520670904.0,10825,9.8,0.0,0,0,0,0.0,0.0,0.0,0.0,0.0
1788520670997.0,10830,9.8,0.0,0,0,0,0.0,0.0,0.0,0.0,0.0
1788520671091.0,10835,9.8,0.0,0,0,0,0.0,0.0,0.0,0.0,0.0
1788520671185.0,10840,9.8,0.0,0,0,0,0.0,0.0,0.0,0.0,0.0
1788520671279.0,10845,9.8,0.0,0,0,0,0.0,0.0,0.0,0.0,0.0
1788520671372.0,10850,9.8,0.0,0,0,0,0.0,0.0,0.0,0.0,0.0
1788520671466.0,10855,9.8,0.0,0,0,0,0.0,0.0,0.0,0.0,0.0
1788520671559.0,10860,9.8,0.0,0,0,0,0.0,0.0,0.0,0.0,0.0
1788520671653.0,10865,9.8,0.0,0,0,0,0.0,0.0,0.0,0.0,0.0
1788520671747.0,10870,9.8,0.0,0,0,0,0.0,0.0,0.0,0.0,0.0
1788520671845.0,10875,9.8,0.0,0,0,0,0.0,0.0,0.0,0.0,0.0
1788520671933.0,10880,9.8,0.0,0,0,0,0.0,0.0,0.0,0.0,0.0
1788520672030.0,10885,9.8,0.0,0,0,0,0.0,0.0,0.0,0.0,0.0
1788520672120.0,10890,9.8,0.0,0,0,0,0.0,0.0,0.0,0.0,0.0
1788520672215.0,10895,9.8,0.0,0,0,0,0.0,0.0,0.0,0.0,0.0
1788520672314.0,10900,9.8,0.0,0,0,0,0.0,0.0,0.0,0.0,0.0
1788520672402.0,10905,9.8,0.0,0,0,0,0.0,0.0,0.0,0.0,0.0
1788520672496.0,10910,9.8,0.0,0,0,0,0.0,0.0,0.0,0.0,0.0
1788520672591.0,10915,9.8,0.0,0,0,0,0.0,0.0,0.0,0.0,0.0
1788520672684.0,10920,9.8,0.0,0,0,0,0.0,0.0,0.0,0.0,0.0
1788520672776.0,10925,9.8,0.0,0,0,0,0.0,0.0,0.0,0.0,0.0
1788520672870.0,10930,9.8,0.0,0,0,0,0.0,0.0,0.0,0.0,0.0
1788520672964.0,10935,9.8,0.0,0,0,0,0.0,0.0,0.0,0.0,0.0
1788520673062.0,10940,9.8,0.0,0,0,0,0.0,0.0,0.0,0.0,0.0
1788520673151.0,10945,9.8,0.0,0,0,0,0.0,0.0,0.0,0.0,0.0
1788520673246.0,10950,9.8,0.0,0,0,0,0.0,0.0,0.0,0.0,0.0
1788520673339.0,10955,9.8,0.0,0,0,0,0.0,0.0,0.0,0.0,0.0
1788520673432.0,10960,9.8,0.0,0,0,0,0.0,0.0,0.0,0.0,0.0
1788520673530.0,10965,9.8,0.0,0,0,0,0.0,0.0,0.0,0.0,0.0
1788520673620.0,10970,9.8,0.0,0,0,0,0.0,0.0,0.0,0.0,0.0
1788520673714.0,10975,9.8,0.0,0,0,0,0.0,0.0,0.0,0.0,0.0
1788520673807.0,10980,9.8,0.0,0,0,0,0.0,0.0,0.0,0.0,0.0
1788520673900.0,10985,9.8,0.0,0,0,0,0.0,0.0,0.0,0.0,0.0
1788520673994.0,10990,9.8,0.0,0,0,0,0.0,0.0,0.0,0.0,0.0
1788520674089.0,10995,9.8,0.0,0,0,0,0.0,0.0,0.0,0.0,0.0
1788520674181.0,11000,9.8,0.0,0,0,0,0.0,0.0,0.0,0.0,0.0
1788520674279.0,11005,9.8,0.0,0,0,0,0.0,0.0,0.0,0.0,0.0
1788520674369.0,11010,9.8,0.0,0,0,0,0.0,0.0,0.0,0.0,0.0
1788520674463.0,11015,9.8,0.0,0,0,0,0.0,0.0,0.0,0.0,0.0
1788520674562.0,11020,9.8,0.0,0,0,0,0.0,0.0,0.0,0.0,0.0
1788520674651.0,11025,9.8,0.0,0,0,0,0.0,0.0,0.0,0.0,0.0
1788520674745.0,11030,9.8,0.0,0,0,0,0.0,0.0,0.0,0.0,0.0
1788520674838.0,11035,9.8,0.0,0,0,0,0.0,0.0,0.0,0.0,0.0
1788520674931.0,11040,9.8,0.0,0,0,0,0.0,0.0,0.0,0.0,0.0
1788520675029.0,11045,9.8,0.0,0,0,0,0.0,0.0,0.0,0.0,0.0
1788520675119.0,11050,9.8,0.0,0,0,0,0.0,0.0,0.0,0.0,0.0
1788520675212.0,11055,9.8,0.0,0,0,0,0.0,0.0,0.0,0.0,0.0
1788520675306.0,11060,9.8,0.0,0,0,0,0.0,0.0,0.0,0.0,0.0
1788520675399.0,11065,9.8,0.0,0,0,0,0.0,0.0,0.0,0.0,0.0
1788520675496.0,11070,9.8,0.0,0,0,0,0.0,0.0,0.0,0.0,0.0
1788520675587.0,11075,9.8,0.0,0,0,0,0.0,0.0,0.0,0.0,0.0
1788520675681.0,11080,9.8,0.0,0,0,0,0.0,0.0,0.0,0.0,0.0
1788520675776.0,11085,9.8,0.0,0,0,0,0.0,0.0,0.0,0.0,0.0
1788520675868.0,11090,9.8,0.0,0,0,0,0.0,0.0,0.0,0.0,0.0
1788520675961.0,11095,9.8,0.0,0,0,0,0.0,0.0,0.0,0.0,0.0
1788520676055.0,11100,9.8,0.0,0,0,0,0.0,0.0,0.0,0.0,0.0
1788520676148.0,11105,9.8,0.0,0,0,0,0.0,0.0,0.0,0.0,0.0
1788520676242.0,11110,9.8,0.0,0,0,0,0.0,0.0,0.0,0.0,0.0
1788520676336.0,11115,9.8,0.0,0,0,0,0.0,0.0,0.0,0.0,0.0
1788520676430.0,11120,9.8,0.0,0,0,0,0.0,0.0,0.0,0.0,0.0
1788520676529.0,11125,9.8,0.0,0,0,0,0.0,0.0,0.0,0.0,0.0
1788520676617.0,11130,9.8,0.0,0,0,0,0.0,0.0,0.0,0.0,0.0
1788520676712.0,11135,9.8,0.0,0,0,0,0.0,0.0,0.0,0.0,0.0
1788520676805.0,11140,9.8,0.0,0,0,0,0.0,0.0,0.0,0.0,0.0
1788520676898.0,11145,9.8,0.0,0,0,0,0.0,0.0,0.0,0.0,0.0
1788520676998.0,11150,9.8,0.0,0,0,0,0.0,0.0,0.0,0.0,0.0
1788520677085.0,11155,9.8,0.0,0,0,0,0.0,0.0,0.0,0.0,0.0
1788520677179.0,11160,9.8,0.0,0,0,0,0.0,0.0,0.0,0.0,0.0
1788520677273.0,11165,9.8,0.0,0,0,0,0.0,0.0,0.0,0.0,0.0
1788520677366.0,11170,9.8,0.0,0,0,0,0.0,0.0,0.0,0.0,0.0
1788520677460.0,11175,9.8,0.0,0,0,0,0.0,0.0,0.0,0.0,0.0
1788520677554.0,11180,9.8,0.0,0,0,0,0.0,0.0,0.0,0.0,0.0
1788520677647.0,11185,9.8,0.0,0,0,0,0.0,0.0,0.0,0.0,0.0
1788520677740.0,11190,9.8,0.0,0,0,0,0.0,0.0,0.0,0.0,0.0
1788520677834.0,11195,9.8,0.0,0,0,0,0.0,0.0,0.0,0.0,0.0
1788520677928.0,11200,9.8,0.0,0,0,0,0.0,0.0,0.0,0.0,0.0
1788520678022.0,11205,9.8,0.0,0,0,0,0.0,0.0,0.0,0.0,0.0
1788520678115.0,11210,9.8,0.0,0,0,0,0.0,0.0,0.0,0.0,0.0
1788520678214.0,11215,9.8,0.0,0,0,0,0.0,0.0,0.0,0.0,0.0
1788520678303.0,11220,9.8,0.0,0,0,0,0.0,0.0,0.0,0.0,0.0
1788520678397.0,11225,9.8,0.0,0,0,0,0.0,0.0,0.0,0.0,0.0
1788520678497.0,11230,9.8,0.0,0,0,0,0.0,0.0,0.0,0.0,0.0
1788520678584.0,11235,9.8,0.0,0,0,0,0.0,0.0,0.0,0.0,0.0
1788520678677.0,11240,9.8,0.0,0,0,0,0.0,0.0,0.0,0.0,0.0
1788520678771.0,11245,9.8,0.0,0,0,0,0.0,0.0,0.0,0.0,0.0
1788520678865.0,11250,9.8,0.0,0,0,0,0.0,0.0,0.0,0.0,0.0
1788520678959.0,11255,9.8,0.0,0,0,0,0.0,0.0,0.0,0.0,0.0
1788520679053.0,11260,9.8,0.0,0,0,0,0.0,0.0,0.0,0.0,0.0
1788520679147.0,11265,9.8,0.0,0,0,0,0.0,0.0,0.0,0.0,0.0
1788520679239.0,11270,9.8,0.0,0,0,0,0.0,0.0,0.0,0.0,0.0
1788520679333.0,11275,9.8,0.0,0,0,0,0.0,0.0,0.0,0.0,0.0
1788520679428.0,11280,9.8,0.0,0,0,0,0.0,0.0,0.0,0.0,0.0
1788520679521.0,11285,9.8,0.0,0,0,0,0.0,0.0,0.0,0.0,0.0
1788520679614.0,11290,9.8,0.0,0,0,0,0.0,0.0,0.0,0.0,0.0
1788520679713.0,11295,9.8,0.0,0,0,0,0.0,0.0,0.0,0.0,0.0
1788520679803.0,11300,9.8,0.0,0,0,0,0.0,0.0,0.0,0.0,0.0
1788520679895.0,11305,9.8,0.0,0,0,0,0.0,0.0,0.0,0.0,0.0
1788520679989.0,11310,9.8,0.0,0,0,0,0.0,0.0,0.0,0.0,0.0
1788520680082.0,11315,9.8,0.0,0,0,0,0.0,0.0,0.0,0.0,0.0
1788520680180.0,11320,9.8,0.0,0,0,0,0.0,0.0,0.0,0.0,0.0
1788520680270.0,11325,9.8,0.0,0,0,0,0.0,0.0,0.0,0.0,0.0
1788520680364.0,11330,9.8,0.0,0,0,0,0.0,0.0,0.0,0.0,0.0
1788520680458.0,11335,9.8,0.0,0,0,0,0.0,0.0,0.0,0.0,0.0
1788520680552.0,11340,9.8,0.0,0,0,0,0.0,0.0,0.0,0.0,0.0
1788520680644.0,11345,9.8,0.0,0,0,0,0.0,0.0,0.0,0.0,0.0
1788520680738.0,11350,9.8,0.0,0,0,0,0.0,0.0,0.0,0.0,0.0
1788520680832.0,11355,9.8,0.0,0,0,0,0.0,0.0,0.0,0.0,0.0
1788520680925.0,11360,9.8,0.0,0,0,0,0.0,0.0,0.0,0.0,0.0
1788520681020.0,11365,9.8,0.0,0,0,0,0.0,0.0,0.0,0.0,0.0
1788520681114.0,11370,9.8,0.0,0,0,0,0.0,0.0,0.0,0.0,0.0
1788520681207.0,11375,9.8,0.0,0,0,0,0.0,0.0,0.0,0.0,0.0
1788520681300.0,11380,9.8,0.0,0,0,0,0.0,0.0,0.0,0.0,0.0
1788520681397.0,11385,9.8,0.0,0,0,0,0.0,0.0,0.0,0.0,0.0
1788520681488.0,11390,9.8,0.0,0,0,0,0.0,0.0,0.0,0.0,0.0
1788520681581.0,11395,9.8,0.0,0,0,0,0.0,0.0,0.0,0.0,0.0
1788520681675.0,11400,9.8,0.0,0,0,0,0.0,0.0,0.0,0.0,0.0
1788520681769.0,11405,9.8,0.0,0,0,0,0.0,0.0,0.0,0.0,0.0
1788520681863.0,11410,9.8,0.0,0,0,0,0.0,0.0,0.0,0.0,0.0
1788520681957.0,11415,9.8,0.0,0,0,0,0.0,0.0,0.0,0.0,0.0
1788520682050.0,11420,9.8,0.0,0,0,0,0.0,0.0,0.0,0.0,0.0
1788520682143.0,11425,9.8,0.0,0,0,0,0.0,0.0,0.0,0.0,0.0
1788520682237.0,11430,9.8,0.0,0,0,0,0.0,0.0,0.0,0.0,0.0
1788520682332.0,11435,9.8,0.0,0,0,0,0.0,0.0,0.0,0.0,0.0
1788520682431.0,11440,9.8,0.0,0,0,0,0.0,0.0,0.0,0.0,0.0
1788520682518.0,11445,9.8,0.0,0,0,0,0.0,0.0,0.0,0.0,0.0
1788520682617.0,11450,9.8,0.0,0,0,0,0.0,0.0,0.0,0.0,0.0
1788520682706.0,11455,9.8,0.0,0,0,0,0.0,0.0,0.0,0.0,0.0
1788520682799.0,11460,9.8,0.0,0,0,0,0.0,0.0,0.0,0.0,0.0
1788520682893.0,11465,9.8,0.0,0,0,0,0.0,0.0,0.0,0.0,0.0
1788520682987.0,11470,9.8,0.0,0,0,0,0.0,0.0,0.0,0.0,0.0
1788520683080.0,11475,9.8,0.0,0,0,0,0.0,0.0,0.0,0.0,0.0
1788520683175.0,11480,9.8,0.0,0,0,0,0.0,0.0,0.0,0.0,0.0
1788520683268.0,11485,9.8,0.0,0,0,0,0.0,0.0,0.0,0.0,0.0
1788520683361.0,11490,9.8,0.0,0,0,0,0.0,0.0,0.0,0.0,0.0
1788520683455.0,11495,9.8,0.0,0,0,0,0.0,0.0,0.0,0.0,0.0
1788520683549.0,11500,9.8,0.0,0,0,0,0.0,0.0,0.0,0.0,0.0
1788520683641.0,11505,9.8,0.0,0,0,0,0.0,0.0,0.0,0.0,0.0
1788520683736.0,11510,9.8,0.0,0,0,0,0.0,0.0,0.0,0.0,0.0
1788520683830.0,11515,9.8,0.0,0,0,0,0.0,0.0,0.0,0.0,0.0
1788520683933.0,11520,9.8,0.0,0,0,0,0.0,0.0,0.0,0.0,0.0
1788520684017.0,11525,9.8,0.0,0,0,0,0.0,0.0,0.0,0.0,0.0
1788520684115.0,11530,9.8,0.0,0,0,0,0.0,0.0,0.0,0.0,0.0
1788520684203.0,11535,9.8,0.0,0,0,0,0.0,0.0,0.0,0.0,0.0
1788520684298.0,11540,9.8,0.0,0,0,0,0.0,0.0,0.0,0.0,0.0
1788520684394.0,11545,9.8,0.0,0,0,0,0.0,0.0,0.0,0.0,0.0
1788520684487.0,11550,9.8,0.0,0,0,0,0.0,0.0,0.0,0.0,0.0
1788520684579.0,11555,9.8,0.0,0,0,0,0.0,0.0,0.0,0.0,0.0
1788520684673.0,11560,9.8,0.0,0,0,0,0.0,0.0,0.0,0.0,0.0
1788520684766.0,11565,9.8,0.0,0,0,0,0.0,0.0,0.0,0.0,0.0
1788520684863.0,11570,9.8,0.0,0,0,0,0.0,0.0,0.0,0.0,0.0
1788520684953.0,11575,9.8,0.0,0,0,0,0.0,0.0,0.0,0.0,0.0
1788520685047.0,11580,9.8,0.0,0,0,0,0.0,0.0,0.0,0.0,0.0
1788520685140.0,11585,9.8,0.0,0,0,0,0.0,0.0,0.0,0.0,0.0
1788520685235.0,11590,9.8,0.0,0,0,0,0.0,0.0,0.0,0.0,0.0
1788520685332.0,11595,9.8,0.0,0,0,0,0.0,0.0,0.0,0.0,0.0
1788520685422.0,11600,9.8,0.0,0,0,0,0.0,0.0,0.0,0.0,0.0
1788520685515.0,11605,9.8,0.0,0,0,0,0.0,0.0,0.0,0.0,0.0
1788520685611.0,11610,9.8,0.0,0,0,0,0.0,0.0,0.0,0.0,0.0
1788520685703.0,11615,9.8,0.0,0,0,0,0.0,0.0,0.0,0.0,0.0
1788520685797.0,11620,9.8,0.0,0,0,0,0.0,0.0,0.0,0.0,0.0
1788520685890.0,11625,9.8,0.0,0,0,0,0.0,0.0,0.0,0.0,0.0
1788520685984.0,11630,9.8,0.0,0,0,0,0.0,0.0,0.0,0.0,0.0
1788520686077.0,11635,9.8,0.0,0,0,0,0.0,0.0,0.0,0.0,0.0
1788520686170.0,11640,9.8,0.0,0,0,0,0.0,0.0,0.0,0.0,0.0
1788520686265.0,11645,9.8,0.0,0,0,0,0.0,0.0,0.0,0.0,0.0
1788520686362.0,11650,9.8,0.0,0,0,0,0.0,0.0,0.0,0.0,0.0
1788520686452.0,11655,9.8,0.0,0,0,0,0.0,0.0,0.0,0.0,0.0
1788520686546.0,11660,9.8,0.0,0,0,0,0.0,0.0,0.0,0.0,0.0
1788520686647.0,11665,9.8,0.0,0,0,0,0.0,0.0,0.0,0.0,0.0
1788520686733.0,11670,9.8,0.0,0,0,0,0.0,0.0,0.0,0.0,0.0
1788520686827.0,11675,9.8,0.0,0,0,0,0.0,0.0,0.0,0.0,0.0
1788520686921.0,11680,9.8,0.0,0,0,0,0.0,0.0,0.0,0.0,0.0
1788520687014.0,11685,9.8,0.0,0,0,0,0.0,0.0,0.0,0.0,0.0
1788520687113.0,11690,9.8,0.0,0,0,0,0.0,0.0,0.0,0.0,0.0
1788520687201.0,11695,9.8,0.0,0,0,0,0.0,0.0,0.0,0.0,0.0
1788520687295.0,11700,9.8,0.0,0,0,0,0.0,0.0,0.0,0.0,0.0
1788520687389.0,11705,9.8,0.0,0,0,0,0.0,0.0,0.0,0.0,0.0
1788520687482.0,11710,9.8,0.0,0,0,0,0.0,0.0,0.0,0.0,0.0
1788520687576.0,11715,9.8,0.0,0,0,0,0.0,0.0,0.0,0.0,0.0
1788520687670.0,11720,9.8,0.0,0,0,0,0.0,0.0,0.0,0.0,0.0
1788520687763.0,11725,9.8,0.0,0,0,0,0.0,0.0,0.0,0.0,0.0
1788520687865.0,11730,9.8,0.0,0,0,0,0.0,0.0,0.0,0.0,0.0
1788520687951.0,11735,9.8,0.0,0,0,0,0.0,0.0,0.0,0.0,0.0
1788520688046.0,11740,9.8,0.0,0,0,0,0.0,0.0,0.0,0.0,0.0
1788520688137.0,11745,9.8,0.0,0,0,0,0.0,0.0,0.0,0.0,0.0
1788520688232.0,11750,9.8,0.0,0,0,0,0.0,0.0,0.0,0.0,0.0
1788520688329.0,11755,9.8,0.0,0,0,0,0.0,0.0,0.0,0.0,0.0
1788520688419.0,11760,9.8,0.0,0,0,0,0.0,0.0,0.0,0.0,0.0
1788520688514.0,11765,9.8,0.0,0,0,0,0.0,0.0,0.0,0.0,0.0
1788520688616.0,11770,9.8,0.0,0,0,0,0.0,0.0,0.0,0.0,0.0
1788520688701.0,11775,9.8,0.0,0,0,0,0.0,0.0,0.0,0.0,0.0
1788520688794.0,11780,9.8,0.0,0,0,0,0.0,0.0,0.0,0.0,0.0
1788520688888.0,11785,9.8,0.0,0,0,0,0.0,0.0,0.0,0.0,0.0
1788520688983.0,11790,9.8,0.0,0,0,0,0.0,0.0,0.0,0.0,0.0
1788520689080.0,11795,9.8,0.0,0,0,0,0.0,0.0,0.0,0.0,0.0
1788520689169.0,11800,9.8,0.0,0,0,0,0.0,0.0,0.0,0.0,0.0
1788520689262.0,11805,9.8,0.0,0,0,0,0.0,0.0,0.0,0.0,0.0
1788520689362.0,11810,9.8,0.0,0,0,0,0.0,0.0,0.0,0.0,0.0
1788520689449.0,11815,9.8,0.0,0,0,0,0.0,0.0,0.0,0.0,0.0
1788520689545.0,11820,9.8,0.0,0,0,0,0.0,0.0,0.0,0.0,0.0
1788520689637.0,11825,9.8,0.0,0,0,0,0.0,0.0,0.0,0.0,0.0
1788520689731.0,11830,9.8,0.0,0,0,0,0.0,0.0,0.0,0.0,0.0
1788520689825.0,11835,9.8,0.0,0,0,0,0.0,0.0,0.0,0.0,0.0
1788520689919.0,11840,9.8,0.0,0,0,0,0.0,0.0,0.0,0.0,0.0
1788520690013.0,11845,9.8,0.0,0,0,0,0.0,0.0,0.0,0.0,0.0
1788520690106.0,11850,9.8,0.0,0,0,0,0.0,0.0,0.0,0.0,0.0
1788520690198.0,11855,9.8,0.0,0,0,0,0.0,0.0,0.0,0.0,0.0
1788520690294.0,11860,9.8,0.0,0,0,0,0.0,0.0,0.0,0.0,0.0
1788520690387.0,11865,9.8,0.0,0,0,0,0.0,0.0,0.0,0.0,0.0
1788520690481.0,11870,9.8,0.0,0,0,0,0.0,0.0,0.0,0.0,0.0
1788520690574.0,11875,9.8,0.0,0,0,0,0.0,0.0,0.0,0.0,0.0
1788520690668.0,11880,9.8,0.0,0,0,0,0.0,0.0,0.0,0.0,0.0
1788520690762.0,11885,9.8,0.0,0,0,0,0.0,0.0,0.0,0.0,0.0
1788520690855.0,11890,9.8,0.0,0,0,0,0.0,0.0,0.0,0.0,0.0
1788520690948.0,11895,9.8,0.0,0,0,0,0.0,0.0,0.0,0.0,0.0
1788520691044.0,11900,9.8,0.0,0,0,0,0.0,0.0,0.0,0.0,0.0
1788520691136.0,11905,9.8,0.0,0,0,0,0.0,0.0,0.0,0.0,0.0
1788520691230.0,11910,9.8,0.0,0,0,0,0.0,0.0,0.0,0.0,0.0
1788520691329.0,11915,9.8,0.0,0,0,0,0.0,0.0,0.0,0.0,0.0
1788520691418.0,11920,9.8,0.0,0,0,0,0.0,0.0,0.0,0.0,0.0
1788520691511.0,11925,9.8,0.0,0,0,0,0.0,0.0,0.0,0.0,0.0
1788520691604.0,11930,9.8,0.0,0,0,0,0.0,0.0,0.0,0.0,0.0
1788520691697.0,11935,9.8,0.0,0,0,0,0.0,0.0,0.0,0.0,0.0
1788520691801.0,11940,9.8,0.0,0,0,0,0.0,0.0,0.0,0.0,0.0
1788520691885.0,11945,9.8,0.0,0,0,0,0.0,0.0,0.0,0.0,0.0
1788520691979.0,11950,9.8,0.0,0,0,0,0.0,0.0,0.0,0.0,0.0
1788520692073.0,11955,9.8,0.0,0,0,0,0.0,0.0,0.0,0.0,0.0
1788520692166.0,11960,9.8,0.0,0,0,0,0.0,0.0,0.0,0.0,0.0
1788520692261.0,11965,9.8,0.0,0,0,0,0.0,0.0,0.0,0.0,0.0
1788520692353.0,11970,9.8,0.0,0,0,0,0.0,0.0,0.0,0.0,0.0
1788520692447.0,11975,9.8,0.0,0,0,0,0.0,0.0,0.0,0.0,0.0
1788520692541.0,11980,9.8,0.0,0,0,0,0.0,0.0,0.0,0.0,0.0
1788520692635.0,11985,9.8,0.0,0,0,0,0.0,0.0,0.0,0.0,0.0
1788520692728.0,11990,9.8,0.0,0,0,0,0.0,0.0,0.0,0.0,0.0
1788520692822.0,11995,9.8,0.0,0,0,0,0.0,0.0,0.0,0.0,0.0
1788520692916.0,12000,9.8,0.0,0,0,0,0.0,0.0,0.0,0.0,0.0
1788520693012.0,12005,9.8,0.0,0,0,0,0.0,0.0,0.0,0.0,0.0
1788520693104.0,12010,9.8,0.0,0,0,0,0.0,0.0,0.0,0.0,0.0
1788520693197.0,12015,9.8,0.0,0,0,0,0.0,0.0,0.0,0.0,0.0
1788520693294.0,12020,9.8,0.0,0,0,0,0.0,0.0,0.0,0.0,0.0
1788520693384.0,12025,9.8,0.0,0,0,0,0.0,0.0,0.0,0.0,0.0
1788520693479.0,12030,9.8,0.0,0,0,0,0.0,0.0,0.0,0.0,0.0
1788520693571.0,12035,9.8,0.0,0,0,0,0.0,0.0,0.0,0.0,0.0
1788520693665.0,12040,9.8,0.0,0,0,0,0.0,0.0,0.0,0.0,0.0
1788520693761.0,12045,9.8,0.0,0,0,0,0.0,0.0,0.0,0.0,0.0
1788520693856.0,12050,9.8,0.0,0,0,0,0.0,0.0,0.0,0.0,0.0
1788520693946.0,12055,9.8,0.0,0,0,0,0.0,0.0,0.0,0.0,0.0
1788520694040.0,12060,9.8,0.0,0,0,0,0.0,0.0,0.0,0.0,0.0
1788520694133.0,12065,9.8,0.0,0,0,0,0.0,0.0,0.0,0.0,0.0
1788520694227.0,12070,9.8,0.0,0,0,0,0.0,0.0,0.0,0.0,0.0
1788520694321.0,12075,9.8,0.0,0,0,0,0.0,0.0,0.0,0.0,0.0
1788520694414.0,12080,9.8,0.0,0,0,0,0.0,0.0,0.0,0.0,0.0
1788520694509.0,12085,9.8,0.0,0,0,0,0.0,0.0,0.0,0.0,0.0
1788520694601.0,12090,9.8,0.0,0,0,0,0.0,0.0,0.0,0.0,0.0
1788520694696.0,12095,9.8,0.0,0,0,0,0.0,0.0,0.0,0.0,0.0
1788520694789.0,12100,9.8,0.0,0,0,0,0.0,0.0,0.0,0.0,0.0
1788520694883.0,12105,9.8,0.0,0,0,0,0.0,0.0,0.0,0.0,0.0
1788520694976.0,12110,9.8,0.0,0,0,0,0.0,0.0,0.0,0.0,0.0
1788520695070.0,12115,9.8,0.0,0,0,0,0.0,0.0,0.0,0.0,0.0
1788520695164.0,12120,9.8,0.0,0,0,0,0.0,0.0,0.0,0.0,0.0
1788520695257.0,12125,9.8,0.0,0,0,0,0.0,0.0,0.0,0.0,0.0
1788520695350.0,12130,9.8,0.0,0,0,0,0.0,0.0,0.0,0.0,0.0
1788520695445.0,12135,9.8,0.0,0,0,0,0.0,0.0,0.0,0.0,0.0
1788520695538.0,12140,9.8,0.0,0,0,0,0.0,0.0,0.0,0.0,0.0
1788520695632.0,12145,9.8,0.0,0,0,0,0.0,0.0,0.0,0.0,0.0
1788520695726.0,12150,9.8,0.0,0,0,0,0.0,0.0,0.0,0.0,0.0
1788520695820.0,12155,9.8,0.0,0,0,0,0.0,0.0,0.0,0.0,0.0
1788520695913.0,12160,9.8,0.0,0,0,0,0.0,0.0,0.0,0.0,0.0
1788520696006.0,12165,9.8,0.0,0,0,0,0.0,0.0,0.0,0.0,0.0
1788520696100.0,12170,9.8,0.0,0,0,0,0.0,0.0,0.0,0.0,0.0
1788520696197.0,12175,9.8,0.0,0,0,0,0.0,0.0,0.0,0.0,0.0
1788520696287.0,12180,9.8,0.0,0,0,0,0.0,0.0,0.0,0.0,0.0
1788520696381.0,12185,9.8,0.0,0,0,0,0.0,0.0,0.0,0.0,0.0
1788520696480.0,12190,9.8,0.0,0,0,0,0.0,0.0,0.0,0.0,0.0
1788520696569.0,12195,9.8,0.0,0,0,0,0.0,0.0,0.0,0.0,0.0
1788520696662.0,12200,9.8,0.0,0,0,0,0.0,0.0,0.0,0.0,0.0
1788520696756.0,12205,9.8,0.0,0,0,0,0.0,0.0,0.0,0.0,0.0
1788520696849.0,12210,9.8,0.0,0,0,0,0.0,0.0,0.0,0.0,0.0
1788520696944.0,12215,9.8,0.0,0,0,0,0.0,0.0,0.0,0.0,0.0
1788520697036.0,12220,9.8,0.0,0,0,0,0.0,0.0,0.0,0.0,0.0
1788520697129.0,12225,9.8,0.0,0,0,0,0.0,0.0,0.0,0.0,0.0
1788520697223.0,12230,9.8,0.0,0,0,0,0.0,0.0,0.0,0.0,0.0
1788520697317.0,12235,9.8,0.0,0,0,0,0.0,0.0,0.0,0.0,0.0
1788520697414.0,12240,9.8,0.0,0,0,0,0.0,0.0,0.0,0.0,0.0
1788520697504.0,12245,9.8,0.0,0,0,0,0.0,0.0,0.0,0.0,0.0
1788520697598.0,12250,9.8,0.0,0,0,0,0.0,0.0,0.0,0.0,0.0
1788520697692.0,12255,9.8,0.0,0,0,0,0.0,0.0,0.0,0.0,0.0
1788520697786.0,12260,9.8,0.0,0,0,0,0.0,0.0,0.0,0.0,0.0
1788520697879.0,12265,9.8,0.0,0,0,0,0.0,0.0,0.0,0.0,0.0
1788520697975.0,12270,9.8,0.0,0,0,0,0.0,0.0,0.0,0.0,0.0
1788520698066.0,12275,9.8,0.0,0,0,0,0.0,0.0,0.0,0.0,0.0
1788520698161.0,12280,9.8,0.0,0,0,0,0.0,0.0,0.0,0.0,0.0
1788520698254.0,12285,9.8,0.0,0,0,0,0.0,0.0,0.0,0.0,0.0
1788520698347.0,12290,9.8,0.0,0,0,0,0.0,0.0,0.0,0.0,0.0
1788520698441.0,12295,9.8,0.0,0,0,0,0.0,0.0,0.0,0.0,0.0
1788520698534.0,12300,9.8,0.0,0,0,0,0.0,0.0,0.0,0.0,0.0
1788520698628.0,12305,9.8,0.0,0,0,0,0.0,0.0,0.0,0.0,0.0
1788520698721.0,12310,9.8,0.0,0,0,0,0.0,0.0,0.0,0.0,0.0
1788520698816.0,12315,9.8,0.0,0,0,0,0.0,0.0,0.0,0.0,0.0
1788520698910.0,12320,9.8,0.0,0,0,0,0.0,0.0,0.0,0.0,0.0
1788520699003.0,12325,9.8,0.0,0,0,0,0.0,0.0,0.0,0.0,0.0
1788520699097.0,12330,9.8,0.0,0,0,0,0.0,0.0,0.0,0.0,0.0
1788520699199.0,12335,9.8,0.0,0,0,0,0.0,0.0,0.0,0.0,0.0
1788520699284.0,12340,9.8,0.0,0,0,0,0.0,0.0,0.0,0.0,0.0
1788520699379.0,12345,9.8,0.0,0,0,0,0.0,0.0,0.0,0.0,0.0
1788520699472.0,12350,9.8,0.0,0,0,0,0.0,0.0,0.0,0.0,0.0
1788520699565.0,12355,9.8,0.0,0,0,0,0.0,0.0,0.0,0.0,0.0
1788520699661.0,12360,9.8,0.0,0,0,0,0.0,0.0,0.0,0.0,0.0
1788520699753.0,12365,9.8,0.0,0,0,0,0.0,0.0,0.0,0.0,0.0
1788520699845.0,12370,9.8,0.0,0,0,0,0.0,0.0,0.0,0.0,0.0
1788520699943.0,12375,9.8,0.0,0,0,0,0.0,0.0,0.0,0.0,0.0
1788520700033.0,12380,9.8,0.0,0,0,0,0.0,0.0,0.0,0.0,0.0
1788520700126.0,12385,9.8,0.0,0,0,0,0.0,0.0,0.0,0.0,0.0
1788520700220.0,12390,9.8,0.0,0,0,0,0.0,0.0,0.0,0.0,0.0
1788520700314.0,12395,9.8,0.0,0,0,0,0.0,0.0,0.0,0.0,0.0
1788520700417.0,12400,9.8,0.0,0,0,0,0.0,0.0,0.0,0.0,0.0
1788520700502.0,12405,9.8,0.0,0,0,0,0.0,0.0,0.0,0.0,0.0
1788520700596.0,12410,9.8,0.0,0,0,0,0.0,0.0,0.0,0.0,0.0
1788520700689.0,12415,9.8,0.0,0,0,0,0.0,0.0,0.0,0.0,0.0
1788520700782.0,12420,9.8,0.0,0,0,0,0.0,0.0,0.0,0.0,0.0
1788520700880.0,12425,9.8,0.0,0,0,0,0.0,0.0,0.0,0.0,0.0
1788520700972.0,12430,9.8,0.0,0,0,0,0.0,0.0,0.0,0.0,0.0
1788520701063.0,12435,9.8,0.0,0,0,0,0.0,0.0,0.0,0.0,0.0
1788520701162.0,12440,9.8,0.0,0,0,0,0.0,0.0,0.0,0.0,0.0
1788520701251.0,12445,9.8,0.0,0,0,0,0.0,0.0,0.0,0.0,0.0
1788520701345.0,12450,9.8,0.0,0,0,0,0.0,0.0,0.0,0.0,0.0
1788520701438.0,12455,9.8,0.0,0,0,0,0.0,0.0,0.0,0.0,0.0
1788520701532.0,12460,9.8,0.0,0,0,0,0.0,0.0,0.0,0.0,0.0
1788520701627.0,12465,9.8,0.0,0,0,0,0.0,0.0,0.0,0.0,0.0
1788520701719.0,12470,9.8,0.0,0,0,0,0.0,0.0,0.0,0.0,0.0
1788520701814.0,12475,9.8,0.0,0,0,0,0.0,0.0,0.0,0.0,0.0
1788520701912.0,12480,9.8,0.0,0,0,0,0.0,0.0,0.0,0.0,0.0
1788520702000.0,12485,9.8,0.0,0,0,0,0.0,0.0,0.0,0.0,0.0
1788520702093.0,12490,9.8,0.0,0,0,0,0.0,0.0,0.0,0.0,0.0
1788520702188.0,12495,9.8,0.0,0,0,0,0.0,0.0,0.0,0.0,0.0
1788520702281.0,12500,9.8,0.0,0,0,0,0.0,0.0,0.0,0.0,0.0
1788520702378.0,12505,9.8,0.0,0,0,0,0.0,0.0,0.0,0.0,0.0
1788520702469.0,12510,9.8,0.0,0,0,0,0.0,0.0,0.0,0.0,0.0
1788520702562.0,12515,9.8,0.0,0,0,0,0.0,0.0,0.0,0.0,0.0
1788520702657.0,12520,9.8,0.0,0,0,0,0.0,0.0,0.0,0.0,0.0
1788520702749.0,12525,9.8,0.0,0,0,0,0.0,0.0,0.0,0.0,0.0
1788520702846.0,12530,9.8,0.0,0,0,0,0.0,0.0,0.0,0.0,0.0
1788520702937.0,12535,9.8,0.0,0,0,0,0.0,0.0,0.0,0.0,0.0
1788520703031.0,12540,9.8,0.0,0,0,0,0.0,0.0,0.0,0.0,0.0
1788520703130.0,12545,9.8,0.0,0,0,0,0.0,0.0,0.0,0.0,0.0
1788520703218.0,12550,9.8,0.0,0,0,0,0.0,0.0,0.0,0.0,0.0
1788520703317.0,12555,9.8,0.0,0,0,0,0.0,0.0,0.0,0.0,0.0
1788520703405.0,12560,9.8,0.0,0,0,0,0.0,0.0,0.0,0.0,0.0
1788520703499.0,12565,9.8,0.0,0,0,0,0.0,0.0,0.0,0.0,0.0
1788520703593.0,12570,9.8,0.0,0,0,0,0.0,0.0,0.0,0.0,0.0
1788520703687.0,12575,9.8,0.0,0,0,0,0.0,0.0,0.0,0.0,0.0
1788520703780.0,12580,9.8,0.0,0,0,0,0.0,0.0,0.0,0.0,0.0
1788520703874.0,12585,9.8,0.0,0,0,0,0.0,0.0,0.0,0.0,0.0
1788520703968.0,12590,9.8,0.0,0,0,0,0.0,0.0,0.0,0.0,0.0
1788520704062.0,12595,9.8,0.0,0,0,0,0.0,0.0,0.0,0.0,0.0
1788520704154.0,12600,9.8,0.0,0,0,0,0.0,0.0,0.0,0.0,0.0
1788520704247.0,12605,9.8,0.0,0,0,0,0.0,0.0,0.0,0.0,0.0
1788520704341.0,12610,9.8,0.0,0,0,0,0.0,0.0,0.0,0.0,0.0
1788520704435.0,12615,9.8,0.0,0,0,0,0.0,0.0,0.0,0.0,0.0
1788520704529.0,12620,9.8,0.0,0,0,0,0.0,0.0,0.0,0.0,0.0
1788520704624.0,12625,9.8,0.0,0,0,0,0.0,0.0,0.0,0.0,0.0
1788520704716.0,12630,9.8,0.0,0,0,0,0.0,0.0,0.0,0.0,0.0
1788520704810.0,12635,9.8,0.0,0,0,0,0.0,0.0,0.0,0.0,0.0
1788520704904.0,12640,9.8,0.0,0,0,0,0.0,0.0,0.0,0.0,0.0
1788520704998.0,12645,9.8,0.0,0,0,0,0.0,0.0,0.0,0.0,0.0
1788520705093.0,12650,9.8,0.0,0,0,0,0.0,0.0,0.0,0.0,0.0
1788520705184.0,12655,9.8,0.0,0,0,0,0.0,0.0,0.0,0.0,0.0
1788520705278.0,12660,9.8,0.0,0,0,0,0.0,0.0,0.0,0.0,0.0
1788520705380.0,12665,9.8,0.0,0,0,0,0.0,0.0,0.0,0.0,0.0
1788520705467.0,12670,9.8,0.0,0,0,0,0.0,0.0,0.0,0.0,0.0
1788520705564.0,12675,9.8,0.0,0,0,0,0.0,0.0,0.0,0.0,0.0
1788520705658.0,12680,9.8,0.0,0,0,0,0.0,0.0,0.0,0.0,0.0
1788520705747.0,12685,9.8,0.0,0,0,0,0.0,0.0,0.0,0.0,0.0
1788520705848.0,12690,9.8,0.0,0,0,0,0.0,0.0,0.0,0.0,0.0
1788520705935.0,12695,9.8,0.0,0,0,0,0.0,0.0,0.0,0.0,0.0
1788520706029.0,12700,9.8,0.0,0,0,0,0.0,0.0,0.0,0.0,0.0
1788520706121.0,12705,9.8,0.0,0,0,0,0.0,0.0,0.0,0.0,0.0
1788520706215.0,12710,9.8,0.0,0,0,0,0.0,0.0,0.0,0.0,0.0
1788520706313.0,12715,9.8,0.0,0,0,0,0.0,0.0,0.0,0.0,0.0
1788520706402.0,12720,9.8,0.0,0,0,0,0.0,0.0,0.0,0.0,0.0
1788520706496.0,12725,9.8,0.0,0,0,0,0.0,0.0,0.0,0.0,0.0
1788520706593.0,12730,9.8,0.0,0,0,0,0.0,0.0,0.0,0.0,0.0
1788520706684.0,12735,9.8,0.0,0,0,0,0.0,0.0,0.0,0.0,0.0
1788520706777.0,12740,9.8,0.0,0,0,0,0.0,0.0,0.0,0.0,0.0
1788520706871.0,12745,9.8,0.0,0,0,0,0.0,0.0,0.0,0.0,0.0
1788520706964.0,12750,9.8,0.0,0,0,0,0.0,0.0,0.0,0.0,0.0
1788520707058.0,12755,9.8,0.0,0,0,0,0.0,0.0,0.0,0.0,0.0
1788520707151.0,12760,9.8,0.0,0,0,0,0.0,0.0,0.0,0.0,0.0
1788520707245.0,12765,9.8,0.0,0,0,0,0.0,0.0,0.0,0.0,0.0
1788520707338.0,12770,9.8,0.0,0,0,0,0.0,0.0,0.0,0.0,0.0
1788520707433.0,12775,9.8,0.0,0,0,0,0.0,0.0,0.0,0.0,0.0
1788520707530.0,12780,9.8,0.0,0,0,0,0.0,0.0,0.0,0.0,0.0
1788520707620.0,12785,9.8,0.0,0,0,0,0.0,0.0,0.0,0.0,0.0
1788520707713.0,12790,9.8,0.0,0,0,0,0.0,0.0,0.0,0.0,0.0
1788520707807.0,12795,9.8,0.0,0,0,0,0.0,0.0,0.0,0.0,0.0
1788520707901.0,12800,9.8,0.0,0,0,0,0.0,0.0,0.0,0.0,0.0
1788520707995.0,12805,9.8,0.0,0,0,0,0.0,0.0,0.0,0.0,0.0
1788520708088.0,12810,9.8,0.0,0,0,0,0.0,0.0,0.0,0.0,0.0
1788520708181.0,12815,9.8,0.0,0,0,0,0.0,0.0,0.0,0.0,0.0
1788520708277.0,12820,9.8,0.0,0,0,0,0.0,0.0,0.0,0.0,0.0
1788520708369.0,12825,9.8,0.0,0,0,0,0.0,0.0,0.0,0.0,0.0
1788520708462.0,12830,9.8,0.0,0,0,0,0.0,0.0,0.0,0.0,0.0
1788520708559.0,12835,9.8,0.0,0,0,0,0.0,0.0,0.0,0.0,0.0
1788520708650.0,12840,9.8,0.0,0,0,0,0.0,0.0,0.0,0.0,0.0
1788520708744.0,12845,9.8,0.0,0,0,0,0.0,0.0,0.0,0.0,0.0
1788520708837.0,12850,9.8,0.0,0,0,0,0.0,0.0,0.0,0.0,0.0
1788520708931.0,12855,9.8,0.0,0,0,0,0.0,0.0,0.0,0.0,0.0
1788520709028.0,12860,9.8,0.0,0,0,0,0.0,0.0,0.0,0.0,0.0
1788520709118.0,12865,9.8,0.0,0,0,0,0.0,0.0,0.0,0.0,0.0
1788520709212.0,12870,9.8,0.0,0,0,0,0.0,0.0,0.0,0.0,0.0
1788520709305.0,12875,9.8,0.0,0,0,0,0.0,0.0,0.0,0.0,0.0
1788520709399.0,12880,9.8,0.0,0,0,0,0.0,0.0,0.0,0.0,0.0
1788520709493.0,12885,9.8,0.0,0,0,0,0.0,0.0,0.0,0.0,0.0
1788520709587.0,12890,9.8,0.0,0,0,0,0.0,0.0,0.0,0.0,0.0
1788520709680.0,12895,9.8,0.0,0,0,0,0.0,0.0,0.0,0.0,0.0
1788520709773.0,12900,9.8,0.0,0,0,0,0.0,0.0,0.0,0.0,0.0
1788520709867.0,12905,9.8,0.0,0,0,0,0.0,0.0,0.0,0.0,0.0
1788520709961.0,12910,9.8,0.0,0,0,0,0.0,0.0,0.0,0.0,0.0
1788520710055.0,12915,9.8,0.0,0,0,0,0.0,0.0,0.0,0.0,0.0
1788520710148.0,12920,9.8,0.0,0,0,0,0.0,0.0,0.0,0.0,0.0
1788520710245.0,12925,9.8,0.0,0,0,0,0.0,0.0,0.0,0.0,0.0
1788520710337.0,12930,9.8,0.0,0,0,0,0.0,0.0,0.0,0.0,0.0
1788520710429.0,12935,9.8,0.0,0,0,0,0.0,0.0,0.0,0.0,0.0
1788520710523.0,12940,9.8,0.0,0,0,0,0.0,0.0,0.0,0.0,0.0
1788520710616.0,12945,9.8,0.0,0,0,0,0.0,0.0,0.0,0.0,0.0
1788520710712.0,12950,9.8,0.0,0,0,0,0.0,0.0,0.0,0.0,0.0
1788520710804.0,12955,9.8,0.0,0,0,0,0.0,0.0,0.0,0.0,0.0
1788520710897.0,12960,9.8,0.0,0,0,0,0.0,0.0,0.0,0.0,0.0
1788520710997.0,12965,9.8,0.0,0,0,0,0.0,0.0,0.0,0.0,0.0
1788520711085.0,12970,9.8,0.0,0,0,0,0.0,0.0,0.0,0.0,0.0
1788520711179.0,12975,9.8,0.0,0,0,0,0.0,0.0,0.0,0.0,0.0
1788520711272.0,12980,9.8,0.0,0,0,0,0.0,0.0,0.0,0.0,0.0
1788520711366.0,12985,9.8,0.0,0,0,0,0.0,0.0,0.0,0.0,0.0
1788520711462.0,12990,9.8,0.0,0,0,0,0.0,0.0,0.0,0.0,0.0
1788520711553.0,12995,9.8,0.0,0,0,0,0.0,0.0,0.0,0.0,0.0
1788520711647.0,13000,9.8,0.0,0,0,0,0.0,0.0,0.0,0.0,0.0
1788520711740.0,13005,9.8,0.0,0,0,0,0.0,0.0,0.0,0.0,0.0
1788520711834.0,13010,9.8,0.0,0,0,0,0.0,0.0,0.0,0.0,0.0
1788520711929.0,13015,9.8,0.0,0,0,0,0.0,0.0,0.0,0.0,0.0
1788520712021.0,13020,9.8,0.0,0,0,0,0.0,0.0,0.0,0.0,0.0
1788520712115.0,13025,9.8,0.0,0,0,0,0.0,0.0,0.0,0.0,0.0
1788520712209.0,13030,9.8,0.0,0,0,0,0.0,0.0,0.0,0.0,0.0
1788520712302.0,13035,9.8,0.0,0,0,0,0.0,0.0,0.0,0.0,0.0
1788520712397.0,13040,9.8,0.0,0,0,0,0.0,0.0,0.0,0.0,0.0
1788520712490.0,13045,9.8,0.0,0,0,0,0.0,0.0,0.0,0.0,0.0
1788520712583.0,13050,9.8,0.0,0,0,0,0.0,0.0,0.0,0.0,0.0
1788520712677.0,13055,9.8,0.0,0,0,0,0.0,0.0,0.0,0.0,0.0
1788520712770.0,13060,9.8,0.0,0,0,0,0.0,0.0,0.0,0.0,0.0
1788520712864.0,13065,9.8,0.0,0,0,0,0.0,0.0,0.0,0.0,0.0
1788520712961.0,13070,9.8,0.0,0,0,0,0.0,0.0,0.0,0.0,0.0
1788520713052.0,13075,9.8,0.0,0,0,0,0.0,0.0,0.0,0.0,0.0
1788520713149.0,13080,9.8,0.0,0,0,0,0.0,0.0,0.0,0.0,0.0
1788520713244.0,13085,9.8,0.0,0,0,0,0.0,0.0,0.0,0.0,0.0
1788520713333.0,13090,9.8,0.0,0,0,0,0.0,0.0,0.0,0.0,0.0
1788520713427.0,13095,9.8,0.0,0,0,0,0.0,0.0,0.0,0.0,0.0
1788520713520.0,13100,9.8,0.0,0,0,0,0.0,0.0,0.0,0.0,0.0
1788520713613.0,13105,9.8,0.0,0,0,0,0.0,0.0,0.0,0.0,0.0
1788520713708.0,13110,9.8,0.0,0,0,0,0.0,0.0,0.0,0.0,0.0
1788520713801.0,13115,9.8,0.0,0,0,0,0.0,0.0,0.0,0.0,0.0
1788520713895.0,13120,9.8,0.0,0,0,0,0.0,0.0,0.0,0.0,0.0
1788520713991.0,13125,9.8,0.0,0,0,0,0.0,0.0,0.0,0.0,0.0
1788520714082.0,13130,9.8,0.0,0,0,0,0.0,0.0,0.0,0.0,0.0
1788520714178.0,13135,9.8,0.0,0,0,0,0.0,0.0,0.0,0.0,0.0
1788520714269.0,13140,9.8,0.0,0,0,0,0.0,0.0,0.0,0.0,0.0
1788520714363.0,13145,9.8,0.0,0,0,0,0.0,0.0,0.0,0.0,0.0
1788520714462.0,13150,9.8,0.0,0,0,0,0.0,0.0,0.0,0.0,0.0
1788520714550.0,13155,9.8,0.0,0,0,0,0.0,0.0,0.0,0.0,0.0
1788520714644.0,13160,9.8,0.0,0,0,0,0.0,0.0,0.0,0.0,0.0
1788520714737.0,13165,9.8,0.0,0,0,0,0.0,0.0,0.0,0.0,0.0
1788520714831.0,13170,9.8,0.0,0,0,0,0.0,0.0,0.0,0.0,0.0
1788520714927.0,13175,9.8,0.0,0,0,0,0.0,0.0,0.0,0.0,0.0
1788520715018.0,13180,9.8,0.0,0,0,0,0.0,0.0,0.0,0.0,0.0
1788520715112.0,13185,9.8,0.0,0,0,0,0.0,0.0,0.0,0.0,0.0
1788520715206.0,13190,9.8,0.0,0,0,0,0.0,0.0,0.0,0.0,0.0
1788520715299.0,13195,9.8,0.0,0,0,0,0.0,0.0,0.0,0.0,0.0
1788520715397.0,13200,9.8,0.0,0,0,0,0.0,0.0,0.0,0.0,0.0
1788520715487.0,13205,9.8,0.0,0,0,0,0.0,0.0,0.0,0.0,0.0
1788520715580.0,13210,9.8,0.0,0,0,0,0.0,0.0,0.0,0.0,0.0
1788520715679.0,13215,9.8,0.0,0,0,0,0.0,0.0,0.0,0.0,0.0
1788520715767.0,13220,9.8,0.0,0,0,0,0.0,0.0,0.0,0.0,0.0
1788520715861.0,13225,9.8,0.0,0,0,0,0.0,0.0,0.0,0.0,0.0
1788520715955.0,13230,9.8,0.0,0,0,0,0.0,0.0,0.0,0.0,0.0
1788520716049.0,13235,9.8,0.0,0,0,0,0.0,0.0,0.0,0.0,0.0
1788520716143.0,13240,9.8,0.0,0,0,0,0.0,0.0,0.0,0.0,0.0
1788520716236.0,13245,9.8,0.0,0,0,0,0.0,0.0,0.0,0.0,0.0
1788520716330.0,13250,9.8,0.0,0,0,0,0.0,0.0,0.0,0.0,0.0
1788520716424.0,13255,9.8,0.0,0,0,0,0.0,0.0,0.0,0.0,0.0
1788520716517.0,13260,9.8,0.0,0,0,0,0.0,0.0,0.0,0.0,0.0
1788520716610.0,13265,9.8,0.0,0,0,0,0.0,0.0,0.0,0.0,0.0
1788520716705.0,13270,9.8,0.0,0,0,0,0.0,0.0,0.0,0.0,0.0
1788520716797.0,13275,9.8,0.0,0,0,0,0.0,0.0,0.0,0.0,0.0
1788520716898.0,13280,9.8,0.0,0,0,0,0.0,0.0,0.0,0.0,0.0
1788520716985.0,13285,9.8,0.0,0,0,0,0.0,0.0,0.0,0.0,0.0
1788520717079.0,13290,9.8,0.0,0,0,0,0.0,0.0,0.0,0.0,0.0
1788520717173.0,13295,9.8,0.0,0,0,0,0.0,0.0,0.0,0.0,0.0
1788520717270.0,13300,9.8,0.0,0,0,0,0.0,0.0,0.0,0.0,0.0
1788520717359.0,13305,9.8,0.0,0,0,0,0.0,0.0,0.0,0.0,0.0
1788520717453.0,13310,9.8,0.0,0,0,0,0.0,0.0,0.0,0.0,0.0
1788520717547.0,13315,9.8,0.0,0,0,0,0.0,0.0,0.0,0.0,0.0
1788520717641.0,13320,9.8,0.0,0,0,0,0.0,0.0,0.0,0.0,0.0
1788520717735.0,13325,9.8,0.0,0,0,0,0.0,0.0,0.0,0.0,0.0
1788520717828.0,13330,9.8,0.0,0,0,0,0.0,0.0,0.0,0.0,0.0
1788520717922.0,13335,9.8,0.0,0,0,0,0.0,0.0,0.0,0.0,0.0
1788520718015.0,13340,9.8,0.0,0,0,0,0.0,0.0,0.0,0.0,0.0
1788520718114.0,13345,9.8,0.0,0,0,0,0.0,0.0,0.0,0.0,0.0
1788520718203.0,13350,9.8,0.0,0,0,0,0.0,0.0,0.0,0.0,0.0
1788520718296.0,13355,9.8,0.0,0,0,0,0.0,0.0,0.0,0.0,0.0
1788520718396.0,13360,9.8,0.0,0,0,0,0.0,0.0,0.0,0.0,0.0
1788520718484.0,13365,9.8,0.0,0,0,0,0.0,0.0,0.0,0.0,0.0
1788520718577.0,13370,9.8,0.0,0,0,0,0.0,0.0,0.0,0.0,0.0
1788520718671.0,13375,9.8,0.0,0,0,0,0.0,0.0,0.0,0.0,0.0
1788520718764.0,13380,9.8,0.0,0,0,0,0.0,0.0,0.0,0.0,0.0
1788520718859.0,13385,9.8,0.0,0,0,0,0.0,0.0,0.0,0.0,0.0
1788520718952.0,13390,9.8,0.0,0,0,0,0.0,0.0,0.0,0.0,0.0
1788520719046.0,13395,9.8,0.0,0,0,0,0.0,0.0,0.0,0.0,0.0
1788520719140.0,13400,9.8,0.0,0,0,0,0.0,0.0,0.0,0.0,0.0
1788520719233.0,13405,9.8,0.0,0,0,0,0.0,0.0,0.0,0.0,0.0
1788520719329.0,13410,9.8,0.0,0,0,0,0.0,0.0,0.0,0.0,0.0
1788520719421.0,13415,9.8,0.0,0,0,0,0.0,0.0,0.0,0.0,0.0
1788520719514.0,13420,9.8,0.0,0,0,0,0.0,0.0,0.0,0.0,0.0
1788520719611.0,13425,9.8,0.0,0,0,0,0.0,0.0,0.0,0.0,0.0
1788520719701.0,13430,9.8,0.0,0,0,0,0.0,0.0,0.0,0.0,0.0
1788520719795.0,13435,9.8,0.0,0,0,0,0.0,0.0,0.0,0.0,0.0
1788520719889.0,13440,9.8,0.0,0,0,0,0.0,0.0,0.0,0.0,0.0
1788520719982.0,13445,9.8,0.0,0,0,0,0.0,0.0,0.0,0.0,0.0
1788520720077.0,13450,9.8,0.0,0,0,0,0.0,0.0,0.0,0.0,0.0
1788520720169.0,13455,9.8,0.0,0,0,0,0.0,0.0,0.0,0.0,0.0
1788520720264.0,13460,9.8,0.0,0,0,0,0.0,0.0,0.0,0.0,0.0
1788520720357.0,13465,9.8,0.0,0,0,0,0.0,0.0,0.0,0.0,0.0
1788520720451.0,13470,9.8,0.0,0,0,0,0.0,0.0,0.0,0.0,0.0
1788520720544.0,13475,9.8,0.0,0,0,0,0.0,0.0,0.0,0.0,0.0
1788520720637.0,13480,9.8,0.0,0,0,0,0.0,0.0,0.0,0.0,0.0
1788520720732.0,13485,9.8,0.0,0,0,0,0.0,0.0,0.0,0.0,0.0
1788520720830.0,13490,9.8,0.0,0,0,0,0.0,0.0,0.0,0.0,0.0
1788520720918.0,13495,9.8,0.0,0,0,0,0.0,0.0,0.0,0.0,0.0
1788520721012.0,13500,9.8,0.0,0,0,0,0.0,0.0,0.0,0.0,0.0
1788520721112.0,13505,9.8,0.0,0,0,0,0.0,0.0,0.0,0.0,0.0
1788520721202.0,13510,9.8,0.0,0,0,0,0.0,0.0,0.0,0.0,0.0
1788520721295.0,13515,9.8,0.0,0,0,0,0.0,0.0,0.0,0.0,0.0
1788520721387.0,13520,9.8,0.0,0,0,0,0.0,0.0,0.0,0.0,0.0
1788520721481.0,13525,9.8,0.0,0,0,0,0.0,0.0,0.0,0.0,0.0
1788520721577.0,13530,9.8,0.0,0,0,0,0.0,0.0,0.0,0.0,0.0
1788520721668.0,13535,9.8,0.0,0,0,0,0.0,0.0,0.0,0.0,0.0
1788520721763.0,13540,9.8,0.0,0,0,0,0.0,0.0,0.0,0.0,0.0
1788520721856.0,13545,9.8,0.0,0,0,0,0.0,0.0,0.0,0.0,0.0
1788520721949.0,13550,9.8,0.0,0,0,0,0.0,0.0,0.0,0.0,0.0
1788520722044.0,13555,9.8,0.0,0,0,0,0.0,0.0,0.0,0.0,0.0
1788520722136.0,13560,9.8,0.0,0,0,0,0.0,0.0,0.0,0.0,0.0
1788520722233.0,13565,9.8,0.0,0,0,0,0.0,0.0,0.0,0.0,0.0
1788520722329.0,13570,9.8,0.0,0,0,0,0.0,0.0,0.0,0.0,0.0
1788520722418.0,13575,9.8,0.0,0,0,0,0.0,0.0,0.0,0.0,0.0
1788520722511.0,13580,9.8,0.0,0,0,0,0.0,0.0,0.0,0.0,0.0
1788520722605.0,13585,9.8,0.0,0,0,0,0.0,0.0,0.0,0.0,0.0
1788520722698.0,13590,9.8,0.0,0,0,0,0.0,0.0,0.0,0.0,0.0
1788520722792.0,13595,9.8,0.0,0,0,0,0.0,0.0,0.0,0.0,0.0
1788520722887.0,13600,9.8,0.0,0,0,0,0.0,0.0,0.0,0.0,0.0
1788520722980.0,13605,9.8,0.0,0,0,0,0.0,0.0,0.0,0.0,0.0
1788520723073.0,13610,9.8,0.0,0,0,0,0.0,0.0,0.0,0.0,0.0
1788520723167.0,13615,9.8,0.0,0,0,0,0.0,0.0,0.0,0.0,0.0
1788520723261.0,13620,9.8,0.0,0,0,0,0.0,0.0,0.0,0.0,0.0
1788520723354.0,13625,9.8,0.0,0,0,0,0.0,0.0,0.0,0.0,0.0
1788520723448.0,13630,9.8,0.0,0,0,0,0.0,0.0,0.0,0.0,0.0
1788520723544.0,13635,9.8,0.0,0,0,0,0.0,0.0,0.0,0.0,0.0
1788520723637.0,13640,9.8,0.0,0,0,0,0.0,0.0,0.0,0.0,0.0
1788520723730.0,13645,9.8,0.0,0,0,0,0.0,0.0,0.0,0.0,0.0
1788520723823.0,13650,9.8,0.0,0,0,0,0.0,0.0,0.0,0.0,0.0
1788520723916.0,13655,9.8,0.0,0,0,0,0.0,0.0,0.0,0.0,0.0
1788520724016.0,13660,9.8,0.0,0,0,0,0.0,0.0,0.0,0.0,0.0
1788520724104.0,13665,9.8,0.0,0,0,0,0.0,0.0,0.0,0.0,0.0
1788520724197.0,13670,9.8,0.0,0,0,0,0.0,0.0,0.0,0.0,0.0
1788520724291.0,13675,9.8,0.0,0,0,0,0.0,0.0,0.0,0.0,0.0
1788520724384.0,13680,9.8,0.0,0,0,0,0.0,0.0,0.0,0.0,0.0
1788520724478.0,13685,9.8,0.0,0,0,0,0.0,0.0,0.0,0.0,0.0
1788520724571.0,13690,9.8,0.0,0,0,0,0.0,0.0,0.0,0.0,0.0
1788520724666.0,13695,9.8,0.0,0,0,0,0.0,0.0,0.0,0.0,0.0
1788520724762.0,13700,9.8,0.0,0,0,0,0.0,0.0,0.0,0.0,0.0
1788520724852.0,13705,9.8,0.0,0,0,0,0.0,0.0,0.0,0.0,0.0
1788520724946.0,13710,9.8,0.0,0,0,0,0.0,0.0,0.0,0.0,0.0
1788520725044.0,13715,9.8,0.0,0,0,0,0.0,0.0,0.0,0.0,0.0
1788520725133.0,13720,9.8,0.0,0,0,0,0.0,0.0,0.0,0.0,0.0
1788520725227.0,13725,9.8,0.0,0,0,0,0.0,0.0,0.0,0.0,0.0
1788520725322.0,13730,9.8,0.0,0,0,0,0.0,0.0,0.0,0.0,0.0
1788520725414.0,13735,9.8,0.0,0,0,0,0.0,0.0,0.0,0.0,0.0
1788520725513.0,13740,9.8,0.0,0,0,0,0.0,0.0,0.0,0.0,0.0
1788520725602.0,13745,9.8,0.0,0,0,0,0.0,0.0,0.0,0.0,0.0
1788520725696.0,13750,9.8,0.0,0,0,0,0.0,0.0,0.0,0.0,0.0
1788520725790.0,13755,9.8,0.0,0,0,0,0.0,0.0,0.0,0.0,0.0
1788520725883.0,13760,9.8,0.0,0,0,0,0.0,0.0,0.0,0.0,0.0
1788520725979.0,13765,9.8,0.0,0,0,0,0.0,0.0,0.0,0.0,0.0
1788520726072.0,13770,9.8,0.0,0,0,0,0.0,0.0,0.0,0.0,0.0
1788520726163.0,13775,9.8,0.0,0,0,0,0.0,0.0,0.0,0.0,0.0
1788520726265.0,13780,9.8,0.0,0,0,0,0.0,0.0,0.0,0.0,0.0
1788520726351.0,13785,9.8,0.0,0,0,0,0.0,0.0,0.0,0.0,0.0
1788520726445.0,13790,9.8,0.0,0,0,0,0.0,0.0,0.0,0.0,0.0
1788520726539.0,13795,9.8,0.0,0,0,0,0.0,0.0,0.0,0.0,0.0
1788520726633.0,13800,9.8,0.0,0,0,0,0.0,0.0,0.0,0.0,0.0
1788520726726.0,13805,9.8,0.0,0,0,0,0.0,0.0,0.0,0.0,0.0
1788520726820.0,13810,9.8,0.0,0,0,0,0.0,0.0,0.0,0.0,0.0
1788520726913.0,13815,9.8,0.0,0,0,0,0.0,0.0,0.0,0.0,0.0
1788520727007.0,13820,9.8,0.0,0,0,0,0.0,0.0,0.0,0.0,0.0
1788520727101.0,13825,9.8,0.0,0,0,0,0.0,0.0,0.0,0.0,0.0
1788520727195.0,13830,9.8,0.0,0,0,0,0.0,0.0,0.0,0.0,0.0
1788520727288.0,13835,9.8,0.0,0,0,0,0.0,0.0,0.0,0.0,0.0
1788520727382.0,13840,9.8,0.0,0,0,0,0.0,0.0,0.0,0.0,0.0
1788520727479.0,13845,9.8,0.0,0,0,0,0.0,0.0,0.0,0.0,0.0
1788520727569.0,13850,9.8,0.0,0,0,0,0.0,0.0,0.0,0.0,0.0
1788520727663.0,13855,9.8,0.0,0,0,0,0.0,0.0,0.0,0.0,0.0
1788520727757.0,13860,9.8,0.0,0,0,0,0.0,0.0,0.0,0.0,0.0
1788520727850.0,13865,9.8,0.0,0,0,0,0.0,0.0,0.0,0.0,0.0
1788520727945.0,13870,9.8,0.0,0,0,0,0.0,0.0,0.0,0.0,0.0
1788520728037.0,13875,9.8,0.0,0,0,0,0.0,0.0,0.0,0.0,0.0
1788520728131.0,13880,9.8,0.0,0,0,0,0.0,0.0,0.0,0.0,0.0
1788520728224.0,13885,9.8,0.0,0,0,0,0.0,0.0,0.0,0.0,0.0
1788520728318.0,13890,9.8,0.0,0,0,0,0.0,0.0,0.0,0.0,0.0
1788520728412.0,13895,9.8,0.0,0,0,0,0.0,0.0,0.0,0.0,0.0
1788520728512.0,13900,9.8,0.0,0,0,0,0.0,0.0,0.0,0.0,0.0
1788520728599.0,13905,9.8,0.0,0,0,0,0.0,0.0,0.0,0.0,0.0
1788520728695.0,13910,9.8,0.0,0,0,0,0.0,0.0,0.0,0.0,0.0
1788520728787.0,13915,9.8,0.0,0,0,0,0.0,0.0,0.0,0.0,0.0
1788520728879.0,13920,9.8,0.0,0,0,0,0.0,0.0,0.0,0.0,0.0
1788520728974.0,13925,9.8,0.0,0,0,0,0.0,0.0,0.0,0.0,0.0
1788520729067.0,13930,9.8,0.0,0,0,0,0.0,0.0,0.0,0.0,0.0
1788520729160.0,13935,9.8,0.0,0,0,0,0.0,0.0,0.0,0.0,0.0
1788520729254.0,13940,9.8,0.0,0,0,0,0.0,0.0,0.0,0.0,0.0
1788520729348.0,13945,9.8,0.0,0,0,0,0.0,0.0,0.0,0.0,0.0
1788520729445.0,13950,9.8,0.0,0,0,0,0.0,0.0,0.0,0.0,0.0
1788520729535.0,13955,9.8,0.0,0,0,0,0.0,0.0,0.0,0.0,0.0
1788520729629.0,13960,9.8,0.0,0,0,0,0.0,0.0,0.0,0.0,0.0
1788520729727.0,13965,9.8,0.0,0,0,0,0.0,0.0,0.0,0.0,0.0
1788520729816.0,13970,9.8,0.0,0,0,0,0.0,0.0,0.0,0.0,0.0
1788520729911.0,13975,9.8,0.0,0,0,0,0.0,0.0,0.0,0.0,0.0
1788520730004.0,13980,9.8,0.0,0,0,0,0.0,0.0,0.0,0.0,0.0
1788520730097.0,13985,9.8,0.0,0,0,0,0.0,0.0,0.0,0.0,0.0
1788520730192.0,13990,9.8,0.0,0,0,0,0.0,0.0,0.0,0.0,0.0
1788520730285.0,13995,9.8,0.0,0,0,0,0.0,0.0,0.0,0.0,0.0
1788520730378.0,14000,9.8,0.0,0,0,0,0.0,0.0,0.0,0.0,0.0
1788520730473.0,14005,9.8,0.0,0,0,0,0.0,0.0,0.0,0.0,0.0
1788520730565.0,14010,9.8,0.0,0,0,0,0.0,0.0,0.0,0.0,0.0
1788520730664.0,14015,9.8,0.0,0,0,0,0.0,0.0,0.0,0.0,0.0
1788520730753.0,14020,9.8,0.0,0,0,0,0.0,0.0,0.0,0.0,0.0
1788520730847.0,14025,9.8,0.0,0,0,0,0.0,0.0,0.0,0.0,0.0
1788520730940.0,14030,9.8,0.0,0,0,0,0.0,0.0,0.0,0.0,0.0
1788520731034.0,14035,9.8,0.0,0,0,0,0.0,0.0,0.0,0.0,0.0
1788520731129.0,14040,9.8,0.0,0,0,0,0.0,0.0,0.0,0.0,0.0
1788520731221.0,14045,9.8,0.0,0,0,0,0.0,0.0,0.0,0.0,0.0
1788520731315.0,14050,9.8,0.0,0,0,0,0.0,0.0,0.0,0.0,0.0
1788520731411.0,14055,9.8,0.0,0,0,0,0.0,0.0,0.0,0.0,0.0
1788520731502.0,14060,9.8,0.0,0,0,0,0.0,0.0,0.0,0.0,0.0
1788520731597.0,14065,9.8,0.0,0,0,0,0.0,0.0,0.0,0.0,0.0
1788520731691.0,14070,9.8,0.0,0,0,0,0.0,0.0,0.0,0.0,0.0
1788520731783.0,14075,9.8,0.0,0,0,0,0.0,0.0,0.0,0.0,0.0
1788520731879.0,14080,9.8,0.0,0,0,0,0.0,0.0,0.0,0.0,0.0
1788520731971.0,14085,9.8,0.0,0,0,0,0.0,0.0,0.0,0.0,0.0
1788520732064.0,14090,9.8,0.0,0,0,0,0.0,0.0,0.0,0.0,0.0
1788520732160.0,14095,9.8,0.0,0,0,0,0.0,0.0,0.0,0.0,0.0
1788520732252.0,14100,9.8,0.0,0,0,0,0.0,0.0,0.0,0.0,0.0
1788520732345.0,14105,9.8,0.0,0,0,0,0.0,0.0,0.0,0.0,0.0
1788520732438.0,14110,9.8,0.0,0,0,0,0.0,0.0,0.0,0.0,0.0
1788520732532.0,14115,9.8,0.0,0,0,0,0.0,0.0,0.0,0.0,0.0
1788520732626.0,14120,9.8,0.0,0,0,0,0.0,0.0,0.0,0.0,0.0
1788520732720.0,14125,9.8,0.0,0,0,0,0.0,0.0,0.0,0.0,0.0
1788520732813.0,14130,9.8,0.0,0,0,0,0.0,0.0,0.0,0.0,0.0
1788520732911.0,14135,9.8,0.0,0,0,0,0.0,0.0,0.0,0.0,0.0
1788520733001.0,14140,9.8,0.0,0,0,0,0.0,0.0,0.0,0.0,0.0
1788520733095.0,14145,9.8,0.0,0,0,0,0.0,0.0,0.0,0.0,0.0
1788520733188.0,14150,9.8,0.0,0,0,0,0.0,0.0,0.0,0.0,0.0
1788520733282.0,14155,9.8,0.0,0,0,0,0.0,0.0,0.0,0.0,0.0
1788520733375.0,14160,9.8,0.0,0,0,0,0.0,0.0,0.0,0.0,0.0
1788520733469.0,14165,9.8,0.0,0,0,0,0.0,0.0,0.0,0.0,0.0
1788520733563.0,14170,9.8,0.0,0,0,0,0.0,0.0,0.0,0.0,0.0
1788520733662.0,14175,9.8,0.0,0,0,0,0.0,0.0,0.0,0.0,0.0
1788520733749.0,14180,9.8,0.0,0,0,0,0.0,0.0,0.0,0.0,0.0
1788520733844.0,14185,9.8,0.0,0,0,0,0.0,0.0,0.0,0.0,0.0
1788520733938.0,14190,9.8,0.0,0,0,0,0.0,0.0,0.0,0.0,0.0
1788520734031.0,14195,9.8,0.0,0,0,0,0.0,0.0,0.0,0.0,0.0
1788520734126.0,14200,9.8,0.0,0,0,0,0.0,0.0,0.0,0.0,0.0
1788520734218.0,14205,9.8,0.0,0,0,0,0.0,0.0,0.0,0.0,0.0
1788520734312.0,14210,9.8,0.0,0,0,0,0.0,0.0,0.0,0.0,0.0
1788520734405.0,14215,9.8,0.0,0,0,0,0.0,0.0,0.0,0.0,0.0
1788520734499.0,14220,9.8,0.0,0,0,0,0.0,0.0,0.0,0.0,0.0
1788520734595.0,14225,9.8,0.0,0,0,0,0.0,0.0,0.0,0.0,0.0
1788520734687.0,14230,9.8,0.0,0,0,0,0.0,0.0,0.0,0.0,0.0
1788520734781.0,14235,9.8,0.0,0,0,0,0.0,0.0,0.0,0.0,0.0
1788520734873.0,14240,9.8,0.0,0,0,0,0.0,0.0,0.0,0.0,0.0
1788520734968.0,14245,9.8,0.0,0,0,0,0.0,0.0,0.0,0.0,0.0
1788520735061.0,14250,9.8,0.0,0,0,0,0.0,0.0,0.0,0.0,0.0
1788520735155.0,14255,9.8,0.0,0,0,0,0.0,0.0,0.0,0.0,0.0
1788520735249.0,14260,9.8,0.0,0,0,0,0.0,0.0,0.0,0.0,0.0
1788520735345.0,14265,9.8,0.0,0,0,0,0.0,0.0,0.0,0.0,0.0
1788520735435.0,14270,9.8,0.0,0,0,0,0.0,0.0,0.0,0.0,0.0
1788520735529.0,14275,9.8,0.0,0,0,0,0.0,0.0,0.0,0.0,0.0
1788520735623.0,14280,9.8,0.0,0,0,0,0.0,0.0,0.0,0.0,0.0
1788520735717.0,14285,9.8,0.0,0,0,0,0.0,0.0,0.0,0.0,0.0
1788520735810.0,14290,9.8,0.0,0,0,0,0.0,0.0,0.0,0.0,0.0
1788520735904.0,14295,9.8,0.0,0,0,0,0.0,0.0,0.0,0.0,0.0
1788520735997.0,14300,9.8,0.0,0,0,0,0.0,0.0,0.0,0.0,0.0
1788520736092.0,14305,9.8,0.0,0,0,0,0.0,0.0,0.0,0.0,0.0
1788520736185.0,14310,9.8,0.0,0,0,0,0.0,0.0,0.0,0.0,0.0
1788520736278.0,14315,9.8,0.0,0,0,0,0.0,0.0,0.0,0.0,0.0
1788520736373.0,14320,9.8,0.0,0,0,0,0.0,0.0,0.0,0.0,0.0
1788520736466.0,14325,9.8,0.0,0,0,0,0.0,0.0,0.0,0.0,0.0
1788520736563.0,14330,9.8,0.0,0,0,0,0.0,0.0,0.0,0.0,0.0
1788520736653.0,14335,9.8,0.0,0,0,0,0.0,0.0,0.0,0.0,0.0
1788520736747.0,14340,9.8,0.0,0,0,0,0.0,0.0,0.0,0.0,0.0
1788520736845.0,14345,9.8,0.0,0,0,0,0.0,0.0,0.0,0.0,0.0
1788520736934.0,14350,9.8,0.0,0,0,0,0.0,0.0,0.0,0.0,0.0
1788520737028.0,14355,9.8,0.0,0,0,0,0.0,0.0,0.0,0.0,0.0
1788520737125.0,14360,9.8,0.0,0,0,0,0.0,0.0,0.0,0.0,0.0
1788520737215.0,14365,9.8,0.0,0,0,0,0.0,0.0,0.0,0.0,0.0
1788520737312.0,14370,9.8,0.0,0,0,0,0.0,0.0,0.0,0.0,0.0
1788520737402.0,14375,9.8,0.0,0,0,0,0.0,0.0,0.0,0.0,0.0
1788520737496.0,14380,9.8,0.0,0,0,0,0.0,0.0,0.0,0.0,0.0
1788520737596.0,14385,9.8,0.0,0,0,0,0.0,0.0,0.0,0.0,0.0
1788520737683.0,14390,9.8,0.0,0,0,0,0.0,0.0,0.0,0.0,0.0
1788520737778.0,14395,9.8,0.0,0,0,0,0.0,0.0,0.0,0.0,0.0
1788520737872.0,14400,9.8,0.0,0,0,0,0.0,0.0,0.0,0.0,0.0
1788520737965.0,14405,9.8,0.0,0,0,0,0.0,0.0,0.0,0.0,0.0
1788520738061.0,14410,9.8,0.0,0,0,0,0.0,0.0,0.0,0.0,0.0
1788520738152.0,14415,9.8,0.0,0,0,0,0.0,0.0,0.0,0.0,0.0
1788520738245.0,14420,9.8,0.0,0,0,0,0.0,0.0,0.0,0.0,0.0
1788520738339.0,14425,9.8,0.0,0,0,0,0.0,0.0,0.0,0.0,0.0
1788520738432.0,14430,9.8,0.0,0,0,0,0.0,0.0,0.0,0.0,0.0
1788520738529.0,14435,9.8,0.0,0,0,0,0.0,0.0,0.0,0.0,0.0
1788520738619.0,14440,9.8,0.0,0,0,0,0.0,0.0,0.0,0.0,0.0
1788520738714.0,14445,9.8,0.0,0,0,0,0.0,0.0,0.0,0.0,0.0
1788520738807.0,14450,9.8,0.0,0,0,0,0.0,0.0,0.0,0.0,0.0
1788520738901.0,14455,9.8,0.0,0,0,0,0.0,0.0,0.0,0.0,0.0
1788520738994.0,14460,9.8,0.0,0,0,0,0.0,0.0,0.0,0.0,0.0
1788520739088.0,14465,9.8,0.0,0,0,0,0.0,0.0,0.0,0.0,0.0
1788520739181.0,14470,9.8,0.0,0,0,0,0.0,0.0,0.0,0.0,0.0
1788520739280.0,14475,9.8,0.0,0,0,0,0.0,0.0,0.0,0.0,0.0
1788520739369.0,14480,9.8,0.0,0,0,0,0.0,0.0,0.0,0.0,0.0
1788520739462.0,14485,9.8,0.0,0,0,0,0.0,0.0,0.0,0.0,0.0
1788520739556.0,14490,9.8,0.0,0,0,0,0.0,0.0,0.0,0.0,0.0
1788520739650.0,14495,9.8,0.0,0,0,0,0.0,0.0,0.0,0.0,0.0
1788520739743.0,14500,9.8,0.0,0,0,0,0.0,0.0,0.0,0.0,0.0
1788520739838.0,14505,9.8,0.0,0,0,0,0.0,0.0,0.0,0.0,0.0
1788520739931.0,14510,9.8,0.0,0,0,0,0.0,0.0,0.0,0.0,0.0
1788520740024.0,14515,9.8,0.0,0,0,0,0.0,0.0,0.0,0.0,0.0
1788520740118.0,14520,9.8,0.0,0,0,0,0.0,0.0,0.0,0.0,0.0
1788520740211.0,14525,9.8,0.0,0,0,0,0.0,0.0,0.0,0.0,0.0
1788520740306.0,14530,9.8,0.0,0,0,0,0.0,0.0,0.0,0.0,0.0
1788520740399.0,14535,9.8,0.0,0,0,0,0.0,0.0,0.0,0.0,0.0
1788520740495.0,14540,9.8,0.0,0,0,0,0.0,0.0,0.0,0.0,0.0
1788520740586.0,14545,9.8,0.0,0,0,0,0.0,0.0,0.0,0.0,0.0
1788520740679.0,14550,9.8,0.0,0,0,0,0.0,0.0,0.0,0.0,0.0
1788520740773.0,14555,9.8,0.0,0,0,0,0.0,0.0,0.0,0.0,0.0
1788520740867.0,14560,9.8,0.0,0,0,0,0.0,0.0,0.0,0.0,0.0
1788520740961.0,14565,9.8,0.0,0,0,0,0.0,0.0,0.0,0.0,0.0
1788520741054.0,14570,9.8,0.0,0,0,0,0.0,0.0,0.0,0.0,0.0
1788520741148.0,14575,9.8,0.0,0,0,0,0.0,0.0,0.0,0.0,0.0
1788520741245.0,14580,9.8,0.0,0,0,0,0.0,0.0,0.0,0.0,0.0
1788520741335.0,14585,9.8,0.0,0,0,0,0.0,0.0,0.0,0.0,0.0
1788520741428.0,14590,9.8,0.0,0,0,0,0.0,0.0,0.0,0.0,0.0
1788520741522.0,14595,9.8,0.0,0,0,0,0.0,0.0,0.0,0.0,0.0
1788520741616.0,14600,9.8,0.0,0,0,0,0.0,0.0,0.0,0.0,0.0
1788520741710.0,14605,9.8,0.0,0,0,0,0.0,0.0,0.0,0.0,0.0
1788520741803.0,14610,9.8,0.0,0,0,0,0.0,0.0,0.0,0.0,0.0
1788520741897.0,14615,9.8,0.0,0,0,0,0.0,0.0,0.0,0.0,0.0
1788520741996.0,14620,9.8,0.0,0,0,0,0.0,0.0,0.0,0.0,0.0
1788520742087.0,14625,9.8,0.0,0,0,0,0.0,0.0,0.0,0.0,0.0
1788520742178.0,14630,9.8,0.0,0,0,0,0.0,0.0,0.0,0.0,0.0
1788520742272.0,14635,9.8,0.0,0,0,0,0.0,0.0,0.0,0.0,0.0
1788520742365.0,14640,9.8,0.0,0,0,0,0.0,0.0,0.0,0.0,0.0
1788520742463.0,14645,9.8,0.0,0,0,0,0.0,0.0,0.0,0.0,0.0
1788520742553.0,14650,9.8,0.0,0,0,0,0.0,0.0,0.0,0.0,0.0
1788520742646.0,14655,9.8,0.0,0,0,0,0.0,0.0,0.0,0.0,0.0
1788520742740.0,14660,9.8,0.0,0,0,0,0.0,0.0,0.0,0.0,0.0
1788520742834.0,14665,9.8,0.0,0,0,0,0.0,0.0,0.0,0.0,0.0
1788520742928.0,14670,9.8,0.0,0,0,0,0.0,0.0,0.0,0.0,0.0
1788520743021.0,14675,9.8,0.0,0,0,0,0.0,0.0,0.0,0.0,0.0
1788520743114.0,14680,9.8,0.0,0,0,0,0.0,0.0,0.0,0.0,0.0
1788520743213.0,14685,9.8,0.0,0,0,0,0.0,0.0,0.0,0.0,0.0
1788520743302.0,14690,9.8,0.0,0,0,0,0.0,0.0,0.0,0.0,0.0
1788520743396.0,14695,9.8,0.0,0,0,0,0.0,0.0,0.0,0.0,0.0
1788520743489.0,14700,9.8,0.0,0,0,0,0.0,0.0,0.0,0.0,0.0
1788520743583.0,14705,9.8,0.0,0,0,0,0.0,0.0,0.0,0.0,0.0
1788520743676.0,14710,9.8,0.0,0,0,0,0.0,0.0,0.0,0.0,0.0
1788520743770.0,14715,9.8,0.0,0,0,0,0.0,0.0,0.0,0.0,0.0
1788520743864.0,14720,9.8,0.0,0,0,0,0.0,0.0,0.0,0.0,0.0
1788520743959.0,14725,9.8,0.0,0,0,0,0.0,0.0,0.0,0.0,0.0
1788520744051.0,14730,9.8,0.0,0,0,0,0.0,0.0,0.0,0.0,0.0
1788520744149.0,14735,9.8,0.0,0,0,0,0.0,0.0,0.0,0.0,0.0
1788520744238.0,14740,9.8,0.0,0,0,0,0.0,0.0,0.0,0.0,0.0
1788520744331.0,14745,9.8,0.0,0,0,0,0.0,0.0,0.0,0.0,0.0
1788520744429.0,14750,9.8,0.0,0,0,0,0.0,0.0,0.0,0.0,0.0
1788520744519.0,14755,9.8,0.0,0,0,0,0.0,0.0,0.0,0.0,0.0
1788520744614.0,14760,9.8,0.0,0,0,0,0.0,0.0,0.0,0.0,0.0
1788520744707.0,14765,9.8,0.0,0,0,0,0.0,0.0,0.0,0.0,0.0
1788520744800.0,14770,9.8,0.0,0,0,0,0.0,0.0,0.0,0.0,0.0
1788520744894.0,14775,9.8,0.0,0,0,0,0.0,0.0,0.0,0.0,0.0
1788520744993.0,14780,9.8,0.0,0,0,0,0.0,0.0,0.0,0.0,0.0
1788520745082.0,14785,9.8,0.0,0,0,0,0.0,0.0,0.0,0.0,0.0
1788520745175.0,14790,9.8,0.0,0,0,0,0.0,0.0,0.0,0.0,0.0
1788520745268.0,14795,9.8,0.0,0,0,0,0.0,0.0,0.0,0.0,0.0
1788520745361.0,14800,9.8,0.0,0,0,0,0.0,0.0,0.0,0.0,0.0
1788520745456.0,14805,9.8,0.0,0,0,0,0.0,0.0,0.0,0.0,0.0
1788520745549.0,14810,9.8,0.0,0,0,0,0.0,0.0,0.0,0.0,0.0
1788520745644.0,14815,9.8,0.0,0,0,0,0.0,0.0,0.0,0.0,0.0
1788520745736.0,14820,9.8,0.0,0,0,0,0.0,0.0,0.0,0.0,0.0
1788520745831.0,14825,9.8,0.0,0,0,0,0.0,0.0,0.0,0.0,0.0
1788520745931.0,14830,9.8,0.0,0,0,0,0.0,0.0,0.0,0.0,0.0
1788520746018.0,14835,9.8,0.0,0,0,0,0.0,0.0,0.0,0.0,0.0
1788520746112.0,14840,9.8,0.0,0,0,0,0.0,0.0,0.0,0.0,0.0
1788520746205.0,14845,9.8,0.0,0,0,0,0.0,0.0,0.0,0.0,0.0
1788520746298.0,14850,9.8,0.0,0,0,0,0.0,0.0,0.0,0.0,0.0
1788520746392.0,14855,9.8,0.0,0,0,0,0.0,0.0,0.0,0.0,0.0
1788520746487.0,14860,9.8,0.0,0,0,0,0.0,0.0,0.0,0.0,0.0
1788520746580.0,14865,9.8,0.0,0,0,0,0.0,0.0,0.0,0.0,0.0
1788520746673.0,14870,9.8,0.0,0,0,0,0.0,0.0,0.0,0.0,0.0
1788520746767.0,14875,9.8,0.0,0,0,0,0.0,0.0,0.0,0.0,0.0
1788520746861.0,14880,9.8,0.0,0,0,0,0.0,0.0,0.0,0.0,0.0
1788520746954.0,14885,9.8,0.0,0,0,0,0.0,0.0,0.0,0.0,0.0
1788520747047.0,14890,9.8,0.0,0,0,0,0.0,0.0,0.0,0.0,0.0
1788520747142.0,14895,9.8,0.0,0,0,0,0.0,0.0,0.0,0.0,0.0
1788520747235.0,14900,9.8,0.0,0,0,0,0.0,0.0,0.0,0.0,0.0
1788520747329.0,14905,9.8,0.0,0,0,0,0.0,0.0,0.0,0.0,0.0
1788520747423.0,14910,9.8,0.0,0,0,0,0.0,0.0,0.0,0.0,0.0
1788520747516.0,14915,9.8,0.0,0,0,0,0.0,0.0,0.0,0.0,0.0
1788520747612.0,14920,9.8,0.0,0,0,0,0.0,0.0,0.0,0.0,0.0
1788520747704.0,14925,9.8,0.0,0,0,0,0.0,0.0,0.0,0.0,0.0
1788520747796.0,14930,9.8,0.0,0,0,0,0.0,0.0,0.0,0.0,0.0
1788520747893.0,14935,9.8,0.0,0,0,0,0.0,0.0,0.0,0.0,0.0
1788520747984.0,14940,9.8,0.0,0,0,0,0.0,0.0,0.0,0.0,0.0
1788520748078.0,14945,9.8,0.0,0,0,0,0.0,0.0,0.0,0.0,0.0
1788520748171.0,14950,9.8,0.0,0,0,0,0.0,0.0,0.0,0.0,0.0
1788520748264.0,14955,9.8,0.0,0,0,0,0.0,0.0,0.0,0.0,0.0
1788520748360.0,14960,9.8,0.0,0,0,0,0.0,0.0,0.0,0.0,0.0
1788520748452.0,14965,9.8,0.0,0,0,0,0.0,0.0,0.0,0.0,0.0
1788520748548.0,14970,9.8,0.0,0,0,0,0.0,0.0,0.0,0.0,0.0
1788520748647.0,14975,9.8,0.0,0,0,0,0.0,0.0,0.0,0.0,0.0
1788520748733.0,14980,9.8,0.0,0,0,0,0.0,0.0,0.0,0.0,0.0
1788520748831.0,14985,9.8,0.0,0,0,0,0.0,0.0,0.0,0.0,0.0
1788520748920.0,14990,9.8,0.0,0,0,0,0.0,0.0,0.0,0.0,0.0
1788520749015.0,14995,9.8,0.0,0,0,0,0.0,0.0,0.0,0.0,0.0
1788520749108.0,15000,9.8,0.0,0,0,0,0.0,0.0,0.0,0.0,0.0
1788520749201.0,15005,9.8,0.0,0,0,0,0.0,0.0,0.0,0.0,0.0
1788520749295.0,15010,9.8,0.0,0,0,0,0.0,0.0,0.0,0.0,0.0
1788520749388.0,15015,9.8,0.0,0,0,0,0.0,0.0,0.0,0.0,0.0
1788520749483.0,15020,9.8,0.0,0,0,0,0.0,0.0,0.0,0.0,0.0
1788520749576.0,15025,9.8,0.0,0,0,0,0.0,0.0,0.0,0.0,0.0
1788520749670.0,15030,9.8,0.0,0,0,0,0.0,0.0,0.0,0.0,0.0
1788520749763.0,15035,9.8,0.0,0,0,0,0.0,0.0,0.0,0.0,0.0
1788520749859.0,15040,9.8,0.0,0,0,0,0.0,0.0,0.0,0.0,0.0
1788520749951.0,15045,9.8,0.0,0,0,0,0.0,0.0,0.0,0.0,0.0
1788520750045.0,15050,9.8,0.0,0,0,0,0.0,0.0,0.0,0.0,0.0
1788520750137.0,15055,9.8,0.0,0,0,0,0.0,0.0,0.0,0.0,0.0
1788520750232.0,15060,9.8,0.0,0,0,0,0.0,0.0,0.0,0.0,0.0
1788520750328.0,15065,9.8,0.0,0,0,0,0.0,0.0,0.0,0.0,0.0
1788520750419.0,15070,9.8,0.0,0,0,0,0.0,0.0,0.0,0.0,0.0
1788520750512.0,15075,9.8,0.0,0,0,0,0.0,0.0,0.0,0.0,0.0
1788520750606.0,15080,9.8,0.0,0,0,0,0.0,0.0,0.0,0.0,0.0
1788520750699.0,15085,9.8,0.0,0,0,0,0.0,0.0,0.0,0.0,0.0
1788520750797.0,15090,9.8,0.0,0,0,0,0.0,0.0,0.0,0.0,0.0
1788520750887.0,15095,9.8,0.0,0,0,0,0.0,0.0,0.0,0.0,0.0
1788520750981.0,15100,9.8,0.0,0,0,0,0.0,0.0,0.0,0.0,0.0
1788520751080.0,15105,9.8,0.0,0,0,0,0.0,0.0,0.0,0.0,0.0
1788520751167.0,15110,9.8,0.0,0,0,0,0.0,0.0,0.0,0.0,0.0
1788520751262.0,15115,9.8,0.0,0,0,0,0.0,0.0,0.0,0.0,0.0
1788520751355.0,15120,9.8,0.0,0,0,0,0.0,0.0,0.0,0.0,0.0
1788520751449.0,15125,9.8,0.0,0,0,0,0.0,0.0,0.0,0.0,0.0
1788520751546.0,15130,9.8,0.0,0,0,0,0.0,0.0,0.0,0.0,0.0
1788520751636.0,15135,9.8,0.0,0,0,0,0.0,0.0,0.0,0.0,0.0
1788520751734.0,15140,9.8,0.0,0,0,0,0.0,0.0,0.0,0.0,0.0
1788520751830.0,15145,9.8,0.0,0,0,0,0.0,0.0,0.0,0.0,0.0
1788520751916.0,15150,9.8,0.0,0,0,0,0.0,0.0,0.0,0.0,0.0
1788520752010.0,15155,9.8,0.0,0,0,0,0.0,0.0,0.0,0.0,0.0
1788520752104.0,15160,9.8,0.0,0,0,0,0.0,0.0,0.0,0.0,0.0
1788520752198.0,15165,9.8,0.0,0,0,0,0.0,0.0,0.0,0.0,0.0
1788520752294.0,15170,9.8,0.0,0,0,0,0.0,0.0,0.0,0.0,0.0
1788520752385.0,15175,9.8,0.0,0,0,0,0.0,0.0,0.0,0.0,0.0
1788520752479.0,15180,9.8,0.0,0,0,0,0.0,0.0,0.0,0.0,0.0
1788520752572.0,15185,9.8,0.0,0,0,0,0.0,0.0,0.0,0.0,0.0
1788520752666.0,15190,9.8,0.0,0,0,0,0.0,0.0,0.0,0.0,0.0
1788520752761.0,15195,9.8,0.0,0,0,0,0.0,0.0,0.0,0.0,0.0
1788520752853.0,15200,9.8,0.0,0,0,0,0.0,0.0,0.0,0.0,0.0
1788520752948.0,15205,9.8,0.0,0,0,0,0.0,0.0,0.0,0.0,0.0
1788520753045.0,15210,9.8,0.0,0,0,0,0.0,0.0,0.0,0.0,0.0
1788520753134.0,15215,9.8,0.0,0,0,0,0.0,0.0,0.0,0.0,0.0
1788520753229.0,15220,9.8,0.0,0,0,0,0.0,0.0,0.0,0.0,0.0
1788520753322.0,15225,9.8,0.0,0,0,0,0.0,0.0,0.0,0.0,0.0
1788520753416.0,15230,9.8,0.0,0,0,0,0.0,0.0,0.0,0.0,0.0
1788520753514.0,15235,9.8,0.0,0,0,0,0.0,0.0,0.0,0.0,0.0
1788520753603.0,15240,9.8,0.0,0,0,0,0.0,0.0,0.0,0.0,0.0
1788520753698.0,15245,9.8,0.0,0,0,0,0.0,0.0,0.0,0.0,0.0
1788520753797.0,15250,9.8,0.0,0,0,0,0.0,0.0,0.0,0.0,0.0
1788520753885.0,15255,9.8,0.0,0,0,0,0.0,0.0,0.0,0.0,0.0
1788520753979.0,15260,9.8,0.0,0,0,0,0.0,0.0,0.0,0.0,0.0
1788520754071.0,15265,9.8,0.0,0,0,0,0.0,0.0,0.0,0.0,0.0
1788520754164.0,15270,9.8,0.0,0,0,0,0.0,0.0,0.0,0.0,0.0
1788520754258.0,15275,9.8,0.0,0,0,0,0.0,0.0,0.0,0.0,0.0
1788520754352.0,15280,9.8,0.0,0,0,0,0.0,0.0,0.0,0.0,0.0
1788520754445.0,15285,9.8,0.0,0,0,0,0.0,0.0,0.0,0.0,0.0
1788520754539.0,15290,9.8,0.0,0,0,0,0.0,0.0,0.0,0.0,0.0
1788520754633.0,15295,9.8,0.0,0,0,0,0.0,0.0,0.0,0.0,0.0
1788520754729.0,15300,9.8,0.0,0,0,0,0.0,0.0,0.0,0.0,0.0
1788520754821.0,15305,9.8,0.0,0,0,0,0.0,0.0,0.0,0.0,0.0
1788520754915.0,15310,9.8,0.0,0,0,0,0.0,0.0,0.0,0.0,0.0
1788520755015.0,15315,9.8,0.0,0,0,0,0.0,0.0,0.0,0.0,0.0
1788520755101.0,15320,9.8,0.0,0,0,0,0.0,0.0,0.0,0.0,0.0
1788520755195.0,15325,9.8,0.0,0,0,0,0.0,0.0,0.0,0.0,0.0
1788520755288.0,15330,9.8,0.0,0,0,0,0.0,0.0,0.0,0.0,0.0
1788520755382.0,15335,9.8,0.0,0,0,0,0.0,0.0,0.0,0.0,0.0
1788520755476.0,15340,9.8,0.0,0,0,0,0.0,0.0,0.0,0.0,0.0
1788520755569.0,15345,9.8,0.0,0,0,0,0.0,0.0,0.0,0.0,0.0
1788520755663.0,15350,9.8,0.0,0,0,0,0.0,0.0,0.0,0.0,0.0
1788520755757.0,15355,9.8,0.0,0,0,0,0.0,0.0,0.0,0.0,0.0
1788520755851.0,15360,9.8,0.0,0,0,0,0.0,0.0,0.0,0.0,0.0
1788520755945.0,15365,9.8,0.0,0,0,0,0.0,0.0,0.0,0.0,0.0
1788520756038.0,15370,9.8,0.0,0,0,0,0.0,0.0,0.0,0.0,0.0
1788520756131.0,15375,9.8,0.0,0,0,0,0.0,0.0,0.0,0.0,0.0
1788520756229.0,15380,9.8,0.0,0,0,0,0.0,0.0,0.0,0.0,0.0
1788520756319.0,15385,9.8,0.0,0,0,0,0.0,0.0,0.0,0.0,0.0
1788520756412.0,15390,9.8,0.0,0,0,0,0.0,0.0,0.0,0.0,0.0
1788520756512.0,15395,9.8,0.0,0,0,0,0.0,0.0,0.0,0.0,0.0
1788520756600.0,15400,9.8,0.0,0,0,0,0.0,0.0,0.0,0.0,0.0
1788520756694.0,15405,9.8,0.0,0,0,0,0.0,0.0,0.0,0.0,0.0
1788520756787.0,15410,9.8,0.0,0,0,0,0.0,0.0,0.0,0.0,0.0
1788520756881.0,15415,9.8,0.0,0,0,0,0.0,0.0,0.0,0.0,0.0
1788520756975.0,15420,9.8,0.0,0,0,0,0.0,0.0,0.0,0.0,0.0
1788520757068.0,15425,9.8,0.0,0,0,0,0.0,0.0,0.0,0.0,0.0
1788520757162.0,15430,9.8,0.0,0,0,0,0.0,0.0,0.0,0.0,0.0
1788520757256.0,15435,9.8,0.0,0,0,0,0.0,0.0,0.0,0.0,0.0
1788520757348.0,15440,9.8,0.0,0,0,0,0.0,0.0,0.0,0.0,0.0
1788520757444.0,15445,9.8,0.0,0,0,0,0.0,0.0,0.0,0.0,0.0
1788520757536.0,15450,9.8,0.0,0,0,0,0.0,0.0,0.0,0.0,0.0
1788520757630.0,15455,9.8,0.0,0,0,0,0.0,0.0,0.0,0.0,0.0
1788520757732.0,15460,9.8,0.0,0,0,0,0.0,0.0,0.0,0.0,0.0
1788520757817.0,15465,9.8,0.0,0,0,0,0.0,0.0,0.0,0.0,0.0
1788520757913.0,15470,9.8,0.0,0,0,0,0.0,0.0,0.0,0.0,0.0
1788520758004.0,15475,9.8,0.0,0,0,0,0.0,0.0,0.0,0.0,0.0
1788520758098.0,15480,9.8,0.0,0,0,0,0.0,0.0,0.0,0.0,0.0
1788520758197.0,15485,9.8,0.0,0,0,0,0.0,0.0,0.0,0.0,0.0
1788520758286.0,15490,9.8,0.0,0,0,0,0.0,0.0,0.0,0.0,0.0
1788520758379.0,15495,9.8,0.0,0,0,0,0.0,0.0,0.0,0.0,0.0
1788520758478.0,15500,9.8,0.0,0,0,0,0.0,0.0,0.0,0.0,0.0
1788520758566.0,15505,9.8,0.0,0,0,0,0.0,0.0,0.0,0.0,0.0
1788520758664.0,15510,9.8,0.0,0,0,0,0.0,0.0,0.0,0.0,0.0
1788520758754.0,15515,9.8,0.0,0,0,0,0.0,0.0,0.0,0.0,0.0
1788520758847.0,15520,9.8,0.0,0,0,0,0.0,0.0,0.0,0.0,0.0
1788520758941.0,15525,9.8,0.0,0,0,0,0.0,0.0,0.0,0.0,0.0
1788520759037.0,15530,9.8,0.0,0,0,0,0.0,0.0,0.0,0.0,0.0
1788520759128.0,15535,9.8,0.0,0,0,0,0.0,0.0,0.0,0.0,0.0
1788520759223.0,15540,9.8,0.0,0,0,0,0.0,0.0,0.0,0.0,0.0
1788520759315.0,15545,9.8,0.0,0,0,0,0.0,0.0,0.0,0.0,0.0
1788520759414.0,15550,9.8,0.0,0,0,0,0.0,0.0,0.0,0.0,0.0
1788520759503.0,15555,9.8,0.0,0,0,0,0.0,0.0,0.0,0.0,0.0
1788520759596.0,15560,9.8,0.0,0,0,0,0.0,0.0,0.0,0.0,0.0
1788520759698.0,15565,9.8,0.0,0,0,0,0.0,0.0,0.0,0.0,0.0
1788520759783.0,15570,9.8,0.0,0,0,0,0.0,0.0,0.0,0.0,0.0
1788520759878.0,15575,9.8,0.0,0,0,0,0.0,0.0,0.0,0.0,0.0
1788520759971.0,15580,9.8,0.0,0,0,0,0.0,0.0,0.0,0.0,0.0
1788520760064.0,15585,9.8,0.0,0,0,0,0.0,0.0,0.0,0.0,0.0
1788520760158.0,15590,9.8,0.0,0,0,0,0.0,0.0,0.0,0.0,0.0
1788520760252.0,15595,9.8,0.0,0,0,0,0.0,0.0,0.0,0.0,0.0
1788520760346.0,15600,9.8,0.0,0,0,0,0.0,0.0,0.0,0.0,0.0
1788520760445.0,15605,9.8,0.0,0,0,0,0.0,0.0,0.0,0.0,0.0
1788520760532.0,15610,9.8,0.0,0,0,0,0.0,0.0,0.0,0.0,0.0
1788520760626.0,15615,9.8,0.0,0,0,0,0.0,0.0,0.0,0.0,0.0
1788520760721.0,15620,9.8,0.0,0,0,0,0.0,0.0,0.0,0.0,0.0
1788520760814.0,15625,9.8,0.0,0,0,0,0.0,0.0,0.0,0.0,0.0
1788520760914.0,15630,9.8,0.0,0,0,0,0.0,0.0,0.0,0.0,0.0
1788520761000.0,15635,9.8,0.0,0,0,0,0.0,0.0,0.0,0.0,0.0
1788520761095.0,15640,9.8,0.0,0,0,0,0.0,0.0,0.0,0.0,0.0
1788520761188.0,15645,9.8,0.0,0,0,0,0.0,0.0,0.0,0.0,0.0
1788520761283.0,15650,9.8,0.0,0,0,0,0.0,0.0,0.0,0.0,0.0
1788520761379.0,15655,9.8,0.0,0,0,0,0.0,0.0,0.0,0.0,0.0
1788520761469.0,15660,9.8,0.0,0,0,0,0.0,0.0,0.0,0.0,0.0
1788520761563.0,15665,9.8,0.0,0,0,0,0.0,0.0,0.0,0.0,0.0
1788520761657.0,15670,9.8,0.0,0,0,0,0.0,0.0,0.0,0.0,0.0
1788520761750.0,15675,9.8,0.0,0,0,0,0.0,0.0,0.0,0.0,0.0
1788520761844.0,15680,9.8,0.0,0,0,0,0.0,0.0,0.0,0.0,0.0
1788520761938.0,15685,9.8,0.0,0,0,0,0.0,0.0,0.0,0.0,0.0
1788520762032.0,15690,9.8,0.0,0,0,0,0.0,0.0,0.0,0.0,0.0
1788520762129.0,15695,9.8,0.0,0,0,0,0.0,0.0,0.0,0.0,0.0
1788520762218.0,15700,9.8,0.0,0,0,0,0.0,0.0,0.0,0.0,0.0
1788520762313.0,15705,9.8,0.0,0,0,0,0.0,0.0,0.0,0.0,0.0
1788520762413.0,15710,9.8,0.0,0,0,0,0.0,0.0,0.0,0.0,0.0
1788520762501.0,15715,9.8,0.0,0,0,0,0.0,0.0,0.0,0.0,0.0
1788520762593.0,15720,9.8,0.0,0,0,0,0.0,0.0,0.0,0.0,0.0
1788520762689.0,15725,9.8,0.0,0,0,0,0.0,0.0,0.0,0.0,0.0
1788520762781.0,15730,9.8,0.0,0,0,0,0.0,0.0,0.0,0.0,0.0
1788520762879.0,15735,9.8,0.0,0,0,0,0.0,0.0,0.0,0.0,0.0
1788520762968.0,15740,9.8,0.0,0,0,0,0.0,0.0,0.0,0.0,0.0
1788520763061.0,15745,9.8,0.0,0,0,0,0.0,0.0,0.0,0.0,0.0
1788520763155.0,15750,9.8,0.0,0,0,0,0.0,0.0,0.0,0.0,0.0
1788520763249.0,15755,9.8,0.0,0,0,0,0.0,0.0,0.0,0.0,0.0
1788520763347.0,15760,9.8,0.0,0,0,0,0.0,0.0,0.0,0.0,0.0
1788520763436.0,15765,9.8,0.0,0,0,0,0.0,0.0,0.0,0.0,0.0
1788520763530.0,15770,9.8,0.0,0,0,0,0.0,0.0,0.0,0.0,0.0
1788520763629.0,15775,9.8,0.0,0,0,0,0.0,0.0,0.0,0.0,0.0
1788520763717.0,15780,9.8,0.0,0,0,0,0.0,0.0,0.0,0.0,0.0
1788520763811.0,15785,9.8,0.0,0,0,0,0.0,0.0,0.0,0.0,0.0
1788520763905.0,15790,9.8,0.0,0,0,0,0.0,0.0,0.0,0.0,0.0
1788520763998.0,15795,9.8,0.0,0,0,0,0.0,0.0,0.0,0.0,0.0
1788520764095.0,15800,9.8,0.0,0,0,0,0.0,0.0,0.0,0.0,0.0
1788520764186.0,15805,9.8,0.0,0,0,0,0.0,0.0,0.0,0.0,0.0
1788520764280.0,15810,9.8,0.0,0,0,0,0.0,0.0,0.0,0.0,0.0
1788520764376.0,15815,9.8,0.0,0,0,0,0.0,0.0,0.0,0.0,0.0
1788520764467.0,15820,9.8,0.0,0,0,0,0.0,0.0,0.0,0.0,0.0
1788520764560.0,15825,9.8,0.0,0,0,0,0.0,0.0,0.0,0.0,0.0
1788520764654.0,15830,9.8,0.0,0,0,0,0.0,0.0,0.0,0.0,0.0
1788520764747.0,15835,9.8,0.0,0,0,0,0.0,0.0,0.0,0.0,0.0
1788520764847.0,15840,9.8,0.0,0,0,0,0.0,0.0,0.0,0.0,0.0
1788520764935.0,15845,9.8,0.0,0,0,0,0.0,0.0,0.0,0.0,0.0
1788520765029.0,15850,9.8,0.0,0,0,0,0.0,0.0,0.0,0.0,0.0
1788520765129.0,15855,9.8,0.0,0,0,0,0.0,0.0,0.0,0.0,0.0
1788520765216.0,15860,9.8,0.0,0,0,0,0.0,0.0,0.0,0.0,0.0
1788520765310.0,15865,9.8,0.0,0,0,0,0.0,0.0,0.0,0.0,0.0
1788520765403.0,15870,9.8,0.0,0,0,0,0.0,0.0,0.0,0.0,0.0
1788520765498.0,15875,9.8,0.0,0,0,0,0.0,0.0,0.0,0.0,0.0
1788520765591.0,15880,9.8,0.0,0,0,0,0.0,0.0,0.0,0.0,0.0
1788520765684.0,15885,9.8,0.0,0,0,0,0.0,0.0,0.0,0.0,0.0
1788520765779.0,15890,9.8,0.0,0,0,0,0.0,0.0,0.0,0.0,0.0
1788520765871.0,15895,9.8,0.0,0,0,0,0.0,0.0,0.0,0.0,0.0
1788520765965.0,15900,9.8,0.0,0,0,0,0.0,0.0,0.0,0.0,0.0
1788520766060.0,15905,9.8,0.0,0,0,0,0.0,0.0,0.0,0.0,0.0
1788520766153.0,15910,9.8,0.0,0,0,0,0.0,0.0,0.0,0.0,0.0
1788520766247.0,15915,9.8,0.0,0,0,0,0.0,0.0,0.0,0.0,0.0
1788520766340.0,15920,9.8,0.0,0,0,0,0.0,0.0,0.0,0.0,0.0
1788520766434.0,15925,9.8,0.0,0,0,0,0.0,0.0,0.0,0.0,0.0
1788520766527.0,15930,9.8,0.0,0,0,0,0.0,0.0,0.0,0.0,0.0
1788520766621.0,15935,9.8,0.0,0,0,0,0.0,0.0,0.0,0.0,0.0
1788520766715.0,15940,9.8,0.0,0,0,0,0.0,0.0,0.0,0.0,0.0
1788520766813.0,15945,9.8,0.0,0,0,0,0.0,0.0,0.0,0.0,0.0
1788520766903.0,15950,9.8,0.0,0,0,0,0.0,0.0,0.0,0.0,0.0
1788520766996.0,15955,9.8,0.0,0,0,0,0.0,0.0,0.0,0.0,0.0
1788520767089.0,15960,9.8,0.0,0,0,0,0.0,0.0,0.0,0.0,0.0
1788520767183.0,15965,9.8,0.0,0,0,0,0.0,0.0,0.0,0.0,0.0
1788520767276.0,15970,9.8,0.0,0,0,0,0.0,0.0,0.0,0.0,0.0
1788520767371.0,15975,9.8,0.0,0,0,0,0.0,0.0,0.0,0.0,0.0
1788520767465.0,15980,9.8,0.0,0,0,0,0.0,0.0,0.0,0.0,0.0
1788520767557.0,15985,9.8,0.0,0,0,0,0.0,0.0,0.0,0.0,0.0
1788520767651.0,15990,9.8,0.0,0,0,0,0.0,0.0,0.0,0.0,0.0
1788520767745.0,15995,9.8,0.0,0,0,0,0.0,0.0,0.0,0.0,0.0
1788520767839.0,16000,9.8,0.0,0,0,0,0.0,0.0,0.0,0.0,0.0
1788520767933.0,16005,9.8,0.0,0,0,0,0.0,0.0,0.0,0.0,0.0
1788520768029.0,16010,9.8,0.0,0,0,0,0.0,0.0,0.0,0.0,0.0
1788520768119.0,16015,9.8,0.0,0,0,0,0.0,0.0,0.0,0.0,0.0
1788520768213.0,16020,9.8,0.0,0,0,0,0.0,0.0,0.0,0.0,0.0
1788520768314.0,16025,9.8,0.0,0,0,0,0.0,0.0,0.0,0.0,0.0
1788520768401.0,16030,9.8,0.0,0,0,0,0.0,0.0,0.0,0.0,0.0
1788520768494.0,16035,9.8,0.0,0,0,0,0.0,0.0,0.0,0.0,0.0
1788520768589.0,16040,9.8,0.0,0,0,0,0.0,0.0,0.0,0.0,0.0
1788520768681.0,16045,9.8,0.0,0,0,0,0.0,0.0,0.0,0.0,0.0
1788520768777.0,16050,9.8,0.0,0,0,0,0.0,0.0,0.0,0.0,0.0
1788520768871.0,16055,9.8,0.0,0,0,0,0.0,0.0,0.0,0.0,0.0
1788520768963.0,16060,9.8,0.0,0,0,0,0.0,0.0,0.0,0.0,0.0
1788520769065.0,16065,9.8,0.0,0,0,0,0.0,0.0,0.0,0.0,0.0
1788520769149.0,16070,9.8,0.0,0,0,0,0.0,0.0,0.0,0.0,0.0
1788520769244.0,16075,9.8,0.0,0,0,0,0.0,0.0,0.0,0.0,0.0
1788520769337.0,16080,9.8,0.0,0,0,0,0.0,0.0,0.0,0.0,0.0
1788520769430.0,16085,9.8,0.0,0,0,0,0.0,0.0,0.0,0.0,0.0
1788520769528.0,16090,9.8,0.0,0,0,0,0.0,0.0,0.0,0.0,0.0
1788520769618.0,16095,9.8,0.0,0,0,0,0.0,0.0,0.0,0.0,0.0
1788520769712.0,16100,9.8,0.0,0,0,0,0.0,0.0,0.0,0.0,0.0
1788520769806.0,16105,9.8,0.0,0,0,0,0.0,0.0,0.0,0.0,0.0
1788520769899.0,16110,9.8,0.0,0,0,0,0.0,0.0,0.0,0.0,0.0
1788520769999.0,16115,9.8,0.0,0,0,0,0.0,0.0,0.0,0.0,0.0
1788520770086.0,16120,9.8,0.0,0,0,0,0.0,0.0,0.0,0.0,0.0
1788520770180.0,16125,9.8,0.0,0,0,0,0.0,0.0,0.0,0.0,0.0
1788520770276.0,16130,9.8,0.0,0,0,0,0.0,0.0,0.0,0.0,0.0
1788520770368.0,16135,9.8,0.0,0,0,0,0.0,0.0,0.0,0.0,0.0
1788520770461.0,16140,9.8,0.0,0,0,0,0.0,0.0,0.0,0.0,0.0
1788520770555.0,16145,9.8,0.0,0,0,0,0.0,0.0,0.0,0.0,0.0
1788520770648.0,16150,9.8,0.0,0,0,0,0.0,0.0,0.0,0.0,0.0
1788520770742.0,16155,9.8,0.0,0,0,0,0.0,0.0,0.0,0.0,0.0
1788520770836.0,16160,9.8,0.0,0,0,0,0.0,0.0,0.0,0.0,0.0
1788520770930.0,16165,9.8,0.0,0,0,0,0.0,0.0,0.0,0.0,0.0
1788520771023.0,16170,9.8,0.0,0,0,0,0.0,0.0,0.0,0.0,0.0
1788520771117.0,16175,9.8,0.0,0,0,0,0.0,0.0,0.0,0.0,0.0
1788520771210.0,16180,9.8,0.0,0,0,0,0.0,0.0,0.0,0.0,0.0
1788520771304.0,16185,9.8,0.0,0,0,0,0.0,0.0,0.0,0.0,0.0
1788520771398.0,16190,9.8,0.0,0,0,0,0.0,0.0,0.0,0.0,0.0
1788520771491.0,16195,9.8,0.0,0,0,0,0.0,0.0,0.0,0.0,0.0
1788520771585.0,16200,9.8,0.0,0,0,0,0.0,0.0,0.0,0.0,0.0
1788520771679.0,16205,9.8,0.0,0,0,0,0.0,0.0,0.0,0.0,0.0
1788520771772.0,16210,9.8,0.0,0,0,0,0.0,0.0,0.0,0.0,0.0
1788520771866.0,16215,9.8,0.0,0,0,0,0.0,0.0,0.0,0.0,0.0
1788520771960.0,16220,9.8,0.0,0,0,0,0.0,0.0,0.0,0.0,0.0
1788520772053.0,16225,9.8,0.0,0,0,0,0.0,0.0,0.0,0.0,0.0
1788520772146.0,16230,9.8,0.0,0,0,0,0.0,0.0,0.0,0.0,0.0
1788520772242.0,16235,9.8,0.0,0,0,0,0.0,0.0,0.0,0.0,0.0
1788520772334.0,16240,9.8,0.0,0,0,0,0.0,0.0,0.0,0.0,0.0
1788520772428.0,16245,9.8,0.0,0,0,0,0.0,0.0,0.0,0.0,0.0
1788520772521.0,16250,9.8,0.0,0,0,0,0.0,0.0,0.0,0.0,0.0
1788520772616.0,16255,9.8,0.0,0,0,0,0.0,0.0,0.0,0.0,0.0
1788520772713.0,16260,9.8,0.0,0,0,0,0.0,0.0,0.0,0.0,0.0
1788520772803.0,16265,9.8,0.0,0,0,0,0.0,0.0,0.0,0.0,0.0
1788520772896.0,16270,9.8,0.0,0,0,0,0.0,0.0,0.0,0.0,0.0
1788520772991.0,16275,9.8,0.0,0,0,0,0.0,0.0,0.0,0.0,0.0
1788520773083.0,16280,9.8,0.0,0,0,0,0.0,0.0,0.0,0.0,0.0
1788520773177.0,16285,9.8,0.0,0,0,0,0.0,0.0,0.0,0.0,0.0
1788520773271.0,16290,9.8,0.0,0,0,0,0.0,0.0,0.0,0.0,0.0
1788520773365.0,16295,9.8,0.0,0,0,0,0.0,0.0,0.0,0.0,0.0
1788520773461.0,16300,9.8,0.0,0,0,0,0.0,0.0,0.0,0.0,0.0
1788520773552.0,16305,9.8,0.0,0,0,0,0.0,0.0,0.0,0.0,0.0
1788520773646.0,16310,9.8,0.0,0,0,0,0.0,0.0,0.0,0.0,0.0
1788520773745.0,16315,9.8,0.0,0,0,0,0.0,0.0,0.0,0.0,0.0
1788520773833.0,16320,9.8,0.0,0,0,0,0.0,0.0,0.0,0.0,0.0
1788520773928.0,16325,9.8,0.0,0,0,0,0.0,0.0,0.0,0.0,0.0
1788520774021.0,16330,9.8,0.0,0,0,0,0.0,0.0,0.0,0.0,0.0
1788520774115.0,16335,9.8,0.0,0,0,0,0.0,0.0,0.0,0.0,0.0
1788520774212.0,16340,9.8,0.0,0,0,0,0.0,0.0,0.0,0.0,0.0
1788520774301.0,16345,9.8,0.0,0,0,0,0.0,0.0,0.0,0.0,0.0
1788520774395.0,16350,9.8,0.0,0,0,0,0.0,0.0,0.0,0.0,0.0
1788520774489.0,16355,9.8,0.0,0,0,0,0.0,0.0,0.0,0.0,0.0
1788520774582.0,16360,9.8,0.0,0,0,0,0.0,0.0,0.0,0.0,0.0
1788520774678.0,16365,9.8,0.0,0,0,0,0.0,0.0,0.0,0.0,0.0
1788520774769.0,16370,9.8,0.0,0,0,0,0.0,0.0,0.0,0.0,0.0
1788520774863.0,16375,9.8,0.0,0,0,0,0.0,0.0,0.0,0.0,0.0
1788520774963.0,16380,9.8,0.0,0,0,0,0.0,0.0,0.0,0.0,0.0
1788520775051.0,16385,9.8,0.0,0,0,0,0.0,0.0,0.0,0.0,0.0
1788520775144.0,16390,9.8,0.0,0,0,0,0.0,0.0,0.0,0.0,0.0
1788520775237.0,16395,9.8,0.0,0,0,0,0.0,0.0,0.0,0.0,0.0
1788520775331.0,16400,9.8,0.0,0,0,0,0.0,0.0,0.0,0.0,0.0
1788520775429.0,16405,9.8,0.0,0,0,0,0.0,0.0,0.0,0.0,0.0
1788520775519.0,16410,9.8,0.0,0,0,0,0.0,0.0,0.0,0.0,0.0
1788520775613.0,16415,9.8,0.0,0,0,0,0.0,0.0,0.0,0.0,0.0
1788520775714.0,16420,9.8,0.0,0,0,0,0.0,0.0,0.0,0.0,0.0
1788520775800.0,16425,9.8,0.0,0,0,0,0.0,0.0,0.0,0.0,0.0
1788520775893.0,16430,9.8,0.0,0,0,0,0.0,0.0,0.0,0.0,0.0
1788520775990.0,16435,9.8,0.0,0,0,0,0.0,0.0,0.0,0.0,0.0
1788520776081.0,16440,9.8,0.0,0,0,0,0.0,0.0,0.0,0.0,0.0
1788520776178.0,16445,9.8,0.0,0,0,0,0.0,0.0,0.0,0.0,0.0
1788520776268.0,16450,9.8,0.0,0,0,0,0.0,0.0,0.0,0.0,0.0
1788520776362.0,16455,9.8,0.0,0,0,0,0.0,0.0,0.0,0.0,0.0
1788520776460.0,16460,9.8,0.0,0,0,0,0.0,0.0,0.0,0.0,0.0
1788520776549.0,16465,9.8,0.0,0,0,0,0.0,0.0,0.0,0.0,0.0
1788520776645.0,16470,9.8,0.0,0,0,0,0.0,0.0,0.0,0.0,0.0
1788520776737.0,16475,9.8,0.0,0,0,0,0.0,0.0,0.0,0.0,0.0
1788520776836.0,16480,9.8,0.0,0,0,0,0.0,0.0,0.0,0.0,0.0
1788520776928.0,16485,9.8,0.0,0,0,0,0.0,0.0,0.0,0.0,0.0
1788520777017.0,16490,9.8,0.0,0,0,0,0.0,0.0,0.0,0.0,0.0
1788520777111.0,16495,9.8,0.0,0,0,0,0.0,0.0,0.0,0.0,0.0
1788520777205.0,16500,9.8,0.0,0,0,0,0.0,0.0,0.0,0.0,0.0
1788520777298.0,16505,9.8,0.0,0,0,0,0.0,0.0,0.0,0.0,0.0
1788520777396.0,16510,9.8,0.0,0,0,0,0.0,0.0,0.0,0.0,0.0
1788520777485.0,16515,9.8,0.0,0,0,0,0.0,0.0,0.0,0.0,0.0
1788520777580.0,16520,9.8,0.0,0,0,0,0.0,0.0,0.0,0.0,0.0
1788520777679.0,16525,9.8,0.0,0,0,0,0.0,0.0,0.0,0.0,0.0
1788520777767.0,16530,9.8,0.0,0,0,0,0.0,0.0,0.0,0.0,0.0
1788520777860.0,16535,9.8,0.0,0,0,0,0.0,0.0,0.0,0.0,0.0
1788520777955.0,16540,9.8,0.0,0,0,0,0.0,0.0,0.0,0.0,0.0
1788520778048.0,16545,9.8,0.0,0,0,0,0.0,0.0,0.0,0.0,0.0
1788520778142.0,16550,9.8,0.0,0,0,0,0.0,0.0,0.0,0.0,0.0
1788520778235.0,16555,9.8,0.0,0,0,0,0.0,0.0,0.0,0.0,0.0
1788520778328.0,16560,9.8,0.0,0,0,0,0.0,0.0,0.0,0.0,0.0
1788520778422.0,16565,9.8,0.0,0,0,0,0.0,0.0,0.0,0.0,0.0
1788520778516.0,16570,9.8,0.0,0,0,0,0.0,0.0,0.0,0.0,0.0
1788520778613.0,16575,9.8,0.0,0,0,0,0.0,0.0,0.0,0.0,0.0
1788520778705.0,16580,9.8,0.0,0,0,0,0.0,0.0,0.0,0.0,0.0
1788520778796.0,16585,9.8,0.0,0,0,0,0.0,0.0,0.0,0.0,0.0
1788520778890.0,16590,9.8,0.0,0,0,0,0.0,0.0,0.0,0.0,0.0
1788520778985.0,16595,9.8,0.0,0,0,0,0.0,0.0,0.0,0.0,0.0
1788520779079.0,16600,9.8,0.0,0,0,0,0.0,0.0,0.0,0.0,0.0
1788520779171.0,16605,9.8,0.0,0,0,0,0.0,0.0,0.0,0.0,0.0
1788520779266.0,16610,9.8,0.0,0,0,0,0.0,0.0,0.0,0.0,0.0
1788520779363.0,16615,9.8,0.0,0,0,0,0.0,0.0,0.0,0.0,0.0
1788520779453.0,16620,9.8,0.0,0,0,0,0.0,0.0,0.0,0.0,0.0
1788520779547.0,16625,9.8,0.0,0,0,0,0.0,0.0,0.0,0.0,0.0
1788520779640.0,16630,9.8,0.0,0,0,0,0.0,0.0,0.0,0.0,0.0
1788520779735.0,16635,9.8,0.0,0,0,0,0.0,0.0,0.0,0.0,0.0
1788520779827.0,16640,9.8,0.0,0,0,0,0.0,0.0,0.0,0.0,0.0
1788520779921.0,16645,9.8,0.0,0,0,0,0.0,0.0,0.0,0.0,0.0
1788520780015.0,16650,9.8,0.0,0,0,0,0.0,0.0,0.0,0.0,0.0
1788520780115.0,16655,9.8,0.0,0,0,0,0.0,0.0,0.0,0.0,0.0
1788520780202.0,16660,9.8,0.0,0,0,0,0.0,0.0,0.0,0.0,0.0
1788520780298.0,16665,9.8,0.0,0,0,0,0.0,0.0,0.0,0.0,0.0
1788520780396.0,16670,9.8,0.0,0,0,0,0.0,0.0,0.0,0.0,0.0
1788520780483.0,16675,9.8,0.0,0,0,0,0.0,0.0,0.0,0.0,0.0
1788520780578.0,16680,9.8,0.0,0,0,0,0.0,0.0,0.0,0.0,0.0
1788520780670.0,16685,9.8,0.0,0,0,0,0.0,0.0,0.0,0.0,0.0
1788520780764.0,16690,9.8,0.0,0,0,0,0.0,0.0,0.0,0.0,0.0
1788520780862.0,16695,9.8,0.0,0,0,0,0.0,0.0,0.0,0.0,0.0
1788520780952.0,16700,9.8,0.0,0,0,0,0.0,0.0,0.0,0.0,0.0
1788520781045.0,16705,9.8,0.0,0,0,0,0.0,0.0,0.0,0.0,0.0
1788520781138.0,16710,9.8,0.0,0,0,0,0.0,0.0,0.0,0.0,0.0
1788520781233.0,16715,9.8,0.0,0,0,0,0.0,0.0,0.0,0.0,0.0
1788520781329.0,16720,9.8,0.0,0,0,0,0.0,0.0,0.0,0.0,0.0
1788520781419.0,16725,9.8,0.0,0,0,0,0.0,0.0,0.0,0.0,0.0
1788520781514.0,16730,9.8,0.0,0,0,0,0.0,0.0,0.0,0.0,0.0
1788520781607.0,16735,9.8,0.0,0,0,0,0.0,0.0,0.0,0.0,0.0
1788520781701.0,16740,9.8,0.0,0,0,0,0.0,0.0,0.0,0.0,0.0
1788520781796.0,16745,9.8,0.0,0,0,0,0.0,0.0,0.0,0.0,0.0
1788520781888.0,16750,9.8,0.0,0,0,0,0.0,0.0,0.0,0.0,0.0
1788520781981.0,16755,9.8,0.0,0,0,0,0.0,0.0,0.0,0.0,0.0
1788520782077.0,16760,9.8,0.0,0,0,0,0.0,0.0,0.0,0.0,0.0
1788520782169.0,16765,9.8,0.0,0,0,0,0.0,0.0,0.0,0.0,0.0
1788520782263.0,16770,9.8,0.0,0,0,0,0.0,0.0,0.0,0.0,0.0
1788520782360.0,16775,9.8,0.0,0,0,0,0.0,0.0,0.0,0.0,0.0
1788520782449.0,16780,9.8,0.0,0,0,0,0.0,0.0,0.0,0.0,0.0
1788520782543.0,16785,9.8,0.0,0,0,0,0.0,0.0,0.0,0.0,0.0
1788520782636.0,16790,9.8,0.0,0,0,0,0.0,0.0,0.0,0.0,0.0
1788520782731.0,16795,9.8,0.0,0,0,0,0.0,0.0,0.0,0.0,0.0
1788520782825.0,16800,9.8,0.0,0,0,0,0.0,0.0,0.0,0.0,0.0
1788520782918.0,16805,9.8,0.0,0,0,0,0.0,0.0,0.0,0.0,0.0
1788520783013.0,16810,9.8,0.0,0,0,0,0.0,0.0,0.0,0.0,0.0
1788520783106.0,16815,9.8,0.0,0,0,0,0.0,0.0,0.0,0.0,0.0
1788520783199.0,16820,9.8,0.0,0,0,0,0.0,0.0,0.0,0.0,0.0
1788520783298.0,16825,9.8,0.0,0,0,0,0.0,0.0,0.0,0.0,0.0
1788520783386.0,16830,9.8,0.0,0,0,0,0.0,0.0,0.0,0.0,0.0
1788520783480.0,16835,9.8,0.0,0,0,0,0.0,0.0,0.0,0.0,0.0
1788520783579.0,16840,9.8,0.0,0,0,0,0.0,0.0,0.0,0.0,0.0
1788520783667.0,16845,9.8,0.0,0,0,0,0.0,0.0,0.0,0.0,0.0
1788520783761.0,16850,9.8,0.0,0,0,0,0.0,0.0,0.0,0.0,0.0
1788520783855.0,16855,9.8,0.0,0,0,0,0.0,0.0,0.0,0.0,0.0
1788520783948.0,16860,9.8,0.0,0,0,0,0.0,0.0,0.0,0.0,0.0
1788520784045.0,16865,9.8,0.0,0,0,0,0.0,0.0,0.0,0.0,0.0
1788520784135.0,16870,9.8,0.0,0,0,0,0.0,0.0,0.0,0.0,0.0
1788520784230.0,16875,9.8,0.0,0,0,0,0.0,0.0,0.0,0.0,0.0
1788520784326.0,16880,9.8,0.0,0,0,0,0.0,0.0,0.0,0.0,0.0
1788520784417.0,16885,9.8,0.0,0,0,0,0.0,0.0,0.0,0.0,0.0
1788520784510.0,16890,9.8,0.0,0,0,0,0.0,0.0,0.0,0.0,0.0
1788520784604.0,16895,9.8,0.0,0,0,0,0.0,0.0,0.0,0.0,0.0
1788520784698.0,16900,9.8,0.0,0,0,0,0.0,0.0,0.0,0.0,0.0
1788520784797.0,16905,9.8,0.0,0,0,0,0.0,0.0,0.0,0.0,0.0
1788520784885.0,16910,9.8,0.0,0,0,0,0.0,0.0,0.0,0.0,0.0
1788520784978.0,16915,9.8,0.0,0,0,0,0.0,0.0,0.0,0.0,0.0
1788520785072.0,16920,9.8,0.0,0,0,0,0.0,0.0,0.0,0.0,0.0
1788520785166.0,16925,9.8,0.0,0,0,0,0.0,0.0,0.0,0.0,0.0
1788520785260.0,16930,9.8,0.0,0,0,0,0.0,0.0,0.0,0.0,0.0
1788520785353.0,16935,9.8,0.0,0,0,0,0.0,0.0,0.0,0.0,0.0
1788520785447.0,16940,9.8,0.0,0,0,0,0.0,0.0,0.0,0.0,0.0
1788520785546.0,16945,9.8,0.0,0,0,0,0.0,0.0,0.0,0.0,0.0
1788520785635.0,16950,9.8,0.0,0,0,0,0.0,0.0,0.0,0.0,0.0
1788520785729.0,16955,9.8,0.0,0,0,0,0.0,0.0,0.0,0.0,0.0
1788520785821.0,16960,9.8,0.0,0,0,0,0.0,0.0,0.0,0.0,0.0
1788520785915.0,16965,9.8,0.0,0,0,0,0.0,0.0,0.0,0.0,0.0
1788520786009.0,16970,9.8,0.0,0,0,0,0.0,0.0,0.0,0.0,0.0
1788520786103.0,16975,9.8,0.0,0,0,0,0.0,0.0,0.0,0.0,0.0
1788520786196.0,16980,9.8,0.0,0,0,0,0.0,0.0,0.0,0.0,0.0
1788520786290.0,16985,9.8,0.0,0,0,0,0.0,0.0,0.0,0.0,0.0
1788520786384.0,16990,9.8,0.0,0,0,0,0.0,0.0,0.0,0.0,0.0
1788520786481.0,16995,9.8,0.0,0,0,0,0.0,0.0,0.0,0.0,0.0
1788520786571.0,17000,9.8,0.0,0,0,0,0.0,0.0,0.0,0.0,0.0
1788520786664.0,17005,9.8,0.0,0,0,0,0.0,0.0,0.0,0.0,0.0
1788520786758.0,17010,9.8,0.0,0,0,0,0.0,0.0,0.0,0.0,0.0
1788520786852.0,17015,9.8,0.0,0,0,0,0.0,0.0,0.0,0.0,0.0
1788520786945.0,17020,9.8,0.0,0,0,0,0.0,0.0,0.0,0.0,0.0
1788520787046.0,17025,9.8,0.0,0,0,0,0.0,0.0,0.0,0.0,0.0
1788520787133.0,17030,9.8,0.0,0,0,0,0.0,0.0,0.0,0.0,0.0
1788520787229.0,17035,9.8,0.0,0,0,0,0.0,0.0,0.0,0.0,0.0
1788520787320.0,17040,9.8,0.0,0,0,0,0.0,0.0,0.0,0.0,0.0
1788520787413.0,17045,9.8,0.0,0,0,0,0.0,0.0,0.0,0.0,0.0
1788520787510.0,17050,9.8,0.0,0,0,0,0.0,0.0,0.0,0.0,0.0
1788520787601.0,17055,9.8,0.0,0,0,0,0.0,0.0,0.0,0.0,0.0
1788520787694.0,17060,9.8,0.0,0,0,0,0.0,0.0,0.0,0.0,0.0
1788520787788.0,17065,9.8,0.0,0,0,0,0.0,0.0,0.0,0.0,0.0
1788520787881.0,17070,9.8,0.0,0,0,0,0.0,0.0,0.0,0.0,0.0
1788520787976.0,17075,9.8,0.0,0,0,0,0.0,0.0,0.0,0.0,0.0
1788520788070.0,17080,9.8,0.0,0,0,0,0.0,0.0,0.0,0.0,0.0
1788520788163.0,17085,9.8,0.0,0,0,0,0.0,0.0,0.0,0.0,0.0
1788520788256.0,17090,9.8,0.0,0,0,0,0.0,0.0,0.0,0.0,0.0
1788520788351.0,17095,9.8,0.0,0,0,0,0.0,0.0,0.0,0.0,0.0
1788520788444.0,17100,9.8,0.0,0,0,0,0.0,0.0,0.0,0.0,0.0
1788520788539.0,17105,9.8,0.0,0,0,0,0.0,0.0,0.0,0.0,0.0
1788520788632.0,17110,9.8,0.0,0,0,0,0.0,0.0,0.0,0.0,0.0
1788520788727.0,17115,9.8,0.0,0,0,0,0.0,0.0,0.0,0.0,0.0
1788520788818.0,17120,9.8,0.0,0,0,0,0.0,0.0,0.0,0.0,0.0
1788520788912.0,17125,9.8,0.0,0,0,0,0.0,0.0,0.0,0.0,0.0
1788520789006.0,17130,9.8,0.0,0,0,0,0.0,0.0,0.0,0.0,0.0
1788520789099.0,17135,9.8,0.0,0,0,0,0.0,0.0,0.0,0.0,0.0
1788520789195.0,17140,9.8,0.0,0,0,0,0.0,0.0,0.0,0.0,0.0
1788520789286.0,17145,9.8,0.0,0,0,0,0.0,0.0,0.0,0.0,0.0
1788520789380.0,17150,9.8,0.0,0,0,0,0.0,0.0,0.0,0.0,0.0
1788520789475.0,17155,9.8,0.0,0,0,0,0.0,0.0,0.0,0.0,0.0
1788520789568.0,17160,9.8,0.0,0,0,0,0.0,0.0,0.0,0.0,0.0
1788520789662.0,17165,9.8,0.0,0,0,0,0.0,0.0,0.0,0.0,0.0
1788520789755.0,17170,9.8,0.0,0,0,0,0.0,0.0,0.0,0.0,0.0
1788520789849.0,17175,9.8,0.0,0,0,0,0.0,0.0,0.0,0.0,0.0
1788520789945.0,17180,9.8,0.0,0,0,0,0.0,0.0,0.0,0.0,0.0
1788520790036.0,17185,9.8,0.0,0,0,0,0.0,0.0,0.0,0.0,0.0
1788520790129.0,17190,9.8,0.0,0,0,0,0.0,0.0,0.0,0.0,0.0
1788520790227.0,17195,9.8,0.0,0,0,0,0.0,0.0,0.0,0.0,0.0
1788520790317.0,17200,9.8,0.0,0,0,0,0.0,0.0,0.0,0.0,0.0
1788520790415.0,17205,9.8,0.0,0,0,0,0.0,0.0,0.0,0.0,0.0
1788520790505.0,17210,9.8,0.0,0,0,0,0.0,0.0,0.0,0.0,0.0
1788520790598.0,17215,9.8,0.0,0,0,0,0.0,0.0,0.0,0.0,0.0
1788520790697.0,17220,9.8,0.0,0,0,0,0.0,0.0,0.0,0.0,0.0
1788520790785.0,17225,9.8,0.0,0,0,0,0.0,0.0,0.0,0.0,0.0
1788520790879.0,17230,9.8,0.0,0,0,0,0.0,0.0,0.0,0.0,0.0
1788520790975.0,17235,9.8,0.0,0,0,0,0.0,0.0,0.0,0.0,0.0
1788520791066.0,17240,9.8,0.0,0,0,0,0.0,0.0,0.0,0.0,0.0
1788520791159.0,17245,9.8,0.0,0,0,0,0.0,0.0,0.0,0.0,0.0
1788520791253.0,17250,9.8,0.0,0,0,0,0.0,0.0,0.0,0.0,0.0
1788520791347.0,17255,9.8,0.0,0,0,0,0.0,0.0,0.0,0.0,0.0
1788520791440.0,17260,9.8,0.0,0,0,0,0.0,0.0,0.0,0.0,0.0
1788520791534.0,17265,9.8,0.0,0,0,0,0.0,0.0,0.0,0.0,0.0
1788520791628.0,17270,9.8,0.0,0,0,0,0.0,0.0,0.0,0.0,0.0
1788520791722.0,17275,9.8,0.0,0,0,0,0.0,0.0,0.0,0.0,0.0
1788520791816.0,17280,9.8,0.0,0,0,0,0.0,0.0,0.0,0.0,0.0
1788520791910.0,17285,9.8,0.0,0,0,0,0.0,0.0,0.0,0.0,0.0
1788520792003.0,17290,9.8,0.0,0,0,0,0.0,0.0,0.0,0.0,0.0
1788520792096.0,17295,9.8,0.0,0,0,0,0.0,0.0,0.0,0.0,0.0
1788520792190.0,17300,9.8,0.0,0,0,0,0.0,0.0,0.0,0.0,0.0
1788520792284.0,17305,9.8,0.0,0,0,0,0.0,0.0,0.0,0.0,0.0
1788520792377.0,17310,9.8,0.0,0,0,0,0.0,0.0,0.0,0.0,0.0
1788520792470.0,17315,9.8,0.0,0,0,0,0.0,0.0,0.0,0.0,0.0
1788520792564.0,17320,9.8,0.0,0,0,0,0.0,0.0,0.0,0.0,0.0
1788520792659.0,17325,9.8,0.0,0,0,0,0.0,0.0,0.0,0.0,0.0
1788520792751.0,17330,9.8,0.0,0,0,0,0.0,0.0,0.0,0.0,0.0
1788520792845.0,17335,9.8,0.0,0,0,0,0.0,0.0,0.0,0.0,0.0
1788520792944.0,17340,9.8,0.0,0,0,0,0.0,0.0,0.0,0.0,0.0
1788520793032.0,17345,9.8,0.0,0,0,0,0.0,0.0,0.0,0.0,0.0
1788520793126.0,17350,9.8,0.0,0,0,0,0.0,0.0,0.0,0.0,0.0
1788520793220.0,17355,9.8,0.0,0,0,0,0.0,0.0,0.0,0.0,0.0
1788520793314.0,17360,9.8,0.0,0,0,0,0.0,0.0,0.0,0.0,0.0
1788520793415.0,17365,9.8,0.0,0,0,0,0.0,0.0,0.0,0.0,0.0
1788520793501.0,17370,9.8,0.0,0,0,0,0.0,0.0,0.0,0.0,0.0
1788520793595.0,17375,9.8,0.0,0,0,0,0.0,0.0,0.0,0.0,0.0
1788520793697.0,17380,9.8,0.0,0,0,0,0.0,0.0,0.0,0.0,0.0
1788520793782.0,17385,9.8,0.0,0,0,0,0.0,0.0,0.0,0.0,0.0
1788520793878.0,17390,9.8,0.0,0,0,0,0.0,0.0,0.0,0.0,0.0
1788520793969.0,17395,9.8,0.0,0,0,0,0.0,0.0,0.0,0.0,0.0
1788520794064.0,17400,9.8,0.0,0,0,0,0.0,0.0,0.0,0.0,0.0
1788520794157.0,17405,9.8,0.0,0,0,0,0.0,0.0,0.0,0.0,0.0
1788520794250.0,17410,9.8,0.0,0,0,0,0.0,0.0,0.0,0.0,0.0
1788520794343.0,17415,9.8,0.0,0,0,0,0.0,0.0,0.0,0.0,0.0
1788520794437.0,17420,9.8,0.0,0,0,0,0.0,0.0,0.0,0.0,0.0
1788520794531.0,17425,9.8,0.0,0,0,0,0.0,0.0,0.0,0.0,0.0
1788520794629.0,17430,9.8,0.0,0,0,0,0.0,0.0,0.0,0.0,0.0
1788520794718.0,17435,9.8,0.0,0,0,0,0.0,0.0,0.0,0.0,0.0
1788520794812.0,17440,9.8,0.0,0,0,0,0.0,0.0,0.0,0.0,0.0
1788520794911.0,17445,9.8,0.0,0,0,0,0.0,0.0,0.0,0.0,0.0
1788520794999.0,17450,9.8,0.0,0,0,0,0.0,0.0,0.0,0.0,0.0
1788520795093.0,17455,9.8,0.0,0,0,0,0.0,0.0,0.0,0.0,0.0
1788520795188.0,17460,9.8,0.0,0,0,0,0.0,0.0,0.0,0.0,0.0
1788520795281.0,17465,9.8,0.0,0,0,0,0.0,0.0,0.0,0.0,0.0
1788520795374.0,17470,9.8,0.0,0,0,0,0.0,0.0,0.0,0.0,0.0
1788520795467.0,17475,9.8,0.0,0,0,0,0.0,0.0,0.0,0.0,0.0
1788520795562.0,17480,9.8,0.0,0,0,0,0.0,0.0,0.0,0.0,0.0
1788520795655.0,17485,9.8,0.0,0,0,0,0.0,0.0,0.0,0.0,0.0
1788520795749.0,17490,9.8,0.0,0,0,0,0.0,0.0,0.0,0.0,0.0
1788520795845.0,17495,9.8,0.0,0,0,0,0.0,0.0,0.0,0.0,0.0
1788520795936.0,17500,9.8,0.0,0,0,0,0.0,0.0,0.0,0.0,0.0
1788520796029.0,17505,9.8,0.0,0,0,0,0.0,0.0,0.0,0.0,0.0
1788520796124.0,17510,9.8,0.0,0,0,0,0.0,0.0,0.0,0.0,0.0
1788520796217.0,17515,9.8,0.0,0,0,0,0.0,0.0,0.0,0.0,0.0
1788520796311.0,17520,9.8,0.0,0,0,0,0.0,0.0,0.0,0.0,0.0
1788520796404.0,17525,9.8,0.0,0,0,0,0.0,0.0,0.0,0.0,0.0
1788520796498.0,17530,9.8,0.0,0,0,0,0.0,0.0,0.0,0.0,0.0
1788520796597.0,17535,9.8,0.0,0,0,0,0.0,0.0,0.0,0.0,0.0
1788520796685.0,17540,9.8,0.0,0,0,0,0.0,0.0,0.0,0.0,0.0
1788520796780.0,17545,9.8,0.0,0,0,0,0.0,0.0,0.0,0.0,0.0
1788520796872.0,17550,9.8,0.0,0,0,0,0.0,0.0,0.0,0.0,0.0
1788520796966.0,17555,9.8,0.0,0,0,0,0.0,0.0,0.0,0.0,0.0
1788520797060.0,17560,9.8,0.0,0,0,0,0.0,0.0,0.0,0.0,0.0
1788520797153.0,17565,9.8,0.0,0,0,0,0.0,0.0,0.0,0.0,0.0
1788520797247.0,17570,9.8,0.0,0,0,0,0.0,0.0,0.0,0.0,0.0
1788520797345.0,17575,9.8,0.0,0,0,0,0.0,0.0,0.0,0.0,0.0
1788520797435.0,17580,9.8,0.0,0,0,0,0.0,0.0,0.0,0.0,0.0
1788520797530.0,17585,9.8,0.0,0,0,0,0.0,0.0,0.0,0.0,0.0
1788520797622.0,17590,9.8,0.0,0,0,0,0.0,0.0,0.0,0.0,0.0
1788520797715.0,17595,9.8,0.0,0,0,0,0.0,0.0,0.0,0.0,0.0
1788520797810.0,17600,9.8,0.0,0,0,0,0.0,0.0,0.0,0.0,0.0
1788520797903.0,17605,9.8,0.0,0,0,0,0.0,0.0,0.0,0.0,0.0
1788520797997.0,17610,9.8,0.0,0,0,0,0.0,0.0,0.0,0.0,0.0
1788520798097.0,17615,9.8,0.0,0,0,0,0.0,0.0,0.0,0.0,0.0
1788520798183.0,17620,9.8,0.0,0,0,0,0.0,0.0,0.0,0.0,0.0
1788520798277.0,17625,9.8,0.0,0,0,0,0.0,0.0,0.0,0.0,0.0
1788520798371.0,17630,9.8,0.0,0,0,0,0.0,0.0,0.0,0.0,0.0
1788520798464.0,17635,9.8,0.0,0,0,0,0.0,0.0,0.0,0.0,0.0
1788520798562.0,17640,9.8,0.0,0,0,0,0.0,0.0,0.0,0.0,0.0
1788520798652.0,17645,9.8,0.0,0,0,0,0.0,0.0,0.0,0.0,0.0
1788520798746.0,17650,9.8,0.0,0,0,0,0.0,0.0,0.0,0.0,0.0
1788520798839.0,17655,9.8,0.0,0,0,0,0.0,0.0,0.0,0.0,0.0
1788520798933.0,17660,9.8,0.0,0,0,0,0.0,0.0,0.0,0.0,0.0
1788520799029.0,17665,9.8,0.0,0,0,0,0.0,0.0,0.0,0.0,0.0
1788520799120.0,17670,9.8,0.0,0,0,0,0.0,0.0,0.0,0.0,0.0
1788520799213.0,17675,9.8,0.0,0,0,0,0.0,0.0,0.0,0.0,0.0
1788520799308.0,17680,9.8,0.0,0,0,0,0.0,0.0,0.0,0.0,0.0
1788520799402.0,17685,9.8,0.0,0,0,0,0.0,0.0,0.0,0.0,0.0
1788520799495.0,17690,9.8,0.0,0,0,0,0.0,0.0,0.0,0.0,0.0
1788520799589.0,17695,9.8,0.0,0,0,0,0.0,0.0,0.0,0.0,0.0
1788520799683.0,17700,9.8,0.0,0,0,0,0.0,0.0,0.0,0.0,0.0
1788520799777.0,17705,9.8,0.0,0,0,0,0.0,0.0,0.0,0.0,0.0
1788520799870.0,17710,9.8,0.0,0,0,0,0.0,0.0,0.0,0.0,0.0
1788520799963.0,17715,9.8,0.0,0,0,0,0.0,0.0,0.0,0.0,0.0
1788520800061.0,17720,9.8,0.0,0,0,0,0.0,0.0,0.0,0.0,0.0
1788520800150.0,17725,9.8,0.0,0,0,0,0.0,0.0,0.0,0.0,0.0
1788520800245.0,17730,9.8,0.0,0,0,0,0.0,0.0,0.0,0.0,0.0
1788520800338.0,17735,9.8,0.0,0,0,0,0.0,0.0,0.0,0.0,0.0
1788520800431.0,17740,9.8,0.0,0,0,0,0.0,0.0,0.0,0.0,0.0
1788520800529.0,17745,9.8,0.0,0,0,0,0.0,0.0,0.0,0.0,0.0
1788520800620.0,17750,9.8,0.0,0,0,0,0.0,0.0,0.0,0.0,0.0
1788520800712.0,17755,9.8,0.0,0,0,0,0.0,0.0,0.0,0.0,0.0
1788520800812.0,17760,9.8,0.0,0,0,0,0.0,0.0,0.0,0.0,0.0
1788520800900.0,17765,9.8,0.0,0,0,0,0.0,0.0,0.0,0.0,0.0
1788520800999.0,17770,9.8,0.0,0,0,0,0.0,0.0,0.0,0.0,0.0
1788520801089.0,17775,9.8,0.0,0,0,0,0.0,0.0,0.0,0.0,0.0
1788520801181.0,17780,9.8,0.0,0,0,0,0.0,0.0,0.0,0.0,0.0
1788520801275.0,17785,9.8,0.0,0,0,0,0.0,0.0,0.0,0.0,0.0
1788520801369.0,17790,9.8,0.0,0,0,0,0.0,0.0,0.0,0.0,0.0
1788520801462.0,17795,9.8,0.0,0,0,0,0.0,0.0,0.0,0.0,0.0
1788520801563.0,17800,9.8,0.0,0,0,0,0.0,0.0,0.0,0.0,0.0
1788520801650.0,17805,9.8,0.0,0,0,0,0.0,0.0,0.0,0.0,0.0
1788520801743.0,17810,9.8,0.0,0,0,0,0.0,0.0,0.0,0.0,0.0
1788520801836.0,17815,9.8,0.0,0,0,0,0.0,0.0,0.0,0.0,0.0
1788520801931.0,17820,9.8,0.0,0,0,0,0.0,0.0,0.0,0.0,0.0
1788520802024.0,17825,9.8,0.0,0,0,0,0.0,0.0,0.0,0.0,0.0
1788520802117.0,17830,9.8,0.0,0,0,0,0.0,0.0,0.0,0.0,0.0
1788520802211.0,17835,9.8,0.0,0,0,0,0.0,0.0,0.0,0.0,0.0
1788520802309.0,17840,9.8,0.0,0,0,0,0.0,0.0,0.0,0.0,0.0
1788520802398.0,17845,9.8,0.0,0,0,0,0.0,0.0,0.0,0.0,0.0
1788520802497.0,17850,9.8,0.0,0,0,0,0.0,0.0,0.0,0.0,0.0
1788520802587.0,17855,9.8,0.0,0,0,0,0.0,0.0,0.0,0.0,0.0
1788520802680.0,17860,9.8,0.0,0,0,0,0.0,0.0,0.0,0.0,0.0
1788520802780.0,17865,9.8,0.0,0,0,0,0.0,0.0,0.0,0.0,0.0
1788520802867.0,17870,9.8,0.0,0,0,0,0.0,0.0,0.0,0.0,0.0
1788520802961.0,17875,9.8,0.0,0,0,0,0.0,0.0,0.0,0.0,0.0
1788520803054.0,17880,9.8,0.0,0,0,0,0.0,0.0,0.0,0.0,0.0
1788520803147.0,17885,9.8,0.0,0,0,0,0.0,0.0,0.0,0.0,0.0
1788520803245.0,17890,9.8,0.0,0,0,0,0.0,0.0,0.0,0.0,0.0
1788520803336.0,17895,9.8,0.0,0,0,0,0.0,0.0,0.0,0.0,0.0
1788520803429.0,17900,9.8,0.0,0,0,0,0.0,0.0,0.0,0.0,0.0
1788520803523.0,17905,9.8,0.0,0,0,0,0.0,0.0,0.0,0.0,0.0
1788520803616.0,17910,9.8,0.0,0,0,0,0.0,0.0,0.0,0.0,0.0
1788520803713.0,17915,9.8,0.0,0,0,0,0.0,0.0,0.0,0.0,0.0
1788520803804.0,17920,9.8,0.0,0,0,0,0.0,0.0,0.0,0.0,0.0
1788520803898.0,17925,9.8,0.0,0,0,0,0.0,0.0,0.0,0.0,0.0
1788520803991.0,17930,9.8,0.0,0,0,0,0.0,0.0,0.0,0.0,0.0
1788520804085.0,17935,9.8,0.0,0,0,0,0.0,0.0,0.0,0.0,0.0
1788520804179.0,17940,9.8,0.0,0,0,0,0.0,0.0,0.0,0.0,0.0
1788520804272.0,17945,9.8,0.0,0,0,0,0.0,0.0,0.0,0.0,0.0
1788520804366.0,17950,9.8,0.0,0,0,0,0.0,0.0,0.0,0.0,0.0
1788520804462.0,17955,9.8,0.0,0,0,0,0.0,0.0,0.0,0.0,0.0
1788520804553.0,17960,9.8,0.0,0,0,0,0.0,0.0,0.0,0.0,0.0
1788520804647.0,17965,9.8,0.0,0,0,0,0.0,0.0,0.0,0.0,0.0
1788520804740.0,17970,9.8,0.0,0,0,0,0.0,0.0,0.0,0.0,0.0
1788520804835.0,17975,9.8,0.0,0,0,0,0.0,0.0,0.0,0.0,0.0
1788520804929.0,17980,9.8,0.0,0,0,0,0.0,0.0,0.0,0.0,0.0
1788520805022.0,17985,9.8,0.0,0,0,0,0.0,0.0,0.0,0.0,0.0
1788520805115.0,17990,9.8,0.0,0,0,0,0.0,0.0,0.0,0.0,0.0
1788520805209.0,17995,9.8,0.0,0,0,0,0.0,0.0,0.0,0.0,0.0
1788520805303.0,18000,9.8,0.0,0,0,0,0.0,0.0,0.0,0.0,0.0
1788520805395.0,18005,9.8,0.0,0,0,0,0.0,0.0,0.0,0.0,0.0
1788520805495.0,18010,9.8,0.0,0,0,0,0.0,0.0,0.0,0.0,0.0
1788520805584.0,18015,9.8,0.0,0,0,0,0.0,0.0,0.0,0.0,0.0
1788520805677.0,18020,9.8,0.0,0,0,0,0.0,0.0,0.0,0.0,0.0
1788520805771.0,18025,9.8,0.0,0,0,0,0.0,0.0,0.0,0.0,0.0
1788520805864.0,18030,9.8,0.0,0,0,0,0.0,0.0,0.0,0.0,0.0
1788520805960.0,18035,9.8,0.0,0,0,0,0.0,0.0,0.0,0.0,0.0
1788520806052.0,18040,9.8,0.0,0,0,0,0.0,0.0,0.0,0.0,0.0
1788520806145.0,18045,9.8,0.0,0,0,0,0.0,0.0,0.0,0.0,0.0
1788520806243.0,18050,9.8,0.0,0,0,0,0.0,0.0,0.0,0.0,0.0
1788520806333.0,18055,9.8,0.0,0,0,0,0.0,0.0,0.0,0.0,0.0
1788520806426.0,18060,9.8,0.0,0,0,0,0.0,0.0,0.0,0.0,0.0
1788520806520.0,18065,9.8,0.0,0,0,0,0.0,0.0,0.0,0.0,0.0
1788520806614.0,18070,9.8,0.0,0,0,0,0.0,0.0,0.0,0.0,0.0
1788520806712.0,18075,9.8,0.0,0,0,0,0.0,0.0,0.0,0.0,0.0
1788520806801.0,18080,9.8,0.0,0,0,0,0.0,0.0,0.0,0.0,0.0
1788520806895.0,18085,9.8,0.0,0,0,0,0.0,0.0,0.0,0.0,0.0
1788520806988.0,18090,9.8,0.0,0,0,0,0.0,0.0,0.0,0.0,0.0
1788520807082.0,18095,9.8,0.0,0,0,0,0.0,0.0,0.0,0.0,0.0
1788520807177.0,18100,9.8,0.0,0,0,0,0.0,0.0,0.0,0.0,0.0
1788520807270.0,18105,9.8,0.0,0,0,0,0.0,0.0,0.0,0.0,0.0
1788520807364.0,18110,9.8,0.0,0,0,0,0.0,0.0,0.0,0.0,0.0
1788520807464.0,18115,9.8,0.0,0,0,0,0.0,0.0,0.0,0.0,0.0
1788520807551.0,18120,9.8,0.0,0,0,0,0.0,0.0,0.0,0.0,0.0
1788520807645.0,18125,9.8,0.0,0,0,0,0.0,0.0,0.0,0.0,0.0
1788520807738.0,18130,9.8,0.0,0,0,0,0.0,0.0,0.0,0.0,0.0
1788520807831.0,18135,9.8,0.0,0,0,0,0.0,0.0,0.0,0.0,0.0
1788520807925.0,18140,9.8,0.0,0,0,0,0.0,0.0,0.0,0.0,0.0
1788520808019.0,18145,9.8,0.0,0,0,0,0.0,0.0,0.0,0.0,0.0
1788520808113.0,18150,9.8,0.0,0,0,0,0.0,0.0,0.0,0.0,0.0
1788520808214.0,18155,9.8,0.0,0,0,0,0.0,0.0,0.0,0.0,0.0
1788520808300.0,18160,9.8,0.0,0,0,0,0.0,0.0,0.0,0.0,0.0
1788520808396.0,18165,9.8,0.0,0,0,0,0.0,0.0,0.0,0.0,0.0
1788520808487.0,18170,9.8,0.0,0,0,0,0.0,0.0,0.0,0.0,0.0
1788520808581.0,18175,9.8,0.0,0,0,0,0.0,0.0,0.0,0.0,0.0
1788520808681.0,18180,9.8,0.0,0,0,0,0.0,0.0,0.0,0.0,0.0
1788520808768.0,18185,9.8,0.0,0,0,0,0.0,0.0,0.0,0.0,0.0
1788520808862.0,18190,9.8,0.0,0,0,0,0.0,0.0,0.0,0.0,0.0
1788520808955.0,18195,9.8,0.0,0,0,0,0.0,0.0,0.0,0.0,0.0
1788520809049.0,18200,9.8,0.0,0,0,0,0.0,0.0,0.0,0.0,0.0
1788520809145.0,18205,9.8,0.0,0,0,0,0.0,0.0,0.0,0.0,0.0
1788520809237.0,18210,9.8,0.0,0,0,0,0.0,0.0,0.0,0.0,0.0
1788520809331.0,18215,9.8,0.0,0,0,0,0.0,0.0,0.0,0.0,0.0
1788520809424.0,18220,9.8,0.0,0,0,0,0.0,0.0,0.0,0.0,0.0
1788520809518.0,18225,9.8,0.0,0,0,0,0.0,0.0,0.0,0.0,0.0
1788520809611.0,18230,9.8,0.0,0,0,0,0.0,0.0,0.0,0.0,0.0
1788520809705.0,18235,9.8,0.0,0,0,0,0.0,0.0,0.0,0.0,0.0
1788520809799.0,18240,9.8,0.0,0,0,0,0.0,0.0,0.0,0.0,0.0
1788520809892.0,18245,9.8,0.0,0,0,0,0.0,0.0,0.0,0.0,0.0
1788520809987.0,18250,9.8,0.0,0,0,0,0.0,0.0,0.0,0.0,0.0
1788520810080.0,18255,9.8,0.0,0,0,0,0.0,0.0,0.0,0.0,0.0
1788520810177.0,18260,9.8,0.0,0,0,0,0.0,0.0,0.0,0.0,0.0
1788520810267.0,18265,9.8,0.0,0,0,0,0.0,0.0,0.0,0.0,0.0
1788520810361.0,18270,9.8,0.0,0,0,0,0.0,0.0,0.0,0.0,0.0
1788520810455.0,18275,9.8,0.0,0,0,0,0.0,0.0,0.0,0.0,0.0
1788520810549.0,18280,9.8,0.0,0,0,0,0.0,0.0,0.0,0.0,0.0
1788520810645.0,18285,9.8,0.0,0,0,0,0.0,0.0,0.0,0.0,0.0
1788520810736.0,18290,9.8,0.0,0,0,0,0.0,0.0,0.0,0.0,0.0
1788520810831.0,18295,9.8,0.0,0,0,0,0.0,0.0,0.0,0.0,0.0
1788520810931.0,18300,9.8,0.0,0,0,0,0.0,0.0,0.0,0.0,0.0
1788520811016.0,18305,9.8,0.0,0,0,0,0.0,0.0,0.0,0.0,0.0
1788520811114.0,18310,9.8,0.0,0,0,0,0.0,0.0,0.0,0.0,0.0
1788520811204.0,18315,9.8,0.0,0,0,0,0.0,0.0,0.0,0.0,0.0
1788520811297.0,18320,9.8,0.0,0,0,0,0.0,0.0,0.0,0.0,0.0
1788520811397.0,18325,9.8,0.0,0,0,0,0.0,0.0,0.0,0.0,0.0
1788520811485.0,18330,9.8,0.0,0,0,0,0.0,0.0,0.0,0.0,0.0
1788520811578.0,18335,9.8,0.0,0,0,0,0.0,0.0,0.0,0.0,0.0
1788520811671.0,18340,9.8,0.0,0,0,0,0.0,0.0,0.0,0.0,0.0
1788520811765.0,18345,9.8,0.0,0,0,0,0.0,0.0,0.0,0.0,0.0
1788520811863.0,18350,9.8,0.0,0,0,0,0.0,0.0,0.0,0.0,0.0
1788520811952.0,18355,9.8,0.0,0,0,0,0.0,0.0,0.0,0.0,0.0
1788520812047.0,18360,9.8,0.0,0,0,0,0.0,0.0,0.0,0.0,0.0
1788520812143.0,18365,9.8,0.0,0,0,0,0.0,0.0,0.0,0.0,0.0
1788520812234.0,18370,9.8,0.0,0,0,0,0.0,0.0,0.0,0.0,0.0
1788520812328.0,18375,9.8,0.0,0,0,0,0.0,0.0,0.0,0.0,0.0
1788520812421.0,18380,9.8,0.0,0,0,0,0.0,0.0,0.0,0.0,0.0
1788520812515.0,18385,9.8,0.0,0,0,0,0.0,0.0,0.0,0.0,0.0
1788520812613.0,18390,9.8,0.0,0,0,0,0.0,0.0,0.0,0.0,0.0
1788520812702.0,18395,9.8,0.0,0,0,0,0.0,0.0,0.0,0.0,0.0
1788520812795.0,18400,9.8,0.0,0,0,0,0.0,0.0,0.0,0.0,0.0
1788520812892.0,18405,9.8,0.0,0,0,0,0.0,0.0,0.0,0.0,0.0
1788520812983.0,18410,9.8,0.0,0,0,0,0.0,0.0,0.0,0.0,0.0
1788520813076.0,18415,9.8,0.0,0,0,0,0.0,0.0,0.0,0.0,0.0
1788520813170.0,18420,9.8,0.0,0,0,0,0.0,0.0,0.0,0.0,0.0
1788520813263.0,18425,9.8,0.0,0,0,0,0.0,0.0,0.0,0.0,0.0
1788520813358.0,18430,9.8,0.0,0,0,0,0.0,0.0,0.0,0.0,0.0
1788520813451.0,18435,9.8,0.0,0,0,0,0.0,0.0,0.0,0.0,0.0
1788520813545.0,18440,9.8,0.0,0,0,0,0.0,0.0,0.0,0.0,0.0
1788520813638.0,18445,9.8,0.0,0,0,0,0.0,0.0,0.0,0.0,0.0
1788520813732.0,18450,9.8,0.0,0,0,0,0.0,0.0,0.0,0.0,0.0
1788520813829.0,18455,9.8,0.0,0,0,0,0.0,0.0,0.0,0.0,0.0
1788520813920.0,18460,9.8,0.0,0,0,0,0.0,0.0,0.0,0.0,0.0
1788520814013.0,18465,9.8,0.0,0,0,0,0.0,0.0,0.0,0.0,0.0
1788520814114.0,18470,9.8,0.0,0,0,0,0.0,0.0,0.0,0.0,0.0
1788520814201.0,18475,9.8,0.0,0,0,0,0.0,0.0,0.0,0.0,0.0
1788520814295.0,18480,9.8,0.0,0,0,0,0.0,0.0,0.0,0.0,0.0
1788520814388.0,18485,9.8,0.0,0,0,0,0.0,0.0,0.0,0.0,0.0
1788520814482.0,18490,9.8,0.0,0,0,0,0.0,0.0,0.0,0.0,0.0
1788520814579.0,18495,9.8,0.0,0,0,0,0.0,0.0,0.0,0.0,0.0
1788520814669.0,18500,9.8,0.0,0,0,0,0.0,0.0,0.0,0.0,0.0
1788520814762.0,18505,9.8,0.0,0,0,0,0.0,0.0,0.0,0.0,0.0
1788520814861.0,18510,9.8,0.0,0,0,0,0.0,0.0,0.0,0.0,0.0
1788520814949.0,18515,9.8,0.0,0,0,0,0.0,0.0,0.0,0.0,0.0
1788520815044.0,18520,9.8,0.0,0,0,0,0.0,0.0,0.0,0.0,0.0
1788520815137.0,18525,9.8,0.0,0,0,0,0.0,0.0,0.0,0.0,0.0
1788520815231.0,18530,9.8,0.0,0,0,0,0.0,0.0,0.0,0.0,0.0
1788520815324.0,18535,9.8,0.0,0,0,0,0.0,0.0,0.0,0.0,0.0
1788520815418.0,18540,9.8,0.0,0,0,0,0.0,0.0,0.0,0.0,0.0
1788520815512.0,18545,9.8,0.0,0,0,0,0.0,0.0,0.0,0.0,0.0
1788520815605.0,18550,9.8,0.0,0,0,0,0.0,0.0,0.0,0.0,0.0
1788520815699.0,18555,9.8,0.0,0,0,0,0.0,0.0,0.0,0.0,0.0
1788520815793.0,18560,9.8,0.0,0,0,0,0.0,0.0,0.0,0.0,0.0
1788520815889.0,18565,9.8,0.0,0,0,0,0.0,0.0,0.0,0.0,0.0
1788520815980.0,18570,9.8,0.0,0,0,0,0.0,0.0,0.0,0.0,0.0
1788520816077.0,18575,9.8,0.0,0,0,0,0.0,0.0,0.0,0.0,0.0
1788520816167.0,18580,9.8,0.0,0,0,0,0.0,0.0,0.0,0.0,0.0
1788520816260.0,18585,9.8,0.0,0,0,0,0.0,0.0,0.0,0.0,0.0
1788520816355.0,18590,9.8,0.0,0,0,0,0.0,0.0,0.0,0.0,0.0
1788520816449.0,18595,9.8,0.0,0,0,0,0.0,0.0,0.0,0.0,0.0
1788520816543.0,18600,9.8,0.0,0,0,0,0.0,0.0,0.0,0.0,0.0
1788520816636.0,18605,9.8,0.0,0,0,0,0.0,0.0,0.0,0.0,0.0
1788520816730.0,18610,9.8,0.0,0,0,0,0.0,0.0,0.0,0.0,0.0
1788520816822.0,18615,9.8,0.0,0,0,0,0.0,0.0,0.0,0.0,0.0
1788520816916.0,18620,9.8,0.0,0,0,0,0.0,0.0,0.0,0.0,0.0
1788520817012.0,18625,9.8,0.0,0,0,0,0.0,0.0,0.0,0.0,0.0
1788520817104.0,18630,9.8,0.0,0,0,0,0.0,0.0,0.0,0.0,0.0
1788520817197.0,18635,9.8,0.0,0,0,0,0.0,0.0,0.0,0.0,0.0
1788520817291.0,18640,9.8,0.0,0,0,0,0.0,0.0,0.0,0.0,0.0
1788520817386.0,18645,9.8,0.0,0,0,0,0.0,0.0,0.0,0.0,0.0
1788520817479.0,18650,9.8,0.0,0,0,0,0.0,0.0,0.0,0.0,0.0
1788520817572.0,18655,9.8,0.0,0,0,0,0.0,0.0,0.0,0.0,0.0
1788520817666.0,18660,9.8,0.0,0,0,0,0.0,0.0,0.0,0.0,0.0
1788520817762.0,18665,9.8,0.0,0,0,0,0.0,0.0,0.0,0.0,0.0
1788520817854.0,18670,9.8,0.0,0,0,0,0.0,0.0,0.0,0.0,0.0
1788520817946.0,18675,9.8,0.0,0,0,0,0.0,0.0,0.0,0.0,0.0
1788520818046.0,18680,9.8,0.0,0,0,0,0.0,0.0,0.0,0.0,0.0
1788520818134.0,18685,9.8,0.0,0,0,0,0.0,0.0,0.0,0.0,0.0
1788520818228.0,18690,9.8,0.0,0,0,0,0.0,0.0,0.0,0.0,0.0
1788520818321.0,18695,9.8,0.0,0,0,0,0.0,0.0,0.0,0.0,0.0
1788520818414.0,18700,9.8,0.0,0,0,0,0.0,0.0,0.0,0.0,0.0
1788520818513.0,18705,9.8,0.0,0,0,0,0.0,0.0,0.0,0.0,0.0
1788520818602.0,18710,9.8,0.0,0,0,0,0.0,0.0,0.0,0.0,0.0
1788520818696.0,18715,9.8,0.0,0,0,0,0.0,0.0,0.0,0.0,0.0
1788520818790.0,18720,9.8,0.0,0,0,0,0.0,0.0,0.0,0.0,0.0
1788520818884.0,18725,9.8,0.0,0,0,0,0.0,0.0,0.0,0.0,0.0
1788520818980.0,18730,9.8,0.0,0,0,0,0.0,0.0,0.0,0.0,0.0
1788520819071.0,18735,9.8,0.0,0,0,0,0.0,0.0,0.0,0.0,0.0
1788520819164.0,18740,9.8,0.0,0,0,0,0.0,0.0,0.0,0.0,0.0
1788520819257.0,18745,9.8,0.0,0,0,0,0.0,0.0,0.0,0.0,0.0
1788520819351.0,18750,9.8,0.0,0,0,0,0.0,0.0,0.0,0.0,0.0
1788520819445.0,18755,9.8,0.0,0,0,0,0.0,0.0,0.0,0.0,0.0
1788520819538.0,18760,9.8,0.0,0,0,0,0.0,0.0,0.0,0.0,0.0
1788520819632.0,18765,9.8,0.0,0,0,0,0.0,0.0,0.0,0.0,0.0
1788520819731.0,18770,9.8,0.0,0,0,0,0.0,0.0,0.0,0.0,0.0
1788520819820.0,18775,9.8,0.0,0,0,0,0.0,0.0,0.0,0.0,0.0
1788520819913.0,18780,9.8,0.0,0,0,0,0.0,0.0,0.0,0.0,0.0
1788520820008.0,18785,9.8,0.0,0,0,0,0.0,0.0,0.0,0.0,0.0
1788520820100.0,18790,9.8,0.0,0,0,0,0.0,0.0,0.0,0.0,0.0
1788520820194.0,18795,9.8,0.0,0,0,0,0.0,0.0,0.0,0.0,0.0
1788520820288.0,18800,9.8,0.0,0,0,0,0.0,0.0,0.0,0.0,0.0
1788520820381.0,18805,9.8,0.0,0,0,0,0.0,0.0,0.0,0.0,0.0
1788520820476.0,18810,9.8,0.0,0,0,0,0.0,0.0,0.0,0.0,0.0
1788520820569.0,18815,9.8,0.0,0,0,0,0.0,0.0,0.0,0.0,0.0
1788520820663.0,18820,9.8,0.0,0,0,0,0.0,0.0,0.0,0.0,0.0
1788520820756.0,18825,9.8,0.0,0,0,0,0.0,0.0,0.0,0.0,0.0
1788520820850.0,18830,9.8,0.0,0,0,0,0.0,0.0,0.0,0.0,0.0
1788520820945.0,18835,9.8,0.0,0,0,0,0.0,0.0,0.0,0.0,0.0
1788520821037.0,18840,9.8,0.0,0,0,0,0.0,0.0,0.0,0.0,0.0
1788520821136.0,18845,9.8,0.0,0,0,0,0.0,0.0,0.0,0.0,0.0
1788520821228.0,18850,9.8,0.0,0,0,0,0.0,0.0,0.0,0.0,0.0
1788520821318.0,18855,9.8,0.0,0,0,0,0.0,0.0,0.0,0.0,0.0
1788520821412.0,18860,9.8,0.0,0,0,0,0.0,0.0,0.0,0.0,0.0
1788520821505.0,18865,9.8,0.0,0,0,0,0.0,0.0,0.0,0.0,0.0
1788520821599.0,18870,9.8,0.0,0,0,0,0.0,0.0,0.0,0.0,0.0
1788520821696.0,18875,9.8,0.0,0,0,0,0.0,0.0,0.0,0.0,0.0
1788520821787.0,18880,9.8,0.0,0,0,0,0.0,0.0,0.0,0.0,0.0
1788520821881.0,18885,9.8,0.0,0,0,0,0.0,0.0,0.0,0.0,0.0
1788520821974.0,18890,9.8,0.0,0,0,0,0.0,0.0,0.0,0.0,0.0
1788520822067.0,18895,9.8,0.0,0,0,0,0.0,0.0,0.0,0.0,0.0
1788520822161.0,18900,9.8,0.0,0,0,0,0.0,0.0,0.0,0.0,0.0
1788520822254.0,18905,9.8,0.0,0,0,0,0.0,0.0,0.0,0.0,0.0
1788520822349.0,18910,9.8,0.0,0,0,0,0.0,0.0,0.0,0.0,0.0
1788520822442.0,18915,9.8,0.0,0,0,0,0.0,0.0,0.0,0.0,0.0
1788520822536.0,18920,9.8,0.0,0,0,0,0.0,0.0,0.0,0.0,0.0
1788520822629.0,18925,9.8,0.0,0,0,0,0.0,0.0,0.0,0.0,0.0
1788520822728.0,18930,9.8,0.0,0,0,0,0.0,0.0,0.0,0.0,0.0
1788520822817.0,18935,9.8,0.0,0,0,0,0.0,0.0,0.0,0.0,0.0
1788520822910.0,18940,9.8,0.0,0,0,0,0.0,0.0,0.0,0.0,0.0
1788520823004.0,18945,9.8,0.0,0,0,0,0.0,0.0,0.0,0.0,0.0
1788520823098.0,18950,9.8,0.0,0,0,0,0.0,0.0,0.0,0.0,0.0
1788520823194.0,18955,9.8,0.0,0,0,0,0.0,0.0,0.0,0.0,0.0
1788520823287.0,18960,9.8,0.0,0,0,0,0.0,0.0,0.0,0.0,0.0
1788520823378.0,18965,9.8,0.0,0,0,0,0.0,0.0,0.0,0.0,0.0
1788520823473.0,18970,9.8,0.0,0,0,0,0.0,0.0,0.0,0.0,0.0
1788520823566.0,18975,9.8,0.0,0,0,0,0.0,0.0,0.0,0.0,0.0
1788520823659.0,18980,9.8,0.0,0,0,0,0.0,0.0,0.0,0.0,0.0
1788520823753.0,18985,9.8,0.0,0,0,0,0.0,0.0,0.0,0.0,0.0
1788520823847.0,18990,9.8,0.0,0,0,0,0.0,0.0,0.0,0.0,0.0
1788520823941.0,18995,9.8,0.0,0,0,0,0.0,0.0,0.0,0.0,0.0
1788520824034.0,19000,9.8,0.0,0,0,0,0.0,0.0,0.0,0.0,0.0
1788520824128.0,19005,9.8,0.0,0,0,0,0.0,0.0,0.0,0.0,0.0
1788520824221.0,19010,9.8,0.0,0,0,0,0.0,0.0,0.0,0.0,0.0
1788520824315.0,19015,9.8,0.0,0,0,0,0.0,0.0,0.0,0.0,0.0
1788520824412.0,19020,9.8,0.0,0,0,0,0.0,0.0,0.0,0.0,0.0
1788520824503.0,19025,9.8,0.0,0,0,0,0.0,0.0,0.0,0.0,0.0
1788520824597.0,19030,9.8,0.0,0,0,0,0.0,0.0,0.0,0.0,0.0
1788520824696.0,19035,9.8,0.0,0,0,0,0.0,0.0,0.0,0.0,0.0
1788520824784.0,19040,9.8,0.0,0,0,0,0.0,0.0,0.0,0.0,0.0
1788520824881.0,19045,9.8,0.0,0,0,0,0.0,0.0,0.0,0.0,0.0
1788520824971.0,19050,9.8,0.0,0,0,0,0.0,0.0,0.0,0.0,0.0
1788520825065.0,19055,9.8,0.0,0,0,0,0.0,0.0,0.0,0.0,0.0
1788520825160.0,19060,9.8,0.0,0,0,0,0.0,0.0,0.0,0.0,0.0
1788520825252.0,19065,9.8,0.0,0,0,0,0.0,0.0,0.0,0.0,0.0
1788520825345.0,19070,9.8,0.0,0,0,0,0.0,0.0,0.0,0.0,0.0
1788520825439.0,19075,9.8,0.0,0,0,0,0.0,0.0,0.0,0.0,0.0
1788520825533.0,19080,9.8,0.0,0,0,0,0.0,0.0,0.0,0.0,0.0
1788520825626.0,19085,9.8,0.0,0,0,0,0.0,0.0,0.0,0.0,0.0
1788520825720.0,19090,9.8,0.0,0,0,0,0.0,0.0,0.0,0.0,0.0
1788520825814.0,19095,9.8,0.0,0,0,0,0.0,0.0,0.0,0.0,0.0
1788520825915.0,19100,9.8,0.0,0,0,0,0.0,0.0,0.0,0.0,0.0
1788520826001.0,19105,9.8,0.0,0,0,0,0.0,0.0,0.0,0.0,0.0
1788520826094.0,19110,9.8,0.0,0,0,0,0.0,0.0,0.0,0.0,0.0
1788520826188.0,19115,9.8,0.0,0,0,0,0.0,0.0,0.0,0.0,0.0
1788520826281.0,19120,9.8,0.0,0,0,0,0.0,0.0,0.0,0.0,0.0
1788520826379.0,19125,9.8,0.0,0,0,0,0.0,0.0,0.0,0.0,0.0
1788520826470.0,19130,9.8,0.0,0,0,0,0.0,0.0,0.0,0.0,0.0
1788520826563.0,19135,9.8,0.0,0,0,0,0.0,0.0,0.0,0.0,0.0
1788520826656.0,19140,9.8,0.0,0,0,0,0.0,0.0,0.0,0.0,0.0
1788520826750.0,19145,9.8,0.0,0,0,0,0.0,0.0,0.0,0.0,0.0
1788520826845.0,19150,9.8,0.0,0,0,0,0.0,0.0,0.0,0.0,0.0
1788520826937.0,19155,9.8,0.0,0,0,0,0.0,0.0,0.0,0.0,0.0
1788520827031.0,19160,9.8,0.0,0,0,0,0.0,0.0,0.0,0.0,0.0
1788520827127.0,19165,9.8,0.0,0,0,0,0.0,0.0,0.0,0.0,0.0
1788520827218.0,19170,9.8,0.0,0,0,0,0.0,0.0,0.0,0.0,0.0
1788520827312.0,19175,9.8,0.0,0,0,0,0.0,0.0,0.0,0.0,0.0
1788520827410.0,19180,9.8,0.0,0,0,0,0.0,0.0,0.0,0.0,0.0
1788520827499.0,19185,9.8,0.0,0,0,0,0.0,0.0,0.0,0.0,0.0
1788520827598.0,19190,9.8,0.0,0,0,0,0.0,0.0,0.0,0.0,0.0
1788520827686.0,19195,9.8,0.0,0,0,0,0.0,0.0,0.0,0.0,0.0
1788520827781.0,19200,9.8,0.0,0,0,0,0.0,0.0,0.0,0.0,0.0
1788520827879.0,19205,9.8,0.0,0,0,0,0.0,0.0,0.0,0.0,0.0
1788520827967.0,19210,9.8,0.0,0,0,0,0.0,0.0,0.0,0.0,0.0
1788520828061.0,19215,9.8,0.0,0,0,0,0.0,0.0,0.0,0.0,0.0
1788520828154.0,19220,9.8,0.0,0,0,0,0.0,0.0,0.0,0.0,0.0
1788520828248.0,19225,9.8,0.0,0,0,0,0.0,0.0,0.0,0.0,0.0
1788520828344.0,19230,9.8,0.0,0,0,0,0.0,0.0,0.0,0.0,0.0
1788520828436.0,19235,9.8,0.0,0,0,0,0.0,0.0,0.0,0.0,0.0
1788520828530.0,19240,9.8,0.0,0,0,0,0.0,0.0,0.0,0.0,0.0
1788520828623.0,19245,9.8,0.0,0,0,0,0.0,0.0,0.0,0.0,0.0
1788520828717.0,19250,9.8,0.0,0,0,0,0.0,0.0,0.0,0.0,0.0
1788520828814.0,19255,9.8,0.0,0,0,0,0.0,0.0,0.0,0.0,0.0
1788520828904.0,19260,9.8,0.0,0,0,0,0.0,0.0,0.0,0.0,0.0
1788520828998.0,19265,9.8,0.0,0,0,0,0.0,0.0,0.0,0.0,0.0
1788520829096.0,19270,9.8,0.0,0,0,0,0.0,0.0,0.0,0.0,0.0
1788520829184.0,19275,9.8,0.0,0,0,0,0.0,0.0,0.0,0.0,0.0
1788520829279.0,19280,9.8,0.0,0,0,0,0.0,0.0,0.0,0.0,0.0
1788520829374.0,19285,9.8,0.0,0,0,0,0.0,0.0,0.0,0.0,0.0
1788520829466.0,19290,9.8,0.0,0,0,0,0.0,0.0,0.0,0.0,0.0
1788520829563.0,19295,9.8,0.0,0,0,0,0.0,0.0,0.0,0.0,0.0
1788520829653.0,19300,9.8,0.0,0,0,0,0.0,0.0,0.0,0.0,0.0
1788520829747.0,19305,9.8,0.0,0,0,0,0.0,0.0,0.0,0.0,0.0
1788520829845.0,19310,9.8,0.0,0,0,0,0.0,0.0,0.0,0.0,0.0
1788520829935.0,19315,9.8,0.0,0,0,0,0.0,0.0,0.0,0.0,0.0
1788520830027.0,19320,9.8,0.0,0,0,0,0.0,0.0,0.0,0.0,0.0
1788520830126.0,19325,9.8,0.0,0,0,0,0.0,0.0,0.0,0.0,0.0
1788520830215.0,19330,9.8,0.0,0,0,0,0.0,0.0,0.0,0.0,0.0
1788520830309.0,19335,9.8,0.0,0,0,0,0.0,0.0,0.0,0.0,0.0
1788520830402.0,19340,9.8,0.0,0,0,0,0.0,0.0,0.0,0.0,0.0
1788520830497.0,19345,9.8,0.0,0,0,0,0.0,0.0,0.0,0.0,0.0
1788520830589.0,19350,9.8,0.0,0,0,0,0.0,0.0,0.0,0.0,0.0
1788520830684.0,19355,9.8,0.0,0,0,0,0.0,0.0,0.0,0.0,0.0
1788520830777.0,19360,9.8,0.0,0,0,0,0.0,0.0,0.0,0.0,0.0
1788520830871.0,19365,9.8,0.0,0,0,0,0.0,0.0,0.0,0.0,0.0
1788520830965.0,19370,9.8,0.0,0,0,0,0.0,0.0,0.0,0.0,0.0
1788520831061.0,19375,9.8,0.0,0,0,0,0.0,0.0,0.0,0.0,0.0
1788520831151.0,19380,9.8,0.0,0,0,0,0.0,0.0,0.0,0.0,0.0
1788520831245.0,19385,9.8,0.0,0,0,0,0.0,0.0,0.0,0.0,0.0
1788520831345.0,19390,9.8,0.0,0,0,0,0.0,0.0,0.0,0.0,0.0
1788520831433.0,19395,9.8,0.0,0,0,0,0.0,0.0,0.0,0.0,0.0
1788520831529.0,19400,9.8,0.0,0,0,0,0.0,0.0,0.0,0.0,0.0
1788520831621.0,19405,9.8,0.0,0,0,0,0.0,0.0,0.0,0.0,0.0
1788520831714.0,19410,9.8,0.0,0,0,0,0.0,0.0,0.0,0.0,0.0
1788520831808.0,19415,9.8,0.0,0,0,0,0.0,0.0,0.0,0.0,0.0
1788520831902.0,19420,9.8,0.0,0,0,0,0.0,0.0,0.0,0.0,0.0
1788520831998.0,19425,9.8,0.0,0,0,0,0.0,0.0,0.0,0.0,0.0
1788520832088.0,19430,9.8,0.0,0,0,0,0.0,0.0,0.0,0.0,0.0
1788520832181.0,19435,9.8,0.0,0,0,0,0.0,0.0,0.0,0.0,0.0
1788520832277.0,19440,9.8,0.0,0,0,0,0.0,0.0,0.0,0.0,0.0
1788520832370.0,19445,9.8,0.0,0,0,0,0.0,0.0,0.0,0.0,0.0
1788520832463.0,19450,9.8,0.0,0,0,0,0.0,0.0,0.0,0.0,0.0
1788520832563.0,19455,9.8,0.0,0,0,0,0.0,0.0,0.0,0.0,0.0
1788520832650.0,19460,9.8,0.0,0,0,0,0.0,0.0,0.0,0.0,0.0
1788520832744.0,19465,9.8,0.0,0,0,0,0.0,0.0,0.0,0.0,0.0
1788520832838.0,19470,9.8,0.0,0,0,0,0.0,0.0,0.0,0.0,0.0
1788520832931.0,19475,9.8,0.0,0,0,0,0.0,0.0,0.0,0.0,0.0
1788520833028.0,19480,9.8,0.0,0,0,0,0.0,0.0,0.0,0.0,0.0
1788520833119.0,19485,9.8,0.0,0,0,0,0.0,0.0,0.0,0.0,0.0
1788520833212.0,19490,9.8,0.0,0,0,0,0.0,0.0,0.0,0.0,0.0
1788520833308.0,19495,9.8,0.0,0,0,0,0.0,0.0,0.0,0.0,0.0
1788520833400.0,19500,9.8,0.0,0,0,0,0.0,0.0,0.0,0.0,0.0
1788520833493.0,19505,9.8,0.0,0,0,0,0.0,0.0,0.0,0.0,0.0
1788520833587.0,19510,9.8,0.0,0,0,0,0.0,0.0,0.0,0.0,0.0
1788520833681.0,19515,9.8,0.0,0,0,0,0.0,0.0,0.0,0.0,0.0
1788520833774.0,19520,9.8,0.0,0,0,0,0.0,0.0,0.0,0.0,0.0
1788520833868.0,19525,9.8,0.0,0,0,0,0.0,0.0,0.0,0.0,0.0
1788520833961.0,19530,9.8,0.0,0,0,0,0.0,0.0,0.0,0.0,0.0
1788520834055.0,19535,9.8,0.0,0,0,0,0.0,0.0,0.0,0.0,0.0
1788520834149.0,19540,9.8,0.0,0,0,0,0.0,0.0,0.0,0.0,0.0
1788520834243.0,19545,9.8,0.0,0,0,0,0.0,0.0,0.0,0.0,0.0
1788520834336.0,19550,9.8,0.0,0,0,0,0.0,0.0,0.0,0.0,0.0
1788520834430.0,19555,9.8,0.0,0,0,0,0.0,0.0,0.0,0.0,0.0
1788520834530.0,19560,9.8,0.0,0,0,0,0.0,0.0,0.0,0.0,0.0
1788520834617.0,19565,9.8,0.0,0,0,0,0.0,0.0,0.0,0.0,0.0
1788520834711.0,19570,9.8,0.0,0,0,0,0.0,0.0,0.0,0.0,0.0
1788520834807.0,19575,9.8,0.0,0,0,0,0.0,0.0,0.0,0.0,0.0
1788520834899.0,19580,9.8,0.0,0,0,0,0.0,0.0,0.0,0.0,0.0
1788520834993.0,19585,9.8,0.0,0,0,0,0.0,0.0,0.0,0.0,0.0
1788520835086.0,19590,9.8,0.0,0,0,0,0.0,0.0,0.0,0.0,0.0
1788520835179.0,19595,9.8,0.0,0,0,0,0.0,0.0,0.0,0.0,0.0
1788520835273.0,19600,9.8,0.0,0,0,0,0.0,0.0,0.0,0.0,0.0
1788520835367.0,19605,9.8,0.0,0,0,0,0.0,0.0,0.0,0.0,0.0
1788520835461.0,19610,9.8,0.0,0,0,0,0.0,0.0,0.0,0.0,0.0
1788520835554.0,19615,9.8,0.0,0,0,0,0.0,0.0,0.0,0.0,0.0
1788520835647.0,19620,9.8,0.0,0,0,0,0.0,0.0,0.0,0.0,0.0
1788520835741.0,19625,9.8,0.0,0,0,0,0.0,0.0,0.0,0.0,0.0
1788520835835.0,19630,9.8,0.0,0,0,0,0.0,0.0,0.0,0.0,0.0
1788520835928.0,19635,9.8,0.0,0,0,0,0.0,0.0,0.0,0.0,0.0
1788520836023.0,19640,9.8,0.0,0,0,0,0.0,0.0,0.0,0.0,0.0
1788520836116.0,19645,9.8,0.0,0,0,0,0.0,0.0,0.0,0.0,0.0
1788520836212.0,19650,9.8,0.0,0,0,0,0.0,0.0,0.0,0.0,0.0
1788520836303.0,19655,9.8,0.0,0,0,0,0.0,0.0,0.0,0.0,0.0
1788520836397.0,19660,9.8,0.0,0,0,0,0.0,0.0,0.0,0.0,0.0
1788520836491.0,19665,9.8,0.0,0,0,0,0.0,0.0,0.0,0.0,0.0
1788520836584.0,19670,9.8,0.0,0,0,0,0.0,0.0,0.0,0.0,0.0
1788520836678.0,19675,9.8,0.0,0,0,0,0.0,0.0,0.0,0.0,0.0
1788520836772.0,19680,9.8,0.0,0,0,0,0.0,0.0,0.0,0.0,0.0
1788520836865.0,19685,9.8,0.0,0,0,0,0.0,0.0,0.0,0.0,0.0
1788520836959.0,19690,9.8,0.0,0,0,0,0.0,0.0,0.0,0.0,0.0
1788520837053.0,19695,9.8,0.0,0,0,0,0.0,0.0,0.0,0.0,0.0
1788520837148.0,19700,9.8,0.0,0,0,0,0.0,0.0,0.0,0.0,0.0
1788520837246.0,19705,9.8,0.0,0,0,0,0.0,0.0,0.0,0.0,0.0
1788520837334.0,19710,9.8,0.0,0,0,0,0.0,0.0,0.0,0.0,0.0
1788520837429.0,19715,9.8,0.0,0,0,0,0.0,0.0,0.0,0.0,0.0
1788520837521.0,19720,9.8,0.0,0,0,0,0.0,0.0,0.0,0.0,0.0
1788520837614.0,19725,9.8,0.0,0,0,0,0.0,0.0,0.0,0.0,0.0
1788520837714.0,19730,9.8,0.0,0,0,0,0.0,0.0,0.0,0.0,0.0
1788520837803.0,19735,9.8,0.0,0,0,0,0.0,0.0,0.0,0.0,0.0
1788520837896.0,19740,9.8,0.0,0,0,0,0.0,0.0,0.0,0.0,0.0
1788520837989.0,19745,9.8,0.0,0,0,0,0.0,0.0,0.0,0.0,0.0
1788520838082.0,19750,9.8,0.0,0,0,0,0.0,0.0,0.0,0.0,0.0
1788520838176.0,19755,9.8,0.0,0,0,0,0.0,0.0,0.0,0.0,0.0
1788520838270.0,19760,9.8,0.0,0,0,0,0.0,0.0,0.0,0.0,0.0
1788520838364.0,19765,9.8,0.0,0,0,0,0.0,0.0,0.0,0.0,0.0
1788520838462.0,19770,9.8,0.0,0,0,0,0.0,0.0,0.0,0.0,0.0
1788520838551.0,19775,9.8,0.0,0,0,0,0.0,0.0,0.0,0.0,0.0
1788520838647.0,19780,9.8,0.0,0,0,0,0.0,0.0,0.0,0.0,0.0
1788520838738.0,19785,9.8,0.0,0,0,0,0.0,0.0,0.0,0.0,0.0
1788520838834.0,19790,9.8,0.0,0,0,0,0.0,0.0,0.0,0.0,0.0
1788520838930.0,19795,9.8,0.0,0,0,0,0.0,0.0,0.0,0.0,0.0
1788520839019.0,19800,9.8,0.0,0,0,0,0.0,0.0,0.0,0.0,0.0
1788520839116.0,19805,9.8,0.0,0,0,0,0.0,0.0,0.0,0.0,0.0
1788520839209.0,19810,9.8,0.0,0,0,0,0.0,0.0,0.0,0.0,0.0
1788520839300.0,19815,9.8,0.0,0,0,0,0.0,0.0,0.0,0.0,0.0
1788520839394.0,19820,9.8,0.0,0,0,0,0.0,0.0,0.0,0.0,0.0
1788520839487.0,19825,9.8,0.0,0,0,0,0.0,0.0,0.0,0.0,0.0
1788520839581.0,19830,9.8,0.0,0,0,0,0.0,0.0,0.0,0.0,0.0
1788520839679.0,19835,9.8,0.0,0,0,0,0.0,0.0,0.0,0.0,0.0
1788520839769.0,19840,9.8,0.0,0,0,0,0.0,0.0,0.0,0.0,0.0
1788520839863.0,19845,9.8,0.0,0,0,0,0.0,0.0,0.0,0.0,0.0
1788520839956.0,19850,9.8,0.0,0,0,0,0.0,0.0,0.0,0.0,0.0
1788520840050.0,19855,9.8,0.0,0,0,0,0.0,0.0,0.0,0.0,0.0
1788520840144.0,19860,9.8,0.0,0,0,0,0.0,0.0,0.0,0.0,0.0
1788520840237.0,19865,9.8,0.0,0,0,0,0.0,0.0,0.0,0.0,0.0
1788520840331.0,19870,9.8,0.0,0,0,0,0.0,0.0,0.0,0.0,0.0
1788520840425.0,19875,9.8,0.0,0,0,0,0.0,0.0,0.0,0.0,0.0
1788520840519.0,19880,9.8,0.0,0,0,0,0.0,0.0,0.0,0.0,0.0
1788520840611.0,19885,9.8,0.0,0,0,0,0.0,0.0,0.0,0.0,0.0
1788520840705.0,19890,9.8,0.0,0,0,0,0.0,0.0,0.0,0.0,0.0
1788520840799.0,19895,9.8,0.0,0,0,0,0.0,0.0,0.0,0.0,0.0
1788520840896.0,19900,9.8,0.0,0,0,0,0.0,0.0,0.0,0.0,0.0
1788520840986.0,19905,9.8,0.0,0,0,0,0.0,0.0,0.0,0.0,0.0
1788520841080.0,19910,9.8,0.0,0,0,0,0.0,0.0,0.0,0.0,0.0
1788520841178.0,19915,9.8,0.0,0,0,0,0.0,0.0,0.0,0.0,0.0
1788520841267.0,19920,9.8,0.0,0,0,0,0.0,0.0,0.0,0.0,0.0
1788520841363.0,19925,9.8,0.0,0,0,0,0.0,0.0,0.0,0.0,0.0
1788520841454.0,19930,9.8,0.0,0,0,0,0.0,0.0,0.0,0.0,0.0
1788520841548.0,19935,9.8,0.0,0,0,0,0.0,0.0,0.0,0.0,0.0
1788520841645.0,19940,9.8,0.0,0,0,0,0.0,0.0,0.0,0.0,0.0
1788520841735.0,19945,9.8,0.0,0,0,0,0.0,0.0,0.0,0.0,0.0
1788520841830.0,19950,9.8,0.0,0,0,0,0.0,0.0,0.0,0.0,0.0
1788520841923.0,19955,9.8,0.0,0,0,0,0.0,0.0,0.0,0.0,0.0
1788520842016.0,19960,9.8,0.0,0,0,0,0.0,0.0,0.0,0.0,0.0
1788520842118.0,19965,9.8,0.0,0,0,0,0.0,0.0,0.0,0.0,0.0
1788520842205.0,19970,9.8,0.0,0,0,0,0.0,0.0,0.0,0.0,0.0
1788520842298.0,19975,9.8,0.0,0,0,0,0.0,0.0,0.0,0.0,0.0
1788520842391.0,19980,9.8,0.0,0,0,0,0.0,0.0,0.0,0.0,0.0
1788520842485.0,19985,9.8,0.0,0,0,0,0.0,0.0,0.0,0.0,0.0
1788520842579.0,19990,9.8,0.0,0,0,0,0.0,0.0,0.0,0.0,0.0
1788520842673.0,19995,9.8,0.0,0,0,0,0.0,0.0,0.0,0.0,0.0
1788520842765.0,20000,9.8,0.0,0,0,0,0.0,0.0,0.0,0.0,0.0
1788520842862.0,20005,9.8,0.0,0,0,0,0.0,0.0,0.0,0.0,0.0
1788520842953.0,20010,9.8,0.0,0,0,0,0.0,0.0,0.0,0.0,0.0
1788520843046.0,20015,9.8,0.0,0,0,0,0.0,0.0,0.0,0.0,0.0
1788520843144.0,20020,9.8,0.0,0,0,0,0.0,0.0,0.0,0.0,0.0
1788520843235.0,20025,9.8,0.0,0,0,0,0.0,0.0,0.0,0.0,0.0
1788520843327.0,20030,9.8,0.0,0,0,0,0.0,0.0,0.0,0.0,0.0
1788520843421.0,20035,9.8,0.0,0,0,0,0.0,0.0,0.0,0.0,0.0
1788520843515.0,20040,9.8,0.0,0,0,0,0.0,0.0,0.0,0.0,0.0
1788520843609.0,20045,9.8,0.0,0,0,0,0.0,0.0,0.0,0.0,0.0
1788520843703.0,20050,9.8,0.0,0,0,0,0.0,0.0,0.0,0.0,0.0
1788520843796.0,20055,9.8,0.0,0,0,0,0.0,0.0,0.0,0.0,0.0
1788520843890.0,20060,9.8,0.0,0,0,0,0.0,0.0,0.0,0.0,0.0
1788520843983.0,20065,9.8,0.0,0,0,0,0.0,0.0,0.0,0.0,0.0
1788520844079.0,20070,9.8,0.0,0,0,0,0.0,0.0,0.0,0.0,0.0
1788520844170.0,20075,9.8,0.0,0,0,0,0.0,0.0,0.0,0.0,0.0
1788520844263.0,20080,9.8,0.0,0,0,0,0.0,0.0,0.0,0.0,0.0
1788520844358.0,20085,9.8,0.0,0,0,0,0.0,0.0,0.0,0.0,0.0
1788520844452.0,20090,9.8,0.0,0,0,0,0.0,0.0,0.0,0.0,0.0
1788520844545.0,20095,9.8,0.0,0,0,0,0.0,0.0,0.0,0.0,0.0
1788520844639.0,20100,9.8,0.0,0,0,0,0.0,0.0,0.0,0.0,0.0
1788520844733.0,20105,9.8,0.0,0,0,0,0.0,0.0,0.0,0.0,0.0
1788520844830.0,20110,9.8,0.0,0,0,0,0.0,0.0,0.0,0.0,0.0
1788520844920.0,20115,9.8,0.0,0,0,0,0.0,0.0,0.0,0.0,0.0
1788520845013.0,20120,9.8,0.0,0,0,0,0.0,0.0,0.0,0.0,0.0
1788520845108.0,20125,9.8,0.0,0,0,0,0.0,0.0,0.0,0.0,0.0
1788520845200.0,20130,9.8,0.0,0,0,0,0.0,0.0,0.0,0.0,0.0
1788520845294.0,20135,9.8,0.0,0,0,0,0.0,0.0,0.0,0.0,0.0
1788520845388.0,20140,9.8,0.0,0,0,0,0.0,0.0,0.0,0.0,0.0
1788520845482.0,20145,9.8,0.0,0,0,0,0.0,0.0,0.0,0.0,0.0
1788520845578.0,20150,9.8,0.0,0,0,0,0.0,0.0,0.0,0.0,0.0
1788520845668.0,20155,9.8,0.0,0,0,0,0.0,0.0,0.0,0.0,0.0
1788520845762.0,20160,9.8,0.0,0,0,0,0.0,0.0,0.0,0.0,0.0
1788520845856.0,20165,9.8,0.0,0,0,0,0.0,0.0,0.0,0.0,0.0
1788520845951.0,20170,9.8,0.0,0,0,0,0.0,0.0,0.0,0.0,0.0
1788520846046.0,20175,9.8,0.0,0,0,0,0.0,0.0,0.0,0.0,0.0
1788520846137.0,20180,9.8,0.0,0,0,0,0.0,0.0,0.0,0.0,0.0
1788520846231.0,20185,9.8,0.0,0,0,0,0.0,0.0,0.0,0.0,0.0
1788520846329.0,20190,9.8,0.0,0,0,0,0.0,0.0,0.0,0.0,0.0
1788520846418.0,20195,9.8,0.0,0,0,0,0.0,0.0,0.0,0.0,0.0
1788520846513.0,20200,9.8,0.0,0,0,0,0.0,0.0,0.0,0.0,0.0
1788520846606.0,20205,9.8,0.0,0,0,0,0.0,0.0,0.0,0.0,0.0
1788520846700.0,20210,9.8,0.0,0,0,0,0.0,0.0,0.0,0.0,0.0
1788520846793.0,20215,9.8,0.0,0,0,0,0.0,0.0,0.0,0.0,0.0
1788520846887.0,20220,9.8,0.0,0,0,0,0.0,0.0,0.0,0.0,0.0
1788520846980.0,20225,9.8,0.0,0,0,0,0.0,0.0,0.0,0.0,0.0
1788520847079.0,20230,9.8,0.0,0,0,0,0.0,0.0,0.0,0.0,0.0
1788520847167.0,20235,9.8,0.0,0,0,0,0.0,0.0,0.0,0.0,0.0
1788520847260.0,20240,9.8,0.0,0,0,0,0.0,0.0,0.0,0.0,0.0
1788520847355.0,20245,9.8,0.0,0,0,0,0.0,0.0,0.0,0.0,0.0
1788520847448.0,20250,9.8,0.0,0,0,0,0.0,0.0,0.0,0.0,0.0
1788520847544.0,20255,9.8,0.0,0,0,0,0.0,0.0,0.0,0.0,0.0
1788520847635.0,20260,9.8,0.0,0,0,0,0.0,0.0,0.0,0.0,0.0
1788520847729.0,20265,9.8,0.0,0,0,0,0.0,0.0,0.0,0.0,0.0
1788520847822.0,20270,9.8,0.0,0,0,0,0.0,0.0,0.0,0.0,0.0
1788520847916.0,20275,9.8,0.0,0,0,0,0.0,0.0,0.0,0.0,0.0
1788520848009.0,20280,9.8,0.0,0,0,0,0.0,0.0,0.0,0.0,0.0
1788520848104.0,20285,9.8,0.0,0,0,0,0.0,0.0,0.0,0.0,0.0
1788520848197.0,20290,9.8,0.0,0,0,0,0.0,0.0,0.0,0.0,0.0
1788520848292.0,20295,9.8,0.0,0,0,0,0.0,0.0,0.0,0.0,0.0
1788520848385.0,20300,9.8,0.0,0,0,0,0.0,0.0,0.0,0.0,0.0
1788520848478.0,20305,9.8,0.0,0,0,0,0.0,0.0,0.0,0.0,0.0
1788520848571.0,20310,9.8,0.0,0,0,0,0.0,0.0,0.0,0.0,0.0
1788520848665.0,20315,9.8,0.0,0,0,0,0.0,0.0,0.0,0.0,0.0
1788520848764.0,20320,9.8,0.0,0,0,0,0.0,0.0,0.0,0.0,0.0
1788520848853.0,20325,9.8,0.0,0,0,0,0.0,0.0,0.0,0.0,0.0
1788520848947.0,20330,9.8,0.0,0,0,0,0.0,0.0,0.0,0.0,0.0
1788520849045.0,20335,9.8,0.0,0,0,0,0.0,0.0,0.0,0.0,0.0
1788520849134.0,20340,9.8,0.0,0,0,0,0.0,0.0,0.0,0.0,0.0
1788520849228.0,20345,9.8,0.0,0,0,0,0.0,0.0,0.0,0.0,0.0
1788520849322.0,20350,9.8,0.0,0,0,0,0.0,0.0,0.0,0.0,0.0
1788520849414.0,20355,9.8,0.0,0,0,0,0.0,0.0,0.0,0.0,0.0
1788520849512.0,20360,9.8,0.0,0,0,0,0.0,0.0,0.0,0.0,0.0
1788520849603.0,20365,9.8,0.0,0,0,0,0.0,0.0,0.0,0.0,0.0
1788520849696.0,20370,9.8,0.0,0,0,0,0.0,0.0,0.0,0.0,0.0
1788520849790.0,20375,9.8,0.0,0,0,0,0.0,0.0,0.0,0.0,0.0
1788520849883.0,20380,9.8,0.0,0,0,0,0.0,0.0,0.0,0.0,0.0
1788520849976.0,20385,9.8,0.0,0,0,0,0.0,0.0,0.0,0.0,0.0
1788520850070.0,20390,9.8,0.0,0,0,0,0.0,0.0,0.0,0.0,0.0
1788520850164.0,20395,9.8,0.0,0,0,0,0.0,0.0,0.0,0.0,0.0
1788520850259.0,20400,9.8,0.0,0,0,0,0.0,0.0,0.0,0.0,0.0
1788520850351.0,20405,9.8,0.0,0,0,0,0.0,0.0,0.0,0.0,0.0
1788520850445.0,20410,9.8,0.0,0,0,0,0.0,0.0,0.0,0.0,0.0
1788520850539.0,20415,9.8,0.0,0,0,0,0.0,0.0,0.0,0.0,0.0
1788520850632.0,20420,9.8,0.0,0,0,0,0.0,0.0,0.0,0.0,0.0
1788520850725.0,20425,9.8,0.0,0,0,0,0.0,0.0,0.0,0.0,0.0
1788520850819.0,20430,9.8,0.0,0,0,0,0.0,0.0,0.0,0.0,0.0
1788520850914.0,20435,9.8,0.0,0,0,0,0.0,0.0,0.0,0.0,0.0
1788520851010.0,20440,9.8,0.0,0,0,0,0.0,0.0,0.0,0.0,0.0
1788520851100.0,20445,9.8,0.0,0,0,0,0.0,0.0,0.0,0.0,0.0
1788520851194.0,20450,9.8,0.0,0,0,0,0.0,0.0,0.0,0.0,0.0
1788520851287.0,20455,9.8,0.0,0,0,0,0.0,0.0,0.0,0.0,0.0
1788520851381.0,20460,9.8,0.0,0,0,0,0.0,0.0,0.0,0.0,0.0
1788520851475.0,20465,9.8,0.0,0,0,0,0.0,0.0,0.0,0.0,0.0
1788520851569.0,20470,9.8,0.0,0,0,0,0.0,0.0,0.0,0.0,0.0
1788520851662.0,20475,9.8,0.0,0,0,0,0.0,0.0,0.0,0.0,0.0
1788520851763.0,20480,9.8,0.0,0,0,0,0.0,0.0,0.0,0.0,0.0
1788520851849.0,20485,9.8,0.0,0,0,0,0.0,0.0,0.0,0.0,0.0
1788520851944.0,20490,9.8,0.0,0,0,0,0.0,0.0,0.0,0.0,0.0
1788520852036.0,20495,9.8,0.0,0,0,0,0.0,0.0,0.0,0.0,0.0
1788520852131.0,20500,9.8,0.0,0,0,0,0.0,0.0,0.0,0.0,0.0
1788520852225.0,20505,9.8,0.0,0,0,0,0.0,0.0,0.0,0.0,0.0
1788520852318.0,20510,9.8,0.0,0,0,0,0.0,0.0,0.0,0.0,0.0
1788520852411.0,20515,9.8,0.0,0,0,0,0.0,0.0,0.0,0.0,0.0
1788520852505.0,20520,9.8,0.0,0,0,0,0.0,0.0,0.0,0.0,0.0
1788520852599.0,20525,9.8,0.0,0,0,0,0.0,0.0,0.0,0.0,0.0
1788520852697.0,20530,9.8,0.0,0,0,0,0.0,0.0,0.0,0.0,0.0
1788520852787.0,20535,9.8,0.0,0,0,0,0.0,0.0,0.0,0.0,0.0
1788520852880.0,20540,9.8,0.0,0,0,0,0.0,0.0,0.0,0.0,0.0
1788520852981.0,20545,9.8,0.0,0,0,0,0.0,0.0,0.0,0.0,0.0
1788520853068.0,20550,9.8,0.0,0,0,0,0.0,0.0,0.0,0.0,0.0
1788520853160.0,20555,9.8,0.0,0,0,0,0.0,0.0,0.0,0.0,0.0
1788520853255.0,20560,9.8,0.0,0,0,0,0.0,0.0,0.0,0.0,0.0
1788520853348.0,20565,9.8,0.0,0,0,0,0.0,0.0,0.0,0.0,0.0
1788520853446.0,20570,9.8,0.0,0,0,0,0.0,0.0,0.0,0.0,0.0
1788520853536.0,20575,9.8,0.0,0,0,0,0.0,0.0,0.0,0.0,0.0
1788520853629.0,20580,9.8,0.0,0,0,0,0.0,0.0,0.0,0.0,0.0
1788520853732.0,20585,9.8,0.0,0,0,0,0.0,0.0,0.0,0.0,0.0
1788520853816.0,20590,9.8,0.0,0,0,0,0.0,0.0,0.0,0.0,0.0
1788520853913.0,20595,9.8,0.0,0,0,0,0.0,0.0,0.0,0.0,0.0
1788520854003.0,20600,9.8,0.0,0,0,0,0.0,0.0,0.0,0.0,0.0
1788520854098.0,20605,9.8,0.0,0,0,0,0.0,0.0,0.0,0.0,0.0
1788520854196.0,20610,9.8,0.0,0,0,0,0.0,0.0,0.0,0.0,0.0
1788520854284.0,20615,9.8,0.0,0,0,0,0.0,0.0,0.0,0.0,0.0
1788520854379.0,20620,9.8,0.0,0,0,0,0.0,0.0,0.0,0.0,0.0
1788520854472.0,20625,9.8,0.0,0,0,0,0.0,0.0,0.0,0.0,0.0
1788520854565.0,20630,9.8,0.0,0,0,0,0.0,0.0,0.0,0.0,0.0
1788520854659.0,20635,9.8,0.0,0,0,0,0.0,0.0,0.0,0.0,0.0
1788520854753.0,20640,9.8,0.0,0,0,0,0.0,0.0,0.0,0.0,0.0
1788520854847.0,20645,9.8,0.0,0,0,0,0.0,0.0,0.0,0.0,0.0
1788520854940.0,20650,9.8,0.0,0,0,0,0.0,0.0,0.0,0.0,0.0
1788520855034.0,20655,9.8,0.0,0,0,0,0.0,0.0,0.0,0.0,0.0
1788520855128.0,20660,9.8,0.0,0,0,0,0.0,0.0,0.0,0.0,0.0
1788520855221.0,20665,9.8,0.0,0,0,0,0.0,0.0,0.0,0.0,0.0
1788520855315.0,20670,9.8,0.0,0,0,0,0.0,0.0,0.0,0.0,0.0
1788520855411.0,20675,9.8,0.0,0,0,0,0.0,0.0,0.0,0.0,0.0
1788520855502.0,20680,9.8,0.0,0,0,0,0.0,0.0,0.0,0.0,0.0
1788520855596.0,20685,9.8,0.0,0,0,0,0.0,0.0,0.0,0.0,0.0
1788520855691.0,20690,9.8,0.0,0,0,0,0.0,0.0,0.0,0.0,0.0
1788520855784.0,20695,9.8,0.0,0,0,0,0.0,0.0,0.0,0.0,0.0
1788520855880.0,20700,9.8,0.0,0,0,0,0.0,0.0,0.0,0.0,0.0
1788520855971.0,20705,9.8,0.0,0,0,0,0.0,0.0,0.0,0.0,0.0
1788520856064.0,20710,9.8,0.0,0,0,0,0.0,0.0,0.0,0.0,0.0
1788520856160.0,20715,9.8,0.0,0,0,0,0.0,0.0,0.0,0.0,0.0
1788520856251.0,20720,9.8,0.0,0,0,0,0.0,0.0,0.0,0.0,0.0
1788520856346.0,20725,9.8,0.0,0,0,0,0.0,0.0,0.0,0.0,0.0
1788520856439.0,20730,9.8,0.0,0,0,0,0.0,0.0,0.0,0.0,0.0
1788520856533.0,20735,9.8,0.0,0,0,0,0.0,0.0,0.0,0.0,0.0
1788520856628.0,20740,9.8,0.0,0,0,0,0.0,0.0,0.0,0.0,0.0
1788520856720.0,20745,9.8,0.0,0,0,0,0.0,0.0,0.0,0.0,0.0
1788520856813.0,20750,9.8,0.0,0,0,0,0.0,0.0,0.0,0.0,0.0
1788520856913.0,20755,9.8,0.0,0,0,0,0.0,0.0,0.0,0.0,0.0
1788520857001.0,20760,9.8,0.0,0,0,0,0.0,0.0,0.0,0.0,0.0
1788520857094.0,20765,9.8,0.0,0,0,0,0.0,0.0,0.0,0.0,0.0
1788520857188.0,20770,9.8,0.0,0,0,0,0.0,0.0,0.0,0.0,0.0
1788520857282.0,20775,9.8,0.0,0,0,0,0.0,0.0,0.0,0.0,0.0
1788520857380.0,20780,9.8,0.0,0,0,0,0.0,0.0,0.0,0.0,0.0
1788520857469.0,20785,9.8,0.0,0,0,0,0.0,0.0,0.0,0.0,0.0
1788520857562.0,20790,9.8,0.0,0,0,0,0.0,0.0,0.0,0.0,0.0
1788520857662.0,20795,9.8,0.0,0,0,0,0.0,0.0,0.0,0.0,0.0
1788520857749.0,20800,9.8,0.0,0,0,0,0.0,0.0,0.0,0.0,0.0
1788520857845.0,20805,9.8,0.0,0,0,0,0.0,0.0,0.0,0.0,0.0
1788520857938.0,20810,9.8,0.0,0,0,0,0.0,0.0,0.0,0.0,0.0
1788520858031.0,20815,9.8,0.0,0,0,0,0.0,0.0,0.0,0.0,0.0
1788520858128.0,20820,9.8,0.0,0,0,0,0.0,0.0,0.0,0.0,0.0
1788520858219.0,20825,9.8,0.0,0,0,0,0.0,0.0,0.0,0.0,0.0
1788520858313.0,20830,9.8,0.0,0,0,0,0.0,0.0,0.0,0.0,0.0
1788520858406.0,20835,9.8,0.0,0,0,0,0.0,0.0,0.0,0.0,0.0
1788520858500.0,20840,9.8,0.0,0,0,0,0.0,0.0,0.0,0.0,0.0
1788520858593.0,20845,9.8,0.0,0,0,0,0.0,0.0,0.0,0.0,0.0
1788520858687.0,20850,9.8,0.0,0,0,0,0.0,0.0,0.0,0.0,0.0
1788520858780.0,20855,9.8,0.0,0,0,0,0.0,0.0,0.0,0.0,0.0
1788520858876.0,20860,9.8,0.0,0,0,0,0.0,0.0,0.0,0.0,0.0
1788520858968.0,20865,9.8,0.0,0,0,0,0.0,0.0,0.0,0.0,0.0
1788520859061.0,20870,9.8,0.0,0,0,0,0.0,0.0,0.0,0.0,0.0
1788520859155.0,20875,9.8,0.0,0,0,0,0.0,0.0,0.0,0.0,0.0
1788520859250.0,20880,9.8,0.0,0,0,0,0.0,0.0,0.0,0.0,0.0
1788520859344.0,20885,9.8,0.0,0,0,0,0.0,0.0,0.0,0.0,0.0
1788520859436.0,20890,9.8,0.0,0,0,0,0.0,0.0,0.0,0.0,0.0
1788520859530.0,20895,9.8,0.0,0,0,0,0.0,0.0,0.0,0.0,0.0
1788520859626.0,20900,9.8,0.0,0,0,0,0.0,0.0,0.0,0.0,0.0
1788520859716.0,20905,9.8,0.0,0,0,0,0.0,0.0,0.0,0.0,0.0
1788520859812.0,20910,9.8,0.0,0,0,0,0.0,0.0,0.0,0.0,0.0
1788520859904.0,20915,9.8,0.0,0,0,0,0.0,0.0,0.0,0.0,0.0
1788520859998.0,20920,9.8,0.0,0,0,0,0.0,0.0,0.0,0.0,0.0
1788520860096.0,20925,9.8,0.0,0,0,0,0.0,0.0,0.0,0.0,0.0
1788520860185.0,20930,9.8,0.0,0,0,0,0.0,0.0,0.0,0.0,0.0
1788520860279.0,20935,9.8,0.0,0,0,0,0.0,0.0,0.0,0.0,0.0
1788520860372.0,20940,9.8,0.0,0,0,0,0.0,0.0,0.0,0.0,0.0
1788520860466.0,20945,9.8,0.0,0,0,0,0.0,0.0,0.0,0.0,0.0
1788520860559.0,20950,9.8,0.0,0,0,0,0.0,0.0,0.0,0.0,0.0
1788520860653.0,20955,9.8,0.0,0,0,0,0.0,0.0,0.0,0.0,0.0
1788520860747.0,20960,9.8,0.0,0,0,0,0.0,0.0,0.0,0.0,0.0
1788520860843.0,20965,9.8,0.0,0,0,0,0.0,0.0,0.0,0.0,0.0
1788520860934.0,20970,9.8,0.0,0,0,0,0.0,0.0,0.0,0.0,0.0
1788520861029.0,20975,9.8,0.0,0,0,0,0.0,0.0,0.0,0.0,0.0
1788520861123.0,20980,9.8,0.0,0,0,0,0.0,0.0,0.0,0.0,0.0
1788520861215.0,20985,9.8,0.0,0,0,0,0.0,0.0,0.0,0.0,0.0
1788520861309.0,20990,9.8,0.0,0,0,0,0.0,0.0,0.0,0.0,0.0
1788520861402.0,20995,9.8,0.0,0,0,0,0.0,0.0,0.0,0.0,0.0
1788520861496.0,21000,9.8,0.0,0,0,0,0.0,0.0,0.0,0.0,0.0
1788520861594.0,21005,9.8,0.0,0,0,0,0.0,0.0,0.0,0.0,0.0
1788520861684.0,21010,9.8,0.0,0,0,0,0.0,0.0,0.0,0.0,0.0
1788520861777.0,21015,9.8,0.0,0,0,0,0.0,0.0,0.0,0.0,0.0
1788520861870.0,21020,9.8,0.0,0,0,0,0.0,0.0,0.0,0.0,0.0
1788520861964.0,21025,9.8,0.0,0,0,0,0.0,0.0,0.0,0.0,0.0
1788520862063.0,21030,9.8,0.0,0,0,0,0.0,0.0,0.0,0.0,0.0
1788520862151.0,21035,9.8,0.0,0,0,0,0.0,0.0,0.0,0.0,0.0
1788520862245.0,21040,9.8,0.0,0,0,0,0.0,0.0,0.0,0.0,0.0
1788520862342.0,21045,9.8,0.0,0,0,0,0.0,0.0,0.0,0.0,0.0
1788520862436.0,21050,9.8,0.0,0,0,0,0.0,0.0,0.0,0.0,0.0
1788520862529.0,21055,9.8,0.0,0,0,0,0.0,0.0,0.0,0.0,0.0
1788520862620.0,21060,9.8,0.0,0,0,0,0.0,0.0,0.0,0.0,0.0
1788520862713.0,21065,9.8,0.0,0,0,0,0.0,0.0,0.0,0.0,0.0
1788520862814.0,21070,9.8,0.0,0,0,0,0.0,0.0,0.0,0.0,0.0
1788520862901.0,21075,9.8,0.0,0,0,0,0.0,0.0,0.0,0.0,0.0
1788520862994.0,21080,9.8,0.0,0,0,0,0.0,0.0,0.0,0.0,0.0
1788520863088.0,21085,9.8,0.0,0,0,0,0.0,0.0,0.0,0.0,0.0
1788520863182.0,21090,9.8,0.0,0,0,0,0.0,0.0,0.0,0.0,0.0
1788520863275.0,21095,9.8,0.0,0,0,0,0.0,0.0,0.0,0.0,0.0
1788520863369.0,21100,9.8,0.0,0,0,0,0.0,0.0,0.0,0.0,0.0
1788520863463.0,21105,9.8,0.0,0,0,0,0.0,0.0,0.0,0.0,0.0
1788520863556.0,21110,9.8,0.0,0,0,0,0.0,0.0,0.0,0.0,0.0
1788520863650.0,21115,9.8,0.0,0,0,0,0.0,0.0,0.0,0.0,0.0
1788520863744.0,21120,9.8,0.0,0,0,0,0.0,0.0,0.0,0.0,0.0
1788520863837.0,21125,9.8,0.0,0,0,0,0.0,0.0,0.0,0.0,0.0
1788520863931.0,21130,9.8,0.0,0,0,0,0.0,0.0,0.0,0.0,0.0
1788520864030.0,21135,9.8,0.0,0,0,0,0.0,0.0,0.0,0.0,0.0
1788520864118.0,21140,9.8,0.0,0,0,0,0.0,0.0,0.0,0.0,0.0
1788520864212.0,21145,9.8,0.0,0,0,0,0.0,0.0,0.0,0.0,0.0
1788520864305.0,21150,9.8,0.0,0,0,0,0.0,0.0,0.0,0.0,0.0
1788520864399.0,21155,9.8,0.0,0,0,0,0.0,0.0,0.0,0.0,0.0
1788520864495.0,21160,9.8,0.0,0,0,0,0.0,0.0,0.0,0.0,0.0
1788520864586.0,21165,9.8,0.0,0,0,0,0.0,0.0,0.0,0.0,0.0
1788520864680.0,21170,9.8,0.0,0,0,0,0.0,0.0,0.0,0.0,0.0
1788520864776.0,21175,9.8,0.0,0,0,0,0.0,0.0,0.0,0.0,0.0
1788520864867.0,21180,9.8,0.0,0,0,0,0.0,0.0,0.0,0.0,0.0
1788520864961.0,21185,9.8,0.0,0,0,0,0.0,0.0,0.0,0.0,0.0
1788520865055.0,21190,9.8,0.0,0,0,0,0.0,0.0,0.0,0.0,0.0
1788520865149.0,21195,9.8,0.0,0,0,0,0.0,0.0,0.0,0.0,0.0
1788520865246.0,21200,9.8,0.0,0,0,0,0.0,0.0,0.0,0.0,0.0
1788520865335.0,21205,9.8,0.0,0,0,0,0.0,0.0,0.0,0.0,0.0
1788520865429.0,21210,9.8,0.0,0,0,0,0.0,0.0,0.0,0.0,0.0
1788520865527.0,21215,9.8,0.0,0,0,0,0.0,0.0,0.0,0.0,0.0
1788520865617.0,21220,9.8,0.0,0,0,0,0.0,0.0,0.0,0.0,0.0
1788520865712.0,21225,9.8,0.0,0,0,0,0.0,0.0,0.0,0.0,0.0
1788520865804.0,21230,9.8,0.0,0,0,0,0.0,0.0,0.0,0.0,0.0
1788520865898.0,21235,9.8,0.0,0,0,0,0.0,0.0,0.0,0.0,0.0
1788520865991.0,21240,9.8,0.0,0,0,0,0.0,0.0,0.0,0.0,0.0
1788520866086.0,21245,9.8,0.0,0,0,0,0.0,0.0,0.0,0.0,0.0
1788520866178.0,21250,9.8,0.0,0,0,0,0.0,0.0,0.0,0.0,0.0
1788520866272.0,21255,9.8,0.0,0,0,0,0.0,0.0,0.0,0.0,0.0
1788520866366.0,21260,9.8,0.0,0,0,0,0.0,0.0,0.0,0.0,0.0
1788520866461.0,21265,9.8,0.0,0,0,0,0.0,0.0,0.0,0.0,0.0
1788520866554.0,21270,9.8,0.0,0,0,0,0.0,0.0,0.0,0.0,0.0
1788520866648.0,21275,9.8,0.0,0,0,0,0.0,0.0,0.0,0.0,0.0
1788520866745.0,21280,9.8,0.0,0,0,0,0.0,0.0,0.0,0.0,0.0
1788520866835.0,21285,9.8,0.0,0,0,0,0.0,0.0,0.0,0.0,0.0
1788520866928.0,21290,9.8,0.0,0,0,0,0.0,0.0,0.0,0.0,0.0
1788520867022.0,21295,9.8,0.0,0,0,0,0.0,0.0,0.0,0.0,0.0
1788520867116.0,21300,9.8,0.0,0,0,0,0.0,0.0,0.0,0.0,0.0
1788520867210.0,21305,9.8,0.0,0,0,0,0.0,0.0,0.0,0.0,0.0
1788520867303.0,21310,9.8,0.0,0,0,0,0.0,0.0,0.0,0.0,0.0
1788520867398.0,21315,9.8,0.0,0,0,0,0.0,0.0,0.0,0.0,0.0
1788520867496.0,21320,9.8,0.0,0,0,0,0.0,0.0,0.0,0.0,0.0
1788520867585.0,21325,9.8,0.0,0,0,0,0.0,0.0,0.0,0.0,0.0
1788520867679.0,21330,9.8,0.0,0,0,0,0.0,0.0,0.0,0.0,0.0
1788520867771.0,21335,9.8,0.0,0,0,0,0.0,0.0,0.0,0.0,0.0
1788520867866.0,21340,9.8,0.0,0,0,0,0.0,0.0,0.0,0.0,0.0
1788520867961.0,21345,9.8,0.0,0,0,0,0.0,0.0,0.0,0.0,0.0
1788520868052.0,21350,9.8,0.0,0,0,0,0.0,0.0,0.0,0.0,0.0
1788520868147.0,21355,9.8,0.0,0,0,0,0.0,0.0,0.0,0.0,0.0
1788520868239.0,21360,9.8,0.0,0,0,0,0.0,0.0,0.0,0.0,0.0
1788520868333.0,21365,9.8,0.0,0,0,0,0.0,0.0,0.0,0.0,0.0
1788520868430.0,21370,9.8,0.0,0,0,0,0.0,0.0,0.0,0.0,0.0
1788520868521.0,21375,9.8,0.0,0,0,0,0.0,0.0,0.0,0.0,0.0
1788520868614.0,21380,9.8,0.0,0,0,0,0.0,0.0,0.0,0.0,0.0
1788520868714.0,21385,9.8,0.0,0,0,0,0.0,0.0,0.0,0.0,0.0
1788520868802.0,21390,9.8,0.0,0,0,0,0.0,0.0,0.0,0.0,0.0
1788520868895.0,21395,9.8,0.0,0,0,0,0.0,0.0,0.0,0.0,0.0
1788520868990.0,21400,9.8,0.0,0,0,0,0.0,0.0,0.0,0.0,0.0
1788520869082.0,21405,9.8,0.0,0,0,0,0.0,0.0,0.0,0.0,0.0
1788520869179.0,21410,9.8,0.0,0,0,0,0.0,0.0,0.0,0.0,0.0
1788520869270.0,21415,9.8,0.0,0,0,0,0.0,0.0,0.0,0.0,0.0
1788520869364.0,21420,9.8,0.0,0,0,0,0.0,0.0,0.0,0.0,0.0
1788520869458.0,21425,9.8,0.0,0,0,0,0.0,0.0,0.0,0.0,0.0
1788520869551.0,21430,9.8,0.0,0,0,0,0.0,0.0,0.0,0.0,0.0
1788520869646.0,21435,9.8,0.0,0,0,0,0.0,0.0,0.0,0.0,0.0
1788520869738.0,21440,9.8,0.0,0,0,0,0.0,0.0,0.0,0.0,0.0
1788520869832.0,21445,9.8,0.0,0,0,0,0.0,0.0,0.0,0.0,0.0
1788520869927.0,21450,9.8,0.0,0,0,0,0.0,0.0,0.0,0.0,0.0
1788520870019.0,21455,9.8,0.0,0,0,0,0.0,0.0,0.0,0.0,0.0
1788520870113.0,21460,9.8,0.0,0,0,0,0.0,0.0,0.0,0.0,0.0
1788520870211.0,21465,9.8,0.0,0,0,0,0.0,0.0,0.0,0.0,0.0
1788520870300.0,21470,9.8,0.0,0,0,0,0.0,0.0,0.0,0.0,0.0
1788520870395.0,21475,9.8,0.0,0,0,0,0.0,0.0,0.0,0.0,0.0
1788520870488.0,21480,9.8,0.0,0,0,0,0.0,0.0,0.0,0.0,0.0
1788520870581.0,21485,9.8,0.0,0,0,0,0.0,0.0,0.0,0.0,0.0
1788520870679.0,21490,9.8,0.0,0,0,0,0.0,0.0,0.0,0.0,0.0
1788520870769.0,21495,9.8,0.0,0,0,0,0.0,0.0,0.0,0.0,0.0
1788520870863.0,21500,9.8,0.0,0,0,0,0.0,0.0,0.0,0.0,0.0
1788520870968.0,21505,9.8,0.0,0,0,0,0.0,0.0,0.0,0.0,0.0
1788520871050.0,21510,9.8,0.0,0,0,0,0.0,0.0,0.0,0.0,0.0
1788520871144.0,21515,9.8,0.0,0,0,0,0.0,0.0,0.0,0.0,0.0
1788520871237.0,21520,9.8,0.0,0,0,0,0.0,0.0,0.0,0.0,0.0
1788520871331.0,21525,9.8,0.0,0,0,0,0.0,0.0,0.0,0.0,0.0
1788520871429.0,21530,9.8,0.0,0,0,0,0.0,0.0,0.0,0.0,0.0
1788520871519.0,21535,9.8,0.0,0,0,0,0.0,0.0,0.0,0.0,0.0
1788520871612.0,21540,9.8,0.0,0,0,0,0.0,0.0,0.0,0.0,0.0
1788520871706.0,21545,9.8,0.0,0,0,0,0.0,0.0,0.0,0.0,0.0
1788520871799.0,21550,9.8,0.0,0,0,0,0.0,0.0,0.0,0.0,0.0
1788520871896.0,21555,9.8,0.0,0,0,0,0.0,0.0,0.0,0.0,0.0
1788520871987.0,21560,9.8,0.0,0,0,0,0.0,0.0,0.0,0.0,0.0
1788520872081.0,21565,9.8,0.0,0,0,0,0.0,0.0,0.0,0.0,0.0
1788520872174.0,21570,9.8,0.0,0,0,0,0.0,0.0,0.0,0.0,0.0
1788520872267.0,21575,9.8,0.0,0,0,0,0.0,0.0,0.0,0.0,0.0
1788520872362.0,21580,9.8,0.0,0,0,0,0.0,0.0,0.0,0.0,0.0
1788520872455.0,21585,9.8,0.0,0,0,0,0.0,0.0,0.0,0.0,0.0
1788520872548.0,21590,9.8,0.0,0,0,0,0.0,0.0,0.0,0.0,0.0
1788520872646.0,21595,9.8,0.0,0,0,0,0.0,0.0,0.0,0.0,0.0
1788520872736.0,21600,9.8,0.0,0,0,0,0.0,0.0,0.0,0.0,0.0
1788520872829.0,21605,9.8,0.0,0,0,0,0.0,0.0,0.0,0.0,0.0
1788520872923.0,21610,9.8,0.0,0,0,0,0.0,0.0,0.0,0.0,0.0
1788520873017.0,21615,9.8,0.0,0,0,0,0.0,0.0,0.0,0.0,0.0
1788520873110.0,21620,9.8,0.0,0,0,0,0.0,0.0,0.0,0.0,0.0
1788520873204.0,21625,9.8,0.0,0,0,0,0.0,0.0,0.0,0.0,0.0
1788520873298.0,21630,9.8,0.0,0,0,0,0.0,0.0,0.0,0.0,0.0
1788520873393.0,21635,9.8,0.0,0,0,0,0.0,0.0,0.0,0.0,0.0
1788520873486.0,21640,9.8,0.0,0,0,0,0.0,0.0,0.0,0.0,0.0
1788520873579.0,21645,9.8,0.0,0,0,0,0.0,0.0,0.0,0.0,0.0
1788520873672.0,21650,9.8,0.0,0,0,0,0.0,0.0,0.0,0.0,0.0
1788520873766.0,21655,9.8,0.0,0,0,0,0.0,0.0,0.0,0.0,0.0
1788520873860.0,21660,9.8,0.0,0,0,0,0.0,0.0,0.0,0.0,0.0
1788520873953.0,21665,9.8,0.0,0,0,0,0.0,0.0,0.0,0.0,0.0
1788520874047.0,21670,9.8,0.0,0,0,0,0.0,0.0,0.0,0.0,0.0
1788520874144.0,21675,9.8,0.0,0,0,0,0.0,0.0,0.0,0.0,0.0
1788520874235.0,21680,9.8,0.0,0,0,0,0.0,0.0,0.0,0.0,0.0
1788520874329.0,21685,9.8,0.0,0,0,0,0.0,0.0,0.0,0.0,0.0
1788520874421.0,21690,9.8,0.0,0,0,0,0.0,0.0,0.0,0.0,0.0
1788520874514.0,21695,9.8,0.0,0,0,0,0.0,0.0,0.0,0.0,0.0
1788520874610.0,21700,9.8,0.0,0,0,0,0.0,0.0,0.0,0.0,0.0
1788520874702.0,21705,9.8,0.0,0,0,0,0.0,0.0,0.0,0.0,0.0
1788520874795.0,21710,9.8,0.0,0,0,0,0.0,0.0,0.0,0.0,0.0
1788520874890.0,21715,9.8,0.0,0,0,0,0.0,0.0,0.0,0.0,0.0
1788520874983.0,21720,9.8,0.0,0,0,0,0.0,0.0,0.0,0.0,0.0
1788520875076.0,21725,9.8,0.0,0,0,0,0.0,0.0,0.0,0.0,0.0
1788520875170.0,21730,9.8,0.0,0,0,0,0.0,0.0,0.0,0.0,0.0
1788520875264.0,21735,9.8,0.0,0,0,0,0.0,0.0,0.0,0.0,0.0
1788520875357.0,21740,9.8,0.0,0,0,0,0.0,0.0,0.0,0.0,0.0
1788520875451.0,21745,9.8,0.0,0,0,0,0.0,0.0,0.0,0.0,0.0
1788520875544.0,21750,9.8,0.0,0,0,0,0.0,0.0,0.0,0.0,0.0
1788520875639.0,21755,9.8,0.0,0,0,0,0.0,0.0,0.0,0.0,0.0
1788520875732.0,21760,9.8,0.0,0,0,0,0.0,0.0,0.0,0.0,0.0
1788520875828.0,21765,9.8,0.0,0,0,0,0.0,0.0,0.0,0.0,0.0
1788520875919.0,21770,9.8,0.0,0,0,0,0.0,0.0,0.0,0.0,0.0
1788520876013.0,21775,9.8,0.0,0,0,0,0.0,0.0,0.0,0.0,0.0
1788520876110.0,21780,9.8,0.0,0,0,0,0.0,0.0,0.0,0.0,0.0
1788520876200.0,21785,9.8,0.0,0,0,0,0.0,0.0,0.0,0.0,0.0
1788520876294.0,21790,9.8,0.0,0,0,0,0.0,0.0,0.0,0.0,0.0
1788520876388.0,21795,9.8,0.0,0,0,0,0.0,0.0,0.0,0.0,0.0
1788520876482.0,21800,9.8,0.0,0,0,0,0.0,0.0,0.0,0.0,0.0
1788520876576.0,21805,9.8,0.0,0,0,0,0.0,0.0,0.0,0.0,0.0
1788520876669.0,21810,9.8,0.0,0,0,0,0.0,0.0,0.0,0.0,0.0
1788520876762.0,21815,9.8,0.0,0,0,0,0.0,0.0,0.0,0.0,0.0
1788520876858.0,21820,9.8,0.0,0,0,0,0.0,0.0,0.0,0.0,0.0
1788520876949.0,21825,9.8,0.0,0,0,0,0.0,0.0,0.0,0.0,0.0
1788520877043.0,21830,9.8,0.0,0,0,0,0.0,0.0,0.0,0.0,0.0
1788520877137.0,21835,9.8,0.0,0,0,0,0.0,0.0,0.0,0.0,0.0
1788520877230.0,21840,9.8,0.0,0,0,0,0.0,0.0,0.0,0.0,0.0
1788520877328.0,21845,9.8,0.0,0,0,0,0.0,0.0,0.0,0.0,0.0
1788520877418.0,21850,9.8,0.0,0,0,0,0.0,0.0,0.0,0.0,0.0
1788520877511.0,21855,9.8,0.0,0,0,0,0.0,0.0,0.0,0.0,0.0
1788520877608.0,21860,9.8,0.0,0,0,0,0.0,0.0,0.0,0.0,0.0
1788520877699.0,21865,9.8,0.0,0,0,0,0.0,0.0,0.0,0.0,0.0
1788520877793.0,21870,9.8,0.0,0,0,0,0.0,0.0,0.0,0.0,0.0
1788520877886.0,21875,9.8,0.0,0,0,0,0.0,0.0,0.0,0.0,0.0
1788520877980.0,21880,9.8,0.0,0,0,0,0.0,0.0,0.0,0.0,0.0
1788520878074.0,21885,9.8,0.0,0,0,0,0.0,0.0,0.0,0.0,0.0
1788520878167.0,21890,9.8,0.0,0,0,0,0.0,0.0,0.0,0.0,0.0
1788520878261.0,21895,9.8,0.0,0,0,0,0.0,0.0,0.0,0.0,0.0
1788520878354.0,21900,9.8,0.0,0,0,0,0.0,0.0,0.0,0.0,0.0
1788520878448.0,21905,9.8,0.0,0,0,0,0.0,0.0,0.0,0.0,0.0
1788520878543.0,21910,9.8,0.0,0,0,0,0.0,0.0,0.0,0.0,0.0
1788520878636.0,21915,9.8,0.0,0,0,0,0.0,0.0,0.0,0.0,0.0
1788520878729.0,21920,9.8,0.0,0,0,0,0.0,0.0,0.0,0.0,0.0
1788520878823.0,21925,9.8,0.0,0,0,0,0.0,0.0,0.0,0.0,0.0
1788520878916.0,21930,9.8,0.0,0,0,0,0.0,0.0,0.0,0.0,0.0
1788520879010.0,21935,9.8,0.0,0,0,0,0.0,0.0,0.0,0.0,0.0
1788520879104.0,21940,9.8,0.0,0,0,0,0.0,0.0,0.0,0.0,0.0
1788520879198.0,21945,9.8,0.0,0,0,0,0.0,0.0,0.0,0.0,0.0
1788520879293.0,21950,9.8,0.0,0,0,0,0.0,0.0,0.0,0.0,0.0
1788520879385.0,21955,9.8,0.0,0,0,0,0.0,0.0,0.0,0.0,0.0
1788520879479.0,21960,9.8,0.0,0,0,0,0.0,0.0,0.0,0.0,0.0
1788520879572.0,21965,9.8,0.0,0,0,0,0.0,0.0,0.0,0.0,0.0
1788520879666.0,21970,9.8,0.0,0,0,0,0.0,0.0,0.0,0.0,0.0
1788520879759.0,21975,9.8,0.0,0,0,0,0.0,0.0,0.0,0.0,0.0
1788520879853.0,21980,9.8,0.0,0,0,0,0.0,0.0,0.0,0.0,0.0
1788520879947.0,21985,9.8,0.0,0,0,0,0.0,0.0,0.0,0.0,0.0
1788520880043.0,21990,9.8,0.0,0,0,0,0.0,0.0,0.0,0.0,0.0
1788520880134.0,21995,9.8,0.0,0,0,0,0.0,0.0,0.0,0.0,0.0
1788520880227.0,22000,9.8,0.0,0,0,0,0.0,0.0,0.0,0.0,0.0
1788520880324.0,22005,9.8,0.0,0,0,0,0.0,0.0,0.0,0.0,0.0
1788520880415.0,22010,9.8,0.0,0,0,0,0.0,0.0,0.0,0.0,0.0
1788520880510.0,22015,9.8,0.0,0,0,0,0.0,0.0,0.0,0.0,0.0
1788520880602.0,22020,9.8,0.0,0,0,0,0.0,0.0,0.0,0.0,0.0
1788520880697.0,22025,9.8,0.0,0,0,0,0.0,0.0,0.0,0.0,0.0
1788520880790.0,22030,9.8,0.0,0,0,0,0.0,0.0,0.0,0.0,0.0
1788520880884.0,22035,9.8,0.0,0,0,0,0.0,0.0,0.0,0.0,0.0
1788520880977.0,22040,9.8,0.0,0,0,0,0.0,0.0,0.0,0.0,0.0
1788520881071.0,22045,9.8,0.0,0,0,0,0.0,0.0,0.0,0.0,0.0
1788520881164.0,22050,9.8,0.0,0,0,0,0.0,0.0,0.0,0.0,0.0
1788520881258.0,22055,9.8,0.0,0,0,0,0.0,0.0,0.0,0.0,0.0
1788520881352.0,22060,9.8,0.0,0,0,0,0.0,0.0,0.0,0.0,0.0
1788520881445.0,22065,9.8,0.0,0,0,0,0.0,0.0,0.0,0.0,0.0
1788520881540.0,22070,9.8,0.0,0,0,0,0.0,0.0,0.0,0.0,0.0
1788520881633.0,22075,9.8,0.0,0,0,0,0.0,0.0,0.0,0.0,0.0
1788520881727.0,22080,9.8,0.0,0,0,0,0.0,0.0,0.0,0.0,0.0
1788520881820.0,22085,9.8,0.0,0,0,0,0.0,0.0,0.0,0.0,0.0
1788520881914.0,22090,9.8,0.0,0,0,0,0.0,0.0,0.0,0.0,0.0
1788520882009.0,22095,9.8,0.0,0,0,0,0.0,0.0,0.0,0.0,0.0
1788520882101.0,22100,9.8,0.0,0,0,0,0.0,0.0,0.0,0.0,0.0
1788520882195.0,22105,9.8,0.0,0,0,0,0.0,0.0,0.0,0.0,0.0
1788520882288.0,22110,9.8,0.0,0,0,0,0.0,0.0,0.0,0.0,0.0
1788520882382.0,22115,9.8,0.0,0,0,0,0.0,0.0,0.0,0.0,0.0
1788520882476.0,22120,9.8,0.0,0,0,0,0.0,0.0,0.0,0.0,0.0
1788520882569.0,22125,9.8,0.0,0,0,0,0.0,0.0,0.0,0.0,0.0
1788520882663.0,22130,9.8,0.0,0,0,0,0.0,0.0,0.0,0.0,0.0
1788520882758.0,22135,9.8,0.0,0,0,0,0.0,0.0,0.0,0.0,0.0
1788520882851.0,22140,9.8,0.0,0,0,0,0.0,0.0,0.0,0.0,0.0
1788520882944.0,22145,9.8,0.0,0,0,0,0.0,0.0,0.0,0.0,0.0
1788520883039.0,22150,9.8,0.0,0,0,0,0.0,0.0,0.0,0.0,0.0
1788520883131.0,22155,9.8,0.0,0,0,0,0.0,0.0,0.0,0.0,0.0
1788520883228.0,22160,9.8,0.0,0,0,0,0.0,0.0,0.0,0.0,0.0
1788520883319.0,22165,9.8,0.0,0,0,0,0.0,0.0,0.0,0.0,0.0
1788520883412.0,22170,9.8,0.0,0,0,0,0.0,0.0,0.0,0.0,0.0
1788520883513.0,22175,9.8,0.0,0,0,0,0.0,0.0,0.0,0.0,0.0
1788520883599.0,22180,9.8,0.0,0,0,0,0.0,0.0,0.0,0.0,0.0
1788520883693.0,22185,9.8,0.0,0,0,0,0.0,0.0,0.0,0.0,0.0
1788520883788.0,22190,9.8,0.0,0,0,0,0.0,0.0,0.0,0.0,0.0
1788520883880.0,22195,9.8,0.0,0,0,0,0.0,0.0,0.0,0.0,0.0
1788520883979.0,22200,9.8,0.0,0,0,0,0.0,0.0,0.0,0.0,0.0
1788520884068.0,22205,9.8,0.0,0,0,0,0.0,0.0,0.0,0.0,0.0
1788520884163.0,22210,9.8,0.0,0,0,0,0.0,0.0,0.0,0.0,0.0
1788520884255.0,22215,9.8,0.0,0,0,0,0.0,0.0,0.0,0.0,0.0
1788520884349.0,22220,9.8,0.0,0,0,0,0.0,0.0,0.0,0.0,0.0
1788520884442.0,22225,9.8,0.0,0,0,0,0.0,0.0,0.0,0.0,0.0
1788520884537.0,22230,9.8,0.0,0,0,0,0.0,0.0,0.0,0.0,0.0
1788520884630.0,22235,9.8,0.0,0,0,0,0.0,0.0,0.0,0.0,0.0
1788520884725.0,22240,9.8,0.0,0,0,0,0.0,0.0,0.0,0.0,0.0
1788520884817.0,22245,9.8,0.0,0,0,0,0.0,0.0,0.0,0.0,0.0
1788520884911.0,22250,9.8,0.0,0,0,0,0.0,0.0,0.0,0.0,0.0
1788520885004.0,22255,9.8,0.0,0,0,0,0.0,0.0,0.0,0.0,0.0
1788520885098.0,22260,9.8,0.0,0,0,0,0.0,0.0,0.0,0.0,0.0
1788520885192.0,22265,9.8,0.0,0,0,0,0.0,0.0,0.0,0.0,0.0
1788520885286.0,22270,9.8,0.0,0,0,0,0.0,0.0,0.0,0.0,0.0
1788520885379.0,22275,9.8,0.0,0,0,0,0.0,0.0,0.0,0.0,0.0
1788520885476.0,22280,9.8,0.0,0,0,0,0.0,0.0,0.0,0.0,0.0
1788520885567.0,22285,9.8,0.0,0,0,0,0.0,0.0,0.0,0.0,0.0
1788520885660.0,22290,9.8,0.0,0,0,0,0.0,0.0,0.0,0.0,0.0
1788520885754.0,22295,9.8,0.0,0,0,0,0.0,0.0,0.0,0.0,0.0
1788520885847.0,22300,9.8,0.0,0,0,0,0.0,0.0,0.0,0.0,0.0
1788520885942.0,22305,9.8,0.0,0,0,0,0.0,0.0,0.0,0.0,0.0
1788520886035.0,22310,9.8,0.0,0,0,0,0.0,0.0,0.0,0.0,0.0
1788520886129.0,22315,9.8,0.0,0,0,0,0.0,0.0,0.0,0.0,0.0
1788520886224.0,22320,9.8,0.0,0,0,0,0.0,0.0,0.0,0.0,0.0
1788520886316.0,22325,9.8,0.0,0,0,0,0.0,0.0,0.0,0.0,0.0
1788520886409.0,22330,9.8,0.0,0,0,0,0.0,0.0,0.0,0.0,0.0
1788520886503.0,22335,9.8,0.0,0,0,0,0.0,0.0,0.0,0.0,0.0
1788520886597.0,22340,9.8,0.0,0,0,0,0.0,0.0,0.0,0.0,0.0
1788520886692.0,22345,9.8,0.0,0,0,0,0.0,0.0,0.0,0.0,0.0
1788520886784.0,22350,9.8,0.0,0,0,0,0.0,0.0,0.0,0.0,0.0
1788520886877.0,22355,9.8,0.0,0,0,0,0.0,0.0,0.0,0.0,0.0
1788520886979.0,22360,9.8,0.0,0,0,0,0.0,0.0,0.0,0.0,0.0
1788520887065.0,22365,9.8,0.0,0,0,0,0.0,0.0,0.0,0.0,0.0
1788520887159.0,22370,9.8,0.0,0,0,0,0.0,0.0,0.0,0.0,0.0
1788520887252.0,22375,9.8,0.0,0,0,0,0.0,0.0,0.0,0.0,0.0
1788520887346.0,22380,9.8,0.0,0,0,0,0.0,0.0,0.0,0.0,0.0
1788520887443.0,22385,9.8,0.0,0,0,0,0.0,0.0,0.0,0.0,0.0
1788520887535.0,22390,9.8,0.0,0,0,0,0.0,0.0,0.0,0.0,0.0
1788520887627.0,22395,9.8,0.0,0,0,0,0.0,0.0,0.0,0.0,0.0
1788520887720.0,22400,9.8,0.0,0,0,0,0.0,0.0,0.0,0.0,0.0
1788520887814.0,22405,9.8,0.0,0,0,0,0.0,0.0,0.0,0.0,0.0
1788520887911.0,22410,9.8,0.0,0,0,0,0.0,0.0,0.0,0.0,0.0
1788520888001.0,22415,9.8,0.0,0,0,0,0.0,0.0,0.0,0.0,0.0
1788520888097.0,22420,9.8,0.0,0,0,0,0.0,0.0,0.0,0.0,0.0
1788520888191.0,22425,9.8,0.0,0,0,0,0.0,0.0,0.0,0.0,0.0
1788520888282.0,22430,9.8,0.0,0,0,0,0.0,0.0,0.0,0.0,0.0
1788520888379.0,22435,9.8,0.0,0,0,0,0.0,0.0,0.0,0.0,0.0
1788520888469.0,22440,9.8,0.0,0,0,0,0.0,0.0,0.0,0.0,0.0
1788520888563.0,22445,9.8,0.0,0,0,0,0.0,0.0,0.0,0.0,0.0
1788520888657.0,22450,9.8,0.0,0,0,0,0.0,0.0,0.0,0.0,0.0
1788520888750.0,22455,9.8,0.0,0,0,0,0.0,0.0,0.0,0.0,0.0
1788520888844.0,22460,9.8,0.0,0,0,0,0.0,0.0,0.0,0.0,0.0
1788520888938.0,22465,9.8,0.0,0,0,0,0.0,0.0,0.0,0.0,0.0
1788520889032.0,22470,9.8,0.0,0,0,0,0.0,0.0,0.0,0.0,0.0
1788520889128.0,22475,9.8,0.0,0,0,0,0.0,0.0,0.0,0.0,0.0
1788520889219.0,22480,9.8,0.0,0,0,0,0.0,0.0,0.0,0.0,0.0
1788520889313.0,22485,9.8,0.0,0,0,0,0.0,0.0,0.0,0.0,0.0
1788520889407.0,22490,9.8,0.0,0,0,0,0.0,0.0,0.0,0.0,0.0
1788520889500.0,22495,9.8,0.0,0,0,0,0.0,0.0,0.0,0.0,0.0
1788520889594.0,22500,9.8,0.0,0,0,0,0.0,0.0,0.0,0.0,0.0
1788520889687.0,22505,9.8,0.0,0,0,0,0.0,0.0,0.0,0.0,0.0
1788520889780.0,22510,9.8,0.0,0,0,0,0.0,0.0,0.0,0.0,0.0
1788520889875.0,22515,9.8,0.0,0,0,0,0.0,0.0,0.0,0.0,0.0
1788520889968.0,22520,9.8,0.0,0,0,0,0.0,0.0,0.0,0.0,0.0
1788520890061.0,22525,9.8,0.0,0,0,0,0.0,0.0,0.0,0.0,0.0
1788520890155.0,22530,9.8,0.0,0,0,0,0.0,0.0,0.0,0.0,0.0
1788520890249.0,22535,9.8,0.0,0,0,0,0.0,0.0,0.0,0.0,0.0
1788520890343.0,22540,9.8,0.0,0,0,0,0.0,0.0,0.0,0.0,0.0
1788520890436.0,22545,9.8,0.0,0,0,0,0.0,0.0,0.0,0.0,0.0
1788520890529.0,22550,9.8,0.0,0,0,0,0.0,0.0,0.0,0.0,0.0
1788520890629.0,22555,9.8,0.0,0,0,0,0.0,0.0,0.0,0.0,0.0
1788520890717.0,22560,9.8,0.0,0,0,0,0.0,0.0,0.0,0.0,0.0
1788520890811.0,22565,9.8,0.0,0,0,0,0.0,0.0,0.0,0.0,0.0
1788520890904.0,22570,9.8,0.0,0,0,0,0.0,0.0,0.0,0.0,0.0
1788520890997.0,22575,9.8,0.0,0,0,0,0.0,0.0,0.0,0.0,0.0
1788520891093.0,22580,9.8,0.0,0,0,0,0.0,0.0,0.0,0.0,0.0
1788520891185.0,22585,9.8,0.0,0,0,0,0.0,0.0,0.0,0.0,0.0
1788520891279.0,22590,9.8,0.0,0,0,0,0.0,0.0,0.0,0.0,0.0
1788520891379.0,22595,9.8,0.0,0,0,0,0.0,0.0,0.0,0.0,0.0
1788520891468.0,22600,9.8,0.0,0,0,0,0.0,0.0,0.0,0.0,0.0
1788520891560.0,22605,9.8,0.0,0,0,0,0.0,0.0,0.0,0.0,0.0
1788520891654.0,22610,9.8,0.0,0,0,0,0.0,0.0,0.0,0.0,0.0
1788520891748.0,22615,9.8,0.0,0,0,0,0.0,0.0,0.0,0.0,0.0
1788520891841.0,22620,9.8,0.0,0,0,0,0.0,0.0,0.0,0.0,0.0
1788520891937.0,22625,9.8,0.0,0,0,0,0.0,0.0,0.0,0.0,0.0
1788520892029.0,22630,9.8,0.0,0,0,0,0.0,0.0,0.0,0.0,0.0
1788520892122.0,22635,9.8,0.0,0,0,0,0.0,0.0,0.0,0.0,0.0
1788520892216.0,22640,9.8,0.0,0,0,0,0.0,0.0,0.0,0.0,0.0
1788520892310.0,22645,9.8,0.0,0,0,0,0.0,0.0,0.0,0.0,0.0
1788520892410.0,22650,9.8,0.0,0,0,0,0.0,0.0,0.0,0.0,0.0
1788520892497.0,22655,9.8,0.0,0,0,0,0.0,0.0,0.0,0.0,0.0
1788520892596.0,22660,9.8,0.0,0,0,0,0.0,0.0,0.0,0.0,0.0
1788520892684.0,22665,9.8,0.0,0,0,0,0.0,0.0,0.0,0.0,0.0
1788520892778.0,22670,9.8,0.0,0,0,0,0.0,0.0,0.0,0.0,0.0
1788520892871.0,22675,9.8,0.0,0,0,0,0.0,0.0,0.0,0.0,0.0
1788520892965.0,22680,9.8,0.0,0,0,0,0.0,0.0,0.0,0.0,0.0
1788520893060.0,22685,9.8,0.0,0,0,0,0.0,0.0,0.0,0.0,0.0
1788520893152.0,22690,9.8,0.0,0,0,0,0.0,0.0,0.0,0.0,0.0
1788520893246.0,22695,9.8,0.0,0,0,0,0.0,0.0,0.0,0.0,0.0
1788520893347.0,22700,9.8,0.0,0,0,0,0.0,0.0,0.0,0.0,0.0
1788520893434.0,22705,9.8,0.0,0,0,0,0.0,0.0,0.0,0.0,0.0
1788520893527.0,22710,9.8,0.0,0,0,0,0.0,0.0,0.0,0.0,0.0
1788520893621.0,22715,9.8,0.0,0,0,0,0.0,0.0,0.0,0.0,0.0
1788520893714.0,22720,9.8,0.0,0,0,0,0.0,0.0,0.0,0.0,0.0
1788520893811.0,22725,9.8,0.0,0,0,0,0.0,0.0,0.0,0.0,0.0
1788520893902.0,22730,9.8,0.0,0,0,0,0.0,0.0,0.0,0.0,0.0
1788520893996.0,22735,9.8,0.0,0,0,0,0.0,0.0,0.0,0.0,0.0
1788520894090.0,22740,9.8,0.0,0,0,0,0.0,0.0,0.0,0.0,0.0
1788520894183.0,22745,9.8,0.0,0,0,0,0.0,0.0,0.0,0.0,0.0
1788520894277.0,22750,9.8,0.0,0,0,0,0.0,0.0,0.0,0.0,0.0
1788520894371.0,22755,9.8,0.0,0,0,0,0.0,0.0,0.0,0.0,0.0
1788520894465.0,22760,9.8,0.0,0,0,0,0.0,0.0,0.0,0.0,0.0
1788520894563.0,22765,9.8,0.0,0,0,0,0.0,0.0,0.0,0.0,0.0
1788520894651.0,22770,9.8,0.0,0,0,0,0.0,0.0,0.0,0.0,0.0
1788520894745.0,22775,9.8,0.0,0,0,0,0.0,0.0,0.0,0.0,0.0
1788520894838.0,22780,9.8,0.0,0,0,0,0.0,0.0,0.0,0.0,0.0
1788520894932.0,22785,9.8,0.0,0,0,0,0.0,0.0,0.0,0.0,0.0
1788520895028.0,22790,9.8,0.0,0,0,0,0.0,0.0,0.0,0.0,0.0
1788520895120.0,22795,9.8,0.0,0,0,0,0.0,0.0,0.0,0.0,0.0
1788520895213.0,22800,9.8,0.0,0,0,0,0.0,0.0,0.0,0.0,0.0
1788520895306.0,22805,9.8,0.0,0,0,0,0.0,0.0,0.0,0.0,0.0
1788520895401.0,22810,9.8,0.0,0,0,0,0.0,0.0,0.0,0.0,0.0
1788520895494.0,22815,9.8,0.0,0,0,0,0.0,0.0,0.0,0.0,0.0
1788520895587.0,22820,9.8,0.0,0,0,0,0.0,0.0,0.0,0.0,0.0
1788520895682.0,22825,9.8,0.0,0,0,0,0.0,0.0,0.0,0.0,0.0
1788520895775.0,22830,9.8,0.0,0,0,0,0.0,0.0,0.0,0.0,0.0
1788520895869.0,22835,9.8,0.0,0,0,0,0.0,0.0,0.0,0.0,0.0
1788520895963.0,22840,9.8,0.0,0,0,0,0.0,0.0,0.0,0.0,0.0
1788520896059.0,22845,9.8,0.0,0,0,0,0.0,0.0,0.0,0.0,0.0
1788520896149.0,22850,9.8,0.0,0,0,0,0.0,0.0,0.0,0.0,0.0
1788520896243.0,22855,9.8,0.0,0,0,0,0.0,0.0,0.0,0.0,0.0
1788520896337.0,22860,9.8,0.0,0,0,0,0.0,0.0,0.0,0.0,0.0
1788520896430.0,22865,9.8,0.0,0,0,0,0.0,0.0,0.0,0.0,0.0
1788520896524.0,22870,9.8,0.0,0,0,0,0.0,0.0,0.0,0.0,0.0
1788520896618.0,22875,9.8,0.0,0,0,0,0.0,0.0,0.0,0.0,0.0
1788520896711.0,22880,9.8,0.0,0,0,0,0.0,0.0,0.0,0.0,0.0
1788520896806.0,22885,9.8,0.0,0,0,0,0.0,0.0,0.0,0.0,0.0
1788520896899.0,22890,9.8,0.0,0,0,0,0.0,0.0,0.0,0.0,0.0
1788520896995.0,22895,9.8,0.0,0,0,0,0.0,0.0,0.0,0.0,0.0
1788520897086.0,22900,9.8,0.0,0,0,0,0.0,0.0,0.0,0.0,0.0
1788520897179.0,22905,9.8,0.0,0,0,0,0.0,0.0,0.0,0.0,0.0
1788520897273.0,22910,9.8,0.0,0,0,0,0.0,0.0,0.0,0.0,0.0
1788520897366.0,22915,9.8,0.0,0,0,0,0.0,0.0,0.0,0.0,0.0
1788520897461.0,22920,9.8,0.0,0,0,0,0.0,0.0,0.0,0.0,0.0
1788520897554.0,22925,9.8,0.0,0,0,0,0.0,0.0,0.0,0.0,0.0
1788520897647.0,22930,9.8,0.0,0,0,0,0.0,0.0,0.0,0.0,0.0
1788520897744.0,22935,9.8,0.0,0,0,0,0.0,0.0,0.0,0.0,0.0
1788520897835.0,22940,9.8,0.0,0,0,0,0.0,0.0,0.0,0.0,0.0
1788520897928.0,22945,9.8,0.0,0,0,0,0.0,0.0,0.0,0.0,0.0
1788520898022.0,22950,9.8,0.0,0,0,0,0.0,0.0,0.0,0.0,0.0
1788520898115.0,22955,9.8,0.0,0,0,0,0.0,0.0,0.0,0.0,0.0
1788520898212.0,22960,9.8,0.0,0,0,0,0.0,0.0,0.0,0.0,0.0
1788520898303.0,22965,9.8,0.0,0,0,0,0.0,0.0,0.0,0.0,0.0
1788520898396.0,22970,9.8,0.0,0,0,0,0.0,0.0,0.0,0.0,0.0
1788520898495.0,22975,9.8,0.0,0,0,0,0.0,0.0,0.0,0.0,0.0
1788520898585.0,22980,9.8,0.0,0,0,0,0.0,0.0,0.0,0.0,0.0
1788520898678.0,22985,9.8,0.0,0,0,0,0.0,0.0,0.0,0.0,0.0
1788520898772.0,22990,9.8,0.0,0,0,0,0.0,0.0,0.0,0.0,0.0
1788520898865.0,22995,9.8,0.0,0,0,0,0.0,0.0,0.0,0.0,0.0
1788520898961.0,23000,9.8,0.0,0,0,0,0.0,0.0,0.0,0.0,0.0
1788520899052.0,23005,9.8,0.0,0,0,0,0.0,0.0,0.0,0.0,0.0
1788520899147.0,23010,9.8,0.0,0,0,0,0.0,0.0,0.0,0.0,0.0
1788520899239.0,23015,9.8,0.0,0,0,0,0.0,0.0,0.0,0.0,0.0
1788520899332.0,23020,9.8,0.0,0,0,0,0.0,0.0,0.0,0.0,0.0
1788520899429.0,23025,9.8,0.0,0,0,0,0.0,0.0,0.0,0.0,0.0
1788520899521.0,23030,9.8,0.0,0,0,0,0.0,0.0,0.0,0.0,0.0
1788520899614.0,23035,9.8,0.0,0,0,0,0.0,0.0,0.0,0.0,0.0
1788520899708.0,23040,9.8,0.0,0,0,0,0.0,0.0,0.0,0.0,0.0
1788520899802.0,23045,9.8,0.0,0,0,0,0.0,0.0,0.0,0.0,0.0
1788520899897.0,23050,9.8,0.0,0,0,0,0.0,0.0,0.0,0.0,0.0
1788520899989.0,23055,9.8,0.0,0,0,0,0.0,0.0,0.0,0.0,0.0
1788520900082.0,23060,9.8,0.0,0,0,0,0.0,0.0,0.0,0.0,0.0
1788520900176.0,23065,9.8,0.0,0,0,0,0.0,0.0,0.0,0.0,0.0
1788520900269.0,23070,9.8,0.0,0,0,0,0.0,0.0,0.0,0.0,0.0
1788520900363.0,23075,9.8,0.0,0,0,0,0.0,0.0,0.0,0.0,0.0
1788520900458.0,23080,9.8,0.0,0,0,0,0.0,0.0,0.0,0.0,0.0
1788520900550.0,23085,9.8,0.0,0,0,0,0.0,0.0,0.0,0.0,0.0
1788520900646.0,23090,9.8,0.0,0,0,0,0.0,0.0,0.0,0.0,0.0
1788520900738.0,23095,9.8,0.0,0,0,0,0.0,0.0,0.0,0.0,0.0
1788520900832.0,23100,9.8,0.0,0,0,0,0.0,0.0,0.0,0.0,0.0
1788520900925.0,23105,9.8,0.0,0,0,0,0.0,0.0,0.0,0.0,0.0
1788520901018.0,23110,9.8,0.0,0,0,0,0.0,0.0,0.0,0.0,0.0
1788520901112.0,23115,9.8,0.0,0,0,0,0.0,0.0,0.0,0.0,0.0
1788520901209.0,23120,9.8,0.0,0,0,0,0.0,0.0,0.0,0.0,0.0
1788520901300.0,23125,9.8,0.0,0,0,0,0.0,0.0,0.0,0.0,0.0
1788520901394.0,23130,9.8,0.0,0,0,0,0.0,0.0,0.0,0.0,0.0
1788520901488.0,23135,9.8,0.0,0,0,0,0.0,0.0,0.0,0.0,0.0
1788520901581.0,23140,9.8,0.0,0,0,0,0.0,0.0,0.0,0.0,0.0
1788520901680.0,23145,9.8,0.0,0,0,0,0.0,0.0,0.0,0.0,0.0
1788520901768.0,23150,9.8,0.0,0,0,0,0.0,0.0,0.0,0.0,0.0
1788520901862.0,23155,9.8,0.0,0,0,0,0.0,0.0,0.0,0.0,0.0
1788520901956.0,23160,9.8,0.0,0,0,0,0.0,0.0,0.0,0.0,0.0
1788520902049.0,23165,9.8,0.0,0,0,0,0.0,0.0,0.0,0.0,0.0
1788520902142.0,23170,9.8,0.0,0,0,0,0.0,0.0,0.0,0.0,0.0
1788520902237.0,23175,9.8,0.0,0,0,0,0.0,0.0,0.0,0.0,0.0
1788520902329.0,23180,9.8,0.0,0,0,0,0.0,0.0,0.0,0.0,0.0
1788520902429.0,23185,9.8,0.0,0,0,0,0.0,0.0,0.0,0.0,0.0
1788520902517.0,23190,9.8,0.0,0,0,0,0.0,0.0,0.0,0.0,0.0
1788520902611.0,23195,9.8,0.0,0,0,0,0.0,0.0,0.0,0.0,0.0
1788520902705.0,23200,9.8,0.0,0,0,0,0.0,0.0,0.0,0.0,0.0
1788520902798.0,23205,9.8,0.0,0,0,0,0.0,0.0,0.0,0.0,0.0
1788520902898.0,23210,9.8,0.0,0,0,0,0.0,0.0,0.0,0.0,0.0
1788520902986.0,23215,9.8,0.0,0,0,0,0.0,0.0,0.0,0.0,0.0
1788520903080.0,23220,9.8,0.0,0,0,0,0.0,0.0,0.0,0.0,0.0
1788520903173.0,23225,9.8,0.0,0,0,0,0.0,0.0,0.0,0.0,0.0
1788520903266.0,23230,9.8,0.0,0,0,0,0.0,0.0,0.0,0.0,0.0
1788520903362.0,23235,9.8,0.0,0,0,0,0.0,0.0,0.0,0.0,0.0
1788520903453.0,23240,9.8,0.0,0,0,0,0.0,0.0,0.0,0.0,0.0
1788520903547.0,23245,9.8,0.0,0,0,0,0.0,0.0,0.0,0.0,0.0
1788520903646.0,23250,9.8,0.0,0,0,0,0.0,0.0,0.0,0.0,0.0
1788520903735.0,23255,9.8,0.0,0,0,0,0.0,0.0,0.0,0.0,0.0
1788520903828.0,23260,9.8,0.0,0,0,0,0.0,0.0,0.0,0.0,0.0
1788520903921.0,23265,9.8,0.0,0,0,0,0.0,0.0,0.0,0.0,0.0
1788520904015.0,23270,9.8,0.0,0,0,0,0.0,0.0,0.0,0.0,0.0
1788520904114.0,23275,9.8,0.0,0,0,0,0.0,0.0,0.0,0.0,0.0
1788520904203.0,23280,9.8,0.0,0,0,0,0.0,0.0,0.0,0.0,0.0
1788520904296.0,23285,9.8,0.0,0,0,0,0.0,0.0,0.0,0.0,0.0
1788520904397.0,23290,9.8,0.0,0,0,0,0.0,0.0,0.0,0.0,0.0
1788520904483.0,23295,9.8,0.0,0,0,0,0.0,0.0,0.0,0.0,0.0
1788520904578.0,23300,9.8,0.0,0,0,0,0.0,0.0,0.0,0.0,0.0
1788520904671.0,23305,9.8,0.0,0,0,0,0.0,0.0,0.0,0.0,0.0
1788520904765.0,23310,9.8,0.0,0,0,0,0.0,0.0,0.0,0.0,0.0
1788520904862.0,23315,9.8,0.0,0,0,0,0.0,0.0,0.0,0.0,0.0
1788520904951.0,23320,9.8,0.0,0,0,0,0.0,0.0,0.0,0.0,0.0
1788520905046.0,23325,9.8,0.0,0,0,0,0.0,0.0,0.0,0.0,0.0
1788520905139.0,23330,9.8,0.0,0,0,0,0.0,0.0,0.0,0.0,0.0
1788520905232.0,23335,9.8,0.0,0,0,0,0.0,0.0,0.0,0.0,0.0
1788520905327.0,23340,9.8,0.0,0,0,0,0.0,0.0,0.0,0.0,0.0
1788520905420.0,23345,9.8,0.0,0,0,0,0.0,0.0,0.0,0.0,0.0
1788520905513.0,23350,9.8,0.0,0,0,0,0.0,0.0,0.0,0.0,0.0
1788520905614.0,23355,9.8,0.0,0,0,0,0.0,0.0,0.0,0.0,0.0
1788520905701.0,23360,9.8,0.0,0,0,0,0.0,0.0,0.0,0.0,0.0
1788520905794.0,23365,9.8,0.0,0,0,0,0.0,0.0,0.0,0.0,0.0
1788520905888.0,23370,9.8,0.0,0,0,0,0.0,0.0,0.0,0.0,0.0
1788520905981.0,23375,9.8,0.0,0,0,0,0.0,0.0,0.0,0.0,0.0
1788520906075.0,23380,9.8,0.0,0,0,0,0.0,0.0,0.0,0.0,0.0
1788520906169.0,23385,9.8,0.0,0,0,0,0.0,0.0,0.0,0.0,0.0
1788520906262.0,23390,9.8,0.0,0,0,0,0.0,0.0,0.0,0.0,0.0
1788520906361.0,23395,9.8,0.0,0,0,0,0.0,0.0,0.0,0.0,0.0
1788520906449.0,23400,9.8,0.0,0,0,0,0.0,0.0,0.0,0.0,0.0
1788520906543.0,23405,9.8,0.0,0,0,0,0.0,0.0,0.0,0.0,0.0
1788520906637.0,23410,9.8,0.0,0,0,0,0.0,0.0,0.0,0.0,0.0
1788520906730.0,23415,9.8,0.0,0,0,0,0.0,0.0,0.0,0.0,0.0
1788520906826.0,23420,9.8,0.0,0,0,0,0.0,0.0,0.0,0.0,0.0
1788520906919.0,23425,9.8,0.0,0,0,0,0.0,0.0,0.0,0.0,0.0
1788520907012.0,23430,9.8,0.0,0,0,0,0.0,0.0,0.0,0.0,0.0
1788520907105.0,23435,9.8,0.0,0,0,0,0.0,0.0,0.0,0.0,0.0
1788520907199.0,23440,9.8,0.0,0,0,0,0.0,0.0,0.0,0.0,0.0
1788520907296.0,23445,9.8,0.0,0,0,0,0.0,0.0,0.0,0.0,0.0
1788520907387.0,23450,9.8,0.0,0,0,0,0.0,0.0,0.0,0.0,0.0
1788520907480.0,23455,9.8,0.0,0,0,0,0.0,0.0,0.0,0.0,0.0
1788520907574.0,23460,9.8,0.0,0,0,0,0.0,0.0,0.0,0.0,0.0
1788520907667.0,23465,9.8,0.0,0,0,0,0.0,0.0,0.0,0.0,0.0
1788520907761.0,23470,9.8,0.0,0,0,0,0.0,0.0,0.0,0.0,0.0
1788520907854.0,23475,9.8,0.0,0,0,0,0.0,0.0,0.0,0.0,0.0
1788520907948.0,23480,9.8,0.0,0,0,0,0.0,0.0,0.0,0.0,0.0
1788520908049.0,23485,9.8,0.0,0,0,0,0.0,0.0,0.0,0.0,0.0
1788520908135.0,23490,9.8,0.0,0,0,0,0.0,0.0,0.0,0.0,0.0
1788520908229.0,23495,9.8,0.0,0,0,0,0.0,0.0,0.0,0.0,0.0
1788520908328.0,23500,9.8,0.0,0,0,0,0.0,0.0,0.0,0.0,0.0
1788520908416.0,23505,9.8,0.0,0,0,0,0.0,0.0,0.0,0.0,0.0
1788520908511.0,23510,9.8,0.0,0,0,0,0.0,0.0,0.0,0.0,0.0
1788520908603.0,23515,9.8,0.0,0,0,0,0.0,0.0,0.0,0.0,0.0
1788520908698.0,23520,9.8,0.0,0,0,0,0.0,0.0,0.0,0.0,0.0
1788520908791.0,23525,9.8,0.0,0,0,0,0.0,0.0,0.0,0.0,0.0
1788520908885.0,23530,9.8,0.0,0,0,0,0.0,0.0,0.0,0.0,0.0
1788520908982.0,23535,9.8,0.0,0,0,0,0.0,0.0,0.0,0.0,0.0
1788520909072.0,23540,9.8,0.0,0,0,0,0.0,0.0,0.0,0.0,0.0
1788520909166.0,23545,9.8,0.0,0,0,0,0.0,0.0,0.0,0.0,0.0
1788520909261.0,23550,9.8,0.0,0,0,0,0.0,0.0,0.0,0.0,0.0
1788520909353.0,23555,9.8,0.0,0,0,0,0.0,0.0,0.0,0.0,0.0
1788520909447.0,23560,9.8,0.0,0,0,0,0.0,0.0,0.0,0.0,0.0
1788520909541.0,23565,9.8,0.0,0,0,0,0.0,0.0,0.0,0.0,0.0
1788520909634.0,23570,9.8,0.0,0,0,0,0.0,0.0,0.0,0.0,0.0
1788520909728.0,23575,9.8,0.0,0,0,0,0.0,0.0,0.0,0.0,0.0
1788520909821.0,23580,9.8,0.0,0,0,0,0.0,0.0,0.0,0.0,0.0
1788520909915.0,23585,9.8,0.0,0,0,0,0.0,0.0,0.0,0.0,0.0
1788520910009.0,23590,9.8,0.0,0,0,0,0.0,0.0,0.0,0.0,0.0
1788520910102.0,23595,9.8,0.0,0,0,0,0.0,0.0,0.0,0.0,0.0
1788520910195.0,23600,9.8,0.0,0,0,0,0.0,0.0,0.0,0.0,0.0
1788520910292.0,23605,9.8,0.0,0,0,0,0.0,0.0,0.0,0.0,0.0
1788520910384.0,23610,9.8,0.0,0,0,0,0.0,0.0,0.0,0.0,0.0
1788520910479.0,23615,9.8,0.0,0,0,0,0.0,0.0,0.0,0.0,0.0
1788520910571.0,23620,9.8,0.0,0,0,0,0.0,0.0,0.0,0.0,0.0
1788520910664.0,23625,9.8,0.0,0,0,0,0.0,0.0,0.0,0.0,0.0
1788520910760.0,23630,9.8,0.0,0,0,0,0.0,0.0,0.0,0.0,0.0
1788520910852.0,23635,9.8,0.0,0,0,0,0.0,0.0,0.0,0.0,0.0
1788520910945.0,23640,9.8,0.0,0,0,0,0.0,0.0,0.0,0.0,0.0
1788520911038.0,23645,9.8,0.0,0,0,0,0.0,0.0,0.0,0.0,0.0
1788520911133.0,23650,9.8,0.0,0,0,0,0.0,0.0,0.0,0.0,0.0
1788520911226.0,23655,9.8,0.0,0,0,0,0.0,0.0,0.0,0.0,0.0
1788520911320.0,23660,9.8,0.0,0,0,0,0.0,0.0,0.0,0.0,0.0
1788520911413.0,23665,9.8,0.0,0,0,0,0.0,0.0,0.0,0.0,0.0
1788520911511.0,23670,9.8,0.0,0,0,0,0.0,0.0,0.0,0.0,0.0
1788520911601.0,23675,9.8,0.0,0,0,0,0.0,0.0,0.0,0.0,0.0
1788520911695.0,23680,9.8,0.0,0,0,0,0.0,0.0,0.0,0.0,0.0
1788520911788.0,23685,9.8,0.0,0,0,0,0.0,0.0,0.0,0.0,0.0
1788520911881.0,23690,9.8,0.0,0,0,0,0.0,0.0,0.0,0.0,0.0
1788520911979.0,23695,9.8,0.0,0,0,0,0.0,0.0,0.0,0.0,0.0
1788520912070.0,23700,9.8,0.0,0,0,0,0.0,0.0,0.0,0.0,0.0
1788520912162.0,23705,9.8,0.0,0,0,0,0.0,0.0,0.0,0.0,0.0
1788520912256.0,23710,9.8,0.0,0,0,0,0.0,0.0,0.0,0.0,0.0
1788520912350.0,23715,9.8,0.0,0,0,0,0.0,0.0,0.0,0.0,0.0
1788520912445.0,23720,9.8,0.0,0,0,0,0.0,0.0,0.0,0.0,0.0
1788520912538.0,23725,9.8,0.0,0,0,0,0.0,0.0,0.0,0.0,0.0
1788520912631.0,23730,9.8,0.0,0,0,0,0.0,0.0,0.0,0.0,0.0
1788520912729.0,23735,9.8,0.0,0,0,0,0.0,0.0,0.0,0.0,0.0
1788520912818.0,23740,9.8,0.0,0,0,0,0.0,0.0,0.0,0.0,0.0
1788520912913.0,23745,9.8,0.0,0,0,0,0.0,0.0,0.0,0.0,0.0
1788520913011.0,23750,9.8,0.0,0,0,0,0.0,0.0,0.0,0.0,0.0
1788520913099.0,23755,9.8,0.0,0,0,0,0.0,0.0,0.0,0.0,0.0
1788520913193.0,23760,9.8,0.0,0,0,0,0.0,0.0,0.0,0.0,0.0
1788520913287.0,23765,9.8,0.0,0,0,0,0.0,0.0,0.0,0.0,0.0
1788520913381.0,23770,9.8,0.0,0,0,0,0.0,0.0,0.0,0.0,0.0
1788520913475.0,23775,9.8,0.0,0,0,0,0.0,0.0,0.0,0.0,0.0
1788520913568.0,23780,9.8,0.0,0,0,0,0.0,0.0,0.0,0.0,0.0
1788520913662.0,23785,9.8,0.0,0,0,0,0.0,0.0,0.0,0.0,0.0
1788520913755.0,23790,9.8,0.0,0,0,0,0.0,0.0,0.0,0.0,0.0
1788520913849.0,23795,9.8,0.0,0,0,0,0.0,0.0,0.0,0.0,0.0
1788520913944.0,23800,9.8,0.0,0,0,0,0.0,0.0,0.0,0.0,0.0
1788520914036.0,23805,9.8,0.0,0,0,0,0.0,0.0,0.0,0.0,0.0
1788520914130.0,23810,9.8,0.0,0,0,0,0.0,0.0,0.0,0.0,0.0
1788520914226.0,23815,9.8,0.0,0,0,0,0.0,0.0,0.0,0.0,0.0
1788520914317.0,23820,9.8,0.0,0,0,0,0.0,0.0,0.0,0.0,0.0
1788520914410.0,23825,9.8,0.0,0,0,0,0.0,0.0,0.0,0.0,0.0
1788520914504.0,23830,9.8,0.0,0,0,0,0.0,0.0,0.0,0.0,0.0
1788520914598.0,23835,9.8,0.0,0,0,0,0.0,0.0,0.0,0.0,0.0
1788520914697.0,23840,9.8,0.0,0,0,0,0.0,0.0,0.0,0.0,0.0
1788520914786.0,23845,9.8,0.0,0,0,0,0.0,0.0,0.0,0.0,0.0
1788520914879.0,23850,9.8,0.0,0,0,0,0.0,0.0,0.0,0.0,0.0
1788520914978.0,23855,9.8,0.0,0,0,0,0.0,0.0,0.0,0.0,0.0
1788520915066.0,23860,9.8,0.0,0,0,0,0.0,0.0,0.0,0.0,0.0
1788520915160.0,23865,9.8,0.0,0,0,0,0.0,0.0,0.0,0.0,0.0
1788520915254.0,23870,9.8,0.0,0,0,0,0.0,0.0,0.0,0.0,0.0
1788520915347.0,23875,9.8,0.0,0,0,0,0.0,0.0,0.0,0.0,0.0
1788520915441.0,23880,9.8,0.0,0,0,0,0.0,0.0,0.0,0.0,0.0
1788520915535.0,23885,9.8,0.0,0,0,0,0.0,0.0,0.0,0.0,0.0
1788520915629.0,23890,9.8,0.0,0,0,0,0.0,0.0,0.0,0.0,0.0
1788520915722.0,23895,9.8,0.0,0,0,0,0.0,0.0,0.0,0.0,0.0
1788520915816.0,23900,9.8,0.0,0,0,0,0.0,0.0,0.0,0.0,0.0
1788520915912.0,23905,9.8,0.0,0,0,0,0.0,0.0,0.0,0.0,0.0
1788520916003.0,23910,9.8,0.0,0,0,0,0.0,0.0,0.0,0.0,0.0
1788520916098.0,23915,9.8,0.0,0,0,0,0.0,0.0,0.0,0.0,0.0
1788520916196.0,23920,9.8,0.0,0,0,0,0.0,0.0,0.0,0.0,0.0
1788520916284.0,23925,9.8,0.0,0,0,0,0.0,0.0,0.0,0.0,0.0
1788520916377.0,23930,9.8,0.0,0,0,0,0.0,0.0,0.0,0.0,0.0
1788520916471.0,23935,9.8,0.0,0,0,0,0.0,0.0,0.0,0.0,0.0
1788520916565.0,23940,9.8,0.0,0,0,0,0.0,0.0,0.0,0.0,0.0
1788520916659.0,23945,9.8,0.0,0,0,0,0.0,0.0,0.0,0.0,0.0
1788520916752.0,23950,9.8,0.0,0,0,0,0.0,0.0,0.0,0.0,0.0
1788520916846.0,23955,9.8,0.0,0,0,0,0.0,0.0,0.0,0.0,0.0
1788520916939.0,23960,9.8,0.0,0,0,0,0.0,0.0,0.0,0.0,0.0
1788520917033.0,23965,9.8,0.0,0,0,0,0.0,0.0,0.0,0.0,0.0
1788520917131.0,23970,9.8,0.0,0,0,0,0.0,0.0,0.0,0.0,0.0
1788520917220.0,23975,9.8,0.0,0,0,0,0.0,0.0,0.0,0.0,0.0
1788520917314.0,23980,9.8,0.0,0,0,0,0.0,0.0,0.0,0.0,0.0
1788520917408.0,23985,9.8,0.0,0,0,0,0.0,0.0,0.0,0.0,0.0
1788520917501.0,23990,9.8,0.0,0,0,0,0.0,0.0,0.0,0.0,0.0
1788520917595.0,23995,9.8,0.0,0,0,0,0.0,0.0,0.0,0.0,0.0
1788520917692.0,24000,9.8,0.0,0,0,0,0.0,0.0,0.0,0.0,0.0
1788520917783.0,24005,9.8,0.0,0,0,0,0.0,0.0,0.0,0.0,0.0
1788520917877.0,24010,9.8,0.0,0,0,0,0.0,0.0,0.0,0.0,0.0
1788520917971.0,24015,9.8,0.0,0,0,0,0.0,0.0,0.0,0.0,0.0
1788520918064.0,24020,9.8,0.0,0,0,0,0.0,0.0,0.0,0.0,0.0
1788520918157.0,24025,9.8,0.0,0,0,0,0.0,0.0,0.0,0.0,0.0
1788520918250.0,24030,9.8,0.0,0,0,0,0.0,0.0,0.0,0.0,0.0
1788520918344.0,24035,9.8,0.0,0,0,0,0.0,0.0,0.0,0.0,0.0
1788520918438.0,24040,9.8,0.0,0,0,0,0.0,0.0,0.0,0.0,0.0
1788520918532.0,24045,9.8,0.0,0,0,0,0.0,0.0,0.0,0.0,0.0
1788520918630.0,24050,9.8,0.0,0,0,0,0.0,0.0,0.0,0.0,0.0
1788520918719.0,24055,9.8,0.0,0,0,0,0.0,0.0,0.0,0.0,0.0
1788520918814.0,24060,9.8,0.0,0,0,0,0.0,0.0,0.0,0.0,0.0
1788520918906.0,24065,9.8,0.0,0,0,0,0.0,0.0,0.0,0.0,0.0
1788520919000.0,24070,9.8,0.0,0,0,0,0.0,0.0,0.0,0.0,0.0
1788520919093.0,24075,9.8,0.0,0,0,0,0.0,0.0,0.0,0.0,0.0
1788520919188.0,24080,9.8,0.0,0,0,0,0.0,0.0,0.0,0.0,0.0
1788520919280.0,24085,9.8,0.0,0,0,0,0.0,0.0,0.0,0.0,0.0
1788520919375.0,24090,9.8,0.0,0,0,0,0.0,0.0,0.0,0.0,0.0
1788520919469.0,24095,9.8,0.0,0,0,0,0.0,0.0,0.0,0.0,0.0
1788520919562.0,24100,9.8,0.0,0,0,0,0.0,0.0,0.0,0.0,0.0
1788520919658.0,24105,9.8,0.0,0,0,0,0.0,0.0,0.0,0.0,0.0
1788520919750.0,24110,9.8,0.0,0,0,0,0.0,0.0,0.0,0.0,0.0
1788520919847.0,24115,9.8,0.0,0,0,0,0.0,0.0,0.0,0.0,0.0
1788520919936.0,24120,9.8,0.0,0,0,0,0.0,0.0,0.0,0.0,0.0
1788520920031.0,24125,9.8,0.0,0,0,0,0.0,0.0,0.0,0.0,0.0
1788520920127.0,24130,9.8,0.0,0,0,0,0.0,0.0,0.0,0.0,0.0
1788520920218.0,24135,9.8,0.0,0,0,0,0.0,0.0,0.0,0.0,0.0
1788520920315.0,24140,9.8,0.0,0,0,0,0.0,0.0,0.0,0.0,0.0
1788520920405.0,24145,9.8,0.0,0,0,0,0.0,0.0,0.0,0.0,0.0
1788520920498.0,24150,9.8,0.0,0,0,0,0.0,0.0,0.0,0.0,0.0
1788520920595.0,24155,9.8,0.0,0,0,0,0.0,0.0,0.0,0.0,0.0
1788520920686.0,24160,9.8,0.0,0,0,0,0.0,0.0,0.0,0.0,0.0
1788520920781.0,24165,9.8,0.0,0,0,0,0.0,0.0,0.0,0.0,0.0
1788520920874.0,24170,9.8,0.0,0,0,0,0.0,0.0,0.0,0.0,0.0
1788520920968.0,24175,9.8,0.0,0,0,0,0.0,0.0,0.0,0.0,0.0
1788520921062.0,24180,9.8,0.0,0,0,0,0.0,0.0,0.0,0.0,0.0
1788520921155.0,24185,9.8,0.0,0,0,0,0.0,0.0,0.0,0.0,0.0
1788520921248.0,24190,9.8,0.0,0,0,0,0.0,0.0,0.0,0.0,0.0
1788520921346.0,24195,9.8,0.0,0,0,0,0.0,0.0,0.0,0.0,0.0
1788520921436.0,24200,9.8,0.0,0,0,0,0.0,0.0,0.0,0.0,0.0
1788520921529.0,24205,9.8,0.0,0,0,0,0.0,0.0,0.0,0.0,0.0
1788520921623.0,24210,9.8,0.0,0,0,0,0.0,0.0,0.0,0.0,0.0
1788520921717.0,24215,9.8,0.0,0,0,0,0.0,0.0,0.0,0.0,0.0
1788520921813.0,24220,9.8,0.0,0,0,0,0.0,0.0,0.0,0.0,0.0
1788520921904.0,24225,9.8,0.0,0,0,0,0.0,0.0,0.0,0.0,0.0
1788520921997.0,24230,9.8,0.0,0,0,0,0.0,0.0,0.0,0.0,0.0
1788520922091.0,24235,9.8,0.0,0,0,0,0.0,0.0,0.0,0.0,0.0
1788520922185.0,24240,9.8,0.0,0,0,0,0.0,0.0,0.0,0.0,0.0
1788520922279.0,24245,9.8,0.0,0,0,0,0.0,0.0,0.0,0.0,0.0
1788520922372.0,24250,9.8,0.0,0,0,0,0.0,0.0,0.0,0.0,0.0
1788520922466.0,24255,9.8,0.0,0,0,0,0.0,0.0,0.0,0.0,0.0
1788520922562.0,24260,9.8,0.0,0,0,0,0.0,0.0,0.0,0.0,0.0
1788520922653.0,24265,9.8,0.0,0,0,0,0.0,0.0,0.0,0.0,0.0
1788520922748.0,24270,9.8,0.0,0,0,0,0.0,0.0,0.0,0.0,0.0
1788520922849.0,24275,9.8,0.0,0,0,0,0.0,0.0,0.0,0.0,0.0
1788520922935.0,24280,9.8,0.0,0,0,0,0.0,0.0,0.0,0.0,0.0
1788520923028.0,24285,9.8,0.0,0,0,0,0.0,0.0,0.0,0.0,0.0
1788520923123.0,24290,9.8,0.0,0,0,0,0.0,0.0,0.0,0.0,0.0
1788520923215.0,24295,9.8,0.0,0,0,0,0.0,0.0,0.0,0.0,0.0
1788520923315.0,24300,9.8,0.0,0,0,0,0.0,0.0,0.0,0.0,0.0
1788520923402.0,24305,9.8,0.0,0,0,0,0.0,0.0,0.0,0.0,0.0
1788520923497.0,24310,9.8,0.0,0,0,0,0.0,0.0,0.0,0.0,0.0
1788520923590.0,24315,9.8,0.0,0,0,0,0.0,0.0,0.0,0.0,0.0
1788520923684.0,24320,9.8,0.0,0,0,0,0.0,0.0,0.0,0.0,0.0
1788520923779.0,24325,9.8,0.0,0,0,0,0.0,0.0,0.0,0.0,0.0
1788520923871.0,24330,9.8,0.0,0,0,0,0.0,0.0,0.0,0.0,0.0
1788520923964.0,24335,9.8,0.0,0,0,0,0.0,0.0,0.0,0.0,0.0
1788520924058.0,24340,9.8,0.0,0,0,0,0.0,0.0,0.0,0.0,0.0
1788520924152.0,24345,9.8,0.0,0,0,0,0.0,0.0,0.0,0.0,0.0
1788520924246.0,24350,9.8,0.0,0,0,0,0.0,0.0,0.0,0.0,0.0
1788520924339.0,24355,9.8,0.0,0,0,0,0.0,0.0,0.0,0.0,0.0
1788520924433.0,24360,9.8,0.0,0,0,0,0.0,0.0,0.0,0.0,0.0
1788520924529.0,24365,9.8,0.0,0,0,0,0.0,0.0,0.0,0.0,0.0
1788520924621.0,24370,9.8,0.0,0,0,0,0.0,0.0,0.0,0.0,0.0
1788520924714.0,24375,9.8,0.0,0,0,0,0.0,0.0,0.0,0.0,0.0
1788520924808.0,24380,9.8,0.0,0,0,0,0.0,0.0,0.0,0.0,0.0
1788520924902.0,24385,9.8,0.0,0,0,0,0.0,0.0,0.0,0.0,0.0
1788520924996.0,24390,9.8,0.0,0,0,0,0.0,0.0,0.0,0.0,0.0
1788520925088.0,24395,9.8,0.0,0,0,0,0.0,0.0,0.0,0.0,0.0
1788520925182.0,24400,9.8,0.0,0,0,0,0.0,0.0,0.0,0.0,0.0
1788520925276.0,24405,9.8,0.0,0,0,0,0.0,0.0,0.0,0.0,0.0
1788520925369.0,24410,9.8,0.0,0,0,0,0.0,0.0,0.0,0.0,0.0
1788520925463.0,24415,9.8,0.0,0,0,0,0.0,0.0,0.0,0.0,0.0
1788520925564.0,24420,9.8,0.0,0,0,0,0.0,0.0,0.0,0.0,0.0
1788520925651.0,24425,9.8,0.0,0,0,0,0.0,0.0,0.0,0.0,0.0
1788520925745.0,24430,9.8,0.0,0,0,0,0.0,0.0,0.0,0.0,0.0
1788520925838.0,24435,9.8,0.0,0,0,0,0.0,0.0,0.0,0.0,0.0
1788520925932.0,24440,9.8,0.0,0,0,0,0.0,0.0,0.0,0.0,0.0
1788520926025.0,24445,9.8,0.0,0,0,0,0.0,0.0,0.0,0.0,0.0
1788520926119.0,24450,9.8,0.0,0,0,0,0.0,0.0,0.0,0.0,0.0
1788520926213.0,24455,9.8,0.0,0,0,0,0.0,0.0,0.0,0.0,0.0
1788520926309.0,24460,9.8,0.0,0,0,0,0.0,0.0,0.0,0.0,0.0
1788520926400.0,24465,9.8,0.0,0,0,0,0.0,0.0,0.0,0.0,0.0
1788520926493.0,24470,9.8,0.0,0,0,0,0.0,0.0,0.0,0.0,0.0
1788520926587.0,24475,9.8,0.0,0,0,0,0.0,0.0,0.0,0.0,0.0
1788520926681.0,24480,9.8,0.0,0,0,0,0.0,0.0,0.0,0.0,0.0
1788520926777.0,24485,9.8,0.0,0,0,0,0.0,0.0,0.0,0.0,0.0
1788520926868.0,24490,9.8,0.0,0,0,0,0.0,0.0,0.0,0.0,0.0
1788520926962.0,24495,9.8,0.0,0,0,0,0.0,0.0,0.0,0.0,0.0
1788520927055.0,24500,9.8,0.0,0,0,0,0.0,0.0,0.0,0.0,0.0
1788520927149.0,24505,9.8,0.0,0,0,0,0.0,0.0,0.0,0.0,0.0
1788520927243.0,24510,9.8,0.0,0,0,0,0.0,0.0,0.0,0.0,0.0
1788520927336.0,24515,9.8,0.0,0,0,0,0.0,0.0,0.0,0.0,0.0
1788520927431.0,24520,9.8,0.0,0,0,0,0.0,0.0,0.0,0.0,0.0
1788520927529.0,24525,9.8,0.0,0,0,0,0.0,0.0,0.0,0.0,0.0
1788520927618.0,24530,9.8,0.0,0,0,0,0.0,0.0,0.0,0.0,0.0
1788520927713.0,24535,9.8,0.0,0,0,0,0.0,0.0,0.0,0.0,0.0
1788520927805.0,24540,9.8,0.0,0,0,0,0.0,0.0,0.0,0.0,0.0
1788520927899.0,24545,9.8,0.0,0,0,0,0.0,0.0,0.0,0.0,0.0
1788520927994.0,24550,9.8,0.0,0,0,0,0.0,0.0,0.0,0.0,0.0
1788520928086.0,24555,9.8,0.0,0,0,0,0.0,0.0,0.0,0.0,0.0
1788520928179.0,24560,9.8,0.0,0,0,0,0.0,0.0,0.0,0.0,0.0
1788520928273.0,24565,9.8,0.0,0,0,0,0.0,0.0,0.0,0.0,0.0
1788520928366.0,24570,9.8,0.0,0,0,0,0.0,0.0,0.0,0.0,0.0
1788520928460.0,24575,9.8,0.0,0,0,0,0.0,0.0,0.0,0.0,0.0
1788520928554.0,24580,9.8,0.0,0,0,0,0.0,0.0,0.0,0.0,0.0
1788520928648.0,24585,9.8,0.0,0,0,0,0.0,0.0,0.0,0.0,0.0
1788520928741.0,24590,9.8,0.0,0,0,0,0.0,0.0,0.0,0.0,0.0
1788520928835.0,24595,9.8,0.0,0,0,0,0.0,0.0,0.0,0.0,0.0
1788520928928.0,24600,9.8,0.0,0,0,0,0.0,0.0,0.0,0.0,0.0
1788520929022.0,24605,9.8,0.0,0,0,0,0.0,0.0,0.0,0.0,0.0
1788520929115.0,24610,9.8,0.0,0,0,0,0.0,0.0,0.0,0.0,0.0
1788520929211.0,24615,9.8,0.0,0,0,0,0.0,0.0,0.0,0.0,0.0
1788520929303.0,24620,9.8,0.0,0,0,0,0.0,0.0,0.0,0.0,0.0
1788520929397.0,24625,9.8,0.0,0,0,0,0.0,0.0,0.0,0.0,0.0
1788520929490.0,24630,9.8,0.0,0,0,0,0.0,0.0,0.0,0.0,0.0
1788520929587.0,24635,9.8,0.0,0,0,0,0.0,0.0,0.0,0.0,0.0
1788520929679.0,24640,9.8,0.0,0,0,0,0.0,0.0,0.0,0.0,0.0
1788520929771.0,24645,9.8,0.0,0,0,0,0.0,0.0,0.0,0.0,0.0
1788520929868.0,24650,9.8,0.0,0,0,0,0.0,0.0,0.0,0.0,0.0
1788520929963.0,24655,9.8,0.0,0,0,0,0.0,0.0,0.0,0.0,0.0
1788520930053.0,24660,9.8,0.0,0,0,0,0.0,0.0,0.0,0.0,0.0
1788520930150.0,24665,9.8,0.0,0,0,0,0.0,0.0,0.0,0.0,0.0
1788520930244.0,24670,9.8,0.0,0,0,0,0.0,0.0,0.0,0.0,0.0
1788520930334.0,24675,9.8,0.0,0,0,0,0.0,0.0,0.0,0.0,0.0
1788520930427.0,24680,9.8,0.0,0,0,0,0.0,0.0,0.0,0.0,0.0
1788520930521.0,24685,9.8,0.0,0,0,0,0.0,0.0,0.0,0.0,0.0
1788520930615.0,24690,9.8,0.0,0,0,0,0.0,0.0,0.0,0.0,0.0
1788520930712.0,24695,9.8,0.0,0,0,0,0.0,0.0,0.0,0.0,0.0
1788520930802.0,24700,9.8,0.0,0,0,0,0.0,0.0,0.0,0.0,0.0
1788520930896.0,24705,9.8,0.0,0,0,0,0.0,0.0,0.0,0.0,0.0
1788520930990.0,24710,9.8,0.0,0,0,0,0.0,0.0,0.0,0.0,0.0
1788520931083.0,24715,9.8,0.0,0,0,0,0.0,0.0,0.0,0.0,0.0
1788520931179.0,24720,9.8,0.0,0,0,0,0.0,0.0,0.0,0.0,0.0
1788520931270.0,24725,9.8,0.0,0,0,0,0.0,0.0,0.0,0.0,0.0
1788520931364.0,24730,9.8,0.0,0,0,0,0.0,0.0,0.0,0.0,0.0
1788520931458.0,24735,9.8,0.0,0,0,0,0.0,0.0,0.0,0.0,0.0
1788520931551.0,24740,9.8,0.0,0,0,0,0.0,0.0,0.0,0.0,0.0
1788520931645.0,24745,9.8,0.0,0,0,0,0.0,0.0,0.0,0.0,0.0
1788520931739.0,24750,9.8,0.0,0,0,0,0.0,0.0,0.0,0.0,0.0
1788520931832.0,24755,9.8,0.0,0,0,0,0.0,0.0,0.0,0.0,0.0
1788520931926.0,24760,9.8,0.0,0,0,0,0.0,0.0,0.0,0.0,0.0
1788520932020.0,24765,9.8,0.0,0,0,0,0.0,0.0,0.0,0.0,0.0
1788520932113.0,24770,9.8,0.0,0,0,0,0.0,0.0,0.0,0.0,0.0
1788520932212.0,24775,9.8,0.0,0,0,0,0.0,0.0,0.0,0.0,0.0
1788520932301.0,24780,9.8,0.0,0,0,0,0.0,0.0,0.0,0.0,0.0
1788520932395.0,24785,9.8,0.0,0,0,0,0.0,0.0,0.0,0.0,0.0
1788520932488.0,24790,9.8,0.0,0,0,0,0.0,0.0,0.0,0.0,0.0
1788520932581.0,24795,9.8,0.0,0,0,0,0.0,0.0,0.0,0.0,0.0
1788520932678.0,24800,9.8,0.0,0,0,0,0.0,0.0,0.0,0.0,0.0
1788520932769.0,24805,9.8,0.0,0,0,0,0.0,0.0,0.0,0.0,0.0
1788520932862.0,24810,9.8,0.0,0,0,0,0.0,0.0,0.0,0.0,0.0
1788520932959.0,24815,9.8,0.0,0,0,0,0.0,0.0,0.0,0.0,0.0
1788520933050.0,24820,9.8,0.0,0,0,0,0.0,0.0,0.0,0.0,0.0
1788520933143.0,24825,9.8,0.0,0,0,0,0.0,0.0,0.0,0.0,0.0
1788520933237.0,24830,9.8,0.0,0,0,0,0.0,0.0,0.0,0.0,0.0
1788520933331.0,24835,9.8,0.0,0,0,0,0.0,0.0,0.0,0.0,0.0
1788520933424.0,24840,9.8,0.0,0,0,0,0.0,0.0,0.0,0.0,0.0
1788520933519.0,24845,9.8,0.0,0,0,0,0.0,0.0,0.0,0.0,0.0
1788520933612.0,24850,9.8,0.0,0,0,0,0.0,0.0,0.0,0.0,0.0
1788520933712.0,24855,9.8,0.0,0,0,0,0.0,0.0,0.0,0.0,0.0
1788520933800.0,24860,9.8,0.0,0,0,0,0.0,0.0,0.0,0.0,0.0
1788520933893.0,24865,9.8,0.0,0,0,0,0.0,0.0,0.0,0.0,0.0
1788520933987.0,24870,9.8,0.0,0,0,0,0.0,0.0,0.0,0.0,0.0
1788520934080.0,24875,9.8,0.0,0,0,0,0.0,0.0,0.0,0.0,0.0
1788520934178.0,24880,9.8,0.0,0,0,0,0.0,0.0,0.0,0.0,0.0
1788520934267.0,24885,9.8,0.0,0,0,0,0.0,0.0,0.0,0.0,0.0
1788520934361.0,24890,9.8,0.0,0,0,0,0.0,0.0,0.0,0.0,0.0
1788520934455.0,24895,9.8,0.0,0,0,0,0.0,0.0,0.0,0.0,0.0
1788520934548.0,24900,9.8,0.0,0,0,0,0.0,0.0,0.0,0.0,0.0
1788520934644.0,24905,9.8,0.0,0,0,0,0.0,0.0,0.0,0.0,0.0
1788520934736.0,24910,9.8,0.0,0,0,0,0.0,0.0,0.0,0.0,0.0
1788520934830.0,24915,9.8,0.0,0,0,0,0.0,0.0,0.0,0.0,0.0
1788520934923.0,24920,9.8,0.0,0,0,0,0.0,0.0,0.0,0.0,0.0
1788520935017.0,24925,9.8,0.0,0,0,0,0.0,0.0,0.0,0.0,0.0
1788520935112.0,24930,9.8,0.0,0,0,0,0.0,0.0,0.0,0.0,0.0
1788520935204.0,24935,9.8,0.0,0,0,0,0.0,0.0,0.0,0.0,0.0
1788520935298.0,24940,9.8,0.0,0,0,0,0.0,0.0,0.0,0.0,0.0
1788520935397.0,24945,9.8,0.0,0,0,0,0.0,0.0,0.0,0.0,0.0
1788520935485.0,24950,9.8,0.0,0,0,0,0.0,0.0,0.0,0.0,0.0
1788520935578.0,24955,9.8,0.0,0,0,0,0.0,0.0,0.0,0.0,0.0
1788520935673.0,24960,9.8,0.0,0,0,0,0.0,0.0,0.0,0.0,0.0
1788520935766.0,24965,9.8,0.0,0,0,0,0.0,0.0,0.0,0.0,0.0
1788520935861.0,24970,9.8,0.0,0,0,0,0.0,0.0,0.0,0.0,0.0
1788520935954.0,24975,9.8,0.0,0,0,0,0.0,0.0,0.0,0.0,0.0
1788520936047.0,24980,9.8,0.0,0,0,0,0.0,0.0,0.0,0.0,0.0
1788520936141.0,24985,9.8,0.0,0,0,0,0.0,0.0,0.0,0.0,0.0
1788520936235.0,24990,9.8,0.0,0,0,0,0.0,0.0,0.0,0.0,0.0
1788520936332.0,24995,9.8,0.0,0,0,0,0.0,0.0,0.0,0.0,0.0
1788520936422.0,25000,9.8,0.0,0,0,0,0.0,0.0,0.0,0.0,0.0
1788520936517.0,25005,9.8,0.0,0,0,0,0.0,0.0,0.0,0.0,0.0
1788520936609.0,25010,9.8,0.0,0,0,0,0.0,0.0,0.0,0.0,0.0
1788520936704.0,25015,9.8,0.0,0,0,0,0.0,0.0,0.0,0.0,0.0
1788520936797.0,25020,9.8,0.0,0,0,0,0.0,0.0,0.0,0.0,0.0
1788520936890.0,25025,9.8,0.0,0,0,0,0.0,0.0,0.0,0.0,0.0
1788520936983.0,25030,9.8,0.0,0,0,0,0.0,0.0,0.0,0.0,0.0
1788520937077.0,25035,9.8,0.0,0,0,0,0.0,0.0,0.0,0.0,0.0
1788520937171.0,25040,9.8,0.0,0,0,0,0.0,0.0,0.0,0.0,0.0
1788520937265.0,25045,9.8,0.0,0,0,0,0.0,0.0,0.0,0.0,0.0
1788520937362.0,25050,9.8,0.0,0,0,0,0.0,0.0,0.0,0.0,0.0
1788520937452.0,25055,9.8,0.0,0,0,0,0.0,0.0,0.0,0.0,0.0
1788520937547.0,25060,9.8,0.0,0,0,0,0.0,0.0,0.0,0.0,0.0
1788520937646.0,25065,9.8,0.0,0,0,0,0.0,0.0,0.0,0.0,0.0
1788520937734.0,25070,9.8,0.0,0,0,0,0.0,0.0,0.0,0.0,0.0
1788520937827.0,25075,9.8,0.0,0,0,0,0.0,0.0,0.0,0.0,0.0
1788520937921.0,25080,9.8,0.0,0,0,0,0.0,0.0,0.0,0.0,0.0
1788520938014.0,25085,9.8,0.0,0,0,0,0.0,0.0,0.0,0.0,0.0
1788520938110.0,25090,9.8,0.0,0,0,0,0.0,0.0,0.0,0.0,0.0
1788520938202.0,25095,9.8,0.0,0,0,0,0.0,0.0,0.0,0.0,0.0
1788520938295.0,25100,9.8,0.0,0,0,0,0.0,0.0,0.0,0.0,0.0
1788520938388.0,25105,9.8,0.0,0,0,0,0.0,0.0,0.0,0.0,0.0
1788520938482.0,25110,9.8,0.0,0,0,0,0.0,0.0,0.0,0.0,0.0
1788520938580.0,25115,9.8,0.0,0,0,0,0.0,0.0,0.0,0.0,0.0
1788520938670.0,25120,9.8,0.0,0,0,0,0.0,0.0,0.0,0.0,0.0
1788520938763.0,25125,9.8,0.0,0,0,0,0.0,0.0,0.0,0.0,0.0
1788520938858.0,25130,9.8,0.0,0,0,0,0.0,0.0,0.0,0.0,0.0
1788520938951.0,25135,9.8,0.0,0,0,0,0.0,0.0,0.0,0.0,0.0
1788520939046.0,25140,9.8,0.0,0,0,0,0.0,0.0,0.0,0.0,0.0
1788520939143.0,25145,9.8,0.0,0,0,0,0.0,0.0,0.0,0.0,0.0
1788520939232.0,25150,9.8,0.0,0,0,0,0.0,0.0,0.0,0.0,0.0
1788520939328.0,25155,9.8,0.0,0,0,0,0.0,0.0,0.0,0.0,0.0
1788520939419.0,25160,9.8,0.0,0,0,0,0.0,0.0,0.0,0.0,0.0
1788520939513.0,25165,9.8,0.0,0,0,0,0.0,0.0,0.0,0.0,0.0
1788520939611.0,25170,9.8,0.0,0,0,0,0.0,0.0,0.0,0.0,0.0
1788520939701.0,25175,9.8,0.0,0,0,0,0.0,0.0,0.0,0.0,0.0
1788520939794.0,25180,9.8,0.0,0,0,0,0.0,0.0,0.0,0.0,0.0
1788520939887.0,25185,9.8,0.0,0,0,0,0.0,0.0,0.0,0.0,0.0
1788520939981.0,25190,9.8,0.0,0,0,0,0.0,0.0,0.0,0.0,0.0
1788520940079.0,25195,9.8,0.0,0,0,0,0.0,0.0,0.0,0.0,0.0
1788520940168.0,25200,9.8,0.0,0,0,0,0.0,0.0,0.0,0.0,0.0
1788520940262.0,25205,9.8,0.0,0,0,0,0.0,0.0,0.0,0.0,0.0
1788520940356.0,25210,9.8,0.0,0,0,0,0.0,0.0,0.0,0.0,0.0
1788520940450.0,25215,9.8,0.0,0,0,0,0.0,0.0,0.0,0.0,0.0
1788520940543.0,25220,9.8,0.0,0,0,0,0.0,0.0,0.0,0.0,0.0
1788520940637.0,25225,9.8,0.0,0,0,0,0.0,0.0,0.0,0.0,0.0
1788520940731.0,25230,9.8,0.0,0,0,0,0.0,0.0,0.0,0.0,0.0
1788520940829.0,25235,9.8,0.0,0,0,0,0.0,0.0,0.0,0.0,0.0
1788520940918.0,25240,9.8,0.0,0,0,0,0.0,0.0,0.0,0.0,0.0
1788520941011.0,25245,9.8,0.0,0,0,0,0.0,0.0,0.0,0.0,0.0
1788520941105.0,25250,9.8,0.0,0,0,0,0.0,0.0,0.0,0.0,0.0
1788520941199.0,25255,9.8,0.0,0,0,0,0.0,0.0,0.0,0.0,0.0
1788520941296.0,25260,9.8,0.0,0,0,0,0.0,0.0,0.0,0.0,0.0
1788520941387.0,25265,9.8,0.0,0,0,0,0.0,0.0,0.0,0.0,0.0
1788520941480.0,25270,9.8,0.0,0,0,0,0.0,0.0,0.0,0.0,0.0
1788520941579.0,25275,9.8,0.0,0,0,0,0.0,0.0,0.0,0.0,0.0
1788520941668.0,25280,9.8,0.0,0,0,0,0.0,0.0,0.0,0.0,0.0
1788520941761.0,25285,9.8,0.0,0,0,0,0.0,0.0,0.0,0.0,0.0
1788520941855.0,25290,9.8,0.0,0,0,0,0.0,0.0,0.0,0.0,0.0
1788520941948.0,25295,9.8,0.0,0,0,0,0.0,0.0,0.0,0.0,0.0
1788520942042.0,25300,9.8,0.0,0,0,0,0.0,0.0,0.0,0.0,0.0
1788520942135.0,25305,9.8,0.0,0,0,0,0.0,0.0,0.0,0.0,0.0
1788520942229.0,25310,9.8,0.0,0,0,0,0.0,0.0,0.0,0.0,0.0
1788520942323.0,25315,9.8,0.0,0,0,0,0.0,0.0,0.0,0.0,0.0
1788520942416.0,25320,9.8,0.0,0,0,0,0.0,0.0,0.0,0.0,0.0
1788520942512.0,25325,9.8,0.0,0,0,0,0.0,0.0,0.0,0.0,0.0
1788520942604.0,25330,9.8,0.0,0,0,0,0.0,0.0,0.0,0.0,0.0
1788520942697.0,25335,9.8,0.0,0,0,0,0.0,0.0,0.0,0.0,0.0
1788520942798.0,25340,9.8,0.0,0,0,0,0.0,0.0,0.0,0.0,0.0
1788520942885.0,25345,9.8,0.0,0,0,0,0.0,0.0,0.0,0.0,0.0
1788520942979.0,25350,9.8,0.0,0,0,0,0.0,0.0,0.0,0.0,0.0
1788520943072.0,25355,9.8,0.0,0,0,0,0.0,0.0,0.0,0.0,0.0
1788520943166.0,25360,9.8,0.0,0,0,0,0.0,0.0,0.0,0.0,0.0
1788520943261.0,25365,9.8,0.0,0,0,0,0.0,0.0,0.0,0.0,0.0
1788520943353.0,25370,9.8,0.0,0,0,0,0.0,0.0,0.0,0.0,0.0
1788520943447.0,25375,9.8,0.0,0,0,0,0.0,0.0,0.0,0.0,0.0
1788520943540.0,25380,9.8,0.0,0,0,0,0.0,0.0,0.0,0.0,0.0
1788520943634.0,25385,9.8,0.0,0,0,0,0.0,0.0,0.0,0.0,0.0
1788520943728.0,25390,9.8,0.0,0,0,0,0.0,0.0,0.0,0.0,0.0
1788520943822.0,25395,9.8,0.0,0,0,0,0.0,0.0,0.0,0.0,0.0
1788520943915.0,25400,9.8,0.0,0,0,0,0.0,0.0,0.0,0.0,0.0
1788520944010.0,25405,9.8,0.0,0,0,0,0.0,0.0,0.0,0.0,0.0
1788520944103.0,25410,9.8,0.0,0,0,0,0.0,0.0,0.0,0.0,0.0
1788520944196.0,25415,9.8,0.0,0,0,0,0.0,0.0,0.0,0.0,0.0
1788520944291.0,25420,9.8,0.0,0,0,0,0.0,0.0,0.0,0.0,0.0
1788520944383.0,25425,9.8,0.0,0,0,0,0.0,0.0,0.0,0.0,0.0
1788520944477.0,25430,9.8,0.0,0,0,0,0.0,0.0,0.0,0.0,0.0
1788520944571.0,25435,9.8,0.0,0,0,0,0.0,0.0,0.0,0.0,0.0
1788520944664.0,25440,9.8,0.0,0,0,0,0.0,0.0,0.0,0.0,0.0
1788520944759.0,25445,9.8,0.0,0,0,0,0.0,0.0,0.0,0.0,0.0
1788520944851.0,25450,9.8,0.0,0,0,0,0.0,0.0,0.0,0.0,0.0
1788520944946.0,25455,9.8,0.0,0,0,0,0.0,0.0,0.0,0.0,0.0
1788520945039.0,25460,9.8,0.0,0,0,0,0.0,0.0,0.0,0.0,0.0
1788520945132.0,25465,9.8,0.0,0,0,0,0.0,0.0,0.0,0.0,0.0
1788520945229.0,25470,9.8,0.0,0,0,0,0.0,0.0,0.0,0.0,0.0
1788520945320.0,25475,9.8,0.0,0,0,0,0.0,0.0,0.0,0.0,0.0
1788520945414.0,25480,9.8,0.0,0,0,0,0.0,0.0,0.0,0.0,0.0
1788520945514.0,25485,9.8,0.0,0,0,0,0.0,0.0,0.0,0.0,0.0
1788520945600.0,25490,9.8,0.0,0,0,0,0.0,0.0,0.0,0.0,0.0
1788520945695.0,25495,9.8,0.0,0,0,0,0.0,0.0,0.0,0.0,0.0
1788520945788.0,25500,9.8,0.0,0,0,0,0.0,0.0,0.0,0.0,0.0
1788520945882.0,25505,9.8,0.0,0,0,0,0.0,0.0,0.0,0.0,0.0
1788520945978.0,25510,9.8,0.0,0,0,0,0.0,0.0,0.0,0.0,0.0
1788520946069.0,25515,9.8,0.0,0,0,0,0.0,0.0,0.0,0.0,0.0
1788520946162.0,25520,9.8,0.0,0,0,0,0.0,0.0,0.0,0.0,0.0
1788520946259.0,25525,9.8,0.0,0,0,0,0.0,0.0,0.0,0.0,0.0
1788520946350.0,25530,9.8,0.0,0,0,0,0.0,0.0,0.0,0.0,0.0
1788520946443.0,25535,9.8,0.0,0,0,0,0.0,0.0,0.0,0.0,0.0
1788520946537.0,25540,9.8,0.0,0,0,0,0.0,0.0,0.0,0.0,0.0
1788520946631.0,25545,9.8,0.0,0,0,0,0.0,0.0,0.0,0.0,0.0
1788520946725.0,25550,9.8,0.0,0,0,0,0.0,0.0,0.0,0.0,0.0
1788520946819.0,25555,9.8,0.0,0,0,0,0.0,0.0,0.0,0.0,0.0
1788520946914.0,25560,9.8,0.0,0,0,0,0.0,0.0,0.0,0.0,0.0
1788520947006.0,25565,9.8,0.0,0,0,0,0.0,0.0,0.0,0.0,0.0
1788520947099.0,25570,9.8,0.0,0,0,0,0.0,0.0,0.0,0.0,0.0
1788520947196.0,25575,9.8,0.0,0,0,0,0.0,0.0,0.0,0.0,0.0
1788520947286.0,25580,9.8,0.0,0,0,0,0.0,0.0,0.0,0.0,0.0
1788520947379.0,25585,9.8,0.0,0,0,0,0.0,0.0,0.0,0.0,0.0
1788520947473.0,25590,9.8,0.0,0,0,0,0.0,0.0,0.0,0.0,0.0
1788520947567.0,25595,9.8,0.0,0,0,0,0.0,0.0,0.0,0.0,0.0
1788520947662.0,25600,9.8,0.0,0,0,0,0.0,0.0,0.0,0.0,0.0
1788520947754.0,25605,9.8,0.0,0,0,0,0.0,0.0,0.0,0.0,0.0
1788520947848.0,25610,9.8,0.0,0,0,0,0.0,0.0,0.0,0.0,0.0
1788520947945.0,25615,9.8,0.0,0,0,0,0.0,0.0,0.0,0.0,0.0
1788520948035.0,25620,9.8,0.0,0,0,0,0.0,0.0,0.0,0.0,0.0
1788520948128.0,25625,9.8,0.0,0,0,0,0.0,0.0,0.0,0.0,0.0
1788520948223.0,25630,9.8,0.0,0,0,0,0.0,0.0,0.0,0.0,0.0
1788520948316.0,25635,9.8,0.0,0,0,0,0.0,0.0,0.0,0.0,0.0
1788520948412.0,25640,9.8,0.0,0,0,0,0.0,0.0,0.0,0.0,0.0
1788520948504.0,25645,9.8,0.0,0,0,0,0.0,0.0,0.0,0.0,0.0
1788520948598.0,25650,9.8,0.0,0,0,0,0.0,0.0,0.0,0.0,0.0
1788520948691.0,25655,9.8,0.0,0,0,0,0.0,0.0,0.0,0.0,0.0
1788520948787.0,25660,9.8,0.0,0,0,0,0.0,0.0,0.0,0.0,0.0
1788520948879.0,25665,9.8,0.0,0,0,0,0.0,0.0,0.0,0.0,0.0
1788520948971.0,25670,9.8,0.0,0,0,0,0.0,0.0,0.0,0.0,0.0
1788520949066.0,25675,9.8,0.0,0,0,0,0.0,0.0,0.0,0.0,0.0
1788520949159.0,25680,9.8,0.0,0,0,0,0.0,0.0,0.0,0.0,0.0
1788520949253.0,25685,9.8,0.0,0,0,0,0.0,0.0,0.0,0.0,0.0
1788520949347.0,25690,9.8,0.0,0,0,0,0.0,0.0,0.0,0.0,0.0
1788520949440.0,25695,9.8,0.0,0,0,0,0.0,0.0,0.0,0.0,0.0
1788520949534.0,25700,9.8,0.0,0,0,0,0.0,0.0,0.0,0.0,0.0
1788520949627.0,25705,9.8,0.0,0,0,0,0.0,0.0,0.0,0.0,0.0
1788520949721.0,25710,9.8,0.0,0,0,0,0.0,0.0,0.0,0.0,0.0
1788520949814.0,25715,9.8,0.0,0,0,0,0.0,0.0,0.0,0.0,0.0
1788520949913.0,25720,9.8,0.0,0,0,0,0.0,0.0,0.0,0.0,0.0
1788520950003.0,25725,9.8,0.0,0,0,0,0.0,0.0,0.0,0.0,0.0
1788520950096.0,25730,9.8,0.0,0,0,0,0.0,0.0,0.0,0.0,0.0
1788520950189.0,25735,9.8,0.0,0,0,0,0.0,0.0,0.0,0.0,0.0
1788520950283.0,25740,9.8,0.0,0,0,0,0.0,0.0,0.0,0.0,0.0
1788520950377.0,25745,9.8,0.0,0,0,0,0.0,0.0,0.0,0.0,0.0
1788520950470.0,25750,9.8,0.0,0,0,0,0.0,0.0,0.0,0.0,0.0
1788520950564.0,25755,9.8,0.0,0,0,0,0.0,0.0,0.0,0.0,0.0
1788520950662.0,25760,9.8,0.0,0,0,0,0.0,0.0,0.0,0.0,0.0
1788520950752.0,25765,9.8,0.0,0,0,0,0.0,0.0,0.0,0.0,0.0
1788520950844.0,25770,9.8,0.0,0,0,0,0.0,0.0,0.0,0.0,0.0
1788520950938.0,25775,9.8,0.0,0,0,0,0.0,0.0,0.0,0.0,0.0
1788520951032.0,25780,9.8,0.0,0,0,0,0.0,0.0,0.0,0.0,0.0
1788520951127.0,25785,9.8,0.0,0,0,0,0.0,0.0,0.0,0.0,0.0
1788520951219.0,25790,9.8,0.0,0,0,0,0.0,0.0,0.0,0.0,0.0
1788520951314.0,25795,9.8,0.0,0,0,0,0.0,0.0,0.0,0.0,0.0
1788520951415.0,25800,9.8,0.0,0,0,0,0.0,0.0,0.0,0.0,0.0
1788520951501.0,25805,9.8,0.0,0,0,0,0.0,0.0,0.0,0.0,0.0
1788520951595.0,25810,9.8,0.0,0,0,0,0.0,0.0,0.0,0.0,0.0
1788520951690.0,25815,9.8,0.0,0,0,0,0.0,0.0,0.0,0.0,0.0
1788520951781.0,25820,9.8,0.0,0,0,0,0.0,0.0,0.0,0.0,0.0
1788520951879.0,25825,9.8,0.0,0,0,0,0.0,0.0,0.0,0.0,0.0
1788520951969.0,25830,9.8,0.0,0,0,0,0.0,0.0,0.0,0.0,0.0
1788520952063.0,25835,9.8,0.0,0,0,0,0.0,0.0,0.0,0.0,0.0
1788520952156.0,25840,9.8,0.0,0,0,0,0.0,0.0,0.0,0.0,0.0
1788520952249.0,25845,9.8,0.0,0,0,0,0.0,0.0,0.0,0.0,0.0
1788520952343.0,25850,9.8,0.0,0,0,0,0.0,0.0,0.0,0.0,0.0
1788520952437.0,25855,9.8,0.0,0,0,0,0.0,0.0,0.0,0.0,0.0
1788520952531.0,25860,9.8,0.0,0,0,0,0.0,0.0,0.0,0.0,0.0
1788520952624.0,25865,9.8,0.0,0,0,0,0.0,0.0,0.0,0.0,0.0
1788520952718.0,25870,9.8,0.0,0,0,0,0.0,0.0,0.0,0.0,0.0
1788520952813.0,25875,9.8,0.0,0,0,0,0.0,0.0,0.0,0.0,0.0
1788520952906.0,25880,9.8,0.0,0,0,0,0.0,0.0,0.0,0.0,0.0
1788520952999.0,25885,9.8,0.0,0,0,0,0.0,0.0,0.0,0.0,0.0
1788520953093.0,25890,9.8,0.0,0,0,0,0.0,0.0,0.0,0.0,0.0
1788520953186.0,25895,9.8,0.0,0,0,0,0.0,0.0,0.0,0.0,0.0
1788520953279.0,25900,9.8,0.0,0,0,0,0.0,0.0,0.0,0.0,0.0
1788520953373.0,25905,9.8,0.0,0,0,0,0.0,0.0,0.0,0.0,0.0
1788520953466.0,25910,9.8,0.0,0,0,0,0.0,0.0,0.0,0.0,0.0
1788520953560.0,25915,9.8,0.0,0,0,0,0.0,0.0,0.0,0.0,0.0
1788520953654.0,25920,9.8,0.0,0,0,0,0.0,0.0,0.0,0.0,0.0
1788520953753.0,25925,9.8,0.0,0,0,0,0.0,0.0,0.0,0.0,0.0
1788520953848.0,25930,9.8,0.0,0,0,0,0.0,0.0,0.0,0.0,0.0
1788520954060.0,25935,9.8,0.0,0,0,0,0.0,0.0,0.0,0.0,0.0
1788520954085.0,25940,9.8,0.0,0,0,0,0.0,0.0,0.0,0.0,0.0
1788520954167.0,25945,9.8,0.0,0,0,0,0.0,0.0,0.0,0.0,0.0
1788520954216.0,25950,9.8,0.0,0,0,0,0.0,0.0,0.0,0.0,0.0
1788520954348.0,25955,9.8,0.0,0,0,0,0.0,0.0,0.0,0.0,0.0
1788520954407.0,25960,9.8,0.0,0,0,0,0.0,0.0,0.0,0.0,0.0
1788520954545.0,25965,9.8,0.0,0,0,0,0.0,0.0,0.0,0.0,0.0
1788520954640.0,25970,9.8,0.0,0,0,0,0.0,0.0,0.0,0.0,0.0
1788520954684.0,25975,9.8,0.0,0,0,0,0.0,0.0,0.0,0.0,0.0
1788520954778.0,25980,9.8,0.0,0,0,0,0.0,0.0,0.0,0.0,0.0
1788520954871.0,25985,9.8,0.0,0,0,0,0.0,0.0,0.0,0.0,0.0
1788520954965.0,25990,9.8,0.0,0,0,0,0.0,0.0,0.0,0.0,0.0
1788520955058.0,25995,9.8,0.0,0,0,0,0.0,0.0,0.0,0.0,0.0
1788520955152.0,26000,9.8,0.0,0,0,0,0.0,0.0,0.0,0.0,0.0
1788520955246.0,26005,9.8,0.0,0,0,0,0.0,0.0,0.0,0.0,0.0
1788520955339.0,26010,9.8,0.0,0,0,0,0.0,0.0,0.0,0.0,0.0
1788520955433.0,26015,9.8,0.0,0,0,0,0.0,0.0,0.0,0.0,0.0
1788520955526.0,26020,9.8,0.0,0,0,0,0.0,0.0,0.0,0.0,0.0
1788520955620.0,26025,9.8,0.0,0,0,0,0.0,0.0,0.0,0.0,0.0
1788520955713.0,26030,9.8,0.0,0,0,0,0.0,0.0,0.0,0.0,0.0
1788520955808.0,26035,9.8,0.0,0,0,0,0.0,0.0,0.0,0.0,0.0
1788520955901.0,26040,9.8,0.0,0,0,0,0.0,0.0,0.0,0.0,0.0
1788520955995.0,26045,9.8,0.0,0,0,0,0.0,0.0,0.0,0.0,0.0
1788520956088.0,26050,9.8,0.0,0,0,0,0.0,0.0,0.0,0.0,0.0
1788520956181.0,26055,9.8,0.0,0,0,0,0.0,0.0,0.0,0.0,0.0
1788520956275.0,26060,9.8,0.0,0,0,0,0.0,0.0,0.0,0.0,0.0
1788520956369.0,26065,9.8,0.0,0,0,0,0.0,0.0,0.0,0.0,0.0
1788520956465.0,26070,9.8,0.0,0,0,0,0.0,0.0,0.0,0.0,0.0
1788520956556.0,26075,9.8,0.0,0,0,0,0.0,0.0,0.0,0.0,0.0
1788520956650.0,26080,9.8,0.0,0,0,0,0.0,0.0,0.0,0.0,0.0
1788520956744.0,26085,9.8,0.0,0,0,0,0.0,0.0,0.0,0.0,0.0
1788520956837.0,26090,9.8,0.0,0,0,0,0.0,0.0,0.0,0.0,0.0
1788520956931.0,26095,9.8,0.0,0,0,0,0.0,0.0,0.0,0.0,0.0
1788520957025.0,26100,9.8,0.0,0,0,0,0.0,0.0,0.0,0.0,0.0
1788520957118.0,26105,9.8,0.0,0,0,0,0.0,0.0,0.0,0.0,0.0
1788520957213.0,26110,9.8,0.0,0,0,0,0.0,0.0,0.0,0.0,0.0
1788520957306.0,26115,9.8,0.0,0,0,0,0.0,0.0,0.0,0.0,0.0
1788520957399.0,26120,9.8,0.0,0,0,0,0.0,0.0,0.0,0.0,0.0
1788520957493.0,26125,9.8,0.0,0,0,0,0.0,0.0,0.0,0.0,0.0
1788520957586.0,26130,9.8,0.0,0,0,0,0.0,0.0,0.0,0.0,0.0
1788520957680.0,26135,9.8,0.0,0,0,0,0.0,0.0,0.0,0.0,0.0
1788520957773.0,26140,9.8,0.0,0,0,0,0.0,0.0,0.0,0.0,0.0
1788520957867.0,26145,9.8,0.0,0,0,0,0.0,0.0,0.0,0.0,0.0
1788520957961.0,26150,9.8,0.0,0,0,0,0.0,0.0,0.0,0.0,0.0
1788520958054.0,26155,9.8,0.0,0,0,0,0.0,0.0,0.0,0.0,0.0
1788520958148.0,26160,9.8,0.0,0,0,0,0.0,0.0,0.0,0.0,0.0
1788520958242.0,26165,9.8,0.0,0,0,0,0.0,0.0,0.0,0.0,0.0
1788520958335.0,26170,9.8,0.0,0,0,0,0.0,0.0,0.0,0.0,0.0
1788520958429.0,26175,9.8,0.0,0,0,0,0.0,0.0,0.0,0.0,0.0
1788520958522.0,26180,9.8,0.0,0,0,0,0.0,0.0,0.0,0.0,0.0
1788520958616.0,26185,9.8,0.0,0,0,0,0.0,0.0,0.0,0.0,0.0
1788520958710.0,26190,10.81,0.0,0,0,0,0.0,0.0,0.0,0.0,0.0
1788520958803.0,26195,9.8,0.0,0,0,0,0.0,0.0,0.0,0.0,0.0
1788520958897.0,26200,9.8,0.0,0,0,0,0.0,0.0,0.0,0.0,0.0
1788520958990.0,26205,9.8,0.0,0,0,0,0.0,0.0,0.0,0.0,0.0
1788520959084.0,26210,9.8,0.0,0,0,0,0.0,0.0,0.0,0.0,0.0
1788520959177.0,26215,9.8,0.0,0,0,0,0.0,0.0,0.0,0.0,0.0
1788520959271.0,26220,9.8,0.0,0,0,0,0.0,0.0,0.0,0.0,0.0
1788520959365.0,26225,9.8,0.0,0,0,0,0.0,0.0,0.0,0.0,0.0
1788520959458.0,26230,9.8,0.0,0,0,0,0.0,0.0,0.0,0.0,0.0
1788520959552.0,26235,9.8,0.0,0,0,0,0.0,0.0,0.0,0.0,0.0
1788520959646.0,26240,9.8,0.0,0,0,0,0.0,0.0,0.0,0.0,0.0
1788520959739.0,26245,9.8,0.0,0,0,0,0.0,0.0,0.0,0.0,0.0
1788520959833.0,26250,9.8,0.0,0,0,0,0.0,0.0,0.0,0.0,0.0
1788520959927.0,26255,9.8,0.0,0,0,0,0.0,0.0,0.0,0.0,0.0
1788520960020.0,26260,9.8,0.0,0,0,0,0.0,0.0,0.0,0.0,0.0
1788520960122.0,26265,9.8,0.0,0,0,0,0.0,0.0,0.0,0.0,0.0
1788520960207.0,26270,9.8,0.0,0,0,0,0.0,0.0,0.0,0.0,0.0
1788520960302.0,26275,9.8,0.0,0,0,0,0.0,0.0,0.0,0.0,0.0
1788520960395.0,26280,9.8,0.0,0,0,0,0.0,0.0,0.0,0.0,0.0
1788520960491.0,26285,9.8,0.0,0,0,0,0.0,0.0,0.0,0.0,0.0
1788520960582.0,26290,9.8,0.0,0,0,0,0.0,0.0,0.0,0.0,0.0
1788520960676.0,26295,9.8,0.0,0,0,0,0.0,0.0,0.0,0.0,0.0
1788520960769.0,26300,9.8,0.0,0,0,0,0.0,0.0,0.0,0.0,0.0
1788520960863.0,26305,9.8,0.0,0,0,0,0.0,0.0,0.0,0.0,0.0
1788520960958.0,26310,9.8,0.0,0,0,0,0.0,0.0,0.0,0.0,0.0
1788520961051.0,26315,9.8,0.0,0,0,0,0.0,0.0,0.0,0.0,0.0
1788520961145.0,26320,9.8,0.0,0,0,0,0.0,0.0,0.0,0.0,0.0
1788520961238.0,26325,9.8,0.0,0,0,0,0.0,0.0,0.0,0.0,0.0
1788520961332.0,26330,9.8,0.0,0,0,0,0.0,0.0,0.0,0.0,0.0
1788520961425.0,26335,9.8,0.0,0,0,0,0.0,0.0,0.0,0.0,0.0
1788520961519.0,26340,9.8,0.0,0,0,0,0.0,0.0,0.0,0.0,0.0
1788520961613.0,26345,9.8,0.0,0,0,0,0.0,0.0,0.0,0.0,0.0
1788520961707.0,26350,9.8,0.0,0,0,0,0.0,0.0,0.0,0.0,0.0
1788520961800.0,26355,9.8,0.0,0,0,0,0.0,0.0,0.0,0.0,0.0
1788520961894.0,26360,9.8,0.0,0,0,0,0.0,0.0,0.0,0.0,0.0
1788520961988.0,26365,9.8,0.0,0,0,0,0.0,0.0,0.0,0.0,0.0
1788520962082.0,26370,9.8,0.0,0,0,0,0.0,0.0,0.0,0.0,0.0
1788520962175.0,26375,9.8,0.0,0,0,0,0.0,0.0,0.0,0.0,0.0
1788520962269.0,26380,9.8,0.0,0,0,0,0.0,0.0,0.0,0.0,0.0
1788520962362.0,26385,9.8,0.0,0,0,0,0.0,0.0,0.0,0.0,0.0
1788520962464.0,26390,9.8,0.0,0,0,0,0.0,0.0,0.0,0.0,0.0
1788520962550.0,26395,9.8,0.0,0,0,0,0.0,0.0,0.0,0.0,0.0
1788520962662.0,26400,9.8,0.0,0,0,0,0.0,0.0,0.0,0.0,0.0
1788520962737.0,26405,9.8,0.0,0,0,0,0.0,0.0,0.0,0.0,0.0
1788520962830.0,26410,9.8,0.0,0,0,0,0.0,0.0,0.0,0.0,0.0
1788520962925.0,26415,9.8,0.0,0,0,0,0.0,0.0,0.0,0.0,0.0
1788520963018.0,26420,9.8,0.0,0,0,0,0.0,0.0,0.0,0.0,0.0
1788520963113.0,26425,9.8,0.0,0,0,0,0.0,0.0,0.0,0.0,0.0
1788520963206.0,26430,9.8,0.0,0,0,0,0.0,0.0,0.0,0.0,0.0
1788520963299.0,26435,9.8,0.0,0,0,0,0.0,0.0,0.0,0.0,0.0
1788520963393.0,26440,9.8,0.0,0,0,0,0.0,0.0,0.0,0.0,0.0
1788520963487.0,26445,9.8,0.0,0,0,0,0.0,0.0,0.0,0.0,0.0
1788520963580.0,26450,9.8,0.0,0,0,0,0.0,0.0,0.0,0.0,0.0
1788520963674.0,26455,9.8,0.0,0,0,0,0.0,0.0,0.0,0.0,0.0
1788520963768.0,26460,9.8,0.0,0,0,0,0.0,0.0,0.0,0.0,0.0
1788520963862.0,26465,9.8,0.0,0,0,0,0.0,0.0,0.0,0.0,0.0
1788520963955.0,26470,9.8,0.0,0,0,0,0.0,0.0,0.0,0.0,0.0
1788520964048.0,26475,9.8,0.0,0,0,0,0.0,0.0,0.0,0.0,0.0
1788520964142.0,26480,9.8,0.0,0,0,0,0.0,0.0,0.0,0.0,0.0
1788520964236.0,26485,9.8,0.0,0,0,0,0.0,0.0,0.0,0.0,0.0
1788520964329.0,26490,9.8,0.0,0,0,0,0.0,0.0,0.0,0.0,0.0
1788520964424.0,26495,9.8,0.0,0,0,0,0.0,0.0,0.0,0.0,0.0
1788520964516.0,26500,9.8,0.0,0,0,0,0.0,0.0,0.0,0.0,0.0
1788520964609.0,26505,9.8,0.0,0,0,0,0.0,0.0,0.0,0.0,0.0
1788520964703.0,26510,9.8,0.0,0,0,0,0.0,0.0,0.0,0.0,0.0
1788520964797.0,26515,9.8,0.0,0,0,0,0.0,0.0,0.0,0.0,0.0
1788520964890.0,26520,9.8,0.0,0,0,0,0.0,0.0,0.0,0.0,0.0
1788520964984.0,26525,9.8,0.0,0,0,0,0.0,0.0,0.0,0.0,0.0
1788520965078.0,26530,9.8,0.0,0,0,0,0.0,0.0,0.0,0.0,0.0
1788520965171.0,26535,9.8,0.0,0,0,0,0.0,0.0,0.0,0.0,0.0
1788520965266.0,26540,9.8,0.0,0,0,0,0.0,0.0,0.0,0.0,0.0
1788520965359.0,26545,9.8,0.0,0,0,0,0.0,0.0,0.0,0.0,0.0
1788520965453.0,26550,9.8,0.0,0,0,0,0.0,0.0,0.0,0.0,0.0
1788520965546.0,26555,9.8,0.0,0,0,0,0.0,0.0,0.0,0.0,0.0
1788520965640.0,26560,9.8,0.0,0,0,0,0.0,0.0,0.0,0.0,0.0
1788520965734.0,26565,9.8,0.0,0,0,0,0.0,0.0,0.0,0.0,0.0
1788520965828.0,26570,9.8,0.0,0,0,0,0.0,0.0,0.0,0.0,0.0
1788520965922.0,26575,9.8,0.0,0,0,0,0.0,0.0,0.0,0.0,0.0
1788520966015.0,26580,9.8,0.0,0,0,0,0.0,0.0,0.0,0.0,0.0
1788520966109.0,26585,9.8,0.0,0,0,0,0.0,0.0,0.0,0.0,0.0
1788520966204.0,26590,9.8,0.0,0,0,0,0.0,0.0,0.0,0.0,0.0
1788520966297.0,26595,9.8,0.0,0,0,0,0.0,0.0,0.0,0.0,0.0
1788520966391.0,26600,9.8,0.0,0,0,0,0.0,0.0,0.0,0.0,0.0
1788520966483.0,26605,9.8,0.0,0,0,0,0.0,0.0,0.0,0.0,0.0
1788520966577.0,26610,9.8,0.0,0,0,0,0.0,0.0,0.0,0.0,0.0
1788520966671.0,26615,9.8,0.0,0,0,0,0.0,0.0,0.0,0.0,0.0
1788520966765.0,26620,9.8,0.0,0,0,0,0.0,0.0,0.0,0.0,0.0
1788520966858.0,26625,9.8,0.0,0,0,0,0.0,0.0,0.0,0.0,0.0
1788520966953.0,26630,9.8,0.0,0,0,0,0.0,0.0,0.0,0.0,0.0
1788520967045.0,26635,9.8,0.0,0,0,0,0.0,0.0,0.0,0.0,0.0
1788520967138.0,26640,9.8,0.0,0,0,0,0.0,0.0,0.0,0.0,0.0
1788520967232.0,26645,9.8,0.0,0,0,0,0.0,0.0,0.0,0.0,0.0
1788520967327.0,26650,9.8,0.0,0,0,0,0.0,0.0,0.0,0.0,0.0
1788520967420.0,26655,9.8,0.0,0,0,0,0.0,0.0,0.0,0.0,0.0
1788520967513.0,26660,9.8,0.0,0,0,0,0.0,0.0,0.0,0.0,0.0
1788520967609.0,26665,9.8,0.0,0,0,0,0.0,0.0,0.0,0.0,0.0
1788520967701.0,26670,9.8,0.0,0,0,0,0.0,0.0,0.0,0.0,0.0
1788520967796.0,26675,9.8,0.0,0,0,0,0.0,0.0,0.0,0.0,0.0
1788520967888.0,26680,9.8,0.0,0,0,0,0.0,0.0,0.0,0.0,0.0
1788520967982.0,26685,9.8,0.0,0,0,0,0.0,0.0,0.0,0.0,0.0
1788520968076.0,26690,9.8,0.0,0,0,0,0.0,0.0,0.0,0.0,0.0
1788520968169.0,26695,9.8,0.0,0,0,0,0.0,0.0,0.0,0.0,0.0
1788520968262.0,26700,9.8,0.0,0,0,0,0.0,0.0,0.0,0.0,0.0
1788520968357.0,26705,9.8,0.0,0,0,0,0.0,0.0,0.0,0.0,0.0
1788520968451.0,26710,9.8,0.0,0,0,0,0.0,0.0,0.0,0.0,0.0
1788520968544.0,26715,9.8,0.0,0,0,0,0.0,0.0,0.0,0.0,0.0
1788520968639.0,26720,9.8,0.0,0,0,0,0.0,0.0,0.0,0.0,0.0
1788520968732.0,26725,9.8,0.0,0,0,0,0.0,0.0,0.0,0.0,0.0
1788520968827.0,26730,9.8,0.0,0,0,0,0.0,0.0,0.0,0.0,0.0
1788520968920.0,26735,9.8,0.0,0,0,0,0.0,0.0,0.0,0.0,0.0
1788520969013.0,26740,9.8,0.0,0,0,0,0.0,0.0,0.0,0.0,0.0
1788520969107.0,26745,9.8,0.0,0,0,0,0.0,0.0,0.0,0.0,0.0
1788520969200.0,26750,9.8,0.0,0,0,0,0.0,0.0,0.0,0.0,0.0
1788520969294.0,26755,9.8,0.0,0,0,0,0.0,0.0,0.0,0.0,0.0
1788520969388.0,26760,9.8,0.0,0,0,0,0.0,0.0,0.0,0.0,0.0
1788520969481.0,26765,9.8,0.0,0,0,0,0.0,0.0,0.0,0.0,0.0
1788520969576.0,26770,9.8,0.0,0,0,0,0.0,0.0,0.0,0.0,0.0
1788520969668.0,26775,9.8,0.0,0,0,0,0.0,0.0,0.0,0.0,0.0
1788520969762.0,26780,9.8,0.0,0,0,0,0.0,0.0,0.0,0.0,0.0
1788520969856.0,26785,9.8,0.0,0,0,0,0.0,0.0,0.0,0.0,0.0
1788520969949.0,26790,9.8,0.0,0,0,0,0.0,0.0,0.0,0.0,0.0
1788520970043.0,26795,9.8,0.0,0,0,0,0.0,0.0,0.0,0.0,0.0
1788520970137.0,26800,9.8,0.0,0,0,0,0.0,0.0,0.0,0.0,0.0
1788520970231.0,26805,9.8,0.0,0,0,0,0.0,0.0,0.0,0.0,0.0
1788520970325.0,26810,9.8,0.0,0,0,0,0.0,0.0,0.0,0.0,0.0
1788520970418.0,26815,9.8,0.0,0,0,0,0.0,0.0,0.0,0.0,0.0
1788520970515.0,26820,9.8,0.0,0,0,0,0.0,0.0,0.0,0.0,0.0
1788520970605.0,26825,9.8,0.0,0,0,0,0.0,0.0,0.0,0.0,0.0
1788520970699.0,26830,9.8,0.0,0,0,0,0.0,0.0,0.0,0.0,0.0
1788520970793.0,26835,9.8,0.0,0,0,0,0.0,0.0,0.0,0.0,0.0
1788520970887.0,26840,9.8,0.0,0,0,0,0.0,0.0,0.0,0.0,0.0
1788520970980.0,26845,9.8,0.0,0,0,0,0.0,0.0,0.0,0.0,0.0
1788520971073.0,26850,9.8,0.0,0,0,0,0.0,0.0,0.0,0.0,0.0
1788520971167.0,26855,9.8,0.0,0,0,0,0.0,0.0,0.0,0.0,0.0
1788520971260.0,26860,9.8,0.0,0,0,0,0.0,0.0,0.0,0.0,0.0
1788520971354.0,26865,9.8,0.0,0,0,0,0.0,0.0,0.0,0.0,0.0
1788520971448.0,26870,9.8,0.0,0,0,0,0.0,0.0,0.0,0.0,0.0
1788520971542.0,26875,9.8,0.0,0,0,0,0.0,0.0,0.0,0.0,0.0
1788520971636.0,26880,9.8,0.0,0,0,0,0.0,0.0,0.0,0.0,0.0
1788520971730.0,26885,9.8,0.0,0,0,0,0.0,0.0,0.0,0.0,0.0
1788520971822.0,26890,9.8,0.0,0,0,0,0.0,0.0,0.0,0.0,0.0
1788520971916.0,26895,9.8,0.0,0,0,0,0.0,0.0,0.0,0.0,0.0
1788520972010.0,26900,9.8,0.0,0,0,0,0.0,0.0,0.0,0.0,0.0
1788520972104.0,26905,9.8,0.0,0,0,0,0.0,0.0,0.0,0.0,0.0
1788520972198.0,26910,9.8,0.0,0,0,0,0.0,0.0,0.0,0.0,0.0
1788520972291.0,26915,9.8,0.0,0,0,0,0.0,0.0,0.0,0.0,0.0
1788520972384.0,26920,9.8,0.0,0,0,0,0.0,0.0,0.0,0.0,0.0
1788520972478.0,26925,9.8,0.0,0,0,0,0.0,0.0,0.0,0.0,0.0
1788520972572.0,26930,9.8,0.0,0,0,0,0.0,0.0,0.0,0.0,0.0
1788520972665.0,26935,9.8,0.0,0,0,0,0.0,0.0,0.0,0.0,0.0
1788520972759.0,26940,9.8,0.0,0,0,0,0.0,0.0,0.0,0.0,0.0
1788520972853.0,26945,9.8,0.0,0,0,0,0.0,0.0,0.0,0.0,0.0
1788520972946.0,26950,9.8,0.0,0,0,0,0.0,0.0,0.0,0.0,0.0
1788520973040.0,26955,9.8,0.0,0,0,0,0.0,0.0,0.0,0.0,0.0
1788520973134.0,26960,9.8,0.0,0,0,0,0.0,0.0,0.0,0.0,0.0
1788520973227.0,26965,9.8,0.0,0,0,0,0.0,0.0,0.0,0.0,0.0
1788520973321.0,26970,9.8,0.0,0,0,0,0.0,0.0,0.0,0.0,0.0
1788520973415.0,26975,9.8,0.0,0,0,0,0.0,0.0,0.0,0.0,0.0
1788520973509.0,26980,9.8,0.0,0,0,0,0.0,0.0,0.0,0.0,0.0
1788520973603.0,26985,9.8,0.0,0,0,0,0.0,0.0,0.0,0.0,0.0
1788520973697.0,26990,9.8,0.0,0,0,0,0.0,0.0,0.0,0.0,0.0
1788520973789.0,26995,9.8,0.0,0,0,0,0.0,0.0,0.0,0.0,0.0
1788520973883.0,27000,9.8,0.0,0,0,0,0.0,0.0,0.0,0.0,0.0
1788520973977.0,27005,9.8,0.0,0,0,0,0.0,0.0,0.0,0.0,0.0
1788520974071.0,27010,9.8,0.0,0,0,0,0.0,0.0,0.0,0.0,0.0
1788520974164.0,27015,9.8,0.0,0,0,0,0.0,0.0,0.0,0.0,0.0
1788520974258.0,27020,9.8,0.0,0,0,0,0.0,0.0,0.0,0.0,0.0
1788520974351.0,27025,9.8,0.0,0,0,0,0.0,0.0,0.0,0.0,0.0
1788520974445.0,27030,9.8,0.0,0,0,0,0.0,0.0,0.0,0.0,0.0
1788520974538.0,27035,9.8,0.0,0,0,0,0.0,0.0,0.0,0.0,0.0
1788520974633.0,27040,9.8,0.0,0,0,0,0.0,0.0,0.0,0.0,0.0
1788520974727.0,27045,9.8,0.0,0,0,0,0.0,0.0,0.0,0.0,0.0
1788520974820.0,27050,9.8,0.0,0,0,0,0.0,0.0,0.0,0.0,0.0
1788520974914.0,27055,9.8,0.0,0,0,0,0.0,0.0,0.0,0.0,0.0
1788520975007.0,27060,9.8,0.0,0,0,0,0.0,0.0,0.0,0.0,0.0
1788520975101.0,27065,9.8,0.0,0,0,0,0.0,0.0,0.0,0.0,0.0
1788520975194.0,27070,9.8,0.0,0,0,0,0.0,0.0,0.0,0.0,0.0
1788520975287.0,27075,9.8,0.0,0,0,0,0.0,0.0,0.0,0.0,0.0
1788520975382.0,27080,9.8,0.0,0,0,0,0.0,0.0,0.0,0.0,0.0
1788520975475.0,27085,9.8,0.0,0,0,0,0.0,0.0,0.0,0.0,0.0
1788520975569.0,27090,9.8,0.0,0,0,0,0.0,0.0,0.0,0.0,0.0
1788520975663.0,27095,9.8,0.0,0,0,0,0.0,0.0,0.0,0.0,0.0
1788520975757.0,27100,9.8,0.0,0,0,0,0.0,0.0,0.0,0.0,0.0
1788520975850.0,27105,9.8,0.0,0,0,0,0.0,0.0,0.0,0.0,0.0
1788520975943.0,27110,9.8,0.0,0,0,0,0.0,0.0,0.0,0.0,0.0
1788520976037.0,27115,9.8,0.0,0,0,0,0.0,0.0,0.0,0.0,0.0
1788520976131.0,27120,9.8,0.0,0,0,0,0.0,0.0,0.0,0.0,0.0
1788520976225.0,27125,9.8,0.0,0,0,0,0.0,0.0,0.0,0.0,0.0
1788520976319.0,27130,9.8,0.0,0,0,0,0.0,0.0,0.0,0.0,0.0
1788520976412.0,27135,9.8,0.0,0,0,0,0.0,0.0,0.0,0.0,0.0
1788520976506.0,27140,9.8,0.0,0,0,0,0.0,0.0,0.0,0.0,0.0
1788520976599.0,27145,9.8,0.0,0,0,0,0.0,0.0,0.0,0.0,0.0
1788520976693.0,27150,9.8,0.0,0,0,0,0.0,0.0,0.0,0.0,0.0
1788520976787.0,27155,9.8,0.0,0,0,0,0.0,0.0,0.0,0.0,0.0
1788520976881.0,27160,9.8,0.0,0,0,0,0.0,0.0,0.0,0.0,0.0
1788520976974.0,27165,9.8,0.0,0,0,0,0.0,0.0,0.0,0.0,0.0
1788520977068.0,27170,9.8,0.0,0,0,0,0.0,0.0,0.0,0.0,0.0
1788520977162.0,27175,9.8,0.0,0,0,0,0.0,0.0,0.0,0.0,0.0
1788520977255.0,27180,9.8,0.0,0,0,0,0.0,0.0,0.0,0.0,0.0
1788520977349.0,27185,9.8,0.0,0,0,0,0.0,0.0,0.0,0.0,0.0
1788520977443.0,27190,9.8,0.0,0,0,0,0.0,0.0,0.0,0.0,0.0
1788520977536.0,27195,9.8,0.0,0,0,0,0.0,0.0,0.0,0.0,0.0
1788520977629.0,27200,9.8,0.0,0,0,0,0.0,0.0,0.0,0.0,0.0
1788520977723.0,27205,9.8,0.0,0,0,0,0.0,0.0,0.0,0.0,0.0
1788520977817.0,27210,9.8,0.0,0,0,0,0.0,0.0,0.0,0.0,0.0
1788520977912.0,27215,9.8,0.0,0,0,0,0.0,0.0,0.0,0.0,0.0
1788520978004.0,27220,9.8,0.0,0,0,0,0.0,0.0,0.0,0.0,0.0
1788520978098.0,27225,9.8,0.0,0,0,0,0.0,0.0,0.0,0.0,0.0
1788520978194.0,27230,9.8,0.0,0,0,0,0.0,0.0,0.0,0.0,0.0
1788520978285.0,27235,9.8,0.0,0,0,0,0.0,0.0,0.0,0.0,0.0
1788520978379.0,27240,9.8,0.0,0,0,0,0.0,0.0,0.0,0.0,0.0
1788520978473.0,27245,9.8,0.0,0,0,0,0.0,0.0,0.0,0.0,0.0
1788520978566.0,27250,9.8,0.0,0,0,0,0.0,0.0,0.0,0.0,0.0
1788520978660.0,27255,9.8,0.0,0,0,0,0.0,0.0,0.0,0.0,0.0
1788520978755.0,27260,9.8,0.0,0,0,0,0.0,0.0,0.0,0.0,0.0
1788520978847.0,27265,9.8,0.0,0,0,0,0.0,0.0,0.0,0.0,0.0
1788520978941.0,27270,9.8,0.0,0,0,0,0.0,0.0,0.0,0.0,0.0
1788520979035.0,27275,9.8,0.0,0,0,0,0.0,0.0,0.0,0.0,0.0
1788520979129.0,27280,9.8,0.0,0,0,0,0.0,0.0,0.0,0.0,0.0
1788520979222.0,27285,9.8,0.0,0,0,0,0.0,0.0,0.0,0.0,0.0
1788520979316.0,27290,9.8,0.0,0,0,0,0.0,0.0,0.0,0.0,0.0
1788520979411.0,27295,9.8,0.0,0,0,0,0.0,0.0,0.0,0.0,0.0
1788520979503.0,27300,9.8,0.0,0,0,0,0.0,0.0,0.0,0.0,0.0
1788520979597.0,27305,9.8,0.0,0,0,0,0.0,0.0,0.0,0.0,0.0
1788520979691.0,27310,9.8,0.0,0,0,0,0.0,0.0,0.0,0.0,0.0
1788520979784.0,27315,9.8,0.0,0,0,0,0.0,0.0,0.0,0.0,0.0
1788520979877.0,27320,9.8,0.0,0,0,0,0.0,0.0,0.0,0.0,0.0
1788520979972.0,27325,9.8,0.0,0,0,0,0.0,0.0,0.0,0.0,0.0
1788520980065.0,27330,9.8,0.0,0,0,0,0.0,0.0,0.0,0.0,0.0
1788520980159.0,27335,9.8,0.0,0,0,0,0.0,0.0,0.0,0.0,0.0
1788520980252.0,27340,9.8,0.0,0,0,0,0.0,0.0,0.0,0.0,0.0
1788520980346.0,27345,9.8,0.0,0,0,0,0.0,0.0,0.0,0.0,0.0
1788520980439.0,27350,9.8,0.0,0,0,0,0.0,0.0,0.0,0.0,0.0
1788520980533.0,27355,9.8,0.0,0,0,0,0.0,0.0,0.0,0.0,0.0
1788520980627.0,27360,9.8,0.0,0,0,0,0.0,0.0,0.0,0.0,0.0
1788520980720.0,27365,9.8,0.0,0,0,0,0.0,0.0,0.0,0.0,0.0
1788520980814.0,27370,9.8,0.0,0,0,0,0.0,0.0,0.0,0.0,0.0
1788520980908.0,27375,9.8,0.0,0,0,0,0.0,0.0,0.0,0.0,0.0
1788520981001.0,27380,9.8,0.0,0,0,0,0.0,0.0,0.0,0.0,0.0
1788520981097.0,27385,9.8,0.0,0,0,0,0.0,0.0,0.0,0.0,0.0
1788520981188.0,27390,9.8,0.0,0,0,0,0.0,0.0,0.0,0.0,0.0
1788520981282.0,27395,9.8,0.0,0,0,0,0.0,0.0,0.0,0.0,0.0
1788520981376.0,27400,9.8,0.0,0,0,0,0.0,0.0,0.0,0.0,0.0
1788520981470.0,27405,9.8,0.0,0,0,0,0.0,0.0,0.0,0.0,0.0
1788520981563.0,27410,9.8,0.0,0,0,0,0.0,0.0,0.0,0.0,0.0
1788520981657.0,27415,9.8,0.0,0,0,0,0.0,0.0,0.0,0.0,0.0
1788520981751.0,27420,9.8,0.0,0,0,0,0.0,0.0,0.0,0.0,0.0
1788520981845.0,27425,9.8,0.0,0,0,0,0.0,0.0,0.0,0.0,0.0
1788520981938.0,27430,9.8,0.0,0,0,0,0.0,0.0,0.0,0.0,0.0
1788520982031.0,27435,9.8,0.0,0,0,0,0.0,0.0,0.0,0.0,0.0
1788520982126.0,27440,9.8,0.0,0,0,0,0.0,0.0,0.0,0.0,0.0
1788520982219.0,27445,9.8,0.0,0,0,0,0.0,0.0,0.0,0.0,0.0
1788520982312.0,27450,9.8,0.0,0,0,0,0.0,0.0,0.0,0.0,0.0
1788520982406.0,27455,9.8,0.0,0,0,0,0.0,0.0,0.0,0.0,0.0
1788520982499.0,27460,9.8,0.0,0,0,0,0.0,0.0,0.0,0.0,0.0
1788520982594.0,27465,9.8,0.0,0,0,0,0.0,0.0,0.0,0.0,0.0
1788520982687.0,27470,9.8,0.0,0,0,0,0.0,0.0,0.0,0.0,0.0
1788520982781.0,27475,9.8,0.0,0,0,0,0.0,0.0,0.0,0.0,0.0
1788520982874.0,27480,9.8,0.0,0,0,0,0.0,0.0,0.0,0.0,0.0
1788520982967.0,27485,9.8,0.0,0,0,0,0.0,0.0,0.0,0.0,0.0
1788520983061.0,27490,9.8,0.0,0,0,0,0.0,0.0,0.0,0.0,0.0
1788520983155.0,27495,9.8,0.0,0,0,0,0.0,0.0,0.0,0.0,0.0
1788520983249.0,27500,9.8,0.0,0,0,0,0.0,0.0,0.0,0.0,0.0
1788520983347.0,27505,9.8,0.0,0,0,0,0.0,0.0,0.0,0.0,0.0
1788520983436.0,27510,9.8,0.0,0,0,0,0.0,0.0,0.0,0.0,0.0
1788520983529.0,27515,9.8,0.0,0,0,0,0.0,0.0,0.0,0.0,0.0
1788520983624.0,27520,9.8,0.0,0,0,0,0.0,0.0,0.0,0.0,0.0
1788520983716.0,27525,9.8,0.0,0,0,0,0.0,0.0,0.0,0.0,0.0
1788520983811.0,27530,9.8,0.0,0,0,0,0.0,0.0,0.0,0.0,0.0
1788520983904.0,27535,9.8,0.0,0,0,0,0.0,0.0,0.0,0.0,0.0
1788520983998.0,27540,11.1,0.0,0,0,0,0.0,0.0,0.0,0.0,0.0
1788520984092.0,27545,11.09,0.0,0,0,0,0.0,0.0,0.0,0.0,0.0
1788520984185.0,27550,9.8,0.0,0,0,0,0.0,0.0,0.0,0.0,0.0
1788520984288.0,27555,9.8,0.0,0,0,0,0.0,0.0,0.0,0.0,0.0
1788520984373.0,27560,9.8,0.0,0,0,0,0.0,0.0,0.0,0.0,0.0
1788520984466.0,27565,9.8,0.0,0,0,0,0.0,0.0,0.0,0.0,0.0
1788520984559.0,27570,9.8,0.0,0,0,0,0.0,0.0,0.0,0.0,0.0
1788520984653.0,27575,9.8,0.0,0,0,0,0.0,0.0,0.0,0.0,0.0
1788520984747.0,27580,9.8,0.0,0,0,0,0.0,0.0,0.0,0.0,0.0
1788520984841.0,27585,9.8,0.0,0,0,0,0.0,0.0,0.0,0.0,0.0
1788520984937.0,27590,9.8,0.0,0,0,0,0.0,0.0,0.0,0.0,0.0
1788520985027.0,27595,9.8,0.0,0,0,0,0.0,0.0,0.0,0.0,0.0
1788520985136.0,27600,9.8,0.0,0,0,0,0.0,0.0,0.0,0.0,0.0
1788520985231.0,27605,9.8,0.0,0,0,0,0.0,0.0,0.0,0.0,0.0
1788520985390.0,27610,9.8,0.0,0,0,0,0.0,0.0,0.0,0.0,0.0
1788520985433.0,27615,9.8,0.0,0,0,0,0.0,0.0,0.0,0.0,0.0
1788520985495.0,27620,9.8,0.0,0,0,0,0.0,0.0,0.0,0.0,0.0
1788520985589.0,27625,9.8,0.0,0,0,0,0.0,0.0,0.0,0.0,0.0
1788520985693.0,27630,9.8,0.0,0,0,0,0.0,0.0,0.0,0.0,0.0
1788520985785.0,27635,9.8,0.0,0,0,0,0.0,0.0,0.0,0.0,0.0
1788520985869.0,27640,9.8,0.0,0,0,0,0.0,0.0,0.0,0.0,0.0
1788520985963.0,27645,9.8,0.0,0,0,0,0.0,0.0,0.0,0.0,0.0
1788520986087.0,27650,9.8,0.0,0,0,0,0.0,0.0,0.0,0.0,0.0
1788520986150.0,27655,9.8,0.0,0,0,0,0.0,0.0,0.0,0.0,0.0
1788520986262.0,27660,9.8,0.0,0,0,0,0.0,0.0,0.0,0.0,0.0
1788520986338.0,27665,9.8,0.0,0,0,0,0.0,0.0,0.0,0.0,0.0
1788520986431.0,27670,9.8,0.0,0,0,0,0.0,0.0,0.0,0.0,0.0
1788520986526.0,27675,9.8,0.0,0,0,0,0.0,0.0,0.0,0.0,0.0
1788520986618.0,27680,9.8,0.0,0,0,0,0.0,0.0,0.0,0.0,0.0
1788520986712.0,27685,9.8,0.0,0,0,0,0.0,0.0,0.0,0.0,0.0
1788520986808.0,27690,9.8,0.0,0,0,0,0.0,0.0,0.0,0.0,0.0
1788520986902.0,27695,9.8,0.0,0,0,0,0.0,0.0,0.0,0.0,0.0
1788520986993.0,27700,9.8,0.0,0,0,0,0.0,0.0,0.0,0.0,0.0
1788520987086.0,27705,9.8,0.0,0,0,0,0.0,0.0,0.0,0.0,0.0
1788520987180.0,27710,9.8,0.0,0,0,0,0.0,0.0,0.0,0.0,0.0
1788520987273.0,27715,9.8,0.0,0,0,0,0.0,0.0,0.0,0.0,0.0
1788520987367.0,27720,9.8,0.0,0,0,0,0.0,0.0,0.0,0.0,0.0
1788520987461.0,27725,9.8,0.0,0,0,0,0.0,0.0,0.0,0.0,0.0
1788520987555.0,27730,9.8,0.0,0,0,0,0.0,0.0,0.0,0.0,0.0
1788520987649.0,27735,9.8,0.0,0,0,0,0.0,0.0,0.0,0.0,0.0
1788520987747.0,27740,9.8,0.0,0,0,0,0.0,0.0,0.0,0.0,0.0
1788520987835.0,27745,9.8,0.0,0,0,0,0.0,0.0,0.0,0.0,0.0
1788520987929.0,27750,9.8,0.0,0,0,0,0.0,0.0,0.0,0.0,0.0
1788520988022.0,27755,9.8,0.0,0,0,0,0.0,0.0,0.0,0.0,0.0
1788520988132.0,27760,9.8,0.0,0,0,0,0.0,0.0,0.0,0.0,0.0
1788520988211.0,27765,9.8,0.0,0,0,0,0.0,0.0,0.0,0.0,0.0
1788520988315.0,27770,9.8,0.0,0,0,0,0.0,0.0,0.0,0.0,0.0
1788520988398.0,27775,9.8,0.0,0,0,0,0.0,0.0,0.0,0.0,0.0
1788520988491.0,27780,9.8,0.0,0,0,0,0.0,0.0,0.0,0.0,0.0
1788520988584.0,27785,9.8,0.0,0,0,0,0.0,0.0,0.0,0.0,0.0
1788520988677.0,27790,9.8,0.0,0,0,0,0.0,0.0,0.0,0.0,0.0
1788520988772.0,27795,9.8,0.0,0,0,0,0.0,0.0,0.0,0.0,0.0
1788520988865.0,27800,9.8,0.0,0,0,0,0.0,0.0,0.0,0.0,0.0
1788520988959.0,27805,9.8,0.0,0,0,0,0.0,0.0,0.0,0.0,0.0
1788520989052.0,27810,9.8,0.0,0,0,0,0.0,0.0,0.0,0.0,0.0
1788520989148.0,27815,9.8,0.0,0,0,0,0.0,0.0,0.0,0.0,0.0
1788520989239.0,27820,9.8,0.0,0,0,0,0.0,0.0,0.0,0.0,0.0
1788520989333.0,27825,9.8,0.0,0,0,0,0.0,0.0,0.0,0.0,0.0
1788520989427.0,27830,9.8,0.0,0,0,0,0.0,0.0,0.0,0.0,0.0
1788520989520.0,27835,9.8,0.0,0,0,0,0.0,0.0,0.0,0.0,0.0
1788520989614.0,27840,9.8,0.0,0,0,0,0.0,0.0,0.0,0.0,0.0
1788520989707.0,27845,9.8,0.0,0,0,0,0.0,0.0,0.0,0.0,0.0
1788520989804.0,27850,9.8,0.0,0,0,0,0.0,0.0,0.0,0.0,0.0
1788522801819.0,20,9.9,0.0,0,0,0,0.0,0.0,0.0,0.0,0.0
1788522802192.0,40,9.91,0.0,0,0,0,0.0,0.0,0.0,0.0,0.0
1788522802568.0,60,9.91,0.0,0,0,0,0.0,0.0,0.0,0.0,0.0
1788522802942.0,80,9.91,0.0,0,0,0,0.0,0.0,0.0,0.0,0.0
1788522803317.0,100,9.91,0.0,0,0,0,0.0,0.0,0.0,0.0,0.0
1788522803691.0,120,9.91,0.0,0,0,0,0.0,0.0,0.0,0.0,0.0
1788522804065.0,140,9.91,0.0,0,0,0,0.0,0.0,0.0,0.0,0.0
1788522804441.0,160,9.9,0.0,0,0,0,0.0,0.0,0.0,0.0,0.0
1788522804816.0,180,9.9,0.0,0,0,0,0.0,0.0,0.0,0.0,0.0
1788522805193.0,200,9.89,0.0,0,0,0,0.0,0.0,0.0,0.0,0.0
1788522805563.0,220,9.9,0.0,0,0,0,0.0,0.0,0.0,0.0,0.0
1788522805939.0,240,9.89,0.0,0,0,0,0.0,0.0,0.0,0.0,0.0
1788522806313.0,260,9.89,0.0,0,0,0,0.0,0.0,0.0,0.0,0.0
1788522806688.0,280,9.89,0.0,0,0,0,0.0,0.0,0.0,0.0,0.0
1788522807063.0,300,9.89,0.0,0,0,0,0.0,0.0,0.0,0.0,0.0
1788522807437.0,320,9.9,0.0,0,0,0,0.0,0.0,0.0,0.0,0.0
1788522807811.0,340,9.89,0.0,0,0,0,0.0,0.0,0.0,0.0,0.0
1788522808187.0,360,9.89,0.0,0,0,0,0.0,0.0,0.0,0.0,0.0
1788522808561.0,380,9.89,0.0,0,0,0,0.0,0.0,0.0,0.0,0.0
1788522808936.0,400,9.89,0.0,0,0,0,0.0,0.0,0.0,0.0,0.0
1788522809311.0,420,9.9,0.0,0,0,0,0.0,0.0,0.0,0.0,0.0
1788522809685.0,440,9.9,0.0,0,0,0,0.0,0.0,0.0,0.0,0.0
1788522810060.0,460,9.9,0.0,0,0,0,0.0,0.0,0.0,0.0,0.0
1788522810435.0,480,9.9,0.0,0,0,0,0.0,0.0,0.0,0.0,0.0
1788522810810.0,500,9.9,0.0,0,0,0,0.0,0.0,0.0,0.0,0.0
1788522811184.0,520,9.91,0.0,0,0,0,0.0,0.0,0.0,0.0,0.0
1788522811560.0,540,9.91,0.0,0,0,0,0.0,0.0,0.0,0.0,0.0
1788522811934.0,560,9.9,0.0,0,0,0,0.0,0.0,0.0,0.0,0.0
1788522812308.0,580,9.9,0.0,0,0,0,0.0,0.0,0.0,0.0,0.0
1788522812682.0,600,9.9,0.0,0,0,0,0.0,0.0,0.0,0.0,0.0
1788522813061.0,620,9.9,0.0,0,0,0,0.0,0.0,0.0,0.0,0.0
1788522813432.0,640,9.9,0.0,0,0,0,0.0,0.0,0.0,0.0,0.0
1788522813811.0,660,9.9,0.0,0,0,0,0.0,0.0,0.0,0.0,0.0
1788522814182.0,680,9.89,0.0,0,0,0,0.0,0.0,0.0,0.0,0.0
1788522814559.0,700,9.9,0.0,0,0,0,0.0,0.0,0.0,0.0,0.0
1788522814932.0,720,9.9,0.0,0,0,0,0.0,0.0,0.0,0.0,0.0
1788522815306.0,740,9.89,0.0,0,0,0,0.0,0.0,0.0,0.0,0.0
1788522815680.0,760,9.9,0.0,0,0,0,0.0,0.0,0.0,0.0,0.0
1788522816055.0,780,9.9,0.0,0,0,0,0.0,0.0,0.0,0.0,0.0
1788522816430.0,800,9.9,0.0,0,0,0,0.0,0.0,0.0,0.0,0.0
1788522816805.0,820,9.9,0.0,0,0,0,0.0,0.0,0.0,0.0,0.0
1788522817178.0,840,9.9,0.0,0,0,0,0.0,0.0,0.0,0.0,0.0
1788522817553.0,860,9.9,0.0,0,0,0,0.0,0.0,0.0,0.0,0.0
1788522817928.0,880,9.89,0.0,0,0,0,0.0,0.0,0.0,0.0,0.0
1788522818303.0,900,9.89,0.0,0,0,0,0.0,0.0,0.0,0.0,0.0
1788522818677.0,920,9.9,0.0,0,0,0,0.0,0.0,0.0,0.0,0.0
1788522819053.0,940,9.9,0.0,0,0,0,0.0,0.0,0.0,0.0,0.0
1788522819427.0,960,9.9,0.0,0,0,0,0.0,0.0,0.0,0.0,0.0
1788522819802.0,980,9.89,0.0,0,0,0,0.0,0.0,0.0,0.0,0.0
1788522820176.0,1000,9.89,0.0,0,0,0,0.0,0.0,0.0,0.0,0.0
1788522820551.0,1020,9.89,0.0,0,0,0,0.0,0.0,0.0,0.0,0.0
1788522820925.0,1040,9.89,0.0,0,0,0,0.0,0.0,0.0,0.0,0.0
1788522821300.0,1060,9.9,0.0,0,0,0,0.0,0.0,0.0,0.0,0.0
1788522821677.0,1080,9.9,0.0,0,0,0,0.0,0.0,0.0,0.0,0.0
1788522822050.0,1100,9.9,0.0,0,0,0,0.0,0.0,0.0,0.0,0.0
1788522822427.0,1120,9.9,0.0,0,0,0,0.0,0.0,0.0,0.0,0.0
1788522822799.0,1140,9.9,0.0,0,0,0,0.0,0.0,0.0,0.0,0.0
1788522823176.0,1160,9.9,0.0,0,0,0,0.0,0.0,0.0,0.0,0.0
1788522823547.0,1180,9.9,0.0,0,0,0,0.0,0.0,0.0,0.0,0.0
1788522823923.0,1200,9.9,0.0,0,0,0,0.0,0.0,0.0,0.0,0.0
1788522824297.0,1220,9.9,0.0,0,0,0,0.0,0.0,0.0,0.0,0.0
1788522824672.0,1240,9.9,0.0,0,0,0,0.0,0.0,0.0,0.0,0.0
1788522825047.0,1260,9.9,0.0,0,0,0,0.0,0.0,0.0,0.0,0.0
1788522825421.0,1280,9.9,0.0,0,0,0,0.0,0.0,0.0,0.0,0.0
1788522825795.0,1300,9.9,0.0,0,0,0,0.0,0.0,0.0,0.0,0.0
1788522826170.0,1320,9.91,0.0,0,0,0,0.0,0.0,0.0,0.0,0.0
1788522826544.0,1340,9.9,0.0,0,0,0,0.0,0.0,0.0,0.0,0.0
1788522826920.0,1360,9.9,0.0,0,0,0,0.0,0.0,0.0,0.0,0.0
1788522827294.0,1380,9.9,0.0,0,0,0,0.0,0.0,0.0,0.0,0.0
1788522827670.0,1400,9.9,0.0,0,0,0,0.0,0.0,0.0,0.0,0.0
1788522828044.0,1420,9.9,0.0,0,0,0,0.0,0.0,0.0,0.0,0.0
1788522828419.0,1440,9.9,0.0,0,0,0,0.0,0.0,0.0,0.0,0.0
1788522828795.0,1460,9.91,0.0,0,0,0,0.0,0.0,0.0,0.0,0.0
1788522829168.0,1480,9.9,0.0,0,0,0,0.0,0.0,0.0,0.0,0.0
1788522829543.0,1500,9.9,0.0,0,0,0,0.0,0.0,0.0,0.0,0.0
1788522829918.0,1520,9.9,0.0,0,0,0,0.0,0.0,0.0,0.0,0.0
1788522830293.0,1540,9.9,0.0,0,0,0,0.0,0.0,0.0,0.0,0.0
1788522830667.0,1560,9.9,0.0,0,0,0,0.0,0.0,0.0,0.0,0.0
1788522831044.0,1580,9.9,0.0,0,0,0,0.0,0.0,0.0,0.0,0.0
1788522831417.0,1600,9.9,0.0,0,0,0,0.0,0.0,0.0,0.0,0.0
1788522831793.0,1620,9.9,0.0,0,0,0,0.0,0.0,0.0,0.0,0.0
1788522832166.0,1640,9.9,0.0,0,0,0,0.0,0.0,0.0,0.0,0.0
1788522832543.0,1660,9.9,0.0,0,0,0,0.0,0.0,0.0,0.0,0.0
1788522832915.0,1680,9.91,0.0,0,0,0,0.0,0.0,0.0,0.0,0.0
1788522833293.0,1700,9.9,0.0,0,0,0,0.0,0.0,0.0,0.0,0.0
1788522833665.0,1720,9.9,0.0,0,0,0,0.0,0.0,0.0,0.0,0.0
1788522834039.0,1740,9.9,0.0,0,0,0,0.0,0.0,0.0,0.0,0.0
1788522834414.0,1760,9.9,0.0,0,0,0,0.0,0.0,0.0,0.0,0.0
1788522834788.0,1780,9.9,0.0,0,0,0,0.0,0.0,0.0,0.0,0.0
1788522835163.0,1800,9.9,0.0,0,0,0,0.0,0.0,0.0,0.0,0.0
1788522835537.0,1820,9.9,0.0,0,0,0,0.0,0.0,0.0,0.0,0.0
1788522835912.0,1840,9.9,0.0,0,0,0,0.0,0.0,0.0,0.0,0.0
1788522836288.0,1860,9.9,0.0,0,0,0,0.0,0.0,0.0,0.0,0.0
1788522836662.0,1880,9.9,0.0,0,0,0,0.0,0.0,0.0,0.0,0.0
1788522837037.0,1900,9.9,0.0,0,0,0,0.0,0.0,0.0,0.0,0.0
1788522837411.0,1920,9.9,0.0,0,0,0,0.0,0.0,0.0,0.0,0.0
1788522837787.0,1940,9.9,0.0,0,0,0,0.0,0.0,0.0,0.0,0.0
1788522838161.0,1960,9.9,0.0,0,0,0,0.0,0.0,0.0,0.0,0.0
1788522838537.0,1980,9.9,0.0,0,0,0,0.0,0.0,0.0,0.0,0.0
1788522838914.0,2000,9.91,0.0,0,0,0,0.0,0.0,0.0,0.0,0.0
1788522839286.0,2020,9.9,0.0,0,0,0,0.0,0.0,0.0,0.0,0.0
1788522839660.0,2040,9.9,0.0,0,0,0,0.0,0.0,0.0,0.0,0.0
1788522840035.0,2060,9.89,0.0,0,0,0,0.0,0.0,0.0,0.0,0.0
1788522840410.0,2080,9.89,0.0,0,0,0,0.0,0.0,0.0,0.0,0.0
1788522840787.0,2100,11.62,0.0,0,0,0,0.0,0.0,0.0,0.0,0.0
1788522841159.0,2120,10.5,0.0,1,0,2,1.95,0.7,0.0,0.65,0.0
1788522841534.0,2140,11.2,0.0,1,0,3,1.95,1.3,0.0,1.3,0.0
1788522841908.0,2160,10.23,0.0,1,0,3,1.61,1.3,0.0,1.3,0.0
1788522842282.0,2180,10.51,0.0,1,0,3,1.21,1.3,0.0,1.3,0.0
1788522842661.0,2200,9.88,0.0,1,0,4,1.34,2.0,0.0,1.95,0.0
1788522843033.0,2220,9.97,0.0,1,0,4,1.07,2.0,0.0,1.95,0.0
1788522843410.0,2240,9.99,0.0,1,0,4,0.81,2.0,0.0,1.95,0.0
1788522843782.0,2260,9.88,0.0,1,0,6,1.04,3.2,0.0,3.25,0.0
1788522844156.0,2280,11.1,0.0,1,0,6,1.33,3.2,0.0,3.25,0.0
1788522844532.0,2300,9.8,0.0,1,0,8,1.73,4.5,0.0,4.55,0.0
1788522844911.0,2320,9.8,0.0,1,0,8,1.38,4.5,0.0,4.55,0.0
1788522845282.0,2340,9.8,0.0,1,0,8,1.51,4.5,0.0,4.55,0.0
1788522845656.0,2360,9.8,0.0,1,0,8,1.17,4.5,0.0,4.55,0.0
1788522846030.0,2380,9.8,0.0,1,0,8,0.94,4.5,0.0,4.55,0.0
1788522846405.0,2400,9.8,0.0,0,0,8,0.0,4.5,0.0,4.55,0.0
1788522846780.0,2420,9.8,0.0,0,0,8,0.0,4.5,0.0,4.55,0.0
1788522847154.0,2440,9.8,0.0,0,0,8,0.0,4.5,0.0,4.55,0.0
1788522847529.0,2460,9.8,0.0,0,0,8,0.0,4.5,0.0,4.55,0.0
1788522847903.0,2480,9.8,0.0,0,0,8,0.0,4.5,0.0,4.55,0.0
1788522848278.0,2500,9.8,0.0,0,0,8,0.0,4.5,0.0,4.55,0.0
1788522848653.0,2520,9.8,0.0,0,0,8,0.0,4.5,0.0,4.55,0.0
1788522849028.0,2540,9.8,0.0,0,0,8,0.0,4.5,0.0,4.55,0.0
1788522849403.0,2560,9.8,0.0,0,0,8,0.0,4.5,0.0,4.55,0.0
1788522849777.0,2580,9.8,0.0,0,0,8,0.0,4.5,0.0,4.55,0.0
1788522850152.0,2600,9.8,0.0,0,0,8,0.0,4.5,0.0,4.55,0.0
1788522850527.0,2620,9.8,0.0,0,0,8,0.0,4.5,0.0,4.55,0.0
1788522850900.0,2640,9.8,0.0,0,0,8,0.0,4.5,0.0,4.55,0.0
1788522851277.0,2660,9.8,0.0,0,0,8,0.0,4.5,0.0,4.55,0.0
1788522851651.0,2680,9.8,0.0,0,0,8,0.0,4.5,0.0,4.55,0.0
1788522852027.0,2700,9.8,0.0,0,0,8,0.0,4.5,0.0,4.55,0.0
1788522852400.0,2720,9.8,0.0,0,0,8,0.0,4.5,0.0,4.55,0.0
1788522852775.0,2740,9.8,0.0,0,0,8,0.0,4.5,0.0,4.55,0.0
1788522853149.0,2760,9.8,0.0,0,0,8,0.0,4.5,0.0,4.55,0.0
1788522853527.0,2780,9.8,0.0,0,0,8,0.0,4.5,0.0,4.55,0.0
1788522853899.0,2800,9.85,0.0,0,0,8,0.0,4.5,0.0,4.55,0.0
1788522854277.0,2820,9.8,0.0,0,0,8,0.0,4.5,0.0,4.55,0.0
1788522854647.0,2840,9.8,0.0,0,0,8,0.0,4.5,0.0,4.55,0.0
1788522855023.0,2860,9.8,0.0,0,0,8,0.0,4.5,0.0,4.55,0.0
1788522855398.0,2880,9.8,0.0,0,0,8,0.0,4.5,0.0,4.55,0.0
1788522855772.0,2900,9.8,0.0,0,0,8,0.0,4.5,0.0,4.55,0.0
1788522856147.0,2920,9.8,0.0,0,0,8,0.0,4.5,0.0,4.55,0.0
1788522856522.0,2940,9.8,0.0,0,0,8,0.0,4.5,0.0,4.55,0.0
1788522856896.0,2960,9.8,0.0,0,0,8,0.0,4.5,0.0,4.55,0.0
1788522857272.0,2980,9.8,0.0,0,0,8,0.0,4.5,0.0,4.55,0.0
1788522857646.0,3000,9.8,0.0,0,0,8,0.0,4.5,0.0,4.55,0.0
1788522858021.0,3020,12.64,0.0,1,0,9,0.0,4.5,0.0,4.55,0.0
1788522858395.0,3040,11.89,0.0,1,0,11,1.95,5.9,0.0,5.85,0.0
1788522858770.0,3060,10.22,0.0,1,0,11,1.95,5.9,0.0,5.85,0.0
1788522859144.0,3080,10.13,0.0,1,0,12,1.79,6.5,0.0,6.5,0.0
1788522859520.0,3100,10.28,0.0,1,0,12,1.47,6.5,0.0,6.5,0.0
1788522859895.0,3120,10.03,0.0,1,0,12,1.05,6.5,0.0,6.5,0.0
1788522860269.0,3140,9.87,0.0,1,0,12,0.9,6.5,0.0,6.5,0.0
1788522860643.0,3160,10.99,0.0,0,0,12,0.0,6.5,0.0,6.5,0.0
1788522861019.0,3180,11.26,0.0,0,0,12,0.0,6.5,0.0,6.5,0.0
1788522861393.0,3200,9.8,0.0,0,0,12,0.0,6.5,0.0,6.5,0.0
1788522861768.0,3220,9.8,0.0,0,0,12,0.0,6.5,0.0,6.5,0.0
1788522862142.0,3240,11.18,0.0,0,0,12,0.0,6.5,0.0,6.5,0.0
1788522862517.0,3260,9.8,0.0,0,0,12,0.0,6.5,0.0,6.5,0.0
1788522862893.0,3280,9.8,0.0,0,0,12,0.0,6.5,0.0,6.5,0.0
1788522863267.0,3300,9.8,0.0,0,0,12,0.0,6.5,0.0,6.5,0.0
1788522863643.0,3320,9.8,0.0,0,0,12,0.0,6.5,0.0,6.5,0.0
1788522864016.0,3340,9.8,0.0,0,0,12,0.0,6.5,0.0,6.5,0.0
1788522864393.0,3360,9.91,0.0,0,0,12,0.0,6.5,0.0,6.5,0.0
1788522864765.0,3380,9.85,0.0,0,0,12,0.0,6.5,0.0,6.5,0.0
1788522865139.0,3400,9.8,0.0,0,0,12,0.0,6.5,0.0,6.5,0.0
1788522865515.0,3420,9.85,0.0,1,0,13,0.0,6.5,0.0,6.5,0.0
1788522865889.0,3440,9.8,0.0,1,0,13,0.0,6.5,0.0,6.5,0.0
1788522866264.0,3460,10.04,0.0,1,0,13,0.0,6.5,0.0,6.5,0.0
1788522866639.0,3480,11.12,0.0,1,0,13,0.0,6.5,0.0,6.5,0.0
1788522867014.0,3500,10.15,0.0,1,0,14,0.75,7.2,0.0,7.15,0.0
1788522867388.0,3520,9.91,0.0,1,0,14,0.61,7.2,0.0,7.15,0.0
1788522867763.0,3540,10.04,0.0,1,0,14,0.53,7.2,0.0,7.15,0.0
1788522868137.0,3560,9.21,0.0,1,0,14,0.39,7.2,0.0,7.15,0.0
1788522868512.0,3580,9.32,0.0,0,0,14,0.0,7.2,0.0,7.15,0.0
1788522868887.0,3600,8.67,0.0,0,0,14,0.0,7.2,0.0,7.15,0.0
1788522869262.0,3620,9.06,0.0,0,0,14,0.0,7.2,0.0,7.15,0.0
1788522869636.0,3640,9.69,0.0,1,0,15,0.0,7.2,0.0,7.15,0.0
1788522870011.0,3660,8.84,0.0,1,0,16,1.85,7.8,0.0,7.8,0.0
1788522870387.0,3680,11.37,0.0,1,0,17,1.59,8.5,0.0,8.45,0.0
1788522870760.0,3700,9.8,0.0,1,0,17,1.35,8.5,0.0,8.45,0.0
1788522871136.0,3720,11.24,0.0,1,0,17,0.96,8.5,0.0,8.45,0.0
1788522871510.0,3740,9.8,0.0,1,0,17,0.87,8.5,0.0,8.45,0.0
1788522871886.0,3760,10.95,0.0,0,0,17,0.0,8.5,0.0,8.45,0.0
1788522872260.0,3780,9.8,0.0,1,0,19,1.08,9.8,0.0,9.75,0.0
1788522872635.0,3800,11.07,0.0,1,0,19,0.83,9.8,0.0,9.75,0.0
1788522873010.0,3820,9.8,0.0,1,0,19,1.18,9.8,0.0,9.75,0.0
1788522873385.0,3840,9.9,0.0,1,0,19,0.92,9.8,0.0,9.75,0.0
1788522873760.0,3860,9.88,0.0,0,0,19,0.0,9.8,0.0,9.75,0.0
1788522874133.0,3880,9.8,0.0,0,0,19,0.0,9.8,0.0,9.75,0.0
1788522874509.0,3900,9.8,0.0,0,0,19,0.0,9.8,0.0,9.75,0.0
1788522874883.0,3920,9.8,0.0,0,0,19,0.0,9.8,0.0,9.75,0.0
1788522875259.0,3940,9.8,0.0,0,0,19,0.0,9.8,0.0,9.75,0.0
1788522875633.0,3960,9.8,0.0,1,0,21,1.95,10.4,0.0,10.4,0.0
1788522876007.0,3980,9.86,0.0,1,0,21,1.44,10.4,0.0,10.4,0.0
1788522876384.0,4000,9.8,0.0,1,0,22,1.85,11.1,0.0,11.05,0.0
1788522876760.0,4020,11.64,0.0,1,0,22,1.36,11.1,0.0,11.05,0.0
1788522877132.0,4040,9.8,0.0,1,0,23,1.47,11.7,0.0,11.7,0.0
1788522877512.0,4060,10.86,0.0,1,0,23,1.12,11.7,0.0,11.7,0.0
1788522877882.0,4080,9.8,0.0,1,0,23,0.82,11.7,0.0,11.7,0.0
1788522878256.0,4100,9.8,0.0,1,0,24,0.98,12.4,0.0,12.35,0.0
1788522878632.0,4120,11.1,0.0,1,0,24,0.83,12.4,0.0,12.35,0.0
1788522879005.0,4140,9.8,0.0,1,0,24,0.62,12.4,0.0,12.35,0.0
1788522879382.0,4160,12.21,0.0,1,0,25,1.04,13.0,0.0,13.0,0.0
1788522879755.0,4180,8.8,0.0,1,0,25,0.83,13.0,0.0,13.0,0.0
1788522880130.0,4200,10.55,0.0,1,0,26,1.0,13.7,0.0,13.65,0.0
1788522880505.0,4220,9.48,0.0,1,0,26,0.79,13.7,0.0,13.65,0.0
1788522880880.0,4240,10.12,0.0,1,0,26,0.9,13.7,0.0,13.65,0.0
1788522881254.0,4260,9.87,0.0,1,0,27,1.01,14.3,0.0,14.3,0.0
1788522881629.0,4280,9.88,0.0,1,0,27,0.86,14.3,0.0,14.3,0.0
1788522882004.0,4300,9.8,0.0,1,0,27,0.55,14.3,0.0,14.3,0.0
1788522882378.0,4320,10.87,0.0,1,0,28,1.04,15.0,0.0,14.95,0.0
1788522882754.0,4340,9.8,0.0,1,0,28,0.75,15.0,0.0,14.95,0.0
1788522883133.0,4360,9.8,0.0,1,0,29,0.99,15.6,0.0,15.6,0.0
1788522883503.0,4380,9.8,0.0,1,0,29,0.79,15.6,0.0,15.6,0.0
1788522883877.0,4400,9.87,0.0,1,0,29,0.68,15.6,0.0,15.6,0.0
1788522884252.0,4420,9.8,0.0,0,0,29,0.0,15.6,0.0,15.6,0.0
1788522884628.0,4440,9.8,0.0,1,0,30,0.8,16.3,0.0,16.25,0.0
1788522885002.0,4460,9.8,0.0,1,0,30,0.61,16.3,0.0,16.25,0.0
1788522885377.0,4480,9.8,0.0,1,0,30,0.5,16.3,0.0,16.25,0.0
1788522885751.0,4500,9.8,0.0,1,0,30,0.3,16.3,0.0,16.25,0.0
1788522886127.0,4520,9.8,0.0,0,0,30,0.0,16.3,0.0,16.25,0.0
1788522886500.0,4540,9.8,0.0,0,0,30,0.0,16.3,0.0,16.25,0.0
1788522886875.0,4560,9.8,0.0,0,0,30,0.0,16.3,0.0,16.25,0.0
1788522887250.0,4580,9.8,0.0,0,0,30,0.0,16.3,0.0,16.25,0.0
1788522887623.0,4600,9.8,0.0,0,0,30,0.0,16.3,0.0,16.25,0.0
1788522888000.0,4620,9.8,0.0,0,0,30,0.0,16.3,0.0,16.25,0.0
1788522888374.0,4640,9.8,0.0,0,0,30,0.0,16.3,0.0,16.25,0.0
1788522888748.0,4660,9.8,0.0,0,0,30,0.0,16.3,0.0,16.25,0.0
1788522889123.0,4680,9.8,0.0,0,0,30,0.0,16.3,0.0,16.25,0.0
1788522889498.0,4700,9.8,0.0,0,0,30,0.0,16.3,0.0,16.25,0.0
1788522889873.0,4720,9.8,0.0,0,0,30,0.0,16.3,0.0,16.25,0.0
1788522890248.0,4740,9.8,0.0,0,0,30,0.0,16.3,0.0,16.25,0.0
1788522890623.0,4760,9.8,0.0,0,0,30,0.0,16.3,0.0,16.25,0.0
1788522890998.0,4780,9.8,0.0,0,0,30,0.0,16.3,0.0,16.25,0.0
1788522891372.0,4800,9.8,0.0,0,0,30,0.0,16.3,0.0,16.25,0.0
1788522891746.0,4820,9.8,0.0,0,0,30,0.0,16.3,0.0,16.25,0.0
1788522892121.0,4840,9.8,0.0,0,0,30,0.0,16.3,0.0,16.25,0.0
1788522892496.0,4860,9.8,0.0,0,0,30,0.0,16.3,0.0,16.25,0.0
1788522892871.0,4880,9.8,0.0,0,0,30,0.0,16.3,0.0,16.25,0.0
1788522893246.0,4900,9.8,0.0,0,0,30,0.0,16.3,0.0,16.25,0.0
1788522893620.0,4920,9.8,0.0,0,0,30,0.0,16.3,0.0,16.25,0.0
1788522893995.0,4940,9.8,0.0,0,0,30,0.0,16.3,0.0,16.25,0.0
1788522894369.0,4960,9.8,0.0,0,0,30,0.0,16.3,0.0,16.25,0.0
1788522894744.0,4980,9.8,0.0,0,0,30,0.0,16.3,0.0,16.25,0.0
1788522895118.0,5000,9.8,0.0,0,0,30,0.0,16.3,0.0,16.25,0.0
1788522895493.0,5020,9.8,0.0,0,0,30,0.0,16.3,0.0,16.25,0.0
1788522895869.0,5040,9.8,0.0,0,0,30,0.0,16.3,0.0,16.25,0.0
1788522896245.0,5060,9.8,0.0,0,0,30,0.0,16.3,0.0,16.25,0.0
1788522896618.0,5080,9.8,0.0,0,0,30,0.0,16.3,0.0,16.25,0.0
1788522896994.0,5100,9.8,0.0,0,0,30,0.0,16.3,0.0,16.25,0.0
1788522897367.0,5120,9.8,0.0,0,0,30,0.0,16.3,0.0,16.25,0.0
1788522897742.0,5140,9.8,0.0,0,0,30,0.0,16.3,0.0,16.25,0.0
1788522898118.0,5160,9.8,0.0,0,0,30,0.0,16.3,0.0,16.25,0.0
1788522898494.0,5180,9.8,0.0,0,0,30,0.0,16.3,0.0,16.25,0.0
1788522898866.0,5200,9.8,0.0,0,0,30,0.0,16.3,0.0,16.25,0.0
1788522899244.0,5220,9.8,0.0,0,0,30,0.0,16.3,0.0,16.25,0.0
1788522899616.0,5240,9.8,0.0,0,0,30,0.0,16.3,0.0,16.25,0.0
1788522899992.0,5260,9.8,0.0,0,0,30,0.0,16.3,0.0,16.25,0.0
1788522900366.0,5280,9.8,0.0,0,0,30,0.0,16.3,0.0,16.25,0.0
1788522900741.0,5300,9.8,0.0,0,0,30,0.0,16.3,0.0,16.25,0.0
1788522901114.0,5320,9.8,0.0,0,0,30,0.0,16.3,0.0,16.25,0.0
1788522901492.0,5340,9.8,0.0,0,0,30,0.0,16.3,0.0,16.25,0.0
1788522901864.0,5360,9.8,0.0,0,0,30,0.0,16.3,0.0,16.25,0.0
1788522902240.0,5380,9.8,0.0,0,0,30,0.0,16.3,0.0,16.25,0.0
1788522902614.0,5400,9.8,0.0,0,0,30,0.0,16.3,0.0,16.25,0.0
1788522902988.0,5420,9.8,0.0,0,0,30,0.0,16.3,0.0,16.25,0.0
1788522903364.0,5440,9.8,0.0,0,0,30,0.0,16.3,0.0,16.25,0.0
1788522903738.0,5460,9.8,0.0,0,0,30,0.0,16.3,0.0,16.25,0.0
1788522904112.0,5480,9.87,0.0,0,0,30,0.0,16.3,0.0,16.25,0.0
1788522904487.0,5500,9.8,0.0,0,0,30,0.0,16.3,0.0,16.25,0.0
1788522904863.0,5520,10.87,0.0,1,0,31,0.0,16.3,0.0,16.25,0.0
1788522905237.0,5540,9.8,0.0,1,0,32,1.95,16.9,0.0,16.9,0.0
1788522905611.0,5560,9.8,0.0,1,0,32,1.49,16.9,0.0,16.9,0.0
1788522905987.0,5580,9.8,0.0,1,0,32,1.06,16.9,0.0,16.9,0.0
1788522906362.0,5600,9.8,0.0,1,0,33,1.13,17.6,0.0,17.55,0.0
1788522906737.0,5620,9.8,0.0,1,0,33,0.96,17.6,0.0,17.55,0.0
1788522907111.0,5640,9.8,0.0,1,0,33,0.83,17.6,0.0,17.55,0.0
1788522907486.0,5660,9.8,0.0,1,0,33,0.55,17.6,0.0,17.55,0.0
1788522907860.0,5680,9.8,0.0,1,0,34,0.79,18.2,0.0,18.2,0.0
1788522908236.0,5700,9.8,0.0,1,0,34,0.53,18.2,0.0,18.2,0.0
1788522908610.0,5720,9.8,0.0,1,0,34,0.46,18.2,0.0,18.2,0.0
1788522908985.0,5740,9.8,0.0,1,0,35,0.9,18.8,0.0,18.85,0.0
1788522909360.0,5760,9.8,0.0,1,0,35,0.72,18.8,0.0,18.85,0.0
1788522909735.0,5780,9.9,0.0,1,0,37,1.21,20.1,0.0,20.15,0.0
1788522910110.0,5800,9.8,0.0,1,0,37,1.45,20.1,0.0,20.15,0.0
1788522910483.0,5820,10.01,0.0,1,0,39,1.95,21.4,0.0,21.45,0.0
1788522910858.0,5840,12.44,0.0,1,0,40,1.95,22.1,0.0,22.1,0.0
1788522911233.0,5860,9.8,0.0,1,0,40,1.68,22.1,0.0,22.1,0.0
1788522911610.0,5880,11.92,0.0,1,0,41,1.8,22.7,0.0,22.75,0.0
1788522911983.0,5900,9.8,0.0,1,0,42,1.72,23.4,0.0,23.4,0.0
1788522912360.0,5920,10.1,0.0,1,0,44,1.95,24.7,0.0,24.7,0.0
1788522912732.0,5940,11.53,0.0,1,0,45,1.95,25.3,0.0,25.35,0.0
1788522913110.0,5960,9.8,0.0,1,0,46,1.92,26.0,0.0,26.0,0.0
1788522913481.0,5980,9.89,0.0,1,0,47,1.95,26.6,0.0,26.65,0.0
1788522913861.0,6000,9.8,0.0,1,0,47,1.95,26.6,0.0,26.65,0.0
1788522914232.0,6020,9.8,0.0,1,0,49,1.95,27.9,0.0,27.95,0.0
1788522914606.0,6040,11.8,0.0,1,0,50,1.89,28.6,0.0,28.6,0.0
1788522914980.0,6060,9.8,0.0,1,0,50,1.66,28.6,0.0,28.6,0.0
1788522915356.0,6080,9.8,0.0,1,0,51,1.8,29.2,0.0,29.25,0.0
1788522915730.0,6100,10.84,0.0,1,0,51,1.46,29.2,0.0,29.25,0.0
1788522916105.0,6120,9.8,0.0,1,0,52,1.55,29.9,0.0,29.9,0.0
1788522916480.0,6140,11.87,0.0,1,0,53,1.44,30.5,0.0,30.55,0.0
1788522916855.0,6160,9.8,0.0,1,0,54,1.46,31.2,0.0,31.2,0.0
1788522917229.0,6180,9.87,0.0,1,0,55,1.53,31.8,0.0,31.85,0.0
1788522917604.0,6200,12.25,0.0,1,0,56,1.64,32.5,0.0,32.5,0.0
1788522917978.0,6220,9.8,0.0,1,0,56,1.5,32.5,0.0,32.5,0.0
1788522918353.0,6240,9.96,0.0,1,0,57,1.64,33.1,0.0,33.15,0.0
1788522918729.0,6260,9.8,0.0,1,0,58,1.64,33.8,0.0,33.8,0.0
1788522919103.0,6280,9.86,0.0,1,0,60,1.84,35.1,0.0,35.1,0.0
1788522919479.0,6300,11.91,0.0,1,0,61,1.85,35.7,0.0,35.75,0.0
1788522919852.0,6320,9.8,0.0,1,0,61,1.91,35.7,0.0,35.75,0.0
1788522920229.0,6340,11.45,0.0,1,0,62,1.83,36.4,0.0,36.4,0.0
1788522920603.0,6360,9.8,0.0,1,0,62,1.65,36.4,0.0,36.4,0.0
1788522920977.0,6380,9.8,0.0,1,1,64,1.68,37.7,0.0,37.7,0.0
1788522921352.0,6400,9.8,0.0,1,0,64,1.51,37.7,0.0,37.7,0.0
1788522921726.0,6420,9.88,0.0,1,0,66,1.83,39.0,0.0,39.0,0.0
1788522922102.0,6440,12.18,0.0,1,0,67,1.95,39.6,0.0,39.65,0.0
1788522922475.0,6460,9.8,0.0,1,0,67,1.74,39.6,0.0,39.65,0.0
1788522922852.0,6480,9.93,0.0,1,0,68,1.9,40.3,0.0,40.3,0.0
1788522923227.0,6500,9.8,0.0,1,0,69,1.91,40.9,0.0,40.95,0.0
1788522923601.0,6520,9.86,0.0,1,0,70,1.88,41.6,0.0,41.6,0.0
1788522923974.0,6540,11.56,0.0,1,0,71,1.7,42.2,0.0,42.25,0.0
1788522924350.0,6560,9.8,0.0,1,0,72,1.66,42.9,0.0,42.9,0.0
1788522924727.0,6580,11.94,0.0,1,0,73,1.62,43.5,0.0,43.55,0.0
1788522925099.0,6600,9.8,0.0,1,0,73,1.17,43.5,0.0,43.55,0.0
1788522925478.0,6620,9.8,0.0,1,0,74,1.42,44.2,0.0,44.2,0.0
1788522925849.0,6640,9.8,0.0,1,0,74,1.26,44.2,0.0,44.2,0.0
1788522926228.0,6660,11.26,0.0,1,0,76,1.39,45.5,0.0,45.5,0.0
1788522926598.0,6680,10.07,0.0,1,0,76,1.34,45.5,0.0,45.5,0.0
1788522926977.0,6700,9.8,0.0,1,0,77,1.66,46.1,0.0,46.15,0.0
1788522927349.0,6720,9.85,0.0,1,0,78,1.73,46.8,0.0,46.8,0.0
1788522927727.0,6740,9.8,0.0,1,0,78,1.45,46.8,0.0,46.8,0.0
1788522928098.0,6760,9.8,0.0,1,0,78,1.25,46.8,0.0,46.8,0.0
1788522928473.0,6780,9.8,0.0,1,0,79,1.23,47.4,0.0,47.45,0.0
1788522928847.0,6800,9.8,0.0,1,0,80,1.37,48.1,0.0,48.1,0.0
1788522929223.0,6820,10.04,0.0,1,0,81,1.19,48.7,0.0,48.75,0.0
1788522929597.0,6840,11.42,0.0,1,0,81,1.07,48.7,0.0,48.75,0.0
1788522929971.0,6860,9.91,0.0,1,0,83,1.95,50.0,0.0,50.05,0.0
1788522930346.0,6880,10.84,0.0,1,0,83,1.78,50.0,0.0,50.05,0.0
1788522930721.0,6900,9.93,0.0,1,0,83,1.46,50.0,0.0,50.05,0.0
1788522931095.0,6920,9.8,0.0,1,0,83,1.15,50.0,0.0,50.05,0.0
1788522931470.0,6940,9.93,0.0,1,0,84,1.09,50.7,0.0,50.7,0.0
1788522931844.0,6960,12.78,0.0,1,0,85,1.15,51.3,0.0,51.35,0.0
1788522932220.0,6980,11.18,0.0,1,0,85,0.86,51.3,0.0,51.35,0.0
1788522932595.0,7000,10.14,0.0,1,0,86,1.58,52.0,0.0,52.0,0.0
1788522932969.0,7020,9.8,0.0,1,0,86,1.31,52.0,0.0,52.0,0.0
1788522933343.0,7040,12.06,0.0,1,0,87,1.32,52.6,0.0,52.65,0.0
1788522933718.0,7060,9.8,0.0,1,0,87,1.2,52.6,0.0,52.65,0.0
1788522934095.0,7080,9.8,0.0,1,0,87,0.84,52.6,0.0,52.65,0.0
1788522934469.0,7100,9.8,0.0,1,0,87,0.7,52.6,0.0,52.65,0.0
1788522934844.0,7120,9.8,0.0,0,0,87,0.0,52.6,0.0,52.65,0.0
1788522935218.0,7140,9.8,0.0,0,0,87,0.0,52.6,0.0,52.65,0.0
1788522935593.0,7160,9.99,0.0,0,0,87,0.0,52.6,0.0,52.65,0.0
1788522935968.0,7180,9.86,0.0,1,0,88,0.35,53.3,0.0,53.3,0.0
1788522936344.0,7200,9.8,0.0,1,0,88,0.15,53.3,0.0,53.3,0.0
1788522936791.0,7220,9.91,0.0,1,0,88,0.0,53.3,0.0,53.3,0.0
1788522937094.0,7240,9.8,0.0,1,0,89,0.91,53.9,0.0,53.95,0.0
1788522937467.0,7260,9.8,0.0,1,0,89,0.75,53.9,0.0,53.95,0.0
1788522937841.0,7280,9.85,0.0,1,0,89,0.56,53.9,0.0,53.95,0.0
1788522938216.0,7300,9.85,0.0,1,0,89,0.49,53.9,0.0,53.95,0.0
1788522938594.0,7320,9.86,0.0,0,0,89,0.0,53.9,0.0,53.95,0.0
1788522938966.0,7340,9.94,0.0,0,0,89,0.0,53.9,0.0,53.95,0.0
1788522939345.0,7360,9.87,0.0,0,0,89,0.0,53.9,0.0,53.95,0.0
1788522939715.0,7380,9.88,0.0,0,0,89,0.0,53.9,0.0,53.95,0.0
1788522940092.0,7400,9.88,0.0,0,0,89,0.0,53.9,0.0,53.95,0.0
1788522940465.0,7420,9.89,0.0,0,0,89,0.0,53.9,0.0,53.95,0.0
1788522940840.0,7440,9.89,0.0,0,0,89,0.0,53.9,0.0,53.95,0.0
1788522941214.0,7460,9.89,0.0,0,0,89,0.0,53.9,0.0,53.95,0.0
1788522941589.0,7480,9.98,0.0,0,0,89,0.0,53.9,0.0,53.95,0.0
1788522941965.0,7500,9.96,0.0,0,0,89,0.0,53.9,0.0,53.95,0.0
1788522942338.0,7520,9.94,0.0,0,0,89,0.0,53.9,0.0,53.95,0.0
1788522942713.0,7540,9.93,0.0,0,0,89,0.0,53.9,0.0,53.95,0.0
1788522943088.0,7560,9.92,0.0,0,0,89,0.0,53.9,0.0,53.95,0.0
1788522943463.0,7580,9.91,0.0,0,0,89,0.0,53.9,0.0,53.95,0.0
1788522943837.0,7600,9.91,0.0,0,0,89,0.0,53.9,0.0,53.95,0.0
1788522944213.0,7620,9.9,0.0,0,0,89,0.0,53.9,0.0,53.95,0.0
1788522944588.0,7640,9.9,0.0,0,0,89,0.0,53.9,0.0,53.95,0.0
1788522944963.0,7660,9.89,0.0,0,0,89,0.0,53.9,0.0,53.95,0.0
1788522945337.0,7680,9.9,0.0,0,0,89,0.0,53.9,0.0,53.95,0.0
1788522945712.0,7700,9.9,0.0,0,0,89,0.0,53.9,0.0,53.95,0.0
1788522946087.0,7720,9.9,0.0,0,0,89,0.0,53.9,0.0,53.95,0.0
1788522946462.0,7740,9.9,0.0,0,0,89,0.0,53.9,0.0,53.95,0.0
1788522946836.0,7760,9.9,0.0,0,0,89,0.0,53.9,0.0,53.95,0.0
1788522947211.0,7780,9.89,0.0,0,0,89,0.0,53.9,0.0,53.95,0.0
1788522947591.0,7800,9.89,0.0,0,0,89,0.0,53.9,0.0,53.95,0.0
1788522947961.0,7820,9.88,0.0,0,0,89,0.0,53.9,0.0,53.95,0.0
1788522948336.0,7840,9.89,0.0,0,0,89,0.0,53.9,0.0,53.95,0.0
1788522948711.0,7860,9.88,0.0,0,0,89,0.0,53.9,0.0,53.95,0.0
1788522949085.0,7880,9.8,0.0,0,0,89,0.0,53.9,0.0,53.95,0.0
1788522949462.0,7900,9.89,0.0,0,0,89,0.0,53.9,0.0,53.95,0.0
1788522949834.0,7920,9.88,0.0,0,0,89,0.0,53.9,0.0,53.95,0.0
1788522950210.0,7940,9.88,0.0,0,0,89,0.0,53.9,0.0,53.95,0.0
1788522950585.0,7960,9.88,0.0,0,0,89,0.0,53.9,0.0,53.95,0.0
1788522950958.0,7980,9.88,0.0,0,0,89,0.0,53.9,0.0,53.95,0.0
1788522951334.0,8000,9.88,0.0,0,0,89,0.0,53.9,0.0,53.95,0.0
1788522951709.0,8020,9.88,0.0,0,0,89,0.0,53.9,0.0,53.95,0.0
1788522952084.0,8040,9.88,0.0,0,0,89,0.0,53.9,0.0,53.95,0.0
1788522952457.0,8060,9.89,0.0,0,0,89,0.0,53.9,0.0,53.95,0.0
1788522952832.0,8080,9.88,0.0,0,0,89,0.0,53.9,0.0,53.95,0.0
1788522953207.0,8100,9.88,0.0,0,0,89,0.0,53.9,0.0,53.95,0.0
1788522953581.0,8120,9.88,0.0,0,0,89,0.0,53.9,0.0,53.95,0.0
1788522953960.0,8140,9.88,0.0,0,0,89,0.0,53.9,0.0,53.95,0.0
1788522954331.0,8160,9.88,0.0,0,0,89,0.0,53.9,0.0,53.95,0.0
1788522954706.0,8180,9.88,0.0,0,0,89,0.0,53.9,0.0,53.95,0.0
1788522955081.0,8200,9.89,0.0,0,0,89,0.0,53.9,0.0,53.95,0.0
1788522955455.0,8220,9.88,0.0,0,0,89,0.0,53.9,0.0,53.95,0.0
1788522955829.0,8240,9.88,0.0,0,0,89,0.0,53.9,0.0,53.95,0.0
1788522956209.0,8260,9.88,0.0,0,0,89,0.0,53.9,0.0,53.95,0.0
1788522956579.0,8280,9.88,0.0,0,0,89,0.0,53.9,0.0,53.95,0.0
1788522956955.0,8300,9.88,0.0,0,0,89,0.0,53.9,0.0,53.95,0.0
1788522957329.0,8320,9.88,0.0,0,0,89,0.0,53.9,0.0,53.95,0.0
1788522957704.0,8340,9.88,0.0,0,0,89,0.0,53.9,0.0,53.95,0.0
1788522958079.0,8360,9.88,0.0,0,0,89,0.0,53.9,0.0,53.95,0.0
1788522958454.0,8380,9.87,0.0,0,0,89,0.0,53.9,0.0,53.95,0.0
1788522958831.0,8400,9.88,0.0,0,0,89,0.0,53.9,0.0,53.95,0.0
1788522959203.0,8420,9.88,0.0,0,0,89,0.0,53.9,0.0,53.95,0.0
1788522959578.0,8440,9.88,0.0,0,0,89,0.0,53.9,0.0,53.95,0.0
1788522959953.0,8460,9.88,0.0,0,0,89,0.0,53.9,0.0,53.95,0.0
1788522960330.0,8480,9.89,0.0,0,0,89,0.0,53.9,0.0,53.95,0.0
1788522960701.0,8500,9.88,0.0,0,0,89,0.0,53.9,0.0,53.95,0.0
1788522961077.0,8520,9.89,0.0,0,0,89,0.0,53.9,0.0,53.95,0.0
1788522961451.0,8540,9.88,0.0,0,0,89,0.0,53.9,0.0,53.95,0.0
1788522961829.0,8560,9.89,0.0,0,0,89,0.0,53.9,0.0,53.95,0.0
1788522962201.0,8580,9.89,0.0,0,0,89,0.0,53.9,0.0,53.95,0.0
1788522962577.0,8600,9.89,0.0,0,0,89,0.0,53.9,0.0,53.95,0.0
1788522962951.0,8620,9.89,0.0,0,0,89,0.0,53.9,0.0,53.95,0.0
1788522963325.0,8640,9.89,0.0,0,0,89,0.0,53.9,0.0,53.95,0.0
1788522963699.0,8660,9.89,0.0,0,0,89,0.0,53.9,0.0,53.95,0.0
1788522964077.0,8680,9.89,0.0,0,0,89,0.0,53.9,0.0,53.95,0.0
1788522964450.0,8700,9.89,0.0,0,0,89,0.0,53.9,0.0,53.95,0.0
1788522964825.0,8720,9.89,0.0,0,0,89,0.0,53.9,0.0,53.95,0.0
1788522965199.0,8740,9.88,0.0,0,0,89,0.0,53.9,0.0,53.95,0.0
1788522965574.0,8760,9.88,0.0,0,0,89,0.0,53.9,0.0,53.95,0.0
1788522965948.0,8780,9.88,0.0,0,0,89,0.0,53.9,0.0,53.95,0.0
1788522966322.0,8800,9.88,0.0,0,0,89,0.0,53.9,0.0,53.95,0.0
1788522966698.0,8820,9.88,0.0,0,0,89,0.0,53.9,0.0,53.95,0.0
1788522967072.0,8840,9.88,0.0,0,0,89,0.0,53.9,0.0,53.95,0.0
1788522967448.0,8860,9.88,0.0,0,0,89,0.0,53.9,0.0,53.95,0.0
1788522967822.0,8880,9.88,0.0,0,0,89,0.0,53.9,0.0,53.95,0.0
1788522968197.0,8900,9.88,0.0,0,0,89,0.0,53.9,0.0,53.95,0.0
1788522968571.0,8920,9.88,0.0,0,0,89,0.0,53.9,0.0,53.95,0.0
1788522968945.0,8940,9.88,0.0,0,0,89,0.0,53.9,0.0,53.95,0.0
1788522969320.0,8960,9.88,0.0,0,0,89,0.0,53.9,0.0,53.95,0.0
1788522969696.0,8980,9.88,0.0,0,0,89,0.0,53.9,0.0,53.95,0.0
1788522970070.0,9000,9.88,0.0,0,0,89,0.0,53.9,0.0,53.95,0.0
1788522970445.0,9020,9.88,0.0,0,0,89,0.0,53.9,0.0,53.95,0.0
1788522970820.0,9040,9.88,0.0,0,0,89,0.0,53.9,0.0,53.95,0.0
1788522971194.0,9060,9.89,0.0,0,0,89,0.0,53.9,0.0,53.95,0.0
1788522971568.0,9080,9.89,0.0,0,0,89,0.0,53.9,0.0,53.95,0.0
1788522971943.0,9100,9.88,0.0,0,0,89,0.0,53.9,0.0,53.95,0.0
1788522972318.0,9120,9.88,0.0,0,0,89,0.0,53.9,0.0,53.95,0.0
1788522972694.0,9140,9.88,0.0,0,0,89,0.0,53.9,0.0,53.95,0.0
1788522973068.0,9160,9.88,0.0,0,0,89,0.0,53.9,0.0,53.95,0.0
1788522973445.0,9180,9.88,0.0,0,0,89,0.0,53.9,0.0,53.95,0.0
1788522973817.0,9200,9.88,0.0,0,0,89,0.0,53.9,0.0,53.95,0.0
1788522974193.0,9220,9.88,0.0,0,0,89,0.0,53.9,0.0,53.95,0.0
1788522974567.0,9240,9.88,0.0,0,0,89,0.0,53.9,0.0,53.95,0.0
1788522974945.0,9260,9.88,0.0,0,0,89,0.0,53.9,0.0,53.95,0.0
1788522975317.0,9280,9.88,0.0,0,0,89,0.0,53.9,0.0,53.95,0.0
1788522975692.0,9300,9.89,0.0,0,0,89,0.0,53.9,0.0,53.95,0.0
1788522976066.0,9320,9.89,0.0,0,0,89,0.0,53.9,0.0,53.95,0.0
1788522976445.0,9340,9.89,0.0,0,0,89,0.0,53.9,0.0,53.95,0.0
1788522976816.0,9360,9.89,0.0,0,0,89,0.0,53.9,0.0,53.95,0.0
1788522977191.0,9380,9.89,0.0,0,0,89,0.0,53.9,0.0,53.95,0.0
1788522977565.0,9400,9.88,0.0,0,0,89,0.0,53.9,0.0,53.95,0.0
1788522977945.0,9420,9.88,0.0,0,0,89,0.0,53.9,0.0,53.95,0.0
1788522978315.0,9440,9.88,0.0,0,0,89,0.0,53.9,0.0,53.95,0.0
1788522978690.0,9460,9.88,0.0,0,0,89,0.0,53.9,0.0,53.95,0.0
1788522979065.0,9480,9.88,0.0,0,0,89,0.0,53.9,0.0,53.95,0.0
1788522979440.0,9500,9.88,0.0,0,0,89,0.0,53.9,0.0,53.95,0.0
1788522979813.0,9520,9.89,0.0,0,0,89,0.0,53.9,0.0,53.95,0.0
1788522980189.0,9540,9.88,0.0,0,0,89,0.0,53.9,0.0,53.95,0.0
1788522980564.0,9560,9.88,0.0,0,0,89,0.0,53.9,0.0,53.95,0.0
1788522980938.0,9580,9.89,0.0,0,0,89,0.0,53.9,0.0,53.95,0.0
1788522981313.0,9600,9.89,0.0,0,0,89,0.0,53.9,0.0,53.95,0.0
1788522981688.0,9620,9.89,0.0,0,0,89,0.0,53.9,0.0,53.95,0.0
1788522982063.0,9640,9.89,0.0,0,0,89,0.0,53.9,0.0,53.95,0.0
1788522982437.0,9660,9.89,0.0,0,0,89,0.0,53.9,0.0,53.95,0.0
1788522982812.0,9680,9.88,0.0,0,0,89,0.0,53.9,0.0,53.95,0.0
1788522983186.0,9700,9.88,0.0,0,0,89,0.0,53.9,0.0,53.95,0.0
1788522983562.0,9720,9.88,0.0,0,0,89,0.0,53.9,0.0,53.95,0.0
1788522983939.0,9740,9.88,0.0,0,0,89,0.0,53.9,0.0,53.95,0.0
1788522984313.0,9760,9.88,0.0,0,0,89,0.0,53.9,0.0,53.95,0.0
1788522984686.0,9780,9.87,0.0,0,0,89,0.0,53.9,0.0,53.95,0.0
1788522985061.0,9800,9.88,0.0,0,0,89,0.0,53.9,0.0,53.95,0.0
1788522985436.0,9820,9.88,0.0,0,0,89,0.0,53.9,0.0,53.95,0.0
1788522985810.0,9840,9.87,0.0,0,0,89,0.0,53.9,0.0,53.95,0.0
1788522986185.0,9860,9.88,0.0,0,0,89,0.0,53.9,0.0,53.95,0.0
1788522986559.0,9880,9.88,0.0,0,0,89,0.0,53.9,0.0,53.95,0.0
1788522986935.0,9900,9.88,0.0,0,0,89,0.0,53.9,0.0,53.95,0.0
1788522987311.0,9920,9.88,0.0,0,0,89,0.0,53.9,0.0,53.95,0.0
1788522987684.0,9940,9.88,0.0,0,0,89,0.0,53.9,0.0,53.95,0.0
1788522988059.0,9960,9.88,0.0,0,0,89,0.0,53.9,0.0,53.95,0.0
1788522988434.0,9980,9.87,0.0,0,0,89,0.0,53.9,0.0,53.95,0.0
1788522988812.0,10000,9.88,0.0,0,0,89,0.0,53.9,0.0,53.95,0.0
1788522989182.0,10020,9.88,0.0,0,0,89,0.0,53.9,0.0,53.95,0.0
1788522989561.0,10040,9.88,0.0,0,0,89,0.0,53.9,0.0,53.95,0.0
1788522989933.0,10060,9.88,0.0,0,0,89,0.0,53.9,0.0,53.95,0.0
1788522990310.0,10080,9.88,0.0,0,0,89,0.0,53.9,0.0,53.95,0.0
1788522990682.0,10100,9.88,0.0,0,0,89,0.0,53.9,0.0,53.95,0.0
1788522991057.0,10120,9.88,0.0,0,0,89,0.0,53.9,0.0,53.95,0.0
1788522991432.0,10140,9.88,0.0,0,0,89,0.0,53.9,0.0,53.95,0.0
1788522991807.0,10160,9.88,0.0,0,0,89,0.0,53.9,0.0,53.95,0.0
1788522992181.0,10180,9.88,0.0,0,0,89,0.0,53.9,0.0,53.95,0.0
1788522992556.0,10200,9.88,0.0,0,0,89,0.0,53.9,0.0,53.95,0.0
1788522992931.0,10220,9.88,0.0,0,0,89,0.0,53.9,0.0,53.95,0.0
1788522993306.0,10240,9.88,0.0,0,0,89,0.0,53.9,0.0,53.95,0.0
1788522993680.0,10260,9.88,0.0,0,0,89,0.0,53.9,0.0,53.95,0.0
1788522994055.0,10280,9.88,0.0,0,0,89,0.0,53.9,0.0,53.95,0.0
1788522994430.0,10300,9.88,0.0,0,0,89,0.0,53.9,0.0,53.95,0.0
1788522994804.0,10320,9.87,0.0,0,0,89,0.0,53.9,0.0,53.95,0.0
1788522995179.0,10340,9.87,0.0,0,0,89,0.0,53.9,0.0,53.95,0.0
1788522995554.0,10360,9.87,0.0,0,0,89,0.0,53.9,0.0,53.95,0.0
1788522995929.0,10380,9.87,0.0,0,0,89,0.0,53.9,0.0,53.95,0.0
1788522996305.0,10400,9.87,0.0,0,0,89,0.0,53.9,0.0,53.95,0.0
1788522996678.0,10420,9.87,0.0,0,0,89,0.0,53.9,0.0,53.95,0.0
1788522997054.0,10440,9.88,0.0,0,0,89,0.0,53.9,0.0,53.95,0.0
1788522997429.0,10460,9.88,0.0,0,0,89,0.0,53.9,0.0,53.95,0.0
1788522997804.0,10480,9.88,0.0,0,0,89,0.0,53.9,0.0,53.95,0.0
1788522998178.0,10500,9.88,0.0,0,0,89,0.0,53.9,0.0,53.95,0.0
1788522998553.0,10520,9.89,0.0,0,0,89,0.0,53.9,0.0,53.95,0.0
1788522998927.0,10540,9.88,0.0,0,0,89,0.0,53.9,0.0,53.95,0.0
1788522999303.0,10560,9.88,0.0,0,0,89,0.0,53.9,0.0,53.95,0.0
1788522999678.0,10580,9.88,0.0,0,0,89,0.0,53.9,0.0,53.95,0.0
1788523000052.0,10600,9.88,0.0,0,0,89,0.0,53.9,0.0,53.95,0.0
1788523000432.0,10620,9.88,0.0,0,0,89,0.0,53.9,0.0,53.95,0.0
1788523000802.0,10640,9.88,0.0,0,0,89,0.0,53.9,0.0,53.95,0.0
1788523001178.0,10660,9.88,0.0,0,0,89,0.0,53.9,0.0,53.95,0.0
1788523001551.0,10680,9.88,0.0,0,0,89,0.0,53.9,0.0,53.95,0.0
1788523001929.0,10700,9.88,0.0,0,0,89,0.0,53.9,0.0,53.95,0.0
1788523002301.0,10720,9.88,0.0,0,0,89,0.0,53.9,0.0,53.95,0.0
1788523002675.0,10740,9.88,0.0,0,0,89,0.0,53.9,0.0,53.95,0.0
1788523003051.0,10760,9.88,0.0,0,0,89,0.0,53.9,0.0,53.95,0.0
1788523003425.0,10780,9.88,0.0,0,0,89,0.0,53.9,0.0,53.95,0.0
1788523003800.0,10800,9.88,0.0,0,0,89,0.0,53.9,0.0,53.95,0.0
1788523004174.0,10820,9.88,0.0,0,0,89,0.0,53.9,0.0,53.95,0.0
1788523004550.0,10840,9.88,0.0,0,0,89,0.0,53.9,0.0,53.95,0.0
1788523004928.0,10860,9.88,0.0,0,0,89,0.0,53.9,0.0,53.95,0.0
1788523005299.0,10880,9.88,0.0,0,0,89,0.0,53.9,0.0,53.95,0.0
1788523005674.0,10900,9.88,0.0,0,0,89,0.0,53.9,0.0,53.95,0.0
1788523006049.0,10920,9.88,0.0,0,0,89,0.0,53.9,0.0,53.95,0.0
1788523006423.0,10940,9.88,0.0,0,0,89,0.0,53.9,0.0,53.95,0.0
1788523006798.0,10960,9.88,0.0,0,0,89,0.0,53.9,0.0,53.95,0.0
1788523007172.0,10980,9.88,0.0,0,0,89,0.0,53.9,0.0,53.95,0.0
1788523007548.0,11000,9.88,0.0,0,0,89,0.0,53.9,0.0,53.95,0.0
1788523007922.0,11020,9.88,0.0,0,0,89,0.0,53.9,0.0,53.95,0.0
1788523008298.0,11040,9.88,0.0,0,0,89,0.0,53.9,0.0,53.95,0.0
1788523008673.0,11060,9.88,0.0,0,0,89,0.0,53.9,0.0,53.95,0.0
1788523009047.0,11080,9.88,0.0,0,0,89,0.0,53.9,0.0,53.95,0.0
1788523009422.0,11100,9.88,0.0,0,0,89,0.0,53.9,0.0,53.95,0.0
1788523009803.0,11120,9.88,0.0,0,0,89,0.0,53.9,0.0,53.95,0.0
1788523010170.0,11140,9.88,0.0,0,0,89,0.0,53.9,0.0,53.95,0.0
1788523010546.0,11160,9.88,0.0,0,0,89,0.0,53.9,0.0,53.95,0.0
1788523010921.0,11180,9.88,0.0,0,0,89,0.0,53.9,0.0,53.95,0.0
1788523011294.0,11200,9.87,0.0,0,0,89,0.0,53.9,0.0,53.95,0.0
1788523011670.0,11220,9.95,0.0,0,0,89,0.0,53.9,0.0,53.95,0.0
1788523012044.0,11240,9.87,0.0,0,0,89,0.0,53.9,0.0,53.95,0.0
1788523012420.0,11260,9.87,0.0,0,0,89,0.0,53.9,0.0,53.95,0.0
1788523012794.0,11280,9.88,0.0,0,0,89,0.0,53.9,0.0,53.95,0.0
1788523013168.0,11300,9.88,0.0,0,0,89,0.0,53.9,0.0,53.95,0.0
1788523013545.0,11320,9.88,0.0,0,0,89,0.0,53.9,0.0,53.95,0.0
1788523013918.0,11340,9.88,0.0,0,0,89,0.0,53.9,0.0,53.95,0.0
1788523014293.0,11360,9.88,0.0,0,0,89,0.0,53.9,0.0,53.95,0.0
1788523014668.0,11380,9.88,0.0,0,0,89,0.0,53.9,0.0,53.95,0.0
1788523015043.0,11400,9.88,0.0,0,0,89,0.0,53.9,0.0,53.95,0.0
1788523015417.0,11420,9.88,0.0,0,0,89,0.0,53.9,0.0,53.95,0.0
1788523015796.0,11440,9.88,0.0,0,0,89,0.0,53.9,0.0,53.95,0.0
1788523016167.0,11460,9.88,0.0,0,0,89,0.0,53.9,0.0,53.95,0.0
1788523016546.0,11480,9.87,0.0,0,0,89,0.0,53.9,0.0,53.95,0.0
1788523016916.0,11500,9.87,0.0,0,0,89,0.0,53.9,0.0,53.95,0.0
1788523017292.0,11520,9.87,0.0,0,0,89,0.0,53.9,0.0,53.95,0.0
1788523017672.0,11540,9.88,0.0,0,0,89,0.0,53.9,0.0,53.95,0.0
1788523018047.0,11560,9.88,0.0,0,0,89,0.0,53.9,0.0,53.95,0.0
1788523018415.0,11580,9.88,0.0,0,0,89,0.0,53.9,0.0,53.95,0.0
1788523018791.0,11600,9.88,0.0,0,0,89,0.0,53.9,0.0,53.95,0.0
1788523019164.0,11620,9.88,0.0,0,0,89,0.0,53.9,0.0,53.95,0.0
1788523019540.0,11640,9.87,0.0,0,0,89,0.0,53.9,0.0,53.95,0.0
1788523019915.0,11660,9.88,0.0,0,0,89,0.0,53.9,0.0,53.95,0.0
1788523020289.0,11680,9.88,0.0,0,0,89,0.0,53.9,0.0,53.95,0.0
1788523020664.0,11700,9.88,0.0,0,0,89,0.0,53.9,0.0,53.95,0.0
1788523021038.0,11720,9.88,0.0,0,0,89,0.0,53.9,0.0,53.95,0.0
1788523021414.0,11740,9.88,0.0,0,0,89,0.0,53.9,0.0,53.95,0.0
1788523021788.0,11760,9.88,0.0,0,0,89,0.0,53.9,0.0,53.95,0.0
1788523022163.0,11780,9.88,0.0,0,0,89,0.0,53.9,0.0,53.95,0.0
1788523022538.0,11800,9.88,0.0,0,0,89,0.0,53.9,0.0,53.95,0.0
1788523022919.0,11820,9.88,0.0,0,0,89,0.0,53.9,0.0,53.95,0.0
1788523023287.0,11840,9.88,0.0,0,0,89,0.0,53.9,0.0,53.95,0.0
1788523023662.0,11860,9.88,0.0,0,0,89,0.0,53.9,0.0,53.95,0.0
1788523024037.0,11880,9.88,0.0,0,0,89,0.0,53.9,0.0,53.95,0.0
1788523024411.0,11900,9.88,0.0,0,0,89,0.0,53.9,0.0,53.95,0.0
1788523024786.0,11920,9.88,0.0,0,0,89,0.0,53.9,0.0,53.95,0.0
1788523025163.0,11940,9.88,0.0,0,0,89,0.0,53.9,0.0,53.95,0.0
1788523025536.0,11960,9.88,0.0,0,0,89,0.0,53.9,0.0,53.95,0.0
1788523025911.0,11980,9.88,0.0,0,0,89,0.0,53.9,0.0,53.95,0.0
1788523026286.0,12000,9.88,0.0,0,0,89,0.0,53.9,0.0,53.95,0.0
1788523026660.0,12020,9.88,0.0,0,0,89,0.0,53.9,0.0,53.95,0.0
1788523027036.0,12040,9.88,0.0,0,0,89,0.0,53.9,0.0,53.95,0.0
1788523027413.0,12060,9.88,0.0,0,0,89,0.0,53.9,0.0,53.95,0.0
1788523027785.0,12080,9.88,0.0,0,0,89,0.0,53.9,0.0,53.95,0.0
1788523028162.0,12100,9.87,0.0,0,0,89,0.0,53.9,0.0,53.95,0.0
1788523028534.0,12120,9.88,0.0,0,0,89,0.0,53.9,0.0,53.95,0.0
1788523028909.0,12140,9.88,0.0,0,0,89,0.0,53.9,0.0,53.95,0.0
1788523029284.0,12160,9.87,0.0,0,0,89,0.0,53.9,0.0,53.95,0.0
1788523029661.0,12180,9.88,0.0,0,0,89,0.0,53.9,0.0,53.95,0.0
1788523030033.0,12200,9.88,0.0,0,0,89,0.0,53.9,0.0,53.95,0.0
1788523030411.0,12220,9.88,0.0,0,0,89,0.0,53.9,0.0,53.95,0.0
1788523030784.0,12240,9.88,0.0,0,0,89,0.0,53.9,0.0,53.95,0.0
1788523031160.0,12260,9.89,0.0,0,0,89,0.0,53.9,0.0,53.95,0.0
1788523031532.0,12280,9.89,0.0,0,0,89,0.0,53.9,0.0,53.95,0.0
1788523031907.0,12300,9.89,0.0,0,0,89,0.0,53.9,0.0,53.95,0.0
1788523032281.0,12320,9.88,0.0,0,0,89,0.0,53.9,0.0,53.95,0.0
1788523032656.0,12340,9.88,0.0,0,0,89,0.0,53.9,0.0,53.95,0.0
1788523033031.0,12360,9.89,0.0,0,0,89,0.0,53.9,0.0,53.95,0.0
1788523033409.0,12380,9.89,0.0,0,0,89,0.0,53.9,0.0,53.95,0.0
1788523033782.0,12400,9.89,0.0,0,0,89,0.0,53.9,0.0,53.95,0.0
1788523034156.0,12420,9.89,0.0,0,0,89,0.0,53.9,0.0,53.95,0.0
1788523034530.0,12440,9.88,0.0,0,0,89,0.0,53.9,0.0,53.95,0.0
1788523034906.0,12460,9.88,0.0,0,0,89,0.0,53.9,0.0,53.95,0.0
1788523035281.0,12480,9.88,0.0,0,0,89,0.0,53.9,0.0,53.95,0.0
1788523035656.0,12500,9.88,0.0,0,0,89,0.0,53.9,0.0,53.95,0.0
1788523036029.0,12520,9.87,0.0,0,0,89,0.0,53.9,0.0,53.95,0.0
1788523036405.0,12540,9.88,0.0,0,0,89,0.0,53.9,0.0,53.95,0.0
1788523036780.0,12560,9.88,0.0,0,0,89,0.0,53.9,0.0,53.95,0.0
1788523037154.0,12580,9.88,0.0,0,0,89,0.0,53.9,0.0,53.95,0.0
1788523037530.0,12600,9.88,0.0,0,0,89,0.0,53.9,0.0,53.95,0.0
1788523037910.0,12620,9.88,0.0,0,0,89,0.0,53.9,0.0,53.95,0.0
1788523038278.0,12640,9.89,0.0,0,0,89,0.0,53.9,0.0,53.95,0.0
1788523038654.0,12660,9.89,0.0,0,0,89,0.0,53.9,0.0,53.95,0.0
1788523039029.0,12680,9.89,0.0,0,0,89,0.0,53.9,0.0,53.95,0.0
1788523039403.0,12700,9.88,0.0,0,0,89,0.0,53.9,0.0,53.95,0.0
1788523039779.0,12720,9.88,0.0,0,0,89,0.0,53.9,0.0,53.95,0.0
1788523040152.0,12740,9.89,0.0,0,0,89,0.0,53.9,0.0,53.95,0.0
1788523040529.0,12760,9.89,0.0,0,0,89,0.0,53.9,0.0,53.95,0.0
1788523040903.0,12780,9.89,0.0,0,0,89,0.0,53.9,0.0,53.95,0.0
1788523041277.0,12800,9.89,0.0,0,0,89,0.0,53.9,0.0,53.95,0.0
1788523041652.0,12820,9.89,0.0,0,0,89,0.0,53.9,0.0,53.95,0.0
1788523042031.0,12840,9.89,0.0,0,0,89,0.0,53.9,0.0,53.95,0.0
1788523042401.0,12860,9.88,0.0,0,0,89,0.0,53.9,0.0,53.95,0.0
1788523042782.0,12880,9.88,0.0,0,0,89,0.0,53.9,0.0,53.95,0.0
1788523043152.0,12900,9.88,0.0,0,0,89,0.0,53.9,0.0,53.95,0.0
1788523043528.0,12920,9.88,0.0,0,0,89,0.0,53.9,0.0,53.95,0.0
1788523043900.0,12940,9.87,0.0,0,0,89,0.0,53.9,0.0,53.95,0.0
1788523044278.0,12960,9.87,0.0,0,0,89,0.0,53.9,0.0,53.95,0.0
1788523044650.0,12980,9.87,0.0,0,0,89,0.0,53.9,0.0,53.95,0.0
1788523045028.0,13000,9.88,0.0,0,0,89,0.0,53.9,0.0,53.95,0.0
1788523045400.0,13020,9.88,0.0,0,0,89,0.0,53.9,0.0,53.95,0.0
1788523045774.0,13040,9.88,0.0,0,0,89,0.0,53.9,0.0,53.95,0.0
1788523046149.0,13060,9.88,0.0,0,0,89,0.0,53.9,0.0,53.95,0.0
1788523046525.0,13080,9.88,0.0,0,0,89,0.0,53.9,0.0,53.95,0.0
1788523046898.0,13100,9.88,0.0,0,0,89,0.0,53.9,0.0,53.95,0.0
1788523047273.0,13120,9.88,0.0,0,0,89,0.0,53.9,0.0,53.95,0.0
1788523047648.0,13140,9.88,0.0,0,0,89,0.0,53.9,0.0,53.95,0.0
1788523048022.0,13160,9.88,0.0,0,0,89,0.0,53.9,0.0,53.95,0.0
1788523048397.0,13180,9.88,0.0,0,0,89,0.0,53.9,0.0,53.95,0.0
1788523048772.0,13200,9.88,0.0,0,0,89,0.0,53.9,0.0,53.95,0.0
1788523049146.0,13220,9.89,0.0,0,0,89,0.0,53.9,0.0,53.95,0.0
1788523049522.0,13240,9.88,0.0,0,0,89,0.0,53.9,0.0,53.95,0.0
1788523049896.0,13260,9.88,0.0,0,0,89,0.0,53.9,0.0,53.95,0.0
1788523050272.0,13280,9.88,0.0,0,0,89,0.0,53.9,0.0,53.95,0.0
1788523050646.0,13300,9.88,0.0,0,0,89,0.0,53.9,0.0,53.95,0.0
1788523051021.0,13320,9.88,0.0,0,0,89,0.0,53.9,0.0,53.95,0.0
1788523051400.0,13340,9.88,0.0,0,0,89,0.0,53.9,0.0,53.95,0.0
1788523051771.0,13360,9.88,0.0,0,0,89,0.0,53.9,0.0,53.95,0.0
1788523052145.0,13380,9.88,0.0,0,0,89,0.0,53.9,0.0,53.95,0.0
1788523052519.0,13400,9.88,0.0,0,0,89,0.0,53.9,0.0,53.95,0.0
1788523052896.0,13420,9.88,0.0,0,0,89,0.0,53.9,0.0,53.95,0.0
1788523053269.0,13440,9.88,0.0,0,0,89,0.0,53.9,0.0,53.95,0.0
1788523053645.0,13460,9.89,0.0,0,0,89,0.0,53.9,0.0,53.95,0.0
1788523054018.0,13480,9.88,0.0,0,0,89,0.0,53.9,0.0,53.95,0.0
1788523054395.0,13500,9.88,0.0,0,0,89,0.0,53.9,0.0,53.95,0.0
1788523054768.0,13520,9.88,0.0,0,0,89,0.0,53.9,0.0,53.95,0.0
1788523055145.0,13540,9.88,0.0,0,0,89,0.0,53.9,0.0,53.95,0.0
1788523055518.0,13560,9.88,0.0,0,0,89,0.0,53.9,0.0,53.95,0.0
1788523055892.0,13580,9.88,0.0,0,0,89,0.0,53.9,0.0,53.95,0.0
1788523056267.0,13600,9.88,0.0,0,0,89,0.0,53.9,0.0,53.95,0.0
1788523056647.0,13620,9.88,0.0,0,0,89,0.0,53.9,0.0,53.95,0.0
1788523057017.0,13640,9.88,0.0,0,0,89,0.0,53.9,0.0,53.95,0.0
1788523057396.0,13660,9.88,0.0,0,0,89,0.0,53.9,0.0,53.95,0.0
1788523057766.0,13680,9.88,0.0,0,0,89,0.0,53.9,0.0,53.95,0.0
1788523058140.0,13700,9.88,0.0,0,0,89,0.0,53.9,0.0,53.95,0.0
1788523058515.0,13720,9.88,0.0,0,0,89,0.0,53.9,0.0,53.95,0.0
1788523058896.0,13740,9.88,0.0,0,0,89,0.0,53.9,0.0,53.95,0.0
1788523059265.0,13760,9.88,0.0,0,0,89,0.0,53.9,0.0,53.95,0.0
1788523059640.0,13780,9.88,0.0,0,0,89,0.0,53.9,0.0,53.95,0.0
1788523060015.0,13800,9.87,0.0,0,0,89,0.0,53.9,0.0,53.95,0.0
1788523060396.0,13820,9.87,0.0,0,0,89,0.0,53.9,0.0,53.95,0.0
1788523060765.0,13840,9.87,0.0,0,0,89,0.0,53.9,0.0,53.95,0.0
1788523061139.0,13860,9.88,0.0,0,0,89,0.0,53.9,0.0,53.95,0.0
1788523061515.0,13880,9.87,0.0,0,0,89,0.0,53.9,0.0,53.95,0.0
1788523061889.0,13900,9.87,0.0,0,0,89,0.0,53.9,0.0,53.95,0.0
1788523062264.0,13920,9.87,0.0,0,0,89,0.0,53.9,0.0,53.95,0.0
1788523062638.0,13940,9.87,0.0,0,0,89,0.0,53.9,0.0,53.95,0.0
1788523063014.0,13960,9.87,0.0,0,0,89,0.0,53.9,0.0,53.95,0.0
1788523063388.0,13980,9.87,0.0,0,0,89,0.0,53.9,0.0,53.95,0.0
1788523063763.0,14000,9.87,0.0,0,0,89,0.0,53.9,0.0,53.95,0.0
1788523064138.0,14020,9.87,0.0,0,0,89,0.0,53.9,0.0,53.95,0.0
1788523064513.0,14040,9.88,0.0,0,0,89,0.0,53.9,0.0,53.95,0.0
1788523064887.0,14060,9.88,0.0,0,0,89,0.0,53.9,0.0,53.95,0.0
1788523065263.0,14080,9.88,0.0,0,0,89,0.0,53.9,0.0,53.95,0.0
1788523065637.0,14100,9.88,0.0,0,0,89,0.0,53.9,0.0,53.95,0.0
1788523066012.0,14120,9.87,0.0,0,0,89,0.0,53.9,0.0,53.95,0.0
1788523066387.0,14140,9.87,0.0,0,0,89,0.0,53.9,0.0,53.95,0.0
1788523066761.0,14160,9.87,0.0,0,0,89,0.0,53.9,0.0,53.95,0.0
1788523067136.0,14180,9.87,0.0,0,0,89,0.0,53.9,0.0,53.95,0.0
1788523067514.0,14200,9.88,0.0,0,0,89,0.0,53.9,0.0,53.95,0.0
1788523067885.0,14220,9.88,0.0,0,0,89,0.0,53.9,0.0,53.95,0.0
1788523068260.0,14240,9.88,0.0,0,0,89,0.0,53.9,0.0,53.95,0.0
1788523068636.0,14260,9.87,0.0,0,0,89,0.0,53.9,0.0,53.95,0.0
1788523069013.0,14280,9.87,0.0,0,0,89,0.0,53.9,0.0,53.95,0.0
1788523069385.0,14300,9.88,0.0,0,0,89,0.0,53.9,0.0,53.95,0.0
1788523069762.0,14320,9.87,0.0,0,0,89,0.0,53.9,0.0,53.95,0.0
1788523070134.0,14340,9.87,0.0,0,0,89,0.0,53.9,0.0,53.95,0.0
1788523070512.0,14360,9.87,0.0,0,0,89,0.0,53.9,0.0,53.95,0.0
1788523070884.0,14380,9.87,0.0,0,0,89,0.0,53.9,0.0,53.95,0.0
1788523071260.0,14400,9.87,0.0,0,0,89,0.0,53.9,0.0,53.95,0.0
1788523071634.0,14420,9.87,0.0,0,0,89,0.0,53.9,0.0,53.95,0.0
1788523072008.0,14440,9.87,0.0,0,0,89,0.0,53.9,0.0,53.95,0.0
1788523072383.0,14460,9.87,0.0,0,0,89,0.0,53.9,0.0,53.95,0.0
1788523072761.0,14480,9.87,0.0,0,0,89,0.0,53.9,0.0,53.95,0.0
1788523073132.0,14500,9.87,0.0,0,0,89,0.0,53.9,0.0,53.95,0.0
1788523073512.0,14520,9.87,0.0,0,0,89,0.0,53.9,0.0,53.95,0.0
1788523073882.0,14540,9.87,0.0,0,0,89,0.0,53.9,0.0,53.95,0.0
1788523074256.0,14560,9.87,0.0,0,0,89,0.0,53.9,0.0,53.95,0.0
1788523074632.0,14580,9.87,0.0,0,0,89,0.0,53.9,0.0,53.95,0.0
1788523075012.0,14600,9.87,0.0,0,0,89,0.0,53.9,0.0,53.95,0.0
1788523075380.0,14620,11.15,0.0,0,0,89,0.0,53.9,0.0,53.95,0.0
1788523075757.0,14640,9.95,0.0,0,0,89,0.0,53.9,0.0,53.95,0.0
1788523076130.0,14660,9.94,0.0,0,0,89,0.0,53.9,0.0,53.95,0.0
1788523076505.0,14680,9.94,0.0,0,0,89,0.0,53.9,0.0,53.95,0.0
1788523076880.0,14700,9.93,0.0,0,0,89,0.0,53.9,0.0,53.95,0.0
1788523077254.0,14720,9.94,0.0,0,0,89,0.0,53.9,0.0,53.95,0.0
1788523077628.0,14740,9.93,0.0,0,0,89,0.0,53.9,0.0,53.95,0.0
1788523078004.0,14760,9.93,0.0,0,0,89,0.0,53.9,0.0,53.95,0.0
1788523078379.0,14780,9.93,0.0,0,0,89,0.0,53.9,0.0,53.95,0.0
1788523078753.0,14800,9.93,0.0,0,0,89,0.0,53.9,0.0,53.95,0.0
1788523079130.0,14820,9.92,0.0,0,0,89,0.0,53.9,0.0,53.95,0.0
1788523079502.0,14840,9.92,0.0,0,0,89,0.0,53.9,0.0,53.95,0.0
1788523079878.0,14860,9.92,0.0,0,0,89,0.0,53.9,0.0,53.95,0.0
1788523080252.0,14880,9.93,0.0,0,0,89,0.0,53.9,0.0,53.95,0.0
1788523080627.0,14900,9.93,0.0,0,0,89,0.0,53.9,0.0,53.95,0.0
1788523081001.0,14920,9.93,0.0,0,0,89,0.0,53.9,0.0,53.95,0.0
1788523081377.0,14940,9.93,0.0,0,0,89,0.0,53.9,0.0,53.95,0.0
1788523081751.0,14960,9.93,0.0,0,0,89,0.0,53.9,0.0,53.95,0.0
1788523082127.0,14980,9.93,0.0,0,0,89,0.0,53.9,0.0,53.95,0.0
1788523082501.0,15000,9.92,0.0,0,0,89,0.0,53.9,0.0,53.95,0.0
1788523082878.0,15020,9.93,0.0,0,0,89,0.0,53.9,0.0,53.95,0.0
1788523083249.0,15040,9.92,0.0,0,0,89,0.0,53.9,0.0,53.95,0.0
1788523083627.0,15060,9.92,0.0,0,0,89,0.0,53.9,0.0,53.95,0.0
1788523083998.0,15080,9.92,0.0,0,0,89,0.0,53.9,0.0,53.95,0.0
1788523084373.0,15100,9.92,0.0,0,0,89,0.0,53.9,0.0,53.95,0.0
1788523084748.0,15120,9.91,0.0,0,0,89,0.0,53.9,0.0,53.95,0.0
1788523085123.0,15140,9.92,0.0,0,0,89,0.0,53.9,0.0,53.95,0.0
1788523085497.0,15160,9.92,0.0,0,0,89,0.0,53.9,0.0,53.95,0.0
1788523085871.0,15180,9.92,0.0,0,0,89,0.0,53.9,0.0,53.95,0.0
1788523086247.0,15200,9.92,0.0,0,0,89,0.0,53.9,0.0,53.95,0.0
1788523086622.0,15220,9.92,0.0,0,0,89,0.0,53.9,0.0,53.95,0.0
1788523086996.0,15240,9.92,0.0,0,0,89,0.0,53.9,0.0,53.95,0.0
1788523087370.0,15260,9.93,0.0,0,0,89,0.0,53.9,0.0,53.95,0.0
1788523087745.0,15280,9.93,0.0,0,0,89,0.0,53.9,0.0,53.95,0.0
1788523088120.0,15300,9.93,0.0,0,0,89,0.0,53.9,0.0,53.95,0.0
1788523088495.0,15320,9.93,0.0,0,0,89,0.0,53.9,0.0,53.95,0.0
1788523088869.0,15340,9.93,0.0,0,0,89,0.0,53.9,0.0,53.95,0.0
1788523089243.0,15360,9.92,0.0,0,0,89,0.0,53.9,0.0,53.95,0.0
1788523089619.0,15380,9.92,0.0,0,0,89,0.0,53.9,0.0,53.95,0.0
1788523089997.0,15400,9.92,0.0,0,0,89,0.0,53.9,0.0,53.95,0.0
1788523090368.0,15420,9.92,0.0,0,0,89,0.0,53.9,0.0,53.95,0.0
1788523090744.0,15440,9.92,0.0,0,0,89,0.0,53.9,0.0,53.95,0.0
1788523091118.0,15460,9.92,0.0,0,0,89,0.0,53.9,0.0,53.95,0.0
1788523091494.0,15480,9.92,0.0,0,0,89,0.0,53.9,0.0,53.95,0.0
1788523091867.0,15500,9.92,0.0,0,0,89,0.0,53.9,0.0,53.95,0.0
1788523092246.0,15520,9.92,0.0,0,0,89,0.0,53.9,0.0,53.95,0.0
1788523092616.0,15540,9.92,0.0,0,0,89,0.0,53.9,0.0,53.95,0.0
1788523092990.0,15560,9.91,0.0,0,0,89,0.0,53.9,0.0,53.95,0.0
1788523093364.0,15580,9.91,0.0,0,0,89,0.0,53.9,0.0,53.95,0.0
1788523093740.0,15600,9.91,0.0,0,0,89,0.0,53.9,0.0,53.95,0.0
1788523094116.0,15620,9.91,0.0,0,0,89,0.0,53.9,0.0,53.95,0.0
1788523094492.0,15640,9.91,0.0,0,0,89,0.0,53.9,0.0,53.95,0.0
1788523094864.0,15660,9.9,0.0,0,0,89,0.0,53.9,0.0,53.95,0.0
1788523095238.0,15680,9.9,0.0,0,0,89,0.0,53.9,0.0,53.95,0.0
1788523095614.0,15700,9.89,0.0,0,0,89,0.0,53.9,0.0,53.95,0.0
1788523095987.0,15720,9.89,0.0,0,0,89,0.0,53.9,0.0,53.95,0.0
1788523096362.0,15740,9.89,0.0,0,0,89,0.0,53.9,0.0,53.95,0.0
1788523096736.0,15760,9.89,0.0,0,0,89,0.0,53.9,0.0,53.95,0.0
1788523097112.0,15780,9.88,0.0,0,0,89,0.0,53.9,0.0,53.95,0.0
1788523097487.0,15800,9.88,0.0,0,0,89,0.0,53.9,0.0,53.95,0.0
1788523097862.0,15820,9.88,0.0,0,0,89,0.0,53.9,0.0,53.95,0.0
1788523098236.0,15840,9.88,0.0,0,0,89,0.0,53.9,0.0,53.95,0.0
1788523098613.0,15860,9.88,0.0,0,0,89,0.0,53.9,0.0,53.95,0.0
1788523098985.0,15880,9.88,0.0,0,0,89,0.0,53.9,0.0,53.95,0.0
1788523099360.0,15900,9.88,0.0,0,0,89,0.0,53.9,0.0,53.95,0.0
1788523099735.0,15920,9.88,0.0,0,0,89,0.0,53.9,0.0,53.95,0.0
1788523100117.0,15940,9.88,0.0,0,0,89,0.0,53.9,0.0,53.95,0.0
1788523100484.0,15960,9.87,0.0,0,0,89,0.0,53.9,0.0,53.95,0.0
1788523100861.0,15980,9.88,0.0,0,0,89,0.0,53.9,0.0,53.95,0.0
1788523101236.0,16000,9.87,0.0,0,0,89,0.0,53.9,0.0,53.95,0.0
1788523101608.0,16020,9.87,0.0,0,0,89,0.0,53.9,0.0,53.95,0.0
1788523101983.0,16040,9.88,0.0,0,0,89,0.0,53.9,0.0,53.95,0.0
1788523102362.0,16060,9.88,0.0,0,0,89,0.0,53.9,0.0,53.95,0.0
1788523102733.0,16080,9.88,0.0,0,0,89,0.0,53.9,0.0,53.95,0.0
1788523103111.0,16100,9.88,0.0,0,0,89,0.0,53.9,0.0,53.95,0.0
1788523103482.0,16120,9.88,0.0,0,0,89,0.0,53.9,0.0,53.95,0.0
1788523103857.0,16140,9.88,0.0,0,0,89,0.0,53.9,0.0,53.95,0.0
1788523104232.0,16160,9.96,0.0,0,0,89,0.0,53.9,0.0,53.95,0.0
1788523104606.0,16180,9.8,0.0,0,0,89,0.0,53.9,0.0,53.95,0.0
1788523104981.0,16200,9.8,0.0,0,0,89,0.0,53.9,0.0,53.95,0.0
1788523105356.0,16220,9.8,0.0,0,0,89,0.0,53.9,0.0,53.95,0.0
1788523105731.0,16240,9.8,0.0,0,0,89,0.0,53.9,0.0,53.95,0.0
1788523106105.0,16260,9.8,0.0,0,0,89,0.0,53.9,0.0,53.95,0.0
1788523106480.0,16280,9.8,0.0,0,0,89,0.0,53.9,0.0,53.95,0.0
1788523106855.0,16300,9.8,0.0,0,0,89,0.0,53.9,0.0,53.95,0.0
1788523107230.0,16320,9.8,0.0,0,0,89,0.0,53.9,0.0,53.95,0.0
1788523107604.0,16340,9.8,0.0,0,0,89,0.0,53.9,0.0,53.95,0.0
1788523107979.0,16360,9.8,0.0,0,0,89,0.0,53.9,0.0,53.95,0.0
1788523108353.0,16380,9.8,0.0,0,0,89,0.0,53.9,0.0,53.95,0.0
1788523108728.0,16400,9.8,0.0,0,0,89,0.0,53.9,0.0,53.95,0.0
1788523109103.0,16420,9.8,0.0,0,0,89,0.0,53.9,0.0,53.95,0.0
1788523109478.0,16440,9.8,0.0,0,0,89,0.0,53.9,0.0,53.95,0.0
1788523109852.0,16460,9.8,0.0,0,0,89,0.0,53.9,0.0,53.95,0.0
1788523110228.0,16480,9.8,0.0,0,0,89,0.0,53.9,0.0,53.95,0.0
1788523110601.0,16500,9.8,0.0,0,0,89,0.0,53.9,0.0,53.95,0.0
1788523110976.0,16520,9.8,0.0,0,0,89,0.0,53.9,0.0,53.95,0.0
1788523111351.0,16540,9.8,0.0,0,0,89,0.0,53.9,0.0,53.95,0.0
1788523111727.0,16560,9.8,0.0,0,0,89,0.0,53.9,0.0,53.95,0.0
1788523112100.0,16580,9.8,0.0,0,0,89,0.0,53.9,0.0,53.95,0.0
1788523112478.0,16600,9.8,0.0,0,0,89,0.0,53.9,0.0,53.95,0.0
1788523112850.0,16620,9.8,0.0,0,0,89,0.0,53.9,0.0,53.95,0.0
1788523113227.0,16640,9.8,0.0,0,0,89,0.0,53.9,0.0,53.95,0.0
1788523113600.0,16660,9.8,0.0,0,0,89,0.0,53.9,0.0,53.95,0.0
1788523113978.0,16680,9.8,0.0,0,0,89,0.0,53.9,0.0,53.95,0.0
1788523114349.0,16700,9.8,0.0,0,0,89,0.0,53.9,0.0,53.95,0.0
1788523114724.0,16720,9.8,0.0,0,0,89,0.0,53.9,0.0,53.95,0.0
1788523115099.0,16740,9.8,0.0,0,0,89,0.0,53.9,0.0,53.95,0.0
1788523115475.0,16760,9.8,0.0,0,0,89,0.0,53.9,0.0,53.95,0.0
1788523115847.0,16780,9.8,0.0,0,0,89,0.0,53.9,0.0,53.95,0.0
1788523116224.0,16800,9.8,0.0,0,0,89,0.0,53.9,0.0,53.95,0.0
1788523116596.0,16820,9.8,0.0,0,0,89,0.0,53.9,0.0,53.95,0.0
1788523116974.0,16840,9.8,0.0,0,0,89,0.0,53.9,0.0,53.95,0.0
1788523117347.0,16860,9.8,0.0,0,0,89,0.0,53.9,0.0,53.95,0.0
1788523117743.0,16880,9.8,0.0,0,0,89,0.0,53.9,0.0,53.95,0.0
1788523118095.0,16900,9.8,0.0,0,0,89,0.0,53.9,0.0,53.95,0.0
1788523118471.0,16920,9.8,0.0,0,0,89,0.0,53.9,0.0,53.95,0.0
1788523118844.0,16940,9.8,0.0,0,0,89,0.0,53.9,0.0,53.95,0.0
1788523119219.0,16960,9.8,0.0,0,0,89,0.0,53.9,0.0,53.95,0.0
1788523119594.0,16980,9.8,0.0,0,0,89,0.0,53.9,0.0,53.95,0.0
1788523119969.0,17000,9.8,0.0,0,0,89,0.0,53.9,0.0,53.95,0.0
1788523120345.0,17020,9.8,0.0,0,0,89,0.0,53.9,0.0,53.95,0.0
1788523120718.0,17040,9.8,0.0,0,0,89,0.0,53.9,0.0,53.95,0.0
1788523121093.0,17060,9.8,0.0,0,0,89,0.0,53.9,0.0,53.95,0.0
1788523121467.0,17080,9.8,0.0,0,0,89,0.0,53.9,0.0,53.95,0.0
1788523121843.0,17100,9.8,0.0,0,0,89,0.0,53.9,0.0,53.95,0.0
1788523122216.0,17120,9.8,0.0,0,0,89,0.0,53.9,0.0,53.95,0.0
1788523122593.0,17140,9.8,0.0,0,0,89,0.0,53.9,0.0,53.95,0.0
1788523122965.0,17160,9.8,0.0,0,0,89,0.0,53.9,0.0,53.95,0.0
1788523123341.0,17180,9.8,0.0,0,0,89,0.0,53.9,0.0,53.95,0.0
1788523123716.0,17200,9.8,0.0,0,0,89,0.0,53.9,0.0,53.95,0.0
1788523124090.0,17220,9.8,0.0,0,0,89,0.0,53.9,0.0,53.95,0.0
1788523124466.0,17240,9.8,0.0,0,0,89,0.0,53.9,0.0,53.95,0.0
1788523124839.0,17260,9.8,0.0,0,0,89,0.0,53.9,0.0,53.95,0.0
1788523125214.0,17280,9.8,0.0,0,0,89,0.0,53.9,0.0,53.95,0.0
1788523125589.0,17300,9.8,0.0,0,0,89,0.0,53.9,0.0,53.95,0.0
1788523125963.0,17320,9.8,0.0,0,0,89,0.0,53.9,0.0,53.95,0.0
1788523126337.0,17340,9.8,0.0,0,0,89,0.0,53.9,0.0,53.95,0.0
1788523126713.0,17360,9.8,0.0,0,0,89,0.0,53.9,0.0,53.95,0.0
1788523127090.0,17380,9.8,0.0,0,0,89,0.0,53.9,0.0,53.95,0.0
1788523127461.0,17400,9.8,0.0,0,0,89,0.0,53.9,0.0,53.95,0.0
1788523127836.0,17420,9.8,0.0,0,0,89,0.0,53.9,0.0,53.95,0.0
1788523128212.0,17440,9.8,0.0,0,0,89,0.0,53.9,0.0,53.95,0.0
1788523128590.0,17460,9.8,0.0,0,0,89,0.0,53.9,0.0,53.95,0.0
1788523534646.0,20,9.8,0.0,0,0,0,0.0,0.0,0.0,0.0,0.0
1788523535017.0,40,9.8,0.0,0,0,0,0.0,0.0,0.0,0.0,0.0
1788523535392.0,60,9.8,0.0,0,0,0,0.0,0.0,0.0,0.0,0.0
1788523535766.0,80,9.8,0.0,0,0,0,0.0,0.0,0.0,0.0,0.0
1788523536144.0,100,9.8,0.0,0,0,0,0.0,0.0,0.0,0.0,0.0
1788523536515.0,120,9.8,0.0,0,0,0,0.0,0.0,0.0,0.0,0.0
1788523536893.0,140,9.8,0.0,0,0,0,0.0,0.0,0.0,0.0,0.0
1788523537265.0,160,9.8,0.0,0,0,0,0.0,0.0,0.0,0.0,0.0
1788523537647.0,180,9.8,0.0,0,0,0,0.0,0.0,0.0,0.0,0.0
1788523538014.0,200,9.8,0.0,0,0,0,0.0,0.0,0.0,0.0,0.0
1788523538388.0,220,9.8,0.0,0,0,0,0.0,0.0,0.0,0.0,0.0
1788523538763.0,240,9.8,0.0,0,0,0,0.0,0.0,0.0,0.0,0.0
1788523539138.0,260,9.8,0.0,0,0,0,0.0,0.0,0.0,0.0,0.0
1788523539513.0,280,9.8,0.0,0,0,0,0.0,0.0,0.0,0.0,0.0
1788523539887.0,300,9.8,0.0,0,0,0,0.0,0.0,0.0,0.0,0.0
1788523540262.0,320,9.8,0.0,0,0,0,0.0,0.0,0.0,0.0,0.0
1788523540638.0,340,9.8,0.0,0,0,0,0.0,0.0,0.0,0.0,0.0
1788523541011.0,360,9.8,0.0,0,0,0,0.0,0.0,0.0,0.0,0.0
1788523541387.0,380,9.8,0.0,0,0,0,0.0,0.0,0.0,0.0,0.0
1788523541762.0,400,9.8,0.0,0,0,0,0.0,0.0,0.0,0.0,0.0
1788523542135.0,420,9.8,0.0,0,0,0,0.0,0.0,0.0,0.0,0.0
1788523542511.0,440,9.8,0.0,0,0,0,0.0,0.0,0.0,0.0,0.0
1788523542886.0,460,9.8,0.0,0,0,0,0.0,0.0,0.0,0.0,0.0
1788523543259.0,480,9.8,0.0,0,0,0,0.0,0.0,0.0,0.0,0.0
1788523543633.0,500,9.8,0.0,0,0,0,0.0,0.0,0.0,0.0,0.0
1788523544009.0,520,9.8,0.0,0,0,0,0.0,0.0,0.0,0.0,0.0
1788523544383.0,540,9.8,0.0,0,0,0,0.0,0.0,0.0,0.0,0.0
1788523544761.0,560,9.8,0.0,0,0,0,0.0,0.0,0.0,0.0,0.0
1788523545132.0,580,9.8,0.0,0,0,0,0.0,0.0,0.0,0.0,0.0
1788523545513.0,600,9.8,0.0,0,0,0,0.0,0.0,0.0,0.0,0.0
1788523545882.0,620,9.8,0.0,0,0,0,0.0,0.0,0.0,0.0,0.0
1788523546256.0,640,9.8,0.0,0,0,0,0.0,0.0,0.0,0.0,0.0
1788523546631.0,660,9.8,0.0,0,0,0,0.0,0.0,0.0,0.0,0.0
1788523547005.0,680,9.8,0.0,0,0,0,0.0,0.0,0.0,0.0,0.0
1788523547381.0,700,9.8,0.0,0,0,0,0.0,0.0,0.0,0.0,0.0
1788523547754.0,720,9.8,0.0,0,0,0,0.0,0.0,0.0,0.0,0.0
1788523548130.0,740,9.8,0.0,0,0,0,0.0,0.0,0.0,0.0,0.0
1788523548504.0,760,9.8,0.0,0,0,0,0.0,0.0,0.0,0.0,0.0
1788523548880.0,780,9.8,0.0,0,0,0,0.0,0.0,0.0,0.0,0.0
1788523549254.0,800,9.8,0.0,0,0,0,0.0,0.0,0.0,0.0,0.0
1788523549631.0,820,9.8,0.0,0,0,0,0.0,0.0,0.0,0.0,0.0
1788523550005.0,840,9.8,0.0,0,0,0,0.0,0.0,0.0,0.0,0.0
1788523550377.0,860,9.8,0.0,0,0,0,0.0,0.0,0.0,0.0,0.0
1788523550754.0,880,9.8,0.0,0,0,0,0.0,0.0,0.0,0.0,0.0
1788523551130.0,900,9.8,0.0,0,0,0,0.0,0.0,0.0,0.0,0.0
1788523551501.0,920,9.8,0.0,0,0,0,0.0,0.0,0.0,0.0,0.0
1788523551878.0,940,9.8,0.0,0,0,0,0.0,0.0,0.0,0.0,0.0
1788523552251.0,960,9.8,0.0,0,0,0,0.0,0.0,0.0,0.0,0.0
1788523552625.0,980,9.8,0.0,0,0,0,0.0,0.0,0.0,0.0,0.0
1788523553001.0,1000,9.8,0.0,0,0,0,0.0,0.0,0.0,0.0,0.0
1788523553378.0,1020,9.8,0.0,0,0,0,0.0,0.0,0.0,0.0,0.0
1788523553750.0,1040,9.8,0.0,0,0,0,0.0,0.0,0.0,0.0,0.0
1788523554127.0,1060,9.8,0.0,0,0,0,0.0,0.0,0.0,0.0,0.0
1788523554500.0,1080,9.8,0.0,0,0,0,0.0,0.0,0.0,0.0,0.0
1788523554873.0,1100,9.8,0.0,0,0,0,0.0,0.0,0.0,0.0,0.0
1788523555249.0,1120,9.8,0.0,0,0,0,0.0,0.0,0.0,0.0,0.0
1788523555623.0,1140,9.8,0.0,0,0,0,0.0,0.0,0.0,0.0,0.0
1788523555998.0,1160,9.8,0.0,0,0,0,0.0,0.0,0.0,0.0,0.0
1788523556373.0,1180,10.3,0.0,0,0,0,0.0,0.0,0.0,0.0,0.0
1788523556747.0,1200,12.95,0.0,0,0,1,0.0,0.0,0.0,0.0,0.0
1788523557121.0,1220,8.82,0.0,1,0,2,1.95,0.7,0.0,0.65,0.0
1788523557496.0,1240,9.66,0.0,1,0,2,1.3,0.7,0.0,0.65,0.0
1788523557870.0,1260,10.7,0.0,1,0,4,1.95,2.0,0.0,1.95,0.0
1788523558248.0,1280,8.58,0.0,1,0,5,1.85,2.6,0.0,2.6,0.0
1788523558620.0,1300,10.48,0.0,1,0,6,1.88,3.2,0.0,3.25,0.0
1788523558995.0,1320,9.85,0.0,1,0,6,1.62,3.2,0.0,3.25,0.0
1788523559370.0,1340,9.8,0.0,1,0,7,1.66,3.9,0.0,3.9,0.0
1788523559745.0,1360,9.8,0.0,1,0,7,1.36,3.9,0.0,3.9,0.0
1788523560119.0,1380,9.89,0.0,1,0,7,1.14,3.9,0.0,3.9,0.0
1788523560494.0,1400,10.0,0.0,1,0,7,0.85,3.9,0.0,3.9,0.0
1788523560868.0,1420,9.8,0.0,0,0,7,0.0,3.9,0.0,3.9,0.0
1788523561243.0,1440,9.88,0.0,0,0,7,0.0,3.9,0.0,3.9,0.0
1788523561618.0,1460,9.85,0.0,0,0,7,0.0,3.9,0.0,3.9,0.0
1788523561998.0,1480,9.8,0.0,0,0,7,0.0,3.9,0.0,3.9,0.0
1788523562368.0,1500,9.8,0.0,0,0,7,0.0,3.9,0.0,3.9,0.0
1788523562745.0,1520,9.8,0.0,0,0,7,0.0,3.9,0.0,3.9,0.0
1788523563117.0,1540,9.8,0.0,0,0,7,0.0,3.9,0.0,3.9,0.0
1788523563492.0,1560,9.8,0.0,0,0,7,0.0,3.9,0.0,3.9,0.0
1788523563866.0,1580,9.8,0.0,0,0,7,0.0,3.9,0.0,3.9,0.0
1788523564241.0,1600,9.8,0.0,0,0,7,0.0,3.9,0.0,3.9,0.0
1788523564616.0,1620,9.8,0.0,0,0,7,0.0,3.9,0.0,3.9,0.0
1788523564990.0,1640,9.8,0.0,0,0,7,0.0,3.9,0.0,3.9,0.0
1788523565365.0,1660,9.8,0.0,0,0,7,0.0,3.9,0.0,3.9,0.0
1788523565744.0,1680,9.8,0.0,0,0,7,0.0,3.9,0.0,3.9,0.0
1788523566114.0,1700,9.8,0.0,0,0,7,0.0,3.9,0.0,3.9,0.0
1788523566489.0,1720,9.8,0.0,0,0,7,0.0,3.9,0.0,3.9,0.0
1788523566864.0,1740,9.8,0.0,0,0,7,0.0,3.9,0.0,3.9,0.0
1788523567238.0,1760,9.8,0.0,0,0,7,0.0,3.9,0.0,3.9,0.0
1788523567613.0,1780,9.8,0.0,0,0,7,0.0,3.9,0.0,3.9,0.0
1788523567988.0,1800,9.89,0.0,0,0,7,0.0,3.9,0.0,3.9,0.0
1788523568363.0,1820,11.32,0.0,1,0,8,0.0,3.9,0.0,3.9,0.0
1788523568737.0,1840,9.98,0.0,1,0,8,0.0,3.9,0.0,3.9,0.0
1788523569112.0,1860,9.98,0.0,1,0,8,0.0,3.9,0.0,3.9,0.0
1788523569486.0,1880,9.97,0.0,1,0,8,0.0,3.9,0.0,3.9,0.0
1788523569861.0,1900,9.88,0.0,0,0,8,0.0,3.9,0.0,3.9,0.0
1788523570236.0,1920,9.97,0.0,0,0,8,0.0,3.9,0.0,3.9,0.0
1788523570611.0,1940,9.97,0.0,0,0,8,0.0,3.9,0.0,3.9,0.0
1788523570986.0,1960,9.88,0.0,0,0,8,0.0,3.9,0.0,3.9,0.0
1788523571361.0,1980,9.97,0.0,0,0,8,0.0,3.9,0.0,3.9,0.0
1788523571736.0,2000,9.96,0.0,0,0,8,0.0,3.9,0.0,3.9,0.0
1788523572112.0,2020,9.95,0.0,0,0,8,0.0,3.9,0.0,3.9,0.0
1788523572485.0,2040,9.94,0.0,0,0,8,0.0,3.9,0.0,3.9,0.0
1788523572865.0,2060,9.92,0.0,0,0,8,0.0,3.9,0.0,3.9,0.0
1788523573234.0,2080,9.8,0.0,0,0,8,0.0,3.9,0.0,3.9,0.0
1788523573613.0,2100,9.8,0.0,0,0,8,0.0,3.9,0.0,3.9,0.0
1788523573983.0,2120,9.85,0.0,0,0,8,0.0,3.9,0.0,3.9,0.0
1788523574361.0,2140,9.86,0.0,0,0,8,0.0,3.9,0.0,3.9,0.0
1788523574734.0,2160,9.86,0.0,0,0,8,0.0,3.9,0.0,3.9,0.0
1788523575115.0,2180,9.86,0.0,0,0,8,0.0,3.9,0.0,3.9,0.0
1788523575483.0,2200,9.86,0.0,0,0,8,0.0,3.9,0.0,3.9,0.0
1788523575858.0,2220,9.86,0.0,0,0,8,0.0,3.9,0.0,3.9,0.0
1788523576232.0,2240,9.86,0.0,0,0,8,0.0,3.9,0.0,3.9,0.0
1788523576610.0,2260,9.86,0.0,0,0,8,0.0,3.9,0.0,3.9,0.0
1788523576982.0,2280,9.87,0.0,0,0,8,0.0,3.9,0.0,3.9,0.0
1788523577355.0,2300,9.85,0.0,0,0,8,0.0,3.9,0.0,3.9,0.0
1788523577731.0,2320,9.86,0.0,0,0,8,0.0,3.9,0.0,3.9,0.0
1788523578106.0,2340,9.86,0.0,0,0,8,0.0,3.9,0.0,3.9,0.0
1788523578479.0,2360,9.86,0.0,0,0,8,0.0,3.9,0.0,3.9,0.0
1788523578855.0,2380,9.87,0.0,0,0,8,0.0,3.9,0.0,3.9,0.0
1788523579230.0,2400,9.8,0.0,0,0,8,0.0,3.9,0.0,3.9,0.0
1788523579604.0,2420,9.88,0.0,0,0,8,0.0,3.9,0.0,3.9,0.0
1788523579978.0,2440,10.01,0.0,0,0,8,0.0,3.9,0.0,3.9,0.0
1788523580353.0,2460,9.91,0.0,0,0,8,0.0,3.9,0.0,3.9,0.0
1788523580728.0,2480,9.8,0.0,0,0,8,0.0,3.9,0.0,3.9,0.0
1788523581102.0,2500,9.8,0.0,0,0,8,0.0,3.9,0.0,3.9,0.0
1788523581478.0,2520,9.85,0.0,0,0,8,0.0,3.9,0.0,3.9,0.0
1788523581853.0,2540,9.86,0.0,0,0,8,0.0,3.9,0.0,3.9,0.0
1788523582227.0,2560,9.85,0.0,0,0,8,0.0,3.9,0.0,3.9,0.0
1788523582602.0,2580,9.93,0.0,0,0,8,0.0,3.9,0.0,3.9,0.0
1788523582978.0,2600,9.86,0.0,0,0,8,0.0,3.9,0.0,3.9,0.0
1788523583352.0,2620,9.8,0.0,0,0,8,0.0,3.9,0.0,3.9,0.0
1788523583727.0,2640,10.41,0.0,0,0,8,0.0,3.9,0.0,3.9,0.0
1788523584101.0,2660,10.1,0.0,0,0,8,0.0,3.9,0.0,3.9,0.0
1788523584479.0,2680,10.06,0.0,0,0,8,0.0,3.9,0.0,3.9,0.0
1788523584850.0,2700,10.0,0.0,0,0,8,0.0,3.9,0.0,3.9,0.0
1788523585225.0,2720,10.12,0.0,0,0,8,0.0,3.9,0.0,3.9,0.0
1788523585600.0,2740,10.19,0.0,0,0,8,0.0,3.9,0.0,3.9,0.0
1788523585978.0,2760,10.07,0.0,0,0,8,0.0,3.9,0.0,3.9,0.0
1788523586349.0,2780,10.05,0.0,0,0,8,0.0,3.9,0.0,3.9,0.0
1788523586727.0,2800,9.8,0.0,0,0,8,0.0,3.9,0.0,3.9,0.0
1788523587099.0,2820,9.8,0.0,0,0,8,0.0,3.9,0.0,3.9,0.0
1788523587473.0,2840,11.4,0.0,1,0,9,0.0,3.9,0.0,3.9,0.0
1788523587848.0,2860,11.98,0.0,1,0,9,0.0,3.9,0.0,3.9,0.0
1788523588227.0,2880,6.11,0.0,1,0,10,1.19,4.5,0.0,4.55,0.0
1788523588598.0,2900,10.77,0.0,1,0,12,1.9,5.9,0.0,5.85,0.0
1788523588975.0,2920,11.27,0.0,1,0,13,1.82,6.5,0.0,6.5,0.0
1788523589348.0,2940,8.78,0.0,1,0,14,1.82,7.2,0.0,7.15,0.0
1788523589722.0,2960,11.17,0.0,1,0,15,1.95,7.8,0.0,7.8,0.0
1788523590098.0,2980,10.1,0.0,1,0,16,1.95,8.5,0.0,8.45,0.0
1788523590472.0,3000,8.8,0.0,1,0,17,1.95,9.1,0.0,9.1,0.0
1788523590848.0,3020,9.76,0.0,1,0,18,1.95,9.8,0.0,9.75,0.0
1788523591222.0,3040,9.8,0.0,1,0,18,1.64,9.8,0.0,9.75,0.0
1788523591597.0,3060,9.8,0.0,1,0,18,1.32,9.8,0.0,9.75,0.0
1788523591972.0,3080,9.8,0.0,1,0,18,1.12,9.8,0.0,9.75,0.0
1788523592347.0,3100,9.8,0.0,0,0,18,0.0,9.8,0.0,9.75,0.0
1788523592721.0,3120,9.8,0.0,0,0,18,0.0,9.8,0.0,9.75,0.0
1788523593097.0,3140,9.8,0.0,0,0,18,0.0,9.8,0.0,9.75,0.0
1788523593470.0,3160,9.8,0.0,0,0,18,0.0,9.8,0.0,9.75,0.0
1788523593845.0,3180,9.8,0.0,0,0,18,0.0,9.8,0.0,9.75,0.0
1788523594220.0,3200,9.8,0.0,0,0,18,0.0,9.8,0.0,9.75,0.0
1788523594595.0,3220,9.8,0.0,0,0,18,0.0,9.8,0.0,9.75,0.0
1788523594973.0,3240,9.8,0.0,0,0,18,0.0,9.8,0.0,9.75,0.0
1788523595345.0,3260,9.8,0.0,0,0,18,0.0,9.8,0.0,9.75,0.0
1788523595720.0,3280,9.8,0.0,0,0,18,0.0,9.8,0.0,9.75,0.0
1788523596095.0,3300,9.8,0.0,0,0,18,0.0,9.8,0.0,9.75,0.0
1788523596469.0,3320,9.8,0.0,0,0,18,0.0,9.8,0.0,9.75,0.0
1788523596846.0,3340,11.76,0.0,1,0,19,0.0,9.8,0.0,9.75,0.0
1788523597219.0,3360,10.0,0.0,1,0,20,1.95,10.4,0.0,10.4,0.0
1788523597595.0,3380,11.39,0.0,1,0,20,1.6,10.4,0.0,10.4,0.0
1788523597968.0,3400,9.8,0.0,1,0,20,0.98,10.4,0.0,10.4,0.0
1788523598349.0,3420,9.8,0.0,1,1,22,1.6,11.7,0.0,11.7,0.0
1788523598718.0,3440,9.91,0.0,1,0,22,1.33,11.7,0.0,11.7,0.0
1788523599095.0,3460,9.8,0.0,1,0,22,1.06,11.7,0.0,11.7,0.0
1788523599467.0,3480,10.91,0.0,1,0,22,0.81,11.7,0.0,11.7,0.0
1788523599843.0,3500,9.89,0.0,1,0,23,1.19,12.4,0.0,12.35,0.0
1788523600218.0,3520,11.45,0.0,1,0,24,1.29,13.0,0.0,13.0,0.0
1788523600598.0,3540,9.8,0.0,1,0,24,1.07,13.0,0.0,13.0,0.0
1788523600966.0,3560,9.8,0.0,1,1,26,1.55,14.3,0.0,14.3,0.0
1788523601341.0,3580,9.8,0.0,1,0,26,1.38,14.3,0.0,14.3,0.0
1788523601717.0,3600,9.86,0.0,1,0,27,1.53,15.0,0.0,14.95,0.0
1788523602092.0,3620,11.94,0.0,1,0,28,1.65,15.6,0.0,15.6,0.0
1788523602466.0,3640,9.8,0.0,1,0,28,1.45,15.6,0.0,15.6,0.0
1788523602846.0,3660,10.9,0.0,1,0,29,1.63,16.3,0.0,16.25,0.0
1788523603215.0,3680,9.8,0.0,1,0,29,1.32,16.3,0.0,16.25,0.0
1788523603589.0,3700,9.87,0.0,1,0,31,1.58,17.6,0.0,17.55,0.0
1788523603965.0,3720,9.8,0.0,1,0,32,1.74,18.2,0.0,18.2,0.0
1788523604340.0,3740,9.8,0.0,1,0,32,1.44,18.2,0.0,18.2,0.0
1788523604713.0,3760,9.8,0.0,1,0,33,1.58,18.8,0.0,18.85,0.0
1788523605088.0,3780,11.41,0.0,1,0,34,1.75,19.5,0.0,19.5,0.0
1788523605464.0,3800,9.8,0.0,1,0,34,1.57,19.5,0.0,19.5,0.0
1788523605838.0,3820,9.8,0.0,1,0,35,1.44,20.1,0.0,20.15,0.0
1788523606213.0,3840,9.8,0.0,1,0,35,1.19,20.1,0.0,20.15,0.0
1788523606588.0,3860,9.8,0.0,1,0,36,1.25,20.8,0.0,20.8,0.0
1788523606963.0,3880,11.82,0.0,1,0,37,1.41,21.4,0.0,21.45,0.0
1788523607337.0,3900,9.8,0.0,1,0,38,1.5,22.1,0.0,22.1,0.0
1788523607714.0,3920,9.9,0.0,1,0,40,1.95,23.4,0.0,23.4,0.0
1788523608087.0,3940,11.94,0.0,1,1,41,1.79,24.0,0.0,24.05,0.0
1788523608462.0,3960,9.8,0.0,1,0,41,1.74,24.0,0.0,24.05,0.0
1788523608836.0,3980,10.04,0.0,1,0,42,1.94,24.7,0.0,24.7,0.0
1788523609211.0,4000,11.25,0.0,1,0,42,1.65,24.7,0.0,24.7,0.0
1788523609587.0,4020,9.89,0.0,1,0,44,1.81,26.0,0.0,26.0,0.0
1788523609961.0,4040,11.63,0.0,1,0,44,1.52,26.0,0.0,26.0,0.0
1788523610336.0,4060,9.8,0.0,1,0,45,1.66,26.6,0.0,26.65,0.0
1788523610712.0,4080,9.8,0.0,1,0,46,1.69,27.3,0.0,27.3,0.0
1788523611089.0,4100,11.29,0.0,1,0,46,1.32,27.3,0.0,27.3,0.0
1788523611460.0,4120,9.8,0.0,1,0,47,1.34,27.9,0.0,27.95,0.0
1788523611835.0,4140,11.48,0.0,1,0,48,1.42,28.6,0.0,28.6,0.0
1788523612213.0,4160,9.87,0.0,1,0,48,0.9,28.6,0.0,28.6,0.0
1788523612584.0,4180,9.91,0.0,1,0,49,1.17,29.2,0.0,29.25,0.0
1788523612961.0,4200,11.67,0.0,1,1,50,1.44,29.9,0.0,29.9,0.0
1788523613334.0,4220,9.8,0.0,1,0,51,1.49,30.5,0.0,30.55,0.0
1788523613709.0,4240,9.89,0.0,1,0,52,1.46,31.2,0.0,31.2,0.0
1788523614084.0,4260,9.8,0.0,1,0,52,1.36,31.2,0.0,31.2,0.0
1788523614463.0,4280,9.8,0.0,1,0,53,1.58,31.8,0.0,31.85,0.0
1788523614833.0,4300,11.22,0.0,1,0,53,1.36,31.8,0.0,31.85,0.0
1788523615214.0,4320,9.8,0.0,1,0,54,1.41,32.5,0.0,32.5,0.0
1788523615583.0,4340,10.95,0.0,1,0,54,1.16,32.5,0.0,32.5,0.0
1788523615957.0,4360,9.8,0.0,1,0,54,0.91,32.5,0.0,32.5,0.0
1788523616332.0,4380,10.02,0.0,1,0,55,1.05,33.1,0.0,33.15,0.0
1788523616707.0,4400,9.8,0.0,1,0,55,0.87,33.1,0.0,33.15,0.0
1788523617081.0,4420,9.8,0.0,1,0,55,0.61,33.1,0.0,33.15,0.0
1788523617459.0,4440,9.8,0.0,1,0,55,0.49,33.1,0.0,33.15,0.0
1788523617831.0,4460,9.8,0.0,1,0,56,0.78,33.8,0.0,33.8,0.0
1788523618206.0,4480,11.42,0.0,1,0,57,0.96,34.4,0.0,34.45,0.0
1788523618581.0,4500,9.8,0.0,1,0,57,0.85,34.4,0.0,34.45,0.0
1788523618955.0,4520,9.8,0.0,1,0,57,0.88,34.4,0.0,34.45,0.0
1788523619330.0,4540,11.11,0.0,1,1,59,1.44,35.7,0.0,35.75,0.0
1788523619704.0,4560,8.79,0.0,1,0,59,1.15,35.7,0.0,35.75,0.0
1788523620079.0,4580,12.53,0.0,1,0,60,1.32,36.4,0.0,36.4,0.0
1788523620454.0,4600,7.79,0.0,1,0,61,1.56,37.0,0.0,37.05,0.0
1788523620830.0,4620,11.13,0.0,1,0,62,1.76,37.7,0.0,37.7,0.0
1788523621204.0,4640,9.8,0.0,1,0,63,1.86,38.3,0.0,38.35,0.0
1788523621579.0,4660,9.8,0.0,1,0,65,1.92,39.6,0.0,39.65,0.0
1788523621953.0,4680,8.11,0.0,1,0,65,1.89,39.6,0.0,39.65,0.0
1788523622330.0,4700,9.8,0.0,1,0,67,1.95,40.9,0.0,40.95,0.0
1788523622703.0,4720,9.8,0.0,1,0,67,1.79,40.9,0.0,40.95,0.0
1788523623077.0,4740,13.39,0.0,1,0,68,1.92,41.6,0.0,41.6,0.0
1788523623452.0,4760,9.8,0.0,1,0,69,1.87,42.2,0.0,42.25,0.0
1788523623828.0,4780,11.39,0.0,1,0,70,1.83,42.9,0.0,42.9,0.0
1788523624202.0,4800,9.8,0.0,1,0,71,1.57,43.5,0.0,43.55,0.0
1788523624578.0,4820,12.95,0.0,1,0,71,1.4,43.5,0.0,43.55,0.0
1788523624951.0,4840,9.8,0.0,1,0,72,1.46,44.2,0.0,44.2,0.0
1788523625326.0,4860,9.8,0.0,1,0,72,1.4,44.2,0.0,44.2,0.0
1788523625702.0,4880,9.8,0.0,1,0,72,1.11,44.2,0.0,44.2,0.0
1788523626077.0,4900,11.14,0.0,1,0,72,0.63,44.2,0.0,44.2,0.0
1788523626451.0,4920,9.8,0.0,0,0,72,0.0,44.2,0.0,44.2,0.0
1788523626828.0,4940,9.87,0.0,0,0,72,0.0,44.2,0.0,44.2,0.0
1788523627199.0,4960,9.8,0.0,0,0,72,0.0,44.2,0.0,44.2,0.0
1788523627576.0,4980,9.8,0.0,0,0,72,0.0,44.2,0.0,44.2,0.0
1788523627950.0,5000,9.8,0.0,0,0,72,0.0,44.2,0.0,44.2,0.0
1788523628325.0,5020,14.51,0.0,1,0,74,1.95,44.8,0.0,44.85,0.0
1788523628698.0,5040,7.99,0.0,1,0,74,1.95,44.8,0.0,44.85,0.0
1788523629077.0,5060,13.13,0.0,1,0,76,1.95,46.1,0.0,46.15,0.0
1788523629448.0,5080,8.23,0.0,1,0,76,1.95,46.1,0.0,46.15,0.0
1788523629824.0,5100,9.8,0.0,1,1,78,1.95,47.4,0.0,47.45,0.0
1788523630198.0,5120,12.32,0.0,1,0,78,1.95,47.4,0.0,47.45,0.0
1788523630573.0,5140,9.8,0.0,1,0,80,1.95,48.7,0.0,48.75,0.0
1788523630948.0,5160,14.74,0.0,1,0,81,1.95,49.4,0.0,49.4,0.0
1788523631322.0,5180,8.56,0.0,1,0,83,1.95,50.7,0.0,50.7,0.0
1788523631697.0,5200,11.98,0.0,1,0,83,1.95,50.7,0.0,50.7,0.0
1788523632072.0,5220,9.8,0.0,1,0,84,1.95,51.3,0.0,51.35,0.0
1788523632448.0,5240,9.8,0.0,1,0,86,1.95,52.6,0.0,52.65,0.0
1788523632822.0,5260,12.59,0.0,1,0,87,1.95,53.3,0.0,53.3,0.0
1788523633197.0,5280,8.38,0.0,1,0,88,1.95,53.9,0.0,53.95,0.0
1788523633571.0,5300,9.8,0.0,1,0,89,1.95,54.6,0.0,54.6,0.0
1788523633946.0,5320,11.37,0.0,1,1,90,1.95,55.2,0.0,55.25,0.0
1788523634320.0,5340,9.8,0.0,1,0,90,1.86,55.2,0.0,55.25,0.0
1788523634695.0,5360,13.63,0.0,1,0,92,1.85,56.5,0.0,56.55,0.0
1788523635069.0,5380,9.8,0.0,1,0,93,1.72,57.2,0.0,57.2,0.0
1788523635444.0,5400,12.83,0.0,1,0,94,1.92,57.8,0.0,57.85,0.0
1788523635820.0,5420,8.49,0.0,1,0,95,1.95,58.5,0.0,58.5,0.0
1788523636194.0,5440,13.32,0.0,1,0,96,1.95,59.1,0.0,59.15,0.0
1788523636569.0,5460,9.8,0.0,1,0,97,1.95,59.8,0.0,59.8,0.0
1788523636944.0,5480,9.93,0.0,1,0,98,1.95,60.4,0.0,60.45,0.0
1788523637318.0,5500,9.8,0.0,1,0,98,1.69,60.4,0.0,60.45,0.0
1788523637692.0,5520,10.02,0.0,1,0,99,1.83,61.1,0.0,61.1,0.0
1788523638068.0,5540,9.8,0.0,1,0,99,1.45,61.1,0.0,61.1,0.0
1788523638447.0,5560,9.8,0.0,1,0,99,1.11,61.1,0.0,61.1,0.0
1788523638817.0,5580,9.8,0.0,1,0,99,0.79,61.1,0.0,61.1,0.0
1788523639194.0,5600,9.89,0.0,1,0,100,0.78,61.7,0.0,61.75,0.0
1788523639567.0,5620,9.8,0.0,1,0,100,0.6,61.7,0.0,61.75,0.0
1788523639942.0,5640,11.83,0.0,1,0,101,1.16,62.4,0.0,62.4,0.0
1788523640316.0,5660,9.88,0.0,1,0,102,1.52,63.0,0.0,63.05,0.0
1788523640695.0,5680,9.88,0.0,1,0,102,0.99,63.0,0.0,63.05,0.0
1788523641065.0,5700,9.9,0.0,1,0,102,0.89,63.0,0.0,63.05,0.0
1788523641441.0,5720,9.8,0.0,1,0,102,0.78,63.0,0.0,63.05,0.0
1788523641816.0,5740,9.8,0.0,0,0,102,0.0,63.0,0.0,63.05,0.0
1788523642195.0,5760,9.8,0.0,1,0,103,0.81,63.7,0.0,63.7,0.0
1788523642564.0,5780,9.8,0.0,1,0,104,0.81,64.3,0.0,64.35,0.0
1788523642939.0,5800,12.29,0.0,1,0,105,1.9,65.0,0.0,65.0,0.0
1788523643314.0,5820,9.8,0.0,1,0,106,1.95,65.6,0.0,65.65,0.0
1788523643689.0,5840,11.53,0.0,1,0,107,1.95,66.3,0.0,66.3,0.0
1788523644063.0,5860,9.8,0.0,1,0,108,1.77,66.9,0.0,66.95,0.0
1788523644438.0,5880,9.96,0.0,1,0,110,1.92,68.2,0.0,68.25,0.0
1788523644813.0,5900,9.8,0.0,1,0,110,1.95,68.2,0.0,68.25,0.0
1788523645187.0,5920,9.92,0.0,1,0,110,1.71,68.2,0.0,68.25,0.0
1788523645563.0,5940,9.8,0.0,1,0,111,1.71,68.9,0.0,68.9,0.0
1788523645937.0,5960,10.88,0.0,1,0,111,1.17,68.9,0.0,68.9,0.0
1788523646311.0,5980,9.8,0.0,1,0,111,1.13,68.9,0.0,68.9,0.0
1788523646687.0,6000,9.8,0.0,1,0,111,0.82,68.9,0.0,68.9,0.0
1788523647061.0,6020,11.17,0.0,0,0,111,0.0,68.9,0.0,68.9,0.0
1788523647439.0,6040,9.8,0.0,0,0,111,0.0,68.9,0.0,68.9,0.0
1788523647811.0,6060,9.8,0.0,0,0,111,0.0,68.9,0.0,68.9,0.0
1788523648185.0,6080,9.8,0.0,0,0,111,0.0,68.9,0.0,68.9,0.0
1788523648562.0,6100,9.8,0.0,0,0,111,0.0,68.9,0.0,68.9,0.0
1788523648934.0,6120,9.8,0.0,0,0,111,0.0,68.9,0.0,68.9,0.0
1788523649309.0,6140,11.45,0.0,1,0,112,0.0,68.9,0.0,68.9,0.0
1788523649684.0,6160,9.8,0.0,1,0,113,1.95,69.5,0.0,69.55,0.0
1788523650061.0,6180,11.42,0.0,1,0,115,1.95,70.8,0.0,70.85,0.0
1788523650434.0,6200,9.8,0.0,1,0,115,1.95,70.8,0.0,70.85,0.0
1788523650812.0,6220,10.05,0.0,1,0,116,1.95,71.5,0.0,71.5,0.0
1788523651183.0,6240,9.8,0.0,1,0,116,1.69,71.5,0.0,71.5,0.0
1788523651558.0,6260,11.59,0.0,1,0,117,1.7,72.1,0.0,72.15,0.0
1788523651933.0,6280,9.86,0.0,1,0,118,1.64,72.8,0.0,72.8,0.0
1788523652312.0,6300,11.14,0.0,1,0,118,1.37,72.8,0.0,72.8,0.0
1788523652681.0,6320,9.8,0.0,1,0,121,1.6,74.8,0.0,74.75,0.0
1788523653056.0,6340,9.8,0.0,1,0,121,1.84,74.8,0.0,74.75,0.0
1788523653431.0,6360,9.8,0.0,1,0,121,1.5,74.8,0.0,74.75,0.0
1788523653806.0,6380,9.8,0.0,1,0,121,1.37,74.8,0.0,74.75,0.0
1788523654180.0,6400,11.84,0.0,1,0,122,1.3,75.4,0.0,75.4,0.0
1788523654559.0,6420,9.8,0.0,1,0,123,1.43,76.1,0.0,76.05,0.0
1788523654930.0,6440,9.8,0.0,1,0,124,1.36,76.7,0.0,76.7,0.0
1788523655304.0,6460,9.8,0.0,1,0,124,1.1,76.7,0.0,76.7,0.0
1788523655680.0,6480,9.8,0.0,1,0,125,1.7,77.4,0.0,77.35,0.0
1788523656054.0,6500,9.8,0.0,1,0,125,1.37,77.4,0.0,77.35,0.0
1788523656428.0,6520,9.8,0.0,1,0,127,1.45,78.7,0.0,78.65,0.0
1788523656803.0,6540,9.8,0.0,1,0,127,1.36,78.7,0.0,78.65,0.0
1788523657177.0,6560,11.36,0.0,1,0,128,1.38,79.3,0.0,79.3,0.0
1788523657553.0,6580,9.8,0.0,1,0,128,1.17,79.3,0.0,79.3,0.0
1788523657930.0,6600,11.91,0.0,1,0,129,1.32,80.0,0.0,79.95,0.0
1788523658302.0,6620,9.8,0.0,1,0,130,1.48,80.6,0.0,80.6,0.0
1788523658676.0,6640,11.3,0.0,1,1,131,1.54,81.3,0.0,81.25,0.0
1788523659051.0,6660,9.8,0.0,1,0,131,1.33,81.3,0.0,81.25,0.0
1788523659428.0,6680,10.95,0.0,1,0,131,1.22,81.3,0.0,81.25,0.0
1788523659801.0,6700,10.97,0.0,1,0,132,1.31,81.9,0.0,81.9,0.0
1788523660178.0,6720,9.8,0.0,1,0,132,0.83,81.9,0.0,81.9,0.0
1788523660551.0,6740,10.87,0.0,1,0,133,1.02,82.6,0.0,82.55,0.0
1788523660927.0,6760,9.8,0.0,1,0,133,0.85,82.6,0.0,82.55,0.0
1788523661301.0,6780,12.52,0.0,1,0,134,1.02,83.2,0.0,83.2,0.0
1788523661679.0,6800,9.8,0.0,1,0,134,0.92,83.2,0.0,83.2,0.0
1788523662050.0,6820,11.64,0.0,1,0,135,1.12,83.9,0.0,83.85,0.0
1788523662428.0,6840,9.8,0.0,1,0,135,0.99,83.9,0.0,83.85,0.0
1788523662799.0,6860,12.74,0.0,1,0,136,1.08,84.5,0.0,84.5,0.0
1788523663174.0,6880,8.71,0.0,1,0,137,1.5,85.2,0.0,85.15,0.0
1788523663549.0,6900,12.1,0.0,1,0,138,1.46,85.8,0.0,85.8,0.0
1788523663928.0,6920,9.8,0.0,1,0,138,1.28,85.8,0.0,85.8,0.0
1788523664298.0,6940,13.01,0.0,1,0,139,1.36,86.5,0.0,86.45,0.0
1788523664679.0,6960,8.72,0.0,1,0,139,1.27,86.5,0.0,86.45,0.0
1788523665049.0,6980,11.64,0.0,1,0,140,1.37,87.1,0.0,87.1,0.0
1788523665423.0,7000,9.8,0.0,1,0,140,1.09,87.1,0.0,87.1,0.0
1788523665798.0,7020,12.69,0.0,1,0,141,1.04,87.8,0.0,87.75,0.0
1788523666173.0,7040,8.8,0.0,1,0,141,0.99,87.8,0.0,87.75,0.0
1788523666547.0,7060,11.27,0.0,1,0,141,0.87,87.8,0.0,87.75,0.0
1788523666923.0,7080,9.8,0.0,1,0,141,0.71,87.8,0.0,87.75,0.0
1788523667297.0,7100,11.54,0.0,1,0,142,0.9,88.4,0.0,88.4,0.0
1788523667671.0,7120,9.8,0.0,1,0,143,1.38,89.1,0.0,89.05,0.0
1788523668047.0,7140,9.85,0.0,1,0,144,1.3,89.7,0.0,89.7,0.0
1788523668421.0,7160,13.18,0.0,1,0,144,1.19,89.7,0.0,89.7,0.0
1788523668796.0,7180,8.53,0.0,1,0,145,1.59,90.4,0.0,90.35,0.0
1788523669171.0,7200,11.26,0.0,1,0,146,1.55,91.0,0.0,91.0,0.0
1788523669545.0,7220,9.8,0.0,1,0,146,1.36,91.0,0.0,91.0,0.0
1788523669920.0,7240,9.92,0.0,1,0,148,1.59,92.3,0.0,92.3,0.0
1788523670294.0,7260,9.8,0.0,1,0,148,1.51,92.3,0.0,92.3,0.0
1788523670670.0,7280,10.96,0.0,1,0,149,1.59,93.0,0.0,92.95,0.0
1788523671044.0,7300,9.8,0.0,1,0,149,1.32,93.0,0.0,92.95,0.0
1788523671420.0,7320,9.86,0.0,1,0,150,1.37,93.6,0.0,93.6,0.0
1788523671794.0,7340,11.56,0.0,1,0,151,1.5,94.3,0.0,94.25,0.0
1788523672168.0,7360,9.88,0.0,1,0,152,1.45,94.9,0.0,94.9,0.0
1788523672544.0,7380,12.09,0.0,1,0,153,1.53,95.6,0.0,95.55,0.0
1788523672918.0,7400,9.8,0.0,1,0,154,1.8,96.2,0.0,96.2,0.0
1788523673293.0,7420,11.1,0.0,1,0,154,1.55,96.2,0.0,96.2,0.0
1788523673668.0,7440,9.8,0.0,1,0,156,1.93,97.5,0.0,97.5,0.0
1788523674042.0,7460,11.6,0.0,1,0,156,1.78,97.5,0.0,97.5,0.0
1788523674418.0,7480,9.8,0.0,1,0,157,1.71,98.2,0.0,98.15,0.0
1788523674796.0,7500,9.8,0.0,1,0,158,1.7,98.8,0.0,98.8,0.0
1788523675167.0,7520,9.8,0.0,1,0,158,1.41,98.8,0.0,98.8,0.0
1788523675545.0,7540,11.48,0.0,1,0,159,1.48,99.5,0.0,99.45,0.0
1788523675917.0,7560,9.8,0.0,1,0,160,1.56,100.1,0.0,100.1,0.0
1788523676293.0,7580,9.8,0.0,1,0,162,1.84,101.4,0.0,101.4,0.0
1788523676666.0,7600,11.47,0.0,1,0,163,1.83,102.1,0.0,102.05,0.0
1788523677045.0,7620,9.86,0.0,1,0,163,1.68,102.1,0.0,102.05,0.0
1788523677416.0,7640,9.8,0.0,1,0,165,1.95,103.4,0.0,103.35,0.0
1788523677791.0,7660,11.56,0.0,1,1,166,1.95,104.0,0.0,104.0,0.0
1788523678224.0,7680,9.8,0.0,1,0,167,1.95,104.7,0.0,104.65,0.0
1788523678540.0,7700,9.8,0.0,1,0,168,1.95,105.3,0.0,105.3,0.0
1788523678914.0,7720,11.1,0.0,1,0,169,1.95,106.0,0.0,105.95,0.0
1788523679290.0,7740,9.8,0.0,1,0,169,1.83,106.0,0.0,105.95,0.0
1788523679665.0,7760,9.8,0.0,1,0,170,1.8,106.6,0.0,106.6,0.0
1788523680039.0,7780,11.14,0.0,1,0,171,1.71,107.3,0.0,107.25,0.0
1788523680413.0,7800,9.8,0.0,1,0,172,1.68,107.9,0.0,107.9,0.0
1788523680788.0,7820,9.8,0.0,1,0,173,1.67,108.6,0.0,108.55,0.0
1788523681162.0,7840,9.86,0.0,1,0,174,1.68,109.2,0.0,109.2,0.0
1788523681537.0,7860,11.11,0.0,1,0,174,1.44,109.2,0.0,109.2,0.0
1788523681912.0,7880,9.8,0.0,1,0,175,1.63,109.9,0.0,109.85,0.0
1788523682291.0,7900,9.92,0.0,1,0,176,1.48,110.5,0.0,110.5,0.0
1788523682662.0,7920,11.18,0.0,1,0,176,1.37,110.5,0.0,110.5,0.0
1788523683036.0,7940,9.86,0.0,1,0,177,1.32,111.2,0.0,111.15,0.0
1788523683411.0,7960,11.06,0.0,1,0,179,1.68,112.5,0.0,112.45,0.0
1788523683787.0,7980,11.87,0.0,1,1,180,1.68,113.1,0.0,113.1,0.0
1788523684160.0,8000,9.8,0.0,1,0,180,1.62,113.1,0.0,113.1,0.0
1788523684535.0,8020,11.38,0.0,1,0,181,1.95,113.8,0.0,113.75,0.0
1788523684909.0,8040,11.04,0.0,1,0,182,1.92,114.4,0.0,114.4,0.0
1788523685284.0,8060,9.8,0.0,1,0,183,1.83,115.1,0.0,115.05,0.0
1788523685660.0,8080,10.16,0.0,1,0,184,1.95,115.7,0.0,115.7,0.0
1788523686035.0,8100,11.56,0.0,1,1,185,1.83,116.4,0.0,116.35,0.0
1788523686409.0,8120,9.8,0.0,1,0,185,1.68,116.4,0.0,116.35,0.0
1788523686784.0,8140,10.11,0.0,1,0,187,1.84,117.7,0.0,117.65,0.0
1788523687161.0,8160,11.79,0.0,1,0,187,1.66,117.7,0.0,117.65,0.0
1788523687533.0,8180,9.8,0.0,1,0,188,1.58,118.3,0.0,118.3,0.0
1788523687916.0,8200,10.13,0.0,1,1,190,1.94,119.6,0.0,119.6,0.0
1788523688283.0,8220,11.58,0.0,1,0,190,1.84,119.6,0.0,119.6,0.0
1788523688657.0,8240,9.8,0.0,1,0,190,1.33,119.6,0.0,119.6,0.0
1788523689032.0,8260,11.16,0.0,1,0,191,1.5,120.3,0.0,120.25,0.0
1788523689410.0,8280,9.8,0.0,1,0,191,1.14,120.3,0.0,120.25,0.0
1788523689781.0,8300,9.86,0.0,1,0,193,1.45,121.6,0.0,121.55,0.0
1788523690157.0,8320,11.68,0.0,1,0,194,1.36,122.2,0.0,122.2,0.0
1788523690531.0,8340,9.94,0.0,1,0,194,1.31,122.2,0.0,122.2,0.0
1788523690905.0,8360,9.89,0.0,1,0,194,1.4,122.2,0.0,122.2,0.0
1788523691281.0,8380,11.3,0.0,1,1,195,1.47,122.9,0.0,122.85,0.0
1788523691655.0,8400,9.8,0.0,1,0,195,1.13,122.9,0.0,122.85,0.0
1788523692030.0,8420,9.96,0.0,1,0,196,1.15,123.5,0.0,123.5,0.0
1788523692406.0,8440,9.8,0.0,1,0,196,1.06,123.5,0.0,123.5,0.0
1788523692780.0,8460,9.8,0.0,1,0,197,1.09,124.2,0.0,124.15,0.0
1788523693153.0,8480,9.8,0.0,1,0,197,1.05,124.2,0.0,124.15,0.0
1788523693530.0,8500,9.88,0.0,1,0,198,1.11,124.8,0.0,124.8,0.0
1788523693908.0,8520,11.75,0.0,1,0,199,1.5,125.5,0.0,125.45,0.0
1788523694277.0,8540,9.8,0.0,1,0,200,1.48,126.1,0.0,126.1,0.0
1788523694653.0,8560,10.18,0.0,1,1,201,1.57,126.8,0.0,126.75,0.0
1788523695027.0,8580,13.5,0.0,1,0,202,1.77,127.4,0.0,127.4,0.0
1788523695402.0,8600,10.83,0.0,1,0,203,1.95,128.1,0.0,128.05,0.0
1788523695776.0,8620,9.8,0.0,1,0,204,1.95,128.7,0.0,128.7,0.0
1788523696150.0,8640,9.8,0.0,1,0,204,1.72,128.7,0.0,128.7,0.0
1788523696526.0,8660,9.8,0.0,1,0,204,1.31,128.7,0.0,128.7,0.0
1788523696901.0,8680,9.8,0.0,1,0,204,1.12,128.7,0.0,128.7,0.0
1788523697279.0,8700,9.8,0.0,0,0,204,0.0,128.7,0.0,128.7,0.0
1788523697651.0,8720,9.8,0.0,0,0,204,0.0,128.7,0.0,128.7,0.0
1788523698029.0,8740,9.8,0.0,0,0,204,0.0,128.7,0.0,128.7,0.0
1788523698399.0,8760,9.8,0.0,0,0,204,0.0,128.7,0.0,128.7,0.0
1788523698773.0,8780,9.88,0.0,1,0,205,0.0,128.7,0.0,128.7,0.0
1788523699149.0,8800,11.12,0.0,1,0,206,1.95,129.4,0.0,129.35,0.0
1788523699524.0,8820,9.8,0.0,1,0,207,1.95,130.0,0.0,130.0,0.0
1788523699898.0,8840,9.8,0.0,1,0,207,1.73,130.0,0.0,130.0,0.0
1788523700272.0,8860,9.8,0.0,1,0,207,1.36,130.0,0.0,130.0,0.0
1788523700647.0,8880,9.8,0.0,1,0,207,1.06,130.0,0.0,130.0,0.0
1788523701027.0,8900,9.8,0.0,0,0,207,0.0,130.0,0.0,130.0,0.0
1788523701396.0,8920,9.8,0.0,0,0,207,0.0,130.0,0.0,130.0,0.0
1788523701771.0,8940,9.8,0.0,0,0,207,0.0,130.0,0.0,130.0,0.0
1788523702146.0,8960,9.8,0.0,0,0,207,0.0,130.0,0.0,130.0,0.0
1788523702527.0,8980,9.8,0.0,0,0,207,0.0,130.0,0.0,130.0,0.0
1788523702896.0,9000,9.8,0.0,0,0,207,0.0,130.0,0.0,130.0,0.0
1788523703272.0,9020,9.8,0.0,0,0,207,0.0,130.0,0.0,130.0,0.0
1788523703644.0,9040,9.8,0.0,0,0,207,0.0,130.0,0.0,130.0,0.0
1788523704019.0,9060,9.8,0.0,0,0,207,0.0,130.0,0.0,130.0,0.0
1788523704393.0,9080,9.8,0.0,0,0,207,0.0,130.0,0.0,130.0,0.0
1788523704769.0,9100,9.8,0.0,0,0,207,0.0,130.0,0.0,130.0,0.0
1788523705143.0,9120,9.8,0.0,0,0,207,0.0,130.0,0.0,130.0,0.0
1788523705518.0,9140,9.8,0.0,0,0,207,0.0,130.0,0.0,130.0,0.0
1788523705893.0,9160,9.8,0.0,0,0,207,0.0,130.0,0.0,130.0,0.0
1788523706267.0,9180,9.8,0.0,0,0,207,0.0,130.0,0.0,130.0,0.0
1788523706642.0,9200,9.8,0.0,0,0,207,0.0,130.0,0.0,130.0,0.0
1788523707016.0,9220,9.8,0.0,0,0,207,0.0,130.0,0.0,130.0,0.0
1788523707391.0,9240,9.8,0.0,0,0,207,0.0,130.0,0.0,130.0,0.0
1788523707766.0,9260,9.8,0.0,0,0,207,0.0,130.0,0.0,130.0,0.0
1788523708141.0,9280,9.8,0.0,0,0,207,0.0,130.0,0.0,130.0,0.0
1788523708515.0,9300,9.8,0.0,0,0,207,0.0,130.0,0.0,130.0,0.0
1788523708891.0,9320,9.8,0.0,0,0,207,0.0,130.0,0.0,130.0,0.0
1788523709265.0,9340,9.8,0.0,0,0,207,0.0,130.0,0.0,130.0,0.0
1788523709645.0,9360,9.8,0.0,0,0,207,0.0,130.0,0.0,130.0,0.0
1788523710015.0,9380,9.8,0.0,0,0,207,0.0,130.0,0.0,130.0,0.0
1788523710398.0,9400,9.8,0.0,0,0,207,0.0,130.0,0.0,130.0,0.0
1788523710764.0,9420,9.8,0.0,0,0,207,0.0,130.0,0.0,130.0,0.0
1788523711138.0,9440,9.8,0.0,0,0,207,0.0,130.0,0.0,130.0,0.0
1788523711514.0,9460,9.8,0.0,0,0,207,0.0,130.0,0.0,130.0,0.0
1788523711888.0,9480,9.8,0.0,0,0,207,0.0,130.0,0.0,130.0,0.0
1788523712263.0,9500,9.8,0.0,0,0,207,0.0,130.0,0.0,130.0,0.0
1788523712637.0,9520,9.8,0.0,0,0,207,0.0,130.0,0.0,130.0,0.0
1788523713012.0,9540,9.8,0.0,0,0,207,0.0,130.0,0.0,130.0,0.0
1788523713387.0,9560,9.8,0.0,0,0,207,0.0,130.0,0.0,130.0,0.0
1788523713765.0,9580,9.8,0.0,0,0,207,0.0,130.0,0.0,130.0,0.0
1788523714136.0,9600,9.8,0.0,0,0,207,0.0,130.0,0.0,130.0,0.0
1788523714512.0,9620,9.8,0.0,0,0,207,0.0,130.0,0.0,130.0,0.0
1788523714888.0,9640,9.8,0.0,0,0,207,0.0,130.0,0.0,130.0,0.0
1788523715263.0,9660,9.8,0.0,0,0,207,0.0,130.0,0.0,130.0,0.0
1788523715636.0,9680,9.8,0.0,0,0,207,0.0,130.0,0.0,130.0,0.0
1788523716013.0,9700,9.8,0.0,0,0,207,0.0,130.0,0.0,130.0,0.0
1788523716385.0,9720,9.8,0.0,0,0,207,0.0,130.0,0.0,130.0,0.0
1788523716764.0,9740,9.8,0.0,0,0,207,0.0,130.0,0.0,130.0,0.0
1788523717135.0,9760,9.8,0.0,0,0,207,0.0,130.0,0.0,130.0,0.0
1788523717509.0,9780,9.8,0.0,0,0,207,0.0,130.0,0.0,130.0,0.0
1788523717884.0,9800,9.8,0.0,0,0,207,0.0,130.0,0.0,130.0,0.0
1788523718259.0,9820,9.8,0.0,0,0,207,0.0,130.0,0.0,130.0,0.0
1788523718633.0,9840,9.8,0.0,0,0,207,0.0,130.0,0.0,130.0,0.0
1788523719011.0,9860,9.8,0.0,0,0,207,0.0,130.0,0.0,130.0,0.0
1788523719383.0,9880,9.8,0.0,0,0,207,0.0,130.0,0.0,130.0,0.0
1788523719757.0,9900,9.8,0.0,0,0,207,0.0,130.0,0.0,130.0,0.0
1788523720132.0,9920,9.8,0.0,0,0,207,0.0,130.0,0.0,130.0,0.0
1788523873735.0,20,9.8,0.0,0,0,0,0.0,0.0,0.0,0.0,0.0
1788523874111.0,40,9.8,0.0,0,0,0,0.0,0.0,0.0,0.0,0.0
1788523874484.0,60,9.8,0.0,0,0,0,0.0,0.0,0.0,0.0,0.0
1788523874861.0,80,9.8,0.0,0,0,0,0.0,0.0,0.0,0.0,0.0
1788523875234.0,100,9.8,0.0,0,0,0,0.0,0.0,0.0,0.0,0.0
1788523875610.0,120,9.8,0.0,0,0,0,0.0,0.0,0.0,0.0,0.0
1788523875984.0,140,9.8,0.0,0,0,0,0.0,0.0,0.0,0.0,0.0
1788523876359.0,160,9.8,0.0,0,0,0,0.0,0.0,0.0,0.0,0.0
1788523876734.0,180,9.8,0.0,0,0,0,0.0,0.0,0.0,0.0,0.0
1788523877112.0,200,9.8,0.0,0,0,0,0.0,0.0,0.0,0.0,0.0
1788523877482.0,220,9.8,0.0,0,0,0,0.0,0.0,0.0,0.0,0.0
1788523877860.0,240,9.8,0.0,0,0,0,0.0,0.0,0.0,0.0,0.0
1788523878232.0,260,9.8,0.0,0,0,0,0.0,0.0,0.0,0.0,0.0
1788523878615.0,280,9.8,0.0,0,0,0,0.0,0.0,0.0,0.0,0.0
1788523878981.0,300,9.8,0.0,0,0,0,0.0,0.0,0.0,0.0,0.0
1788523879363.0,320,9.8,0.0,0,0,0,0.0,0.0,0.0,0.0,0.0
1788523879732.0,340,9.8,0.0,0,0,0,0.0,0.0,0.0,0.0,0.0
1788523880113.0,360,9.8,0.0,0,0,0,0.0,0.0,0.0,0.0,0.0
1788523880481.0,380,9.8,0.0,0,0,0,0.0,0.0,0.0,0.0,0.0
1788523880856.0,400,9.8,0.0,0,0,0,0.0,0.0,0.0,0.0,0.0
1788523881231.0,420,9.8,0.0,0,0,0,0.0,0.0,0.0,0.0,0.0
1788523881609.0,440,9.8,0.0,0,0,0,0.0,0.0,0.0,0.0,0.0
1788523881981.0,460,9.8,0.0,0,0,0,0.0,0.0,0.0,0.0,0.0
1788523882355.0,480,9.8,0.0,0,0,0,0.0,0.0,0.0,0.0,0.0
1788523882730.0,500,9.8,0.0,0,0,0,0.0,0.0,0.0,0.0,0.0
1788523883105.0,520,9.8,0.0,0,0,0,0.0,0.0,0.0,0.0,0.0
1788523883480.0,540,9.8,0.0,0,0,0,0.0,0.0,0.0,0.0,0.0
1788523883855.0,560,9.8,0.0,0,0,0,0.0,0.0,0.0,0.0,0.0
1788523884229.0,580,9.8,0.0,0,0,0,0.0,0.0,0.0,0.0,0.0
1788523884604.0,600,9.8,0.0,0,0,0,0.0,0.0,0.0,0.0,0.0
1788523884979.0,620,9.8,0.0,0,0,0,0.0,0.0,0.0,0.0,0.0
1788523885353.0,640,9.8,0.0,0,0,0,0.0,0.0,0.0,0.0,0.0
1788523885728.0,660,9.8,0.0,0,0,0,0.0,0.0,0.0,0.0,0.0
1788523886104.0,680,9.8,0.0,0,0,0,0.0,0.0,0.0,0.0,0.0
1788523886480.0,700,9.8,0.0,0,0,0,0.0,0.0,0.0,0.0,0.0
1788523886854.0,720,9.8,0.0,0,0,0,0.0,0.0,0.0,0.0,0.0
1788523887227.0,740,9.8,0.0,0,0,0,0.0,0.0,0.0,0.0,0.0
1788523887601.0,760,9.8,0.0,0,0,0,0.0,0.0,0.0,0.0,0.0
1788523887979.0,780,9.8,0.0,0,0,0,0.0,0.0,0.0,0.0,0.0
1788523888352.0,800,9.8,0.0,0,0,0,0.0,0.0,0.0,0.0,0.0
1788523888727.0,820,9.8,0.0,0,0,0,0.0,0.0,0.0,0.0,0.0
1788523889101.0,840,9.8,0.0,0,0,0,0.0,0.0,0.0,0.0,0.0
1788523889476.0,860,9.8,0.0,0,0,0,0.0,0.0,0.0,0.0,0.0
1788523889851.0,880,9.8,0.0,0,0,0,0.0,0.0,0.0,0.0,0.0
1788523890226.0,900,9.8,0.0,0,0,0,0.0,0.0,0.0,0.0,0.0
1788523890600.0,920,9.8,0.0,0,0,0,0.0,0.0,0.0,0.0,0.0
1788523890978.0,940,9.8,0.0,0,0,0,0.0,0.0,0.0,0.0,0.0
1788523891349.0,960,9.8,0.0,0,0,0,0.0,0.0,0.0,0.0,0.0
1788523891724.0,980,9.8,0.0,0,0,0,0.0,0.0,0.0,0.0,0.0
1788523892100.0,1000,9.8,0.0,0,0,0,0.0,0.0,0.0,0.0,0.0
1788523892479.0,1020,9.8,0.0,0,0,0,0.0,0.0,0.0,0.0,0.0
1788523892847.0,1040,9.8,0.0,0,0,0,0.0,0.0,0.0,0.0,0.0
1788523893229.0,1060,9.8,0.0,0,0,0,0.0,0.0,0.0,0.0,0.0
1788523893598.0,1080,9.8,0.0,0,0,0,0.0,0.0,0.0,0.0,0.0
1788523893974.0,1100,9.8,0.0,0,0,0,0.0,0.0,0.0,0.0,0.0
1788523894347.0,1120,9.8,0.0,0,0,0,0.0,0.0,0.0,0.0,0.0
1788523894721.0,1140,9.8,0.0,0,0,0,0.0,0.0,0.0,0.0,0.0
1788523895097.0,1160,9.8,0.0,0,0,0,0.0,0.0,0.0,0.0,0.0
1788523895472.0,1180,9.8,0.0,0,0,0,0.0,0.0,0.0,0.0,0.0
1788523895847.0,1200,9.8,0.0,0,0,0,0.0,0.0,0.0,0.0,0.0
1788523896221.0,1220,9.8,0.0,0,0,0,0.0,0.0,0.0,0.0,0.0
1788523896597.0,1240,9.8,0.0,0,0,0,0.0,0.0,0.0,0.0,0.0
1788523896971.0,1260,9.8,0.0,0,0,0,0.0,0.0,0.0,0.0,0.0
1788523897345.0,1280,9.8,0.0,0,0,0,0.0,0.0,0.0,0.0,0.0
1788523897720.0,1300,9.8,0.0,0,0,0,0.0,0.0,0.0,0.0,0.0
1788523898095.0,1320,9.8,0.0,0,0,0,0.0,0.0,0.0,0.0,0.0
1788523898470.0,1340,9.8,0.0,0,0,0,0.0,0.0,0.0,0.0,0.0
1788523898844.0,1360,9.8,0.0,0,0,0,0.0,0.0,0.0,0.0,0.0
1788523899219.0,1380,9.8,0.0,0,0,0,0.0,0.0,0.0,0.0,0.0
1788523899594.0,1400,9.8,0.0,0,0,0,0.0,0.0,0.0,0.0,0.0
1788523899969.0,1420,9.8,0.0,0,0,0,0.0,0.0,0.0,0.0,0.0
1788523900343.0,1440,9.8,0.0,0,0,0,0.0,0.0,0.0,0.0,0.0
1788523900718.0,1460,9.8,0.0,0,0,0,0.0,0.0,0.0,0.0,0.0
1788523901093.0,1480,9.8,0.0,0,0,0,0.0,0.0,0.0,0.0,0.0
1788523901468.0,1500,9.8,0.0,0,0,0,0.0,0.0,0.0,0.0,0.0
1788523901847.0,1520,9.8,0.0,0,0,0,0.0,0.0,0.0,0.0,0.0
1788523902217.0,1540,9.8,0.0,0,0,0,0.0,0.0,0.0,0.0,0.0
1788523902593.0,1560,9.8,0.0,0,0,0,0.0,0.0,0.0,0.0,0.0
1788523902967.0,1580,9.8,0.0,0,0,0,0.0,0.0,0.0,0.0,0.0
1788523903342.0,1600,9.8,0.0,0,0,0,0.0,0.0,0.0,0.0,0.0
1788523903716.0,1620,9.8,0.0,0,0,0,0.0,0.0,0.0,0.0,0.0
1788523904092.0,1640,9.8,0.0,0,0,0,0.0,0.0,0.0,0.0,0.0
1788523904465.0,1660,9.8,0.0,0,0,0,0.0,0.0,0.0,0.0,0.0
1788523904842.0,1680,9.8,0.0,0,0,0,0.0,0.0,0.0,0.0,0.0
1788523905216.0,1700,9.8,0.0,0,0,0,0.0,0.0,0.0,0.0,0.0
1788523905596.0,1720,9.8,0.0,0,0,0,0.0,0.0,0.0,0.0,0.0
1788523905966.0,1740,9.8,0.0,0,0,0,0.0,0.0,0.0,0.0,0.0
1788523906341.0,1760,9.8,0.0,0,0,0,0.0,0.0,0.0,0.0,0.0
1788523906715.0,1780,9.8,0.0,0,0,0,0.0,0.0,0.0,0.0,0.0
1788523907097.0,1800,9.8,0.0,0,0,0,0.0,0.0,0.0,0.0,0.0
1788523907465.0,1820,9.8,0.0,0,0,0,0.0,0.0,0.0,0.0,0.0
1788523907849.0,1840,9.8,0.0,0,0,0,0.0,0.0,0.0,0.0,0.0
1788523908214.0,1860,9.8,0.0,0,0,0,0.0,0.0,0.0,0.0,0.0
1788523908588.0,1880,9.8,0.0,0,0,0,0.0,0.0,0.0,0.0,0.0
1788523908963.0,1900,10.34,0.0,0,0,0,0.0,0.0,0.0,0.0,0.0
1788523909338.0,1920,9.8,0.0,1,0,2,1.95,0.7,0.0,0.65,0.0
1788523909713.0,1940,9.58,0.0,1,0,2,1.95,0.7,0.0,0.65,0.0
1788523910088.0,1960,9.98,0.0,1,0,3,1.64,1.3,0.0,1.3,0.0
1788523910463.0,1980,9.48,0.0,1,0,5,1.95,2.6,0.0,2.6,0.0
1788523910838.0,2000,10.07,0.0,1,0,5,1.82,2.6,0.0,2.6,0.0
1788523911212.0,2020,9.8,0.0,1,0,5,1.44,2.6,0.0,2.6,0.0
1788523911590.0,2040,10.88,0.0,1,0,5,1.16,2.6,0.0,2.6,0.0
1788523911961.0,2060,12.44,0.0,1,0,6,1.25,3.2,0.0,3.25,0.0
1788523912337.0,2080,8.64,0.0,1,0,6,0.87,3.2,0.0,3.25,0.0
1788523912710.0,2100,9.8,0.0,1,0,6,0.59,3.2,0.0,3.25,0.0
1788523913086.0,2120,9.97,0.0,1,0,6,0.49,3.2,0.0,3.25,0.0
1788523913461.0,2140,9.95,0.0,0,0,6,0.0,3.2,0.0,3.25,0.0
1788523913837.0,2160,9.8,0.0,0,0,6,0.0,3.2,0.0,3.25,0.0
1788523914211.0,2180,9.8,0.0,0,0,6,0.0,3.2,0.0,3.25,0.0
1788523914587.0,2200,9.8,0.0,0,0,6,0.0,3.2,0.0,3.25,0.0
1788523914963.0,2220,9.86,0.0,0,0,6,0.0,3.2,0.0,3.25,0.0
1788523915336.0,2240,9.8,0.0,0,0,6,0.0,3.2,0.0,3.25,0.0
1788523915709.0,2260,9.8,0.0,0,0,6,0.0,3.2,0.0,3.25,0.0
1788523916084.0,2280,9.8,0.0,0,0,6,0.0,3.2,0.0,3.25,0.0
1788523916462.0,2300,9.8,0.0,0,0,6,0.0,3.2,0.0,3.25,0.0
1788523916835.0,2320,9.8,0.0,0,0,6,0.0,3.2,0.0,3.25,0.0
1788523917208.0,2340,9.8,0.0,0,0,6,0.0,3.2,0.0,3.25,0.0
1788523917583.0,2360,9.8,0.0,0,0,6,0.0,3.2,0.0,3.25,0.0
1788523917963.0,2380,9.8,0.0,0,0,6,0.0,3.2,0.0,3.25,0.0
1788523918333.0,2400,9.8,0.0,0,0,6,0.0,3.2,0.0,3.25,0.0
1788523918708.0,2420,9.8,0.0,0,0,6,0.0,3.2,0.0,3.25,0.0
1788523919082.0,2440,12.32,0.0,1,0,7,0.0,3.2,0.0,3.25,0.0
1788523919465.0,2460,6.29,0.0,1,0,8,1.95,3.9,0.0,3.9,0.0
1788523919832.0,2480,10.81,0.0,1,0,9,1.95,4.5,0.0,4.55,0.0
1788523920207.0,2500,10.13,0.0,1,0,10,1.95,5.2,0.0,5.2,0.0
1788523920581.0,2520,10.2,0.0,1,0,11,1.76,5.9,0.0,5.85,0.0
1788523920964.0,2540,9.8,0.0,1,0,11,1.63,5.9,0.0,5.85,0.0
1788523921332.0,2560,11.41,0.0,1,0,13,1.59,7.2,0.0,7.15,0.0
1788523921713.0,2580,9.8,0.0,1,0,13,1.53,7.2,0.0,7.15,0.0
1788523922081.0,2600,9.8,0.0,1,0,13,1.17,7.2,0.0,7.15,0.0
1788523922455.0,2620,9.96,0.0,1,0,14,1.31,7.8,0.0,7.8,0.0
1788523922830.0,2640,9.88,0.0,1,0,14,1.15,7.8,0.0,7.8,0.0
1788523923209.0,2660,9.89,0.0,1,0,14,1.06,7.8,0.0,7.8,0.0
1788523923580.0,2680,9.8,0.0,1,0,14,0.86,7.8,0.0,7.8,0.0
1788523923959.0,2700,9.9,0.0,0,0,14,0.0,7.8,0.0,7.8,0.0
1788523924330.0,2720,11.64,0.0,1,1,15,0.68,8.5,0.0,8.45,0.0
1788523924704.0,2740,9.8,0.0,1,0,16,0.84,9.1,0.0,9.1,0.0
1788523925079.0,2760,9.8,0.0,1,0,16,1.44,9.1,0.0,9.1,0.0
1788523925454.0,2780,9.95,0.0,1,0,18,1.95,10.4,0.0,10.4,0.0
1788523925829.0,2800,10.91,0.0,1,0,18,1.7,10.4,0.0,10.4,0.0
1788523926204.0,2820,9.8,0.0,1,0,19,1.68,11.1,0.0,11.05,0.0
1788523926578.0,2840,9.8,0.0,1,0,19,1.39,11.1,0.0,11.05,0.0
1788523926954.0,2860,9.8,0.0,1,0,19,1.06,11.1,0.0,11.05,0.0
1788523927328.0,2880,10.83,0.0,1,0,19,0.94,11.1,0.0,11.05,0.0
1788523927703.0,2900,9.9,0.0,1,0,20,1.07,11.7,0.0,11.7,0.0
1788523928077.0,2920,10.81,0.0,1,0,20,0.63,11.7,0.0,11.7,0.0
1788523928453.0,2940,9.8,0.0,1,0,22,1.07,13.0,0.0,13.0,0.0
1788523928827.0,2960,11.34,0.0,1,0,23,1.77,13.7,0.0,13.65,0.0
1788523929202.0,2980,9.8,0.0,1,0,23,1.4,13.7,0.0,13.65,0.0
1788523929576.0,3000,12.12,0.0,1,0,24,1.46,14.3,0.0,14.3,0.0
1788523929951.0,3020,9.8,0.0,1,0,24,1.28,14.3,0.0,14.3,0.0
1788523930326.0,3040,9.8,0.0,1,0,24,1.16,14.3,0.0,14.3,0.0
1788523930701.0,3060,9.8,0.0,1,0,24,0.79,14.3,0.0,14.3,0.0
1788523931077.0,3080,9.8,0.0,1,0,25,0.88,15.0,0.0,14.95,0.0
1788523931450.0,3100,10.99,0.0,1,0,25,0.64,15.0,0.0,14.95,0.0
1788523931826.0,3120,9.87,0.0,1,0,26,0.86,15.6,0.0,15.6,0.0
1788523932200.0,3140,10.89,0.0,1,0,26,0.92,15.6,0.0,15.6,0.0
1788523932576.0,3160,9.8,0.0,1,0,27,1.07,16.3,0.0,16.25,0.0
1788523932950.0,3180,11.41,0.0,1,0,28,1.16,16.9,0.0,16.9,0.0
1788523933329.0,3200,9.8,0.0,1,0,28,1.07,16.9,0.0,16.9,0.0
1788523933700.0,3220,9.8,0.0,1,0,30,1.45,18.2,0.0,18.2,0.0
1788523934078.0,3240,11.1,0.0,1,0,30,1.41,18.2,0.0,18.2,0.0
1788523934476.0,3260,9.85,0.0,1,0,30,1.18,18.2,0.0,18.2,0.0
1788523934823.0,3280,11.79,0.0,1,0,31,1.53,18.8,0.0,18.85,0.0
1788523935198.0,3300,9.8,0.0,1,0,32,1.57,19.5,0.0,19.5,0.0
1788523935572.0,3320,11.6,0.0,1,0,33,1.6,20.1,0.0,20.15,0.0
1788523935948.0,3340,9.8,0.0,1,0,33,1.33,20.1,0.0,20.15,0.0
1788523936330.0,3360,9.8,0.0,1,0,33,1.26,20.1,0.0,20.15,0.0
1788523936701.0,3380,9.8,0.0,1,0,33,1.02,20.1,0.0,20.15,0.0
1788523937072.0,3400,9.8,0.0,0,0,33,0.0,20.1,0.0,20.15,0.0
1788523937447.0,3420,9.8,0.0,0,0,33,0.0,20.1,0.0,20.15,0.0
1788523937821.0,3440,9.8,0.0,0,0,33,0.0,20.1,0.0,20.15,0.0
1788523938196.0,3460,9.8,0.0,0,0,33,0.0,20.1,0.0,20.15,0.0
1788523938571.0,3480,9.8,0.0,0,0,33,0.0,20.1,0.0,20.15,0.0
1788523938945.0,3500,9.8,0.0,0,0,33,0.0,20.1,0.0,20.15,0.0
1788523939320.0,3520,9.8,0.0,0,0,33,0.0,20.1,0.0,20.15,0.0
1788523939695.0,3540,9.8,0.0,0,0,33,0.0,20.1,0.0,20.15,0.0
1788523940070.0,3560,9.8,0.0,0,0,33,0.0,20.1,0.0,20.15,0.0
1788523940445.0,3580,9.8,0.0,0,0,33,0.0,20.1,0.0,20.15,0.0
1788523940819.0,3600,9.8,0.0,0,0,33,0.0,20.1,0.0,20.15,0.0
1788523941195.0,3620,9.8,0.0,0,0,33,0.0,20.1,0.0,20.15,0.0
1788523941569.0,3640,9.8,0.0,0,0,33,0.0,20.1,0.0,20.15,0.0
1788523941945.0,3660,9.8,0.0,0,0,33,0.0,20.1,0.0,20.15,0.0
1788523942319.0,3680,9.8,0.0,1,0,34,0.0,20.1,0.0,20.15,0.0
1788523942695.0,3700,9.8,0.0,1,0,34,0.0,20.1,0.0,20.15,0.0
1788523943068.0,3720,9.8,0.0,1,0,34,0.0,20.1,0.0,20.15,0.0
1788523943443.0,3740,9.8,0.0,1,0,34,0.0,20.1,0.0,20.15,0.0
1788523943817.0,3760,10.88,0.0,0,0,34,0.0,20.1,0.0,20.15,0.0
1788523944198.0,3780,9.8,0.0,0,0,34,0.0,20.1,0.0,20.15,0.0
1788523944568.0,3800,9.8,0.0,0,0,34,0.0,20.1,0.0,20.15,0.0
1788523944945.0,3820,9.8,0.0,0,0,34,0.0,20.1,0.0,20.15,0.0
1788523945317.0,3840,9.8,0.0,0,0,34,0.0,20.1,0.0,20.15,0.0
1788523945697.0,3860,9.8,0.0,0,0,34,0.0,20.1,0.0,20.15,0.0
1788523946067.0,3880,9.8,0.0,0,0,34,0.0,20.1,0.0,20.15,0.0
1788523946445.0,3900,9.8,0.0,0,0,34,0.0,20.1,0.0,20.15,0.0
1788523946816.0,3920,9.8,0.0,0,0,34,0.0,20.1,0.0,20.15,0.0
1788523947192.0,3940,9.8,0.0,0,0,34,0.0,20.1,0.0,20.15,0.0
1788523947566.0,3960,9.8,0.0,0,0,34,0.0,20.1,0.0,20.15,0.0
1788523947944.0,3980,9.8,0.0,0,0,34,0.0,20.1,0.0,20.15,0.0
1788523948316.0,4000,9.8,0.0,0,0,34,0.0,20.1,0.0,20.15,0.0
1788523948698.0,4020,9.8,0.0,0,0,34,0.0,20.1,0.0,20.15,0.0
1788523949064.0,4040,9.8,0.0,0,0,34,0.0,20.1,0.0,20.15,0.0
1788523949448.0,4060,9.8,0.0,0,0,34,0.0,20.1,0.0,20.15,0.0
1788523949814.0,4080,9.8,0.0,0,0,34,0.0,20.1,0.0,20.15,0.0
1788523950192.0,4100,9.8,0.0,1,0,36,1.95,20.8,0.0,20.8,0.0
1788523950564.0,4120,11.27,0.0,1,0,36,1.47,20.8,0.0,20.8,0.0
1788523950938.0,4140,9.8,0.0,1,0,36,0.92,20.8,0.0,20.8,0.0
1788523951313.0,4160,9.95,0.0,1,0,37,1.35,21.4,0.0,21.45,0.0
1788523951688.0,4180,11.41,0.0,1,0,38,1.5,22.1,0.0,22.1,0.0
1788523952063.0,4200,9.8,0.0,1,0,39,1.5,22.7,0.0,22.75,0.0
1788523952437.0,4220,9.8,0.0,1,0,39,1.14,22.7,0.0,22.75,0.0
1788523952812.0,4240,9.8,0.0,1,0,39,1.21,22.7,0.0,22.75,0.0
1788523953189.0,4260,9.8,0.0,1,0,39,0.97,22.7,0.0,22.75,0.0
1788523953562.0,4280,9.8,0.0,0,0,39,0.0,22.7,0.0,22.75,0.0
1788523953936.0,4300,9.8,0.0,0,0,39,0.0,22.7,0.0,22.75,0.0
1788523954311.0,4320,9.8,0.0,0,0,39,0.0,22.7,0.0,22.75,0.0
1788523954686.0,4340,9.8,0.0,0,0,39,0.0,22.7,0.0,22.75,0.0
1788523955060.0,4360,9.8,0.0,0,0,39,0.0,22.7,0.0,22.75,0.0
1788523955436.0,4380,9.8,0.0,0,0,39,0.0,22.7,0.0,22.75,0.0
1788523955812.0,4400,9.8,0.0,0,0,39,0.0,22.7,0.0,22.75,0.0
1788523956185.0,4420,9.8,0.0,0,0,39,0.0,22.7,0.0,22.75,0.0
1788523956559.0,4440,9.8,0.0,0,0,39,0.0,22.7,0.0,22.75,0.0
1788523956935.0,4460,10.29,0.0,0,0,39,0.0,22.7,0.0,22.75,0.0
1788523957309.0,4480,9.8,0.0,0,0,39,0.0,22.7,0.0,22.75,0.0
1788523957685.0,4500,9.8,0.0,0,0,39,0.0,22.7,0.0,22.75,0.0
1788523958060.0,4520,9.87,0.0,1,0,40,0.0,22.7,0.0,22.75,0.0
1788523958433.0,4540,11.45,0.0,1,0,41,1.95,23.4,0.0,23.4,0.0
1788523958813.0,4560,9.8,0.0,1,0,42,1.95,24.0,0.0,24.05,0.0
1788523959182.0,4580,9.8,0.0,1,0,42,1.47,24.0,0.0,24.05,0.0
1788523959564.0,4600,9.8,0.0,1,0,43,1.65,24.7,0.0,24.7,0.0
1788523959933.0,4620,12.05,0.0,1,0,44,1.62,25.3,0.0,25.35,0.0
1788523960313.0,4640,9.8,0.0,1,0,45,1.69,26.0,0.0,26.0,0.0
1788523960682.0,4660,9.94,0.0,1,0,46,1.66,26.6,0.0,26.65,0.0
1788523961057.0,4680,9.8,0.0,1,0,46,1.4,26.6,0.0,26.65,0.0
1788523961431.0,4700,9.97,0.0,1,0,48,1.72,27.9,0.0,27.95,0.0
1788523961812.0,4720,11.1,0.0,1,0,48,1.5,27.9,0.0,27.95,0.0
1788523962181.0,4740,9.8,0.0,1,0,49,1.58,28.6,0.0,28.6,0.0
1788523962555.0,4760,10.87,0.0,1,0,49,1.15,28.6,0.0,28.6,0.0
1788523962931.0,4780,9.8,0.0,1,0,49,1.05,28.6,0.0,28.6,0.0
1788523963305.0,4800,10.9,0.0,1,0,49,0.92,28.6,0.0,28.6,0.0
1788523963680.0,4820,9.8,0.0,0,0,49,0.0,28.6,0.0,28.6,0.0
1788523964055.0,4840,11.6,0.0,1,0,50,0.61,29.2,0.0,29.25,0.0
1788523964429.0,4860,9.8,0.0,1,0,51,1.95,29.9,0.0,29.9,0.0
1788523964805.0,4880,10.93,0.0,1,0,51,1.51,29.9,0.0,29.9,0.0
1788523965179.0,4900,9.8,0.0,1,0,51,1.04,29.9,0.0,29.9,0.0
1788523965553.0,4920,9.95,0.0,1,1,53,1.45,31.2,0.0,31.2,0.0
1788523965929.0,4940,10.82,0.0,1,0,53,1.26,31.2,0.0,31.2,0.0
1788523966303.0,4960,9.8,0.0,1,0,54,1.33,31.8,0.0,31.85,0.0
1788523966678.0,4980,11.84,0.0,1,0,55,1.82,32.5,0.0,32.5,0.0
1788523967054.0,5000,9.8,0.0,1,0,56,1.91,33.1,0.0,33.15,0.0
1788523967427.0,5020,9.99,0.0,1,0,57,1.89,33.8,0.0,33.8,0.0
1788523967803.0,5040,9.8,0.0,1,0,57,1.61,33.8,0.0,33.8,0.0
1788523968177.0,5060,9.8,0.0,1,0,59,1.83,35.1,0.0,35.1,0.0
1788523968551.0,5080,10.97,0.0,1,0,59,1.66,35.1,0.0,35.1,0.0
1788523968930.0,5100,9.8,0.0,1,0,59,1.41,35.1,0.0,35.1,0.0
1788523969302.0,5120,10.03,0.0,1,0,61,1.68,36.4,0.0,36.4,0.0
1788524355698.0,20,9.8,0.0,0,0,0,0.0,0.0,0.0,0.0,0.0
1788524356071.0,40,9.8,0.0,0,0,0,0.0,0.0,0.0,0.0,0.0
1788524356446.0,60,9.8,0.0,0,0,0,0.0,0.0,0.0,0.0,0.0
1788524356821.0,80,9.8,0.0,0,0,0,0.0,0.0,0.0,0.0,0.0
1788524357196.0,100,9.8,0.0,0,0,0,0.0,0.0,0.0,0.0,0.0
1788524357571.0,120,9.8,0.0,0,0,0,0.0,0.0,0.0,0.0,0.0
1788524357945.0,140,9.8,0.0,0,0,0,0.0,0.0,0.0,0.0,0.0
1788524358320.0,160,9.8,0.0,0,0,0,0.0,0.0,0.0,0.0,0.0
1788524358696.0,180,9.8,0.0,0,0,0,0.0,0.0,0.0,0.0,0.0
1788524359070.0,200,9.8,0.0,0,0,0,0.0,0.0,0.0,0.0,0.0
1788524359444.0,220,9.8,0.0,0,0,0,0.0,0.0,0.0,0.0,0.0
1788524359819.0,240,9.8,0.0,0,0,0,0.0,0.0,0.0,0.0,0.0
1788524360194.0,260,9.8,0.0,0,0,0,0.0,0.0,0.0,0.0,0.0
1788524360570.0,280,9.8,0.0,0,0,0,0.0,0.0,0.0,0.0,0.0
1788524360944.0,300,9.8,0.0,0,0,0,0.0,0.0,0.0,0.0,0.0
1788524361319.0,320,9.8,0.0,0,0,0,0.0,0.0,0.0,0.0,0.0
1788524361693.0,340,9.8,0.0,0,0,0,0.0,0.0,0.0,0.0,0.0
1788524362069.0,360,9.8,0.0,0,0,0,0.0,0.0,0.0,0.0,0.0
1788524362444.0,380,9.8,0.0,0,0,0,0.0,0.0,0.0,0.0,0.0
1788524362818.0,400,9.8,0.0,0,0,0,0.0,0.0,0.0,0.0,0.0
1788524363193.0,420,9.8,0.0,0,0,0,0.0,0.0,0.0,0.0,0.0
1788524363568.0,440,9.8,0.0,0,0,0,0.0,0.0,0.0,0.0,0.0
1788524363944.0,460,9.8,0.0,0,0,0,0.0,0.0,0.0,0.0,0.0
1788524364317.0,480,9.8,0.0,0,0,0,0.0,0.0,0.0,0.0,0.0
1788524364698.0,500,9.8,0.0,0,0,0,0.0,0.0,0.0,0.0,0.0
1788524365068.0,520,9.8,0.0,0,0,0,0.0,0.0,0.0,0.0,0.0
1788524365441.0,540,9.8,0.0,0,0,0,0.0,0.0,0.0,0.0,0.0
1788524365816.0,560,9.8,0.0,0,0,0,0.0,0.0,0.0,0.0,0.0
1788524366190.0,580,9.8,0.0,0,0,0,0.0,0.0,0.0,0.0,0.0
1788524366566.0,600,9.8,0.0,0,0,0,0.0,0.0,0.0,0.0,0.0
1788524366939.0,620,9.8,0.0,0,0,0,0.0,0.0,0.0,0.0,0.0
1788524367315.0,640,9.8,0.0,0,0,0,0.0,0.0,0.0,0.0,0.0
1788524367689.0,660,9.8,0.0,0,0,0,0.0,0.0,0.0,0.0,0.0
1788524368065.0,680,9.8,0.0,0,0,0,0.0,0.0,0.0,0.0,0.0
1788524368439.0,700,9.8,0.0,0,0,0,0.0,0.0,0.0,0.0,0.0
1788524368814.0,720,9.8,0.0,0,0,0,0.0,0.0,0.0,0.0,0.0
1788524369188.0,740,9.8,0.0,0,0,0,0.0,0.0,0.0,0.0,0.0
1788524369564.0,760,9.8,0.0,0,0,0,0.0,0.0,0.0,0.0,0.0
1788524369940.0,780,9.8,0.0,0,0,0,0.0,0.0,0.0,0.0,0.0
1788524370313.0,800,9.8,0.0,0,0,0,0.0,0.0,0.0,0.0,0.0
1788524370687.0,820,9.8,0.0,0,0,0,0.0,0.0,0.0,0.0,0.0
1788524371063.0,840,9.8,0.0,0,0,0,0.0,0.0,0.0,0.0,0.0
1788524371437.0,860,9.8,0.0,0,0,0,0.0,0.0,0.0,0.0,0.0
1788524371813.0,880,9.8,0.0,0,0,0,0.0,0.0,0.0,0.0,0.0
1788524372188.0,900,9.8,0.0,0,0,0,0.0,0.0,0.0,0.0,0.0
1788524372562.0,920,9.8,0.0,0,0,0,0.0,0.0,0.0,0.0,0.0
1788524372937.0,940,9.8,0.0,0,0,0,0.0,0.0,0.0,0.0,0.0
1788524373311.0,960,9.8,0.0,0,0,0,0.0,0.0,0.0,0.0,0.0
1788524373688.0,980,9.8,0.0,0,0,0,0.0,0.0,0.0,0.0,0.0
1788524374060.0,1000,9.8,0.0,0,0,0,0.0,0.0,0.0,0.0,0.0
1788524374436.0,1020,9.8,0.0,0,0,0,0.0,0.0,0.0,0.0,0.0
1788524374811.0,1040,9.8,0.0,0,0,0,0.0,0.0,0.0,0.0,0.0
1788524375185.0,1060,9.8,0.0,0,0,0,0.0,0.0,0.0,0.0,0.0
1788524375561.0,1080,9.8,0.0,0,0,0,0.0,0.0,0.0,0.0,0.0
1788524375936.0,1100,9.8,0.0,0,0,0,0.0,0.0,0.0,0.0,0.0
1788524376309.0,1120,9.8,0.0,0,0,0,0.0,0.0,0.0,0.0,0.0
1788524376685.0,1140,9.8,0.0,0,0,0,0.0,0.0,0.0,0.0,0.0
1788524377060.0,1160,9.8,0.0,0,0,0,0.0,0.0,0.0,0.0,0.0
1788524377434.0,1180,9.8,0.0,0,0,0,0.0,0.0,0.0,0.0,0.0
1788524377811.0,1200,9.8,0.0,0,0,0,0.0,0.0,0.0,0.0,0.0
1788524378186.0,1220,9.8,0.0,0,0,0,0.0,0.0,0.0,0.0,0.0
1788524378559.0,1240,9.8,0.0,0,0,0,0.0,0.0,0.0,0.0,0.0
1788524378934.0,1260,9.8,0.0,0,0,0,0.0,0.0,0.0,0.0,0.0
1788524379310.0,1280,9.8,0.0,0,0,0,0.0,0.0,0.0,0.0,0.0
1788524379684.0,1300,9.8,0.0,0,0,0,0.0,0.0,0.0,0.0,0.0
1788524380058.0,1320,9.8,0.0,0,0,0,0.0,0.0,0.0,0.0,0.0
1788524380433.0,1340,9.8,0.0,0,0,0,0.0,0.0,0.0,0.0,0.0
1788524380808.0,1360,9.8,0.0,0,0,0,0.0,0.0,0.0,0.0,0.0
1788524381182.0,1380,9.8,0.0,0,0,0,0.0,0.0,0.0,0.0,0.0
1788524381557.0,1400,9.8,0.0,0,0,0,0.0,0.0,0.0,0.0,0.0
1788524381932.0,1420,9.8,0.0,0,0,0,0.0,0.0,0.0,0.0,0.0
1788524382311.0,1440,9.8,0.0,0,0,0,0.0,0.0,0.0,0.0,0.0
1788524382682.0,1460,9.8,0.0,0,0,0,0.0,0.0,0.0,0.0,0.0
1788524383060.0,1480,9.8,0.0,0,0,0,0.0,0.0,0.0,0.0,0.0
1788524383431.0,1500,9.8,0.0,0,0,0,0.0,0.0,0.0,0.0,0.0
1788524383806.0,1520,9.8,0.0,0,0,0,0.0,0.0,0.0,0.0,0.0
1788524384182.0,1540,9.8,0.0,0,0,0,0.0,0.0,0.0,0.0,0.0
1788524384556.0,1560,9.8,0.0,0,0,0,0.0,0.0,0.0,0.0,0.0
1788524384931.0,1580,10.91,0.0,0,0,0,0.0,0.0,0.0,0.0,0.0
1788524385305.0,1600,10.8,0.0,0,0,0,0.0,0.0,0.0,0.0,0.0
1788524385680.0,1620,9.8,0.0,0,0,0,0.0,0.0,0.0,0.0,0.0
1788524386055.0,1640,9.8,0.0,0,0,0,0.0,0.0,0.0,0.0,0.0
1788524386429.0,1660,9.8,0.0,0,0,0,0.0,0.0,0.0,0.0,0.0
1788524386804.0,1680,9.8,0.0,0,0,0,0.0,0.0,0.0,0.0,0.0
1788524387179.0,1700,9.8,0.0,0,0,0,0.0,0.0,0.0,0.0,0.0
1788524387554.0,1720,9.8,0.0,0,0,0,0.0,0.0,0.0,0.0,0.0
1788524387929.0,1740,9.8,0.0,0,0,0,0.0,0.0,0.0,0.0,0.0
1788524388303.0,1760,9.8,0.0,0,0,0,0.0,0.0,0.0,0.0,0.0
1788524388678.0,1780,9.8,0.0,0,0,0,0.0,0.0,0.0,0.0,0.0
1788524389053.0,1800,9.8,0.0,0,0,0,0.0,0.0,0.0,0.0,0.0
1788524389427.0,1820,9.8,0.0,0,0,0,0.0,0.0,0.0,0.0,0.0
1788524389802.0,1840,9.8,0.0,0,0,0,0.0,0.0,0.0,0.0,0.0
1788524390178.0,1860,9.8,0.0,0,0,0,0.0,0.0,0.0,0.0,0.0
1788524390552.0,1880,9.8,0.0,0,0,0,0.0,0.0,0.0,0.0,0.0
1788524390927.0,1900,9.8,0.0,0,0,0,0.0,0.0,0.0,0.0,0.0
1788524391302.0,1920,9.8,0.0,0,0,0,0.0,0.0,0.0,0.0,0.0
1788524391677.0,1940,12.55,0.0,0,0,1,0.0,0.0,0.0,0.0,0.0
1788524392051.0,1960,7.98,0.0,0,0,1,0.0,0.0,0.0,0.0,0.0
1788524392427.0,1980,8.55,0.0,0,0,1,0.0,0.0,0.0,0.0,0.0
1788524392801.0,2000,12.36,0.0,0,0,1,0.0,0.0,0.0,0.0,0.0
1788524393176.0,2020,9.8,0.0,0,0,1,0.0,0.0,0.0,0.0,0.0
1788524393551.0,2040,9.8,0.0,0,0,1,0.0,0.0,0.0,0.0,0.0
1788524393928.0,2060,9.8,0.0,0,0,1,0.0,0.0,0.0,0.0,0.0
1788524394300.0,2080,9.8,0.0,0,0,1,0.0,0.0,0.0,0.0,0.0
1788524394676.0,2100,9.8,0.0,0,0,1,0.0,0.0,0.0,0.0,0.0
1788524395050.0,2120,9.8,0.0,0,0,1,0.0,0.0,0.0,0.0,0.0
1788524395427.0,2140,9.8,0.0,0,0,1,0.0,0.0,0.0,0.0,0.0
1788524395800.0,2160,9.8,0.0,0,0,1,0.0,0.0,0.0,0.0,0.0
1788524396175.0,2180,9.8,0.0,0,0,1,0.0,0.0,0.0,0.0,0.0
1788524396550.0,2200,9.8,0.0,0,0,1,0.0,0.0,0.0,0.0,0.0
1788524396925.0,2220,9.8,0.0,0,0,1,0.0,0.0,0.0,0.0,0.0
1788524397299.0,2240,9.8,0.0,0,0,1,0.0,0.0,0.0,0.0,0.0
1788524397677.0,2260,9.8,0.0,0,0,1,0.0,0.0,0.0,0.0,0.0
1788524398049.0,2280,11.19,0.0,0,0,1,0.0,0.0,0.0,0.0,0.0
1788524398426.0,2300,6.18,0.0,1,0,3,1.95,0.7,0.0,0.65,0.0
1788524398799.0,2320,9.72,0.0,1,0,4,1.95,1.3,0.0,1.3,0.0
1788524399173.0,2340,10.37,0.0,1,0,5,1.95,2.0,0.0,1.95,0.0
1788524399548.0,2360,10.01,0.0,1,1,7,1.95,3.2,0.0,3.25,0.0
1788524399923.0,2380,10.07,0.0,1,0,8,1.95,3.9,0.0,3.9,0.0
1788524400298.0,2400,10.0,0.0,1,0,9,1.95,4.5,0.0,4.55,0.0
1788524400672.0,2420,9.86,0.0,1,0,9,1.73,4.5,0.0,4.55,0.0
1788524401047.0,2440,9.8,0.0,1,0,9,1.58,4.5,0.0,4.55,0.0
1788524401422.0,2460,9.8,0.0,1,0,9,1.17,4.5,0.0,4.55,0.0
1788524401796.0,2480,9.8,0.0,1,0,10,1.17,5.2,0.0,5.2,0.0
1788524402171.0,2500,9.91,0.0,1,0,11,1.12,5.9,0.0,5.85,0.0
1788524402548.0,2520,11.29,0.0,1,0,12,1.04,6.5,0.0,6.5,0.0
1788524402921.0,2540,9.8,0.0,1,0,14,1.95,7.8,0.0,7.8,0.0
1788524403295.0,2560,9.8,0.0,1,0,14,1.83,7.8,0.0,7.8,0.0
1788524403670.0,2580,9.8,0.0,1,0,14,1.44,7.8,0.0,7.8,0.0
1788524404045.0,2600,9.8,0.0,1,0,14,1.28,7.8,0.0,7.8,0.0
1788524404420.0,2620,9.8,0.0,0,0,14,0.0,7.8,0.0,7.8,0.0
1788524404795.0,2640,9.8,0.0,0,0,14,0.0,7.8,0.0,7.8,0.0
1788524405170.0,2660,9.8,0.0,0,0,14,0.0,7.8,0.0,7.8,0.0
1788524405544.0,2680,9.8,0.0,0,0,14,0.0,7.8,0.0,7.8,0.0
1788524405919.0,2700,9.8,0.0,0,0,14,0.0,7.8,0.0,7.8,0.0
1788524406293.0,2720,9.8,0.0,0,0,14,0.0,7.8,0.0,7.8,0.0
1788524406669.0,2740,9.8,0.0,0,0,14,0.0,7.8,0.0,7.8,0.0
1788524407042.0,2760,9.8,0.0,0,0,14,0.0,7.8,0.0,7.8,0.0
1788524407418.0,2780,9.8,0.0,0,0,14,0.0,7.8,0.0,7.8,0.0
1788524407794.0,2800,9.8,0.0,0,0,14,0.0,7.8,0.0,7.8,0.0
1788524408169.0,2820,9.8,0.0,0,0,14,0.0,7.8,0.0,7.8,0.0
1788524408543.0,2840,9.8,0.0,0,0,14,0.0,7.8,0.0,7.8,0.0
1788524408917.0,2860,9.8,0.0,0,0,14,0.0,7.8,0.0,7.8,0.0
1788524409293.0,2880,10.87,0.0,0,0,14,0.0,7.8,0.0,7.8,0.0
1788524409667.0,2900,10.05,0.0,0,0,14,0.0,7.8,0.0,7.8,0.0
1788524410041.0,2920,11.08,0.0,1,0,16,1.95,8.5,0.0,8.45,0.0
1788524410416.0,2940,7.99,0.0,1,0,16,1.67,8.5,0.0,8.45,0.0
1788524410791.0,2960,10.09,0.0,1,0,17,1.95,9.1,0.0,9.1,0.0
1788524411166.0,2980,10.09,0.0,1,0,17,1.49,9.1,0.0,9.1,0.0
1788524411543.0,3000,9.98,0.0,1,0,17,1.16,9.1,0.0,9.1,0.0
1788524411916.0,3020,9.8,0.0,1,0,17,0.92,9.1,0.0,9.1,0.0
1788524412290.0,3040,10.88,0.0,1,0,18,0.93,9.8,0.0,9.75,0.0
1788524412665.0,3060,9.86,0.0,1,0,19,0.82,10.4,0.0,10.4,0.0
1788524413041.0,3080,9.8,0.0,1,0,19,0.92,10.4,0.0,10.4,0.0
1788524413414.0,3100,9.8,0.0,1,0,19,0.9,10.4,0.0,10.4,0.0
1788524413792.0,3120,9.8,0.0,0,0,19,0.0,10.4,0.0,10.4,0.0
1788524414163.0,3140,9.8,0.0,0,0,19,0.0,10.4,0.0,10.4,0.0
1788524414538.0,3160,9.8,0.0,0,0,19,0.0,10.4,0.0,10.4,0.0
1788524414914.0,3180,9.8,0.0,0,0,19,0.0,10.4,0.0,10.4,0.0
1788524415288.0,3200,9.8,0.0,0,0,19,0.0,10.4,0.0,10.4,0.0
1788524415662.0,3220,10.3,0.0,1,0,21,1.95,11.1,0.0,11.05,0.0
1788524416038.0,3240,7.28,0.0,1,0,21,1.95,11.1,0.0,11.05,0.0
1788524416411.0,3260,13.27,0.0,1,0,21,1.95,11.1,0.0,11.05,0.0
1788524416787.0,3280,9.97,0.0,1,0,22,1.95,11.7,0.0,11.7,0.0
1788524417162.0,3300,8.21,0.0,1,0,22,1.04,11.7,0.0,11.7,0.0
1788524417536.0,3320,13.42,0.0,1,0,23,1.36,12.4,0.0,12.35,0.0
1788524417911.0,3340,9.98,0.0,1,0,23,1.3,12.4,0.0,12.35,0.0
1788524418286.0,3360,9.98,0.0,1,0,23,1.09,12.4,0.0,12.35,0.0
1788524418660.0,3380,9.97,0.0,1,0,23,0.64,12.4,0.0,12.35,0.0
1788524419035.0,3400,9.98,0.0,1,0,23,0.56,12.4,0.0,12.35,0.0
1788524419409.0,3420,11.65,0.0,1,0,24,0.75,13.0,0.0,13.0,0.0
1788524419784.0,3440,9.9,0.0,1,0,24,0.64,13.0,0.0,13.0,0.0
1788524420159.0,3460,9.98,0.0,1,0,24,0.54,13.0,0.0,13.0,0.0
1788524420534.0,3480,9.99,0.0,1,0,24,0.34,13.0,0.0,13.0,0.0
1788524420909.0,3500,9.99,0.0,1,0,24,0.14,13.0,0.0,13.0,0.0
1788524421284.0,3520,6.19,0.0,0,0,24,0.0,13.0,0.0,13.0,0.0
1788524421658.0,3540,11.8,0.0,1,0,25,0.0,13.0,0.0,13.0,0.0
1788524422033.0,3560,11.29,0.0,1,0,25,0.0,13.0,0.0,13.0,0.0
1788524422408.0,3580,10.11,0.0,1,0,25,0.0,13.0,0.0,13.0,0.0
1788524422783.0,3600,10.11,0.0,0,0,25,0.0,13.0,0.0,13.0,0.0
1788524423157.0,3620,8.73,0.0,0,0,25,0.0,13.0,0.0,13.0,0.0
1788524423534.0,3640,15.7,0.0,1,0,26,0.0,13.0,0.0,13.0,0.0
1788524423908.0,3660,7.15,0.0,1,0,26,0.0,13.0,0.0,13.0,0.0
1788524424283.0,3680,10.08,0.0,1,0,26,0.0,13.0,0.0,13.0,0.0
1788524424658.0,3700,9.94,0.0,1,0,26,0.0,13.0,0.0,13.0,0.0
1788524425032.0,3720,9.95,0.0,1,0,26,0.0,13.0,0.0,13.0,0.0
1788524425411.0,3740,10.24,0.0,1,0,27,1.95,13.7,0.0,13.65,0.0
1788524425781.0,3760,11.16,0.0,1,0,27,1.95,13.7,0.0,13.65,0.0
1788524426159.0,3780,11.2,0.0,1,0,27,1.95,13.7,0.0,13.65,0.0
1788524426532.0,3800,10.02,0.0,1,0,27,1.79,13.7,0.0,13.65,0.0
1788524426906.0,3820,10.77,0.0,1,0,27,1.7,13.7,0.0,13.65,0.0
1788524427281.0,3840,12.12,0.0,1,0,28,1.95,14.3,0.0,14.3,0.0
1788524427656.0,3860,10.67,0.0,1,0,28,1.95,14.3,0.0,14.3,0.0
1788524428031.0,3880,11.44,0.0,1,0,28,1.95,14.3,0.0,14.3,0.0
1788524428405.0,3900,10.44,0.0,1,0,28,1.95,14.3,0.0,14.3,0.0
1788524428780.0,3920,11.31,0.0,1,0,28,1.95,14.3,0.0,14.3,0.0
1788524429155.0,3940,9.97,0.0,1,0,28,1.95,14.3,0.0,14.3,0.0
1788524429531.0,3960,11.25,0.0,1,0,28,1.95,14.3,0.0,14.3,0.0
1788524429906.0,3980,10.0,0.0,1,0,28,1.95,14.3,0.0,14.3,0.0
1788524430280.0,4000,10.02,0.0,1,0,28,1.95,14.3,0.0,14.3,0.0
1788524430655.0,4020,13.47,0.0,1,0,28,1.93,14.3,0.0,14.3,0.0
1788524431030.0,4040,5.49,0.0,1,0,28,1.89,14.3,0.0,14.3,0.0
1788524431405.0,4060,14.27,0.0,1,0,29,1.95,15.0,0.0,14.95,0.0
1788524431779.0,4080,11.37,0.0,1,0,29,1.95,15.0,0.0,14.95,0.0
1788524432154.0,4100,11.32,0.0,1,0,29,1.95,15.0,0.0,14.95,0.0
1788524432529.0,4120,2.91,0.0,1,0,29,1.95,15.0,0.0,14.95,0.0
1788524432904.0,4140,13.5,0.0,1,0,29,1.95,15.0,0.0,14.95,0.0
1788524433278.0,4160,10.93,0.0,1,0,29,1.95,15.0,0.0,14.95,0.0
1788524433654.0,4180,9.8,0.0,1,0,29,1.95,15.0,0.0,14.95,0.0
1788524434028.0,4200,9.8,0.0,1,0,29,1.95,15.0,0.0,14.95,0.0
1788524434404.0,4220,8.05,0.0,1,0,29,1.95,15.0,0.0,14.95,0.0
1788524434778.0,4240,8.33,0.0,1,0,29,1.95,15.0,0.0,14.95,0.0
1788524435153.0,4260,8.8,0.0,1,0,29,1.95,15.0,0.0,14.95,0.0
1788524435527.0,4280,13.3,0.0,1,0,30,1.95,15.6,0.0,15.6,0.0
1788524435906.0,4300,10.22,0.0,1,0,30,1.95,15.6,0.0,15.6,0.0
1788524436277.0,4320,11.56,0.0,1,0,30,1.95,15.6,0.0,15.6,0.0
1788524436653.0,4340,9.8,0.0,1,0,30,1.95,15.6,0.0,15.6,0.0
1788524437028.0,4360,10.17,0.0,1,0,30,1.95,15.6,0.0,15.6,0.0
1788524437402.0,4380,10.33,0.0,1,0,30,1.95,15.6,0.0,15.6,0.0
1788524437777.0,4400,12.23,0.0,1,0,30,1.95,15.6,0.0,15.6,0.0
1788524438151.0,4420,8.9,0.0,1,0,30,1.95,15.6,0.0,15.6,0.0
1788524438528.0,4440,12.27,0.0,1,0,30,1.95,15.6,0.0,15.6,0.0
1788524438902.0,4460,10.08,0.0,1,0,30,1.95,15.6,0.0,15.6,0.0
1788524439277.0,4480,9.09,0.0,1,0,30,1.95,15.6,0.0,15.6,0.0
1788524439652.0,4500,12.59,0.0,1,0,31,1.95,16.3,0.0,16.25,0.0
1788524440028.0,4520,9.9,0.0,1,0,31,1.95,16.3,0.0,16.25,0.0
1788524440401.0,4540,14.54,0.0,1,0,31,1.95,16.3,0.0,16.25,0.0
1788524440778.0,4560,16.73,0.0,1,0,31,1.95,16.3,0.0,16.25,0.0
1788524441151.0,4580,12.21,0.0,1,0,31,1.95,16.3,0.0,16.25,0.0
1788524441528.0,4600,10.84,0.0,1,0,31,1.95,16.3,0.0,16.25,0.0
1788524441901.0,4620,10.05,0.0,1,0,31,1.95,16.3,0.0,16.25,0.0
1788524442275.0,4640,10.37,0.0,1,0,31,1.95,16.3,0.0,16.25,0.0
1788524442650.0,4660,8.56,0.0,1,0,31,1.95,16.3,0.0,16.25,0.0
1788524443025.0,4680,13.53,0.0,1,0,31,1.95,16.3,0.0,16.25,0.0
1788524443400.0,4700,15.18,0.0,1,1,32,1.95,16.9,0.0,16.9,0.0
1788524443773.0,4720,10.22,0.0,1,0,32,1.95,16.9,0.0,16.9,0.0
1788524444148.0,4740,8.17,0.0,1,0,32,1.95,16.9,0.0,16.9,0.0
1788524444524.0,4760,12.67,0.0,1,0,32,1.95,16.9,0.0,16.9,0.0
1788524444898.0,4780,9.23,0.0,1,0,32,1.95,16.9,0.0,16.9,0.0
1788524445273.0,4800,14.38,0.0,1,0,33,1.95,17.6,0.0,17.55,0.0
1788524445648.0,4820,10.21,0.0,1,0,34,1.95,18.2,0.0,18.2,0.0
1788524446023.0,4840,11.18,0.0,1,0,34,1.95,18.2,0.0,18.2,0.0
1788524446398.0,4860,12.14,0.0,1,0,36,1.95,19.5,0.0,19.5,0.0
1788524446773.0,4880,10.6,0.0,1,0,37,1.95,20.1,0.0,20.15,0.0
1788524447146.0,4900,11.49,0.0,1,0,37,1.95,20.1,0.0,20.15,0.0
1788524447522.0,4920,9.99,0.0,1,0,39,1.95,21.4,0.0,21.45,0.0
1788524447897.0,4940,9.8,0.0,1,0,39,1.89,21.4,0.0,21.45,0.0
1788524448271.0,4960,9.91,0.0,1,0,39,1.58,21.4,0.0,21.45,0.0
1788524448647.0,4980,9.8,0.0,1,0,39,1.15,21.4,0.0,21.45,0.0
1788524449021.0,5000,9.89,0.0,0,0,39,0.0,21.4,0.0,21.45,0.0
1788524449396.0,5020,9.89,0.0,0,0,39,0.0,21.4,0.0,21.45,0.0
1788524449772.0,5040,9.9,0.0,0,0,39,0.0,21.4,0.0,21.45,0.0
1788524450145.0,5060,9.9,0.0,0,0,39,0.0,21.4,0.0,21.45,0.0
1788524450521.0,5080,9.91,0.0,0,0,39,0.0,21.4,0.0,21.45,0.0
1788524450896.0,5100,9.91,0.0,0,0,39,0.0,21.4,0.0,21.45,0.0
1788524451270.0,5120,9.9,0.0,0,0,39,0.0,21.4,0.0,21.45,0.0
1788524451645.0,5140,9.91,0.0,0,0,39,0.0,21.4,0.0,21.45,0.0
1788524452020.0,5160,10.31,0.0,1,0,40,0.0,21.4,0.0,21.45,0.0
1788524452395.0,5180,10.01,0.0,1,0,41,1.95,22.1,0.0,22.1,0.0
1788524452769.0,5200,10.01,0.0,1,0,41,1.45,22.1,0.0,22.1,0.0
1788524453144.0,5220,9.8,0.0,1,0,41,1.01,22.1,0.0,22.1,0.0
1788524453519.0,5240,9.8,0.0,1,0,41,0.78,22.1,0.0,22.1,0.0
1788524453894.0,5260,9.8,0.0,0,0,41,0.0,22.1,0.0,22.1,0.0
1788524454270.0,5280,9.8,0.0,0,0,41,0.0,22.1,0.0,22.1,0.0
1788524454644.0,5300,9.8,0.0,0,0,41,0.0,22.1,0.0,22.1,0.0
1788524455020.0,5320,9.8,0.0,0,0,41,0.0,22.1,0.0,22.1,0.0
1788524455394.0,5340,9.8,0.0,0,0,41,0.0,22.1,0.0,22.1,0.0
1788524455769.0,5360,9.8,0.0,0,0,41,0.0,22.1,0.0,22.1,0.0
1788524456144.0,5380,9.8,0.0,0,0,41,0.0,22.1,0.0,22.1,0.0
1788524456519.0,5400,9.8,0.0,0,0,41,0.0,22.1,0.0,22.1,0.0
1788524456896.0,5420,9.8,0.0,0,0,41,0.0,22.1,0.0,22.1,0.0
1788524457268.0,5440,9.8,0.0,0,0,41,0.0,22.1,0.0,22.1,0.0
1788524457645.0,5460,9.8,0.0,0,0,41,0.0,22.1,0.0,22.1,0.0
1788524458019.0,5480,9.8,0.0,0,0,41,0.0,22.1,0.0,22.1,0.0
1788524458392.0,5500,9.8,0.0,0,0,41,0.0,22.1,0.0,22.1,0.0
1788524458768.0,5520,9.8,0.0,0,0,41,0.0,22.1,0.0,22.1,0.0
1788524459144.0,5540,9.8,0.0,0,0,41,0.0,22.1,0.0,22.1,0.0
1788524459518.0,5560,9.8,0.0,0,0,41,0.0,22.1,0.0,22.1,0.0
1788524459893.0,5580,9.8,0.0,0,0,41,0.0,22.1,0.0,22.1,0.0
1788524460267.0,5600,9.8,0.0,0,0,41,0.0,22.1,0.0,22.1,0.0
1788524460642.0,5620,9.8,0.0,0,0,41,0.0,22.1,0.0,22.1,0.0
1788524461016.0,5640,9.8,0.0,0,0,41,0.0,22.1,0.0,22.1,0.0
1788524461392.0,5660,9.8,0.0,0,0,41,0.0,22.1,0.0,22.1,0.0
1788524461767.0,5680,9.8,0.0,0,0,41,0.0,22.1,0.0,22.1,0.0
1788524462141.0,5700,9.8,0.0,0,0,41,0.0,22.1,0.0,22.1,0.0
1788524462516.0,5720,9.8,0.0,0,0,41,0.0,22.1,0.0,22.1,0.0
1788524462891.0,5740,9.8,0.0,0,0,41,0.0,22.1,0.0,22.1,0.0
1788524463266.0,5760,9.8,0.0,0,0,41,0.0,22.1,0.0,22.1,0.0
1788524463644.0,5780,9.8,0.0,0,0,41,0.0,22.1,0.0,22.1,0.0
1788524464016.0,5800,9.8,0.0,0,0,41,0.0,22.1,0.0,22.1,0.0
1788524464396.0,5820,9.8,0.0,0,0,41,0.0,22.1,0.0,22.1,0.0
1788524464766.0,5840,9.8,0.0,0,0,41,0.0,22.1,0.0,22.1,0.0
1788524465145.0,5860,9.8,0.0,0,0,41,0.0,22.1,0.0,22.1,0.0
1788524465516.0,5880,9.8,0.0,0,0,41,0.0,22.1,0.0,22.1,0.0
1788524465894.0,5900,9.8,0.0,0,0,41,0.0,22.1,0.0,22.1,0.0
1788524466265.0,5920,9.8,0.0,0,0,41,0.0,22.1,0.0,22.1,0.0
1788524466640.0,5940,9.8,0.0,0,0,41,0.0,22.1,0.0,22.1,0.0
1788524467015.0,5960,9.8,0.0,0,0,41,0.0,22.1,0.0,22.1,0.0
1788524467389.0,5980,9.8,0.0,0,0,41,0.0,22.1,0.0,22.1,0.0
1788524467764.0,6000,9.8,0.0,0,0,41,0.0,22.1,0.0,22.1,0.0
1788524468139.0,6020,9.8,0.0,0,0,41,0.0,22.1,0.0,22.1,0.0
1788524468514.0,6040,9.8,0.0,0,0,41,0.0,22.1,0.0,22.1,0.0
1788524468889.0,6060,9.8,0.0,0,0,41,0.0,22.1,0.0,22.1,0.0
1788524469264.0,6080,9.8,0.0,0,0,41,0.0,22.1,0.0,22.1,0.0
1788524469639.0,6100,9.8,0.0,0,0,41,0.0,22.1,0.0,22.1,0.0
1788524470014.0,6120,9.8,0.0,0,0,41,0.0,22.1,0.0,22.1,0.0
1788524470388.0,6140,9.8,0.0,0,0,41,0.0,22.1,0.0,22.1,0.0
1788524470763.0,6160,9.8,0.0,0,0,41,0.0,22.1,0.0,22.1,0.0
1788524471138.0,6180,9.8,0.0,0,0,41,0.0,22.1,0.0,22.1,0.0
1788524471513.0,6200,9.8,0.0,0,0,41,0.0,22.1,0.0,22.1,0.0
1788524471888.0,6220,9.8,0.0,0,0,41,0.0,22.1,0.0,22.1,0.0
1788524472263.0,6240,9.8,0.0,0,0,41,0.0,22.1,0.0,22.1,0.0
1788524472638.0,6260,9.8,0.0,0,0,41,0.0,22.1,0.0,22.1,0.0
1788524473013.0,6280,9.8,0.0,0,0,41,0.0,22.1,0.0,22.1,0.0
1788524473388.0,6300,9.8,0.0,0,0,41,0.0,22.1,0.0,22.1,0.0
1788524473762.0,6320,9.8,0.0,0,0,41,0.0,22.1,0.0,22.1,0.0
1788524474138.0,6340,9.8,0.0,0,0,41,0.0,22.1,0.0,22.1,0.0
1788524474512.0,6360,9.8,0.0,0,0,41,0.0,22.1,0.0,22.1,0.0
1788524474888.0,6380,9.8,0.0,0,0,41,0.0,22.1,0.0,22.1,0.0
1788524475262.0,6400,9.8,0.0,0,0,41,0.0,22.1,0.0,22.1,0.0
1788524475637.0,6420,9.8,0.0,0,0,41,0.0,22.1,0.0,22.1,0.0
1788524476012.0,6440,9.8,0.0,0,0,41,0.0,22.1,0.0,22.1,0.0
1788524476386.0,6460,9.8,0.0,0,0,41,0.0,22.1,0.0,22.1,0.0
1788524476761.0,6480,9.8,0.0,0,0,41,0.0,22.1,0.0,22.1,0.0
1788524477136.0,6500,9.8,0.0,0,0,41,0.0,22.1,0.0,22.1,0.0
1788524477511.0,6520,9.8,0.0,0,0,41,0.0,22.1,0.0,22.1,0.0
1788524477886.0,6540,9.8,0.0,0,0,41,0.0,22.1,0.0,22.1,0.0
1788524478260.0,6560,9.8,0.0,0,0,41,0.0,22.1,0.0,22.1,0.0
1788524478635.0,6580,9.8,0.0,0,0,41,0.0,22.1,0.0,22.1,0.0
1788524479010.0,6600,9.8,0.0,0,0,41,0.0,22.1,0.0,22.1,0.0
1788524479384.0,6620,9.8,0.0,0,0,41,0.0,22.1,0.0,22.1,0.0
1788524479759.0,6640,9.8,0.0,0,0,41,0.0,22.1,0.0,22.1,0.0
1788524480135.0,6660,9.8,0.0,0,0,41,0.0,22.1,0.0,22.1,0.0
1788524480509.0,6680,9.8,0.0,0,0,41,0.0,22.1,0.0,22.1,0.0
1788524480885.0,6700,9.8,0.0,0,0,41,0.0,22.1,0.0,22.1,0.0
1788524481259.0,6720,9.8,0.0,0,0,41,0.0,22.1,0.0,22.1,0.0
1788524481634.0,6740,9.8,0.0,0,0,41,0.0,22.1,0.0,22.1,0.0
1788524482009.0,6760,9.8,0.0,0,0,41,0.0,22.1,0.0,22.1,0.0
1788524482384.0,6780,9.8,0.0,0,0,41,0.0,22.1,0.0,22.1,0.0
1788524482759.0,6800,9.8,0.0,0,0,41,0.0,22.1,0.0,22.1,0.0
1788524483133.0,6820,9.8,0.0,0,0,41,0.0,22.1,0.0,22.1,0.0
1788524483508.0,6840,9.8,0.0,0,0,41,0.0,22.1,0.0,22.1,0.0
1788524483884.0,6860,9.8,0.0,0,0,41,0.0,22.1,0.0,22.1,0.0
1788524484260.0,6880,9.8,0.0,0,0,41,0.0,22.1,0.0,22.1,0.0
1788524484633.0,6900,9.8,0.0,0,0,41,0.0,22.1,0.0,22.1,0.0
1788524485009.0,6920,9.8,0.0,0,0,41,0.0,22.1,0.0,22.1,0.0
1788524485383.0,6940,9.8,0.0,0,0,41,0.0,22.1,0.0,22.1,0.0
1788524485760.0,6960,9.8,0.0,0,0,41,0.0,22.1,0.0,22.1,0.0
1788524486132.0,6980,9.8,0.0,0,0,41,0.0,22.1,0.0,22.1,0.0
1788524486508.0,7000,9.8,0.0,0,0,41,0.0,22.1,0.0,22.1,0.0
1788524486883.0,7020,9.8,0.0,0,0,41,0.0,22.1,0.0,22.1,0.0
1788524487260.0,7040,9.8,0.0,0,0,41,0.0,22.1,0.0,22.1,0.0
1788524487632.0,7060,9.8,0.0,0,0,41,0.0,22.1,0.0,22.1,0.0
1788524488008.0,7080,9.8,0.0,0,0,41,0.0,22.1,0.0,22.1,0.0
1788524488382.0,7100,9.8,0.0,0,0,41,0.0,22.1,0.0,22.1,0.0
1788524488760.0,7120,9.8,0.0,0,0,41,0.0,22.1,0.0,22.1,0.0
1788524489131.0,7140,9.8,0.0,0,0,41,0.0,22.1,0.0,22.1,0.0
1788524489510.0,7160,9.8,0.0,0,0,41,0.0,22.1,0.0,22.1,0.0
1788524489881.0,7180,9.8,0.0,0,0,41,0.0,22.1,0.0,22.1,0.0
1788524490255.0,7200,9.8,0.0,0,0,41,0.0,22.1,0.0,22.1,0.0
1788524490630.0,7220,9.8,0.0,0,0,41,0.0,22.1,0.0,22.1,0.0
1788524491005.0,7240,9.8,0.0,0,0,41,0.0,22.1,0.0,22.1,0.0
1788524491380.0,7260,9.8,0.0,0,0,41,0.0,22.1,0.0,22.1,0.0
1788524491754.0,7280,9.8,0.0,0,0,41,0.0,22.1,0.0,22.1,0.0
1788524492129.0,7300,9.8,0.0,0,0,41,0.0,22.1,0.0,22.1,0.0
1788524492504.0,7320,9.8,0.0,0,0,41,0.0,22.1,0.0,22.1,0.0
1788524492879.0,7340,9.8,0.0,0,0,41,0.0,22.1,0.0,22.1,0.0
1788524493253.0,7360,9.8,0.0,0,0,41,0.0,22.1,0.0,22.1,0.0
1788524493628.0,7380,9.8,0.0,0,0,41,0.0,22.1,0.0,22.1,0.0
1788524494003.0,7400,9.8,0.0,0,0,41,0.0,22.1,0.0,22.1,0.0
1788524494377.0,7420,9.8,0.0,0,0,41,0.0,22.1,0.0,22.1,0.0
1788524494752.0,7440,9.8,0.0,0,0,41,0.0,22.1,0.0,22.1,0.0
1788524495127.0,7460,9.8,0.0,0,0,41,0.0,22.1,0.0,22.1,0.0
1788524495501.0,7480,9.8,0.0,0,0,41,0.0,22.1,0.0,22.1,0.0
1788524495876.0,7500,9.8,0.0,0,0,41,0.0,22.1,0.0,22.1,0.0
1788524496252.0,7520,9.8,0.0,0,0,41,0.0,22.1,0.0,22.1,0.0
1788524496626.0,7540,9.8,0.0,0,0,41,0.0,22.1,0.0,22.1,0.0
1788524497000.0,7560,9.8,0.0,0,0,41,0.0,22.1,0.0,22.1,0.0
1788524497378.0,7580,9.8,0.0,0,0,41,0.0,22.1,0.0,22.1,0.0
1788524497751.0,7600,9.8,0.0,0,0,41,0.0,22.1,0.0,22.1,0.0
1788524498124.0,7620,9.8,0.0,0,0,41,0.0,22.1,0.0,22.1,0.0
1788524498500.0,7640,9.8,0.0,0,0,41,0.0,22.1,0.0,22.1,0.0
1788524498876.0,7660,9.8,0.0,0,0,41,0.0,22.1,0.0,22.1,0.0
1788524499250.0,7680,9.8,0.0,0,0,41,0.0,22.1,0.0,22.1,0.0
1788524499626.0,7700,9.8,0.0,0,0,41,0.0,22.1,0.0,22.1,0.0
1788524499998.0,7720,9.8,0.0,0,0,41,0.0,22.1,0.0,22.1,0.0
1788524500373.0,7740,9.8,0.0,0,0,41,0.0,22.1,0.0,22.1,0.0
1788524500748.0,7760,9.8,0.0,0,0,41,0.0,22.1,0.0,22.1,0.0
1788524501127.0,7780,9.8,0.0,0,0,41,0.0,22.1,0.0,22.1,0.0
1788524501499.0,7800,9.8,0.0,0,0,41,0.0,22.1,0.0,22.1,0.0
1788524501873.0,7820,9.8,0.0,0,0,41,0.0,22.1,0.0,22.1,0.0
1788524502248.0,7840,9.8,0.0,0,0,41,0.0,22.1,0.0,22.1,0.0
1788524502623.0,7860,9.8,0.0,0,0,41,0.0,22.1,0.0,22.1,0.0
1788524502998.0,7880,9.8,0.0,0,0,41,0.0,22.1,0.0,22.1,0.0
1788524503373.0,7900,9.8,0.0,0,0,41,0.0,22.1,0.0,22.1,0.0
1788524503748.0,7920,9.8,0.0,0,0,41,0.0,22.1,0.0,22.1,0.0
1788524504122.0,7940,9.8,0.0,0,0,41,0.0,22.1,0.0,22.1,0.0
1788524504497.0,7960,9.8,0.0,0,0,41,0.0,22.1,0.0,22.1,0.0
1788524504871.0,7980,9.8,0.0,0,0,41,0.0,22.1,0.0,22.1,0.0
1788524505247.0,8000,9.8,0.0,0,0,41,0.0,22.1,0.0,22.1,0.0
1788524505622.0,8020,9.8,0.0,0,0,41,0.0,22.1,0.0,22.1,0.0
1788524505996.0,8040,9.8,0.0,0,0,41,0.0,22.1,0.0,22.1,0.0
1788524506372.0,8060,9.8,0.0,0,0,41,0.0,22.1,0.0,22.1,0.0
1788524506746.0,8080,9.8,0.0,0,0,41,0.0,22.1,0.0,22.1,0.0
1788524507121.0,8100,9.8,0.0,0,0,41,0.0,22.1,0.0,22.1,0.0
1788524507494.0,8120,9.8,0.0,0,0,41,0.0,22.1,0.0,22.1,0.0
1788524507871.0,8140,9.8,0.0,0,0,41,0.0,22.1,0.0,22.1,0.0
1788524508244.0,8160,9.8,0.0,0,0,41,0.0,22.1,0.0,22.1,0.0
1788524508620.0,8180,9.8,0.0,0,0,41,0.0,22.1,0.0,22.1,0.0
1788524508994.0,8200,9.8,0.0,0,0,41,0.0,22.1,0.0,22.1,0.0
1788524509369.0,8220,9.8,0.0,0,0,41,0.0,22.1,0.0,22.1,0.0
1788524509743.0,8240,9.8,0.0,0,0,41,0.0,22.1,0.0,22.1,0.0
1788524510120.0,8260,9.8,0.0,0,0,41,0.0,22.1,0.0,22.1,0.0
1788524510496.0,8280,9.8,0.0,0,0,41,0.0,22.1,0.0,22.1,0.0
1788524510868.0,8300,9.8,0.0,0,0,41,0.0,22.1,0.0,22.1,0.0
1788524511244.0,8320,9.8,0.0,0,0,41,0.0,22.1,0.0,22.1,0.0
1788524511619.0,8340,9.8,0.0,0,0,41,0.0,22.1,0.0,22.1,0.0
1788524511992.0,8360,9.8,0.0,0,0,41,0.0,22.1,0.0,22.1,0.0
1788524512367.0,8380,9.8,0.0,0,0,41,0.0,22.1,0.0,22.1,0.0
1788524512744.0,8400,9.8,0.0,0,0,41,0.0,22.1,0.0,22.1,0.0
1788524513116.0,8420,9.8,0.0,0,0,41,0.0,22.1,0.0,22.1,0.0
1788524513496.0,8440,9.8,0.0,0,0,41,0.0,22.1,0.0,22.1,0.0
1788524513868.0,8460,9.8,0.0,0,0,41,0.0,22.1,0.0,22.1,0.0
1788524514245.0,8480,9.8,0.0,0,0,41,0.0,22.1,0.0,22.1,0.0
1788524514616.0,8500,9.8,0.0,0,0,41,0.0,22.1,0.0,22.1,0.0
1788524514996.0,8520,9.8,0.0,0,0,41,0.0,22.1,0.0,22.1,0.0
1788524515366.0,8540,9.8,0.0,0,0,41,0.0,22.1,0.0,22.1,0.0
1788524515740.0,8560,9.8,0.0,0,0,41,0.0,22.1,0.0,22.1,0.0
1788524516115.0,8580,9.8,0.0,0,0,41,0.0,22.1,0.0,22.1,0.0
1788524516490.0,8600,9.8,0.0,0,0,41,0.0,22.1,0.0,22.1,0.0
1788524516865.0,8620,9.8,0.0,0,0,41,0.0,22.1,0.0,22.1,0.0
1788524517239.0,8640,9.8,0.0,0,0,41,0.0,22.1,0.0,22.1,0.0
1788524517613.0,8660,9.8,0.0,0,0,41,0.0,22.1,0.0,22.1,0.0
1788524517989.0,8680,9.8,0.0,0,0,41,0.0,22.1,0.0,22.1,0.0
1788524518363.0,8700,9.8,0.0,0,0,41,0.0,22.1,0.0,22.1,0.0
1788524518738.0,8720,9.8,0.0,0,0,41,0.0,22.1,0.0,22.1,0.0
1788524519112.0,8740,9.8,0.0,0,0,41,0.0,22.1,0.0,22.1,0.0
1788524519488.0,8760,9.8,0.0,0,0,41,0.0,22.1,0.0,22.1,0.0
1788524519863.0,8780,9.8,0.0,0,0,41,0.0,22.1,0.0,22.1,0.0
1788524520236.0,8800,9.8,0.0,0,0,41,0.0,22.1,0.0,22.1,0.0
1788524520611.0,8820,9.8,0.0,0,0,41,0.0,22.1,0.0,22.1,0.0
1788524520987.0,8840,9.8,0.0,0,0,41,0.0,22.1,0.0,22.1,0.0
1788524521361.0,8860,9.8,0.0,0,0,41,0.0,22.1,0.0,22.1,0.0
1788524521736.0,8880,9.8,0.0,0,0,41,0.0,22.1,0.0,22.1,0.0
1788524522114.0,8900,9.8,0.0,0,0,41,0.0,22.1,0.0,22.1,0.0
1788524522486.0,8920,9.8,0.0,0,0,41,0.0,22.1,0.0,22.1,0.0
1788524522860.0,8940,9.8,0.0,0,0,41,0.0,22.1,0.0,22.1,0.0
1788524523235.0,8960,9.8,0.0,0,0,41,0.0,22.1,0.0,22.1,0.0
1788524523610.0,8980,9.8,0.0,0,0,41,0.0,22.1,0.0,22.1,0.0
1788524523985.0,9000,9.8,0.0,0,0,41,0.0,22.1,0.0,22.1,0.0
1788524524360.0,9020,9.8,0.0,0,0,41,0.0,22.1,0.0,22.1,0.0
1788524524735.0,9040,9.8,0.0,0,0,41,0.0,22.1,0.0,22.1,0.0
1788524525109.0,9060,9.8,0.0,0,0,41,0.0,22.1,0.0,22.1,0.0
1788524525484.0,9080,9.8,0.0,0,0,41,0.0,22.1,0.0,22.1,0.0
1788524525862.0,9100,9.8,0.0,0,0,41,0.0,22.1,0.0,22.1,0.0
1788524526234.0,9120,9.8,0.0,0,0,41,0.0,22.1,0.0,22.1,0.0
1788524526612.0,9140,9.8,0.0,0,0,41,0.0,22.1,0.0,22.1,0.0
1788524526983.0,9160,9.8,0.0,0,0,41,0.0,22.1,0.0,22.1,0.0
1788524527358.0,9180,9.8,0.0,0,0,41,0.0,22.1,0.0,22.1,0.0
1788524527733.0,9200,9.8,0.0,0,0,41,0.0,22.1,0.0,22.1,0.0
1788524528111.0,9220,9.8,0.0,0,0,41,0.0,22.1,0.0,22.1,0.0
1788524528482.0,9240,9.8,0.0,0,0,41,0.0,22.1,0.0,22.1,0.0
1788524528857.0,9260,9.8,0.0,0,0,41,0.0,22.1,0.0,22.1,0.0
1788524529231.0,9280,9.8,0.0,0,0,41,0.0,22.1,0.0,22.1,0.0
1788524529605.0,9300,9.8,0.0,0,0,41,0.0,22.1,0.0,22.1,0.0
1788524529981.0,9320,9.8,0.0,0,0,41,0.0,22.1,0.0,22.1,0.0
1788524530356.0,9340,9.8,0.0,0,0,41,0.0,22.1,0.0,22.1,0.0
1788524530729.0,9360,9.8,0.0,0,0,41,0.0,22.1,0.0,22.1,0.0
1788524531104.0,9380,9.8,0.0,0,0,41,0.0,22.1,0.0,22.1,0.0
1788524531479.0,9400,9.8,0.0,0,0,41,0.0,22.1,0.0,22.1,0.0
1788524531852.0,9420,9.8,0.0,0,0,41,0.0,22.1,0.0,22.1,0.0
1788524532227.0,9440,9.8,0.0,0,0,41,0.0,22.1,0.0,22.1,0.0
1788524532602.0,9460,9.8,0.0,0,0,41,0.0,22.1,0.0,22.1,0.0
1788524532977.0,9480,9.8,0.0,0,0,41,0.0,22.1,0.0,22.1,0.0
1788524533351.0,9500,9.8,0.0,0,0,41,0.0,22.1,0.0,22.1,0.0
1788524533727.0,9520,9.8,0.0,0,0,41,0.0,22.1,0.0,22.1,0.0
1788524534100.0,9540,9.8,0.0,0,0,41,0.0,22.1,0.0,22.1,0.0
1788524534476.0,9560,9.8,0.0,0,0,41,0.0,22.1,0.0,22.1,0.0
1788524534850.0,9580,9.8,0.0,0,0,41,0.0,22.1,0.0,22.1,0.0
1788524535225.0,9600,9.8,0.0,0,0,41,0.0,22.1,0.0,22.1,0.0
1788524535599.0,9620,9.8,0.0,0,0,41,0.0,22.1,0.0,22.1,0.0
1788524535975.0,9640,9.8,0.0,0,0,41,0.0,22.1,0.0,22.1,0.0
1788524536349.0,9660,9.8,0.0,0,0,41,0.0,22.1,0.0,22.1,0.0
1788524536726.0,9680,9.8,0.0,0,0,41,0.0,22.1,0.0,22.1,0.0
1788524537098.0,9700,9.8,0.0,0,0,41,0.0,22.1,0.0,22.1,0.0
1788524537474.0,9720,9.8,0.0,0,0,41,0.0,22.1,0.0,22.1,0.0
1788524537847.0,9740,9.8,0.0,0,0,41,0.0,22.1,0.0,22.1,0.0
1788524538222.0,9760,9.8,0.0,0,0,41,0.0,22.1,0.0,22.1,0.0
1788524538597.0,9780,9.8,0.0,0,0,41,0.0,22.1,0.0,22.1,0.0
1788524538972.0,9800,9.8,0.0,0,0,41,0.0,22.1,0.0,22.1,0.0
1788524539346.0,9820,9.8,0.0,0,0,41,0.0,22.1,0.0,22.1,0.0
1788524539721.0,9840,9.8,0.0,0,0,41,0.0,22.1,0.0,22.1,0.0
1788524540096.0,9860,9.8,0.0,0,0,41,0.0,22.1,0.0,22.1,0.0
1788524540471.0,9880,9.8,0.0,0,0,41,0.0,22.1,0.0,22.1,0.0
1788524540846.0,9900,9.8,0.0,0,0,41,0.0,22.1,0.0,22.1,0.0
1788524541220.0,9920,9.8,0.0,0,0,41,0.0,22.1,0.0,22.1,0.0
1788524541595.0,9940,9.8,0.0,0,0,41,0.0,22.1,0.0,22.1,0.0
1788524541970.0,9960,9.8,0.0,0,0,41,0.0,22.1,0.0,22.1,0.0
1788524542345.0,9980,9.8,0.0,0,0,41,0.0,22.1,0.0,22.1,0.0
1788524542720.0,10000,9.8,0.0,0,0,41,0.0,22.1,0.0,22.1,0.0
1788524543095.0,10020,9.8,0.0,0,0,41,0.0,22.1,0.0,22.1,0.0
1788524543470.0,10040,9.8,0.0,0,0,41,0.0,22.1,0.0,22.1,0.0
1788524543845.0,10060,9.8,0.0,0,0,41,0.0,22.1,0.0,22.1,0.0
1788524544220.0,10080,9.8,0.0,0,0,41,0.0,22.1,0.0,22.1,0.0
1788524544594.0,10100,9.8,0.0,0,0,41,0.0,22.1,0.0,22.1,0.0
1788524544968.0,10120,9.8,0.0,0,0,41,0.0,22.1,0.0,22.1,0.0
1788524545345.0,10140,9.8,0.0,0,0,41,0.0,22.1,0.0,22.1,0.0
1788524545719.0,10160,9.8,0.0,0,0,41,0.0,22.1,0.0,22.1,0.0
1788524546093.0,10180,9.8,0.0,0,0,41,0.0,22.1,0.0,22.1,0.0
1788524546467.0,10200,9.8,0.0,0,0,41,0.0,22.1,0.0,22.1,0.0
1788524546846.0,10220,9.8,0.0,0,0,41,0.0,22.1,0.0,22.1,0.0
1788524547216.0,10240,9.8,0.0,0,0,41,0.0,22.1,0.0,22.1,0.0
1788524547598.0,10260,9.8,0.0,0,0,41,0.0,22.1,0.0,22.1,0.0
1788524547968.0,10280,9.8,0.0,0,0,41,0.0,22.1,0.0,22.1,0.0
1788524548341.0,10300,9.8,0.0,0,0,41,0.0,22.1,0.0,22.1,0.0
1788524548717.0,10320,9.8,0.0,0,0,41,0.0,22.1,0.0,22.1,0.0
1788524549091.0,10340,9.8,0.0,0,0,41,0.0,22.1,0.0,22.1,0.0
1788524549466.0,10360,9.8,0.0,0,0,41,0.0,22.1,0.0,22.1,0.0
1788524549840.0,10380,9.8,0.0,0,0,41,0.0,22.1,0.0,22.1,0.0
1788524550216.0,10400,9.8,0.0,0,0,41,0.0,22.1,0.0,22.1,0.0
1788524550590.0,10420,9.8,0.0,0,0,41,0.0,22.1,0.0,22.1,0.0
1788524550963.0,10440,9.8,0.0,0,0,41,0.0,22.1,0.0,22.1,0.0
1788524551338.0,10460,9.8,0.0,0,0,41,0.0,22.1,0.0,22.1,0.0
1788524551713.0,10480,9.8,0.0,0,0,41,0.0,22.1,0.0,22.1,0.0
1788524552088.0,10500,9.8,0.0,0,0,41,0.0,22.1,0.0,22.1,0.0
1788524552464.0,10520,9.8,0.0,0,0,41,0.0,22.1,0.0,22.1,0.0
1788524552838.0,10540,9.8,0.0,0,0,41,0.0,22.1,0.0,22.1,0.0
1788524553213.0,10560,9.8,0.0,0,0,41,0.0,22.1,0.0,22.1,0.0
1788524553588.0,10580,9.8,0.0,0,0,41,0.0,22.1,0.0,22.1,0.0
1788524553962.0,10600,9.8,0.0,0,0,41,0.0,22.1,0.0,22.1,0.0
1788524554337.0,10620,9.8,0.0,0,0,41,0.0,22.1,0.0,22.1,0.0
1788524554711.0,10640,9.8,0.0,0,0,41,0.0,22.1,0.0,22.1,0.0
1788524555086.0,10660,9.8,0.0,0,0,41,0.0,22.1,0.0,22.1,0.0
1788524555463.0,10680,9.8,0.0,0,0,41,0.0,22.1,0.0,22.1,0.0
1788524555835.0,10700,9.8,0.0,0,0,41,0.0,22.1,0.0,22.1,0.0
1788524556210.0,10720,9.8,0.0,0,0,41,0.0,22.1,0.0,22.1,0.0
1788524556585.0,10740,9.8,0.0,0,0,41,0.0,22.1,0.0,22.1,0.0
1788524556960.0,10760,9.8,0.0,0,0,41,0.0,22.1,0.0,22.1,0.0
1788524557336.0,10780,9.8,0.0,0,0,41,0.0,22.1,0.0,22.1,0.0
1788524557710.0,10800,9.8,0.0,0,0,41,0.0,22.1,0.0,22.1,0.0
1788524558084.0,10820,9.8,0.0,0,0,41,0.0,22.1,0.0,22.1,0.0
1788524558458.0,10840,9.8,0.0,0,0,41,0.0,22.1,0.0,22.1,0.0
1788524558834.0,10860,9.8,0.0,0,0,41,0.0,22.1,0.0,22.1,0.0
1788524559209.0,10880,9.8,0.0,0,0,41,0.0,22.1,0.0,22.1,0.0
1788524559584.0,10900,9.8,0.0,0,0,41,0.0,22.1,0.0,22.1,0.0
1788524559958.0,10920,9.8,0.0,0,0,41,0.0,22.1,0.0,22.1,0.0
1788524560333.0,10940,9.8,0.0,0,0,41,0.0,22.1,0.0,22.1,0.0
1788524560712.0,10960,9.8,0.0,0,0,41,0.0,22.1,0.0,22.1,0.0
1788524561083.0,10980,9.8,0.0,0,0,41,0.0,22.1,0.0,22.1,0.0
1788524561458.0,11000,9.8,0.0,0,0,41,0.0,22.1,0.0,22.1,0.0
1788524561832.0,11020,9.8,0.0,0,0,41,0.0,22.1,0.0,22.1,0.0
1788524562207.0,11040,9.8,0.0,0,0,41,0.0,22.1,0.0,22.1,0.0
1788524562581.0,11060,9.8,0.0,0,0,41,0.0,22.1,0.0,22.1,0.0
1788524562955.0,11080,9.8,0.0,0,0,41,0.0,22.1,0.0,22.1,0.0
1788524563330.0,11100,9.8,0.0,0,0,41,0.0,22.1,0.0,22.1,0.0
1788524563706.0,11120,9.8,0.0,0,0,41,0.0,22.1,0.0,22.1,0.0
1788524564079.0,11140,9.8,0.0,0,0,41,0.0,22.1,0.0,22.1,0.0
1788524564455.0,11160,9.8,0.0,0,0,41,0.0,22.1,0.0,22.1,0.0
1788524564829.0,11180,9.8,0.0,0,0,41,0.0,22.1,0.0,22.1,0.0
1788524565203.0,11200,9.8,0.0,0,0,41,0.0,22.1,0.0,22.1,0.0
1788524565579.0,11220,9.8,0.0,0,0,41,0.0,22.1,0.0,22.1,0.0
1788524565953.0,11240,9.8,0.0,0,0,41,0.0,22.1,0.0,22.1,0.0
1788524566327.0,11260,9.8,0.0,0,0,41,0.0,22.1,0.0,22.1,0.0
1788524566703.0,11280,9.8,0.0,0,0,41,0.0,22.1,0.0,22.1,0.0
1788524567077.0,11300,9.8,0.0,0,0,41,0.0,22.1,0.0,22.1,0.0
1788524567452.0,11320,9.8,0.0,0,0,41,0.0,22.1,0.0,22.1,0.0
1788524567829.0,11340,9.8,0.0,0,0,41,0.0,22.1,0.0,22.1,0.0
1788524568201.0,11360,9.8,0.0,0,0,41,0.0,22.1,0.0,22.1,0.0
1788524568577.0,11380,9.8,0.0,0,0,41,0.0,22.1,0.0,22.1,0.0
1788524568950.0,11400,9.8,0.0,0,0,41,0.0,22.1,0.0,22.1,0.0
1788524569329.0,11420,9.8,0.0,0,0,41,0.0,22.1,0.0,22.1,0.0
1788524569701.0,11440,9.8,0.0,0,0,41,0.0,22.1,0.0,22.1,0.0
1788524570079.0,11460,9.8,0.0,0,0,41,0.0,22.1,0.0,22.1,0.0
1788524570449.0,11480,9.8,0.0,0,0,41,0.0,22.1,0.0,22.1,0.0
1788524570825.0,11500,9.8,0.0,0,0,41,0.0,22.1,0.0,22.1,0.0
1788524571199.0,11520,9.8,0.0,0,0,41,0.0,22.1,0.0,22.1,0.0
1788524571578.0,11540,9.8,0.0,0,0,41,0.0,22.1,0.0,22.1,0.0
1788524571949.0,11560,9.8,0.0,0,0,41,0.0,22.1,0.0,22.1,0.0
1788524572328.0,11580,9.8,0.0,0,0,41,0.0,22.1,0.0,22.1,0.0
1788524572699.0,11600,9.8,0.0,0,0,41,0.0,22.1,0.0,22.1,0.0
1788524573079.0,11620,9.8,0.0,0,0,41,0.0,22.1,0.0,22.1,0.0
1788524573449.0,11640,9.8,0.0,0,0,41,0.0,22.1,0.0,22.1,0.0
1788524573823.0,11660,9.8,0.0,0,0,41,0.0,22.1,0.0,22.1,0.0
1788524574198.0,11680,9.8,0.0,0,0,41,0.0,22.1,0.0,22.1,0.0
1788524574572.0,11700,9.8,0.0,0,0,41,0.0,22.1,0.0,22.1,0.0
1788524574947.0,11720,9.8,0.0,0,0,41,0.0,22.1,0.0,22.1,0.0
1788524575322.0,11740,9.8,0.0,0,0,41,0.0,22.1,0.0,22.1,0.0
1788524575696.0,11760,9.8,0.0,0,0,41,0.0,22.1,0.0,22.1,0.0
1788524576072.0,11780,9.8,0.0,0,0,41,0.0,22.1,0.0,22.1,0.0
1788524576451.0,11800,9.8,0.0,0,0,41,0.0,22.1,0.0,22.1,0.0
1788524576821.0,11820,9.8,0.0,0,0,41,0.0,22.1,0.0,22.1,0.0
1788524577195.0,11840,9.8,0.0,0,0,41,0.0,22.1,0.0,22.1,0.0
1788524577570.0,11860,9.8,0.0,0,0,41,0.0,22.1,0.0,22.1,0.0
1788524577947.0,11880,9.8,0.0,0,0,41,0.0,22.1,0.0,22.1,0.0
1788524578320.0,11900,9.8,0.0,0,0,41,0.0,22.1,0.0,22.1,0.0
1788524578694.0,11920,9.8,0.0,0,0,41,0.0,22.1,0.0,22.1,0.0
1788524579069.0,11940,9.8,0.0,0,0,41,0.0,22.1,0.0,22.1,0.0
1788524579445.0,11960,9.8,0.0,0,0,41,0.0,22.1,0.0,22.1,0.0
1788524579818.0,11980,9.8,0.0,0,0,41,0.0,22.1,0.0,22.1,0.0
1788524580194.0,12000,9.8,0.0,0,0,41,0.0,22.1,0.0,22.1,0.0
1788524580568.0,12020,9.8,0.0,0,0,41,0.0,22.1,0.0,22.1,0.0
1788524580945.0,12040,9.8,0.0,0,0,41,0.0,22.1,0.0,22.1,0.0
1788524581318.0,12060,9.8,0.0,0,0,41,0.0,22.1,0.0,22.1,0.0
1788524581692.0,12080,9.8,0.0,0,0,41,0.0,22.1,0.0,22.1,0.0
1788524582067.0,12100,9.8,0.0,0,0,41,0.0,22.1,0.0,22.1,0.0
1788524582450.0,12120,9.8,0.0,0,0,41,0.0,22.1,0.0,22.1,0.0
1788524582817.0,12140,9.8,0.0,0,0,41,0.0,22.1,0.0,22.1,0.0
1788524583192.0,12160,9.8,0.0,0,0,41,0.0,22.1,0.0,22.1,0.0
1788524583567.0,12180,9.8,0.0,0,0,41,0.0,22.1,0.0,22.1,0.0
1788524583945.0,12200,9.8,0.0,0,0,41,0.0,22.1,0.0,22.1,0.0
1788524584316.0,12220,9.8,0.0,0,0,41,0.0,22.1,0.0,22.1,0.0
1788524584690.0,12240,9.8,0.0,0,0,41,0.0,22.1,0.0,22.1,0.0
1788524585065.0,12260,9.8,0.0,0,0,41,0.0,22.1,0.0,22.1,0.0
1788524585440.0,12280,9.8,0.0,0,0,41,0.0,22.1,0.0,22.1,0.0
1788524585814.0,12300,9.8,0.0,0,0,41,0.0,22.1,0.0,22.1,0.0
1788524586189.0,12320,9.8,0.0,0,0,41,0.0,22.1,0.0,22.1,0.0
1788524586565.0,12340,9.8,0.0,0,0,41,0.0,22.1,0.0,22.1,0.0
1788524586940.0,12360,9.8,0.0,0,0,41,0.0,22.1,0.0,22.1,0.0
1788524587314.0,12380,9.8,0.0,0,0,41,0.0,22.1,0.0,22.1,0.0
1788524587689.0,12400,9.8,0.0,0,0,41,0.0,22.1,0.0,22.1,0.0
1788524588063.0,12420,9.8,0.0,0,0,41,0.0,22.1,0.0,22.1,0.0
1788524588438.0,12440,9.8,0.0,0,0,41,0.0,22.1,0.0,22.1,0.0
1788524588813.0,12460,9.8,0.0,0,0,41,0.0,22.1,0.0,22.1,0.0
1788524589188.0,12480,9.8,0.0,0,0,41,0.0,22.1,0.0,22.1,0.0
1788524589562.0,12500,9.8,0.0,0,0,41,0.0,22.1,0.0,22.1,0.0
1788524589937.0,12520,9.8,0.0,0,0,41,0.0,22.1,0.0,22.1,0.0
1788524590312.0,12540,9.8,0.0,0,0,41,0.0,22.1,0.0,22.1,0.0
1788524590688.0,12560,9.8,0.0,0,0,41,0.0,22.1,0.0,22.1,0.0
1788524591061.0,12580,9.8,0.0,0,0,41,0.0,22.1,0.0,22.1,0.0
1788524591437.0,12600,9.8,0.0,0,0,41,0.0,22.1,0.0,22.1,0.0
1788524591811.0,12620,9.8,0.0,0,0,41,0.0,22.1,0.0,22.1,0.0
1788524592186.0,12640,9.8,0.0,0,0,41,0.0,22.1,0.0,22.1,0.0
1788524592561.0,12660,9.8,0.0,0,0,41,0.0,22.1,0.0,22.1,0.0
1788524592936.0,12680,9.8,0.0,0,0,41,0.0,22.1,0.0,22.1,0.0
1788524593311.0,12700,9.8,0.0,0,0,41,0.0,22.1,0.0,22.1,0.0
1788524593685.0,12720,9.8,0.0,0,0,41,0.0,22.1,0.0,22.1,0.0
1788524594060.0,12740,9.8,0.0,0,0,41,0.0,22.1,0.0,22.1,0.0
1788524594434.0,12760,9.8,0.0,0,0,41,0.0,22.1,0.0,22.1,0.0
1788524594809.0,12780,9.8,0.0,0,0,41,0.0,22.1,0.0,22.1,0.0
1788524595183.0,12800,9.8,0.0,0,0,41,0.0,22.1,0.0,22.1,0.0
1788524595559.0,12820,9.8,0.0,0,0,41,0.0,22.1,0.0,22.1,0.0
1788524595933.0,12840,9.8,0.0,0,0,41,0.0,22.1,0.0,22.1,0.0
1788524596313.0,12860,9.8,0.0,0,0,41,0.0,22.1,0.0,22.1,0.0
1788524596682.0,12880,9.8,0.0,0,0,41,0.0,22.1,0.0,22.1,0.0
1788524597060.0,12900,9.8,0.0,0,0,41,0.0,22.1,0.0,22.1,0.0
1788524597432.0,12920,9.8,0.0,0,0,41,0.0,22.1,0.0,22.1,0.0
1788524597815.0,12940,9.8,0.0,0,0,41,0.0,22.1,0.0,22.1,0.0
1788524598180.0,12960,9.8,0.0,0,0,41,0.0,22.1,0.0,22.1,0.0
1788524598556.0,12980,9.8,0.0,0,0,41,0.0,22.1,0.0,22.1,0.0
1788524598931.0,13000,9.8,0.0,0,0,41,0.0,22.1,0.0,22.1,0.0
1788524599310.0,13020,9.8,0.0,0,0,41,0.0,22.1,0.0,22.1,0.0
1788524599680.0,13040,9.8,0.0,0,0,41,0.0,22.1,0.0,22.1,0.0
1788524600055.0,13060,9.8,0.0,0,0,41,0.0,22.1,0.0,22.1,0.0
1788524600429.0,13080,9.8,0.0,0,0,41,0.0,22.1,0.0,22.1,0.0
1788524600803.0,13100,9.8,0.0,0,0,41,0.0,22.1,0.0,22.1,0.0
1788524601178.0,13120,9.8,0.0,0,0,41,0.0,22.1,0.0,22.1,0.0
1788524601552.0,13140,9.8,0.0,0,0,41,0.0,22.1,0.0,22.1,0.0
1788524601927.0,13160,9.8,0.0,0,0,41,0.0,22.1,0.0,22.1,0.0
1788524602302.0,13180,9.8,0.0,0,0,41,0.0,22.1,0.0,22.1,0.0
1788524602676.0,13200,9.8,0.0,0,0,41,0.0,22.1,0.0,22.1,0.0
1788524603051.0,13220,9.8,0.0,0,0,41,0.0,22.1,0.0,22.1,0.0
1788524603427.0,13240,9.8,0.0,0,0,41,0.0,22.1,0.0,22.1,0.0
1788524603801.0,13260,9.8,0.0,0,0,41,0.0,22.1,0.0,22.1,0.0
1788524604177.0,13280,9.8,0.0,0,0,41,0.0,22.1,0.0,22.1,0.0
1788524604551.0,13300,9.8,0.0,0,0,41,0.0,22.1,0.0,22.1,0.0
1788524604927.0,13320,9.8,0.0,0,0,41,0.0,22.1,0.0,22.1,0.0
1788524605300.0,13340,9.8,0.0,0,0,41,0.0,22.1,0.0,22.1,0.0
1788524605677.0,13360,9.8,0.0,0,0,41,0.0,22.1,0.0,22.1,0.0
1788524606049.0,13380,9.8,0.0,0,0,41,0.0,22.1,0.0,22.1,0.0
1788524606424.0,13400,9.8,0.0,0,0,41,0.0,22.1,0.0,22.1,0.0
1788524606798.0,13420,9.8,0.0,0,0,41,0.0,22.1,0.0,22.1,0.0
1788524607178.0,13440,9.8,0.0,0,0,41,0.0,22.1,0.0,22.1,0.0
1788524607549.0,13460,9.8,0.0,0,0,41,0.0,22.1,0.0,22.1,0.0
1788524607923.0,13480,9.8,0.0,0,0,41,0.0,22.1,0.0,22.1,0.0
1788524608297.0,13500,9.8,0.0,0,0,41,0.0,22.1,0.0,22.1,0.0
1788524608672.0,13520,9.8,0.0,0,0,41,0.0,22.1,0.0,22.1,0.0
1788524609047.0,13540,9.8,0.0,0,0,41,0.0,22.1,0.0,22.1,0.0
1788524609421.0,13560,9.8,0.0,0,0,41,0.0,22.1,0.0,22.1,0.0
1788524609796.0,13580,9.8,0.0,0,0,41,0.0,22.1,0.0,22.1,0.0
1788524610171.0,13600,9.8,0.0,0,0,41,0.0,22.1,0.0,22.1,0.0
1788524610551.0,13620,9.8,0.0,0,0,41,0.0,22.1,0.0,22.1,0.0
1788524610919.0,13640,9.8,0.0,0,0,41,0.0,22.1,0.0,22.1,0.0
1788524611295.0,13660,9.8,0.0,0,0,41,0.0,22.1,0.0,22.1,0.0
1788524611669.0,13680,9.8,0.0,0,0,41,0.0,22.1,0.0,22.1,0.0
1788524612044.0,13700,9.8,0.0,0,0,41,0.0,22.1,0.0,22.1,0.0
1788524612418.0,13720,9.8,0.0,0,0,41,0.0,22.1,0.0,22.1,0.0
1788524612793.0,13740,9.8,0.0,0,0,41,0.0,22.1,0.0,22.1,0.0
1788524613168.0,13760,9.8,0.0,0,0,41,0.0,22.1,0.0,22.1,0.0
1788524613543.0,13780,9.8,0.0,0,0,41,0.0,22.1,0.0,22.1,0.0
1788524613918.0,13800,9.8,0.0,0,0,41,0.0,22.1,0.0,22.1,0.0
1788524614294.0,13820,9.8,0.0,0,0,41,0.0,22.1,0.0,22.1,0.0
1788524614667.0,13840,9.8,0.0,0,0,41,0.0,22.1,0.0,22.1,0.0
1788524615042.0,13860,9.8,0.0,0,0,41,0.0,22.1,0.0,22.1,0.0
1788524615417.0,13880,9.8,0.0,0,0,41,0.0,22.1,0.0,22.1,0.0
1788524615791.0,13900,9.8,0.0,0,0,41,0.0,22.1,0.0,22.1,0.0
1788524616166.0,13920,9.8,0.0,0,0,41,0.0,22.1,0.0,22.1,0.0
1788524616544.0,13940,9.8,0.0,0,0,41,0.0,22.1,0.0,22.1,0.0
1788524616916.0,13960,9.8,0.0,0,0,41,0.0,22.1,0.0,22.1,0.0
1788524617290.0,13980,9.8,0.0,0,0,41,0.0,22.1,0.0,22.1,0.0
1788524617666.0,14000,9.8,0.0,0,0,41,0.0,22.1,0.0,22.1,0.0
1788524618040.0,14020,9.8,0.0,0,0,41,0.0,22.1,0.0,22.1,0.0
1788524618416.0,14040,9.8,0.0,0,0,41,0.0,22.1,0.0,22.1,0.0
1788524618790.0,14060,9.8,0.0,0,0,41,0.0,22.1,0.0,22.1,0.0
1788524619164.0,14080,9.8,0.0,0,0,41,0.0,22.1,0.0,22.1,0.0
1788524619539.0,14100,9.8,0.0,0,0,41,0.0,22.1,0.0,22.1,0.0
1788524619913.0,14120,9.8,0.0,0,0,41,0.0,22.1,0.0,22.1,0.0
1788524620289.0,14140,9.8,0.0,0,0,41,0.0,22.1,0.0,22.1,0.0
1788524620664.0,14160,9.8,0.0,0,0,41,0.0,22.1,0.0,22.1,0.0
1788524621038.0,14180,9.8,0.0,0,0,41,0.0,22.1,0.0,22.1,0.0
1788524621412.0,14200,9.8,0.0,0,0,41,0.0,22.1,0.0,22.1,0.0
1788524621786.0,14220,9.8,0.0,0,0,41,0.0,22.1,0.0,22.1,0.0
1788524622162.0,14240,9.8,0.0,0,0,41,0.0,22.1,0.0,22.1,0.0
1788524622536.0,14260,9.8,0.0,0,0,41,0.0,22.1,0.0,22.1,0.0
1788524622912.0,14280,9.8,0.0,0,0,41,0.0,22.1,0.0,22.1,0.0
1788524623287.0,14300,9.8,0.0,0,0,41,0.0,22.1,0.0,22.1,0.0
1788524623661.0,14320,9.8,0.0,0,0,41,0.0,22.1,0.0,22.1,0.0
1788524624035.0,14340,9.8,0.0,0,0,41,0.0,22.1,0.0,22.1,0.0
1788524624410.0,14360,9.8,0.0,0,0,41,0.0,22.1,0.0,22.1,0.0
1788524624786.0,14380,9.8,0.0,0,0,41,0.0,22.1,0.0,22.1,0.0
1788524625161.0,14400,9.8,0.0,0,0,41,0.0,22.1,0.0,22.1,0.0
1788524625535.0,14420,9.8,0.0,0,0,41,0.0,22.1,0.0,22.1,0.0
1788524625909.0,14440,9.8,0.0,0,0,41,0.0,22.1,0.0,22.1,0.0
1788524626284.0,14460,9.8,0.0,0,0,41,0.0,22.1,0.0,22.1,0.0
1788524626662.0,14480,9.8,0.0,0,0,41,0.0,22.1,0.0,22.1,0.0
1788524627033.0,14500,9.8,0.0,0,0,41,0.0,22.1,0.0,22.1,0.0
1788524627408.0,14520,9.8,0.0,0,0,41,0.0,22.1,0.0,22.1,0.0
1788524627783.0,14540,9.8,0.0,0,0,41,0.0,22.1,0.0,22.1,0.0
1788524628157.0,14560,9.8,0.0,0,0,41,0.0,22.1,0.0,22.1,0.0
1788524628532.0,14580,9.8,0.0,0,0,41,0.0,22.1,0.0,22.1,0.0
1788524628911.0,14600,9.8,0.0,0,0,41,0.0,22.1,0.0,22.1,0.0
1788524629282.0,14620,9.8,0.0,0,0,41,0.0,22.1,0.0,22.1,0.0
1788524629655.0,14640,9.8,0.0,0,0,41,0.0,22.1,0.0,22.1,0.0
1788524630030.0,14660,9.8,0.0,0,0,41,0.0,22.1,0.0,22.1,0.0
1788524630406.0,14680,9.8,0.0,0,0,41,0.0,22.1,0.0,22.1,0.0
1788524630787.0,14700,9.8,0.0,0,0,41,0.0,22.1,0.0,22.1,0.0
1788524631154.0,14720,9.8,0.0,0,0,41,0.0,22.1,0.0,22.1,0.0
1788524631529.0,14740,9.8,0.0,0,0,41,0.0,22.1,0.0,22.1,0.0
1788524631903.0,14760,9.8,0.0,0,0,41,0.0,22.1,0.0,22.1,0.0
1788524632278.0,14780,9.8,0.0,0,0,41,0.0,22.1,0.0,22.1,0.0
1788524632654.0,14800,9.8,0.0,0,0,41,0.0,22.1,0.0,22.1,0.0
1788524633027.0,14820,9.8,0.0,0,0,41,0.0,22.1,0.0,22.1,0.0
1788524633403.0,14840,9.8,0.0,0,0,41,0.0,22.1,0.0,22.1,0.0
1788524633780.0,14860,9.8,0.0,0,0,41,0.0,22.1,0.0,22.1,0.0
1788524634152.0,14880,9.8,0.0,0,0,41,0.0,22.1,0.0,22.1,0.0
1788524634528.0,14900,9.8,0.0,0,0,41,0.0,22.1,0.0,22.1,0.0
1788524634902.0,14920,9.8,0.0,0,0,41,0.0,22.1,0.0,22.1,0.0
1788524635275.0,14940,9.8,0.0,0,0,41,0.0,22.1,0.0,22.1,0.0
1788524635650.0,14960,9.8,0.0,0,0,41,0.0,22.1,0.0,22.1,0.0
1788524636028.0,14980,9.8,0.0,0,0,41,0.0,22.1,0.0,22.1,0.0
1788524636402.0,15000,9.8,0.0,0,0,41,0.0,22.1,0.0,22.1,0.0
1788524636780.0,15020,9.8,0.0,0,0,41,0.0,22.1,0.0,22.1,0.0
1788524637150.0,15040,9.8,0.0,0,0,41,0.0,22.1,0.0,22.1,0.0
1788524637525.0,15060,9.94,0.0,1,0,42,0.0,22.1,0.0,22.1,0.0
1788524637900.0,15080,9.85,0.0,1,0,42,0.0,22.1,0.0,22.1,0.0
1788524638275.0,15100,9.8,0.0,1,0,42,0.0,22.1,0.0,22.1,0.0
1788524638648.0,15120,9.8,0.0,1,0,42,0.0,22.1,0.0,22.1,0.0
1788524639030.0,15140,9.8,0.0,1,0,42,0.0,22.1,0.0,22.1,0.0
1788524639398.0,15160,9.8,0.0,0,0,42,0.0,22.1,0.0,22.1,0.0
1788524639779.0,15180,9.8,0.0,0,0,42,0.0,22.1,0.0,22.1,0.0
1788524640148.0,15200,9.8,0.0,0,0,42,0.0,22.1,0.0,22.1,0.0
1788524640523.0,15220,9.8,0.0,0,0,42,0.0,22.1,0.0,22.1,0.0
1788524640898.0,15240,9.8,0.0,0,0,42,0.0,22.1,0.0,22.1,0.0
1788524641273.0,15260,9.8,0.0,0,0,42,0.0,22.1,0.0,22.1,0.0
1788524641648.0,15280,9.8,0.0,0,0,42,0.0,22.1,0.0,22.1,0.0
1788524642021.0,15300,9.8,0.0,0,0,42,0.0,22.1,0.0,22.1,0.0
1788524642397.0,15320,9.8,0.0,0,0,42,0.0,22.1,0.0,22.1,0.0
1788524642771.0,15340,9.8,0.0,0,0,42,0.0,22.1,0.0,22.1,0.0
1788524643145.0,15360,9.8,0.0,0,0,42,0.0,22.1,0.0,22.1,0.0
1788524643521.0,15380,9.8,0.0,0,0,42,0.0,22.1,0.0,22.1,0.0
1788524643895.0,15400,9.8,0.0,0,0,42,0.0,22.1,0.0,22.1,0.0
1788524644270.0,15420,9.8,0.0,0,0,42,0.0,22.1,0.0,22.1,0.0
1788524644645.0,15440,9.8,0.0,0,0,42,0.0,22.1,0.0,22.1,0.0
1788524645020.0,15460,9.8,0.0,0,0,42,0.0,22.1,0.0,22.1,0.0
1788524645394.0,15480,9.8,0.0,0,0,42,0.0,22.1,0.0,22.1,0.0
1788524645768.0,15500,9.8,0.0,0,0,42,0.0,22.1,0.0,22.1,0.0
1788524646143.0,15520,9.8,0.0,0,0,42,0.0,22.1,0.0,22.1,0.0
1788524646518.0,15540,9.8,0.0,0,0,42,0.0,22.1,0.0,22.1,0.0
1788524646894.0,15560,9.8,0.0,0,0,42,0.0,22.1,0.0,22.1,0.0
1788524647267.0,15580,9.8,0.0,0,0,42,0.0,22.1,0.0,22.1,0.0
1788524647646.0,15600,9.8,0.0,0,0,42,0.0,22.1,0.0,22.1,0.0
1788524648016.0,15620,9.8,0.0,0,0,42,0.0,22.1,0.0,22.1,0.0
1788524648391.0,15640,9.8,0.0,0,0,42,0.0,22.1,0.0,22.1,0.0
1788524648767.0,15660,9.8,0.0,0,0,42,0.0,22.1,0.0,22.1,0.0
1788524649141.0,15680,9.8,0.0,0,0,42,0.0,22.1,0.0,22.1,0.0
1788524649516.0,15700,9.8,0.0,0,0,42,0.0,22.1,0.0,22.1,0.0
1788524649890.0,15720,9.8,0.0,0,0,42,0.0,22.1,0.0,22.1,0.0
1788524650265.0,15740,9.8,0.0,0,0,42,0.0,22.1,0.0,22.1,0.0
1788524650640.0,15760,9.8,0.0,0,0,42,0.0,22.1,0.0,22.1,0.0
1788524651015.0,15780,9.8,0.0,0,0,42,0.0,22.1,0.0,22.1,0.0
1788524651392.0,15800,9.8,0.0,0,0,42,0.0,22.1,0.0,22.1,0.0
1788524651763.0,15820,9.8,0.0,0,0,42,0.0,22.1,0.0,22.1,0.0
1788524652139.0,15840,9.8,0.0,0,0,42,0.0,22.1,0.0,22.1,0.0
1788524652514.0,15860,9.8,0.0,0,0,42,0.0,22.1,0.0,22.1,0.0
1788524652888.0,15880,9.8,0.0,0,0,42,0.0,22.1,0.0,22.1,0.0
1788524653264.0,15900,9.8,0.0,0,0,42,0.0,22.1,0.0,22.1,0.0
1788524653638.0,15920,9.8,0.0,0,0,42,0.0,22.1,0.0,22.1,0.0
1788524654013.0,15940,9.8,0.0,0,0,42,0.0,22.1,0.0,22.1,0.0
1788524654387.0,15960,9.8,0.0,0,0,42,0.0,22.1,0.0,22.1,0.0
1788524654762.0,15980,9.8,0.0,0,0,42,0.0,22.1,0.0,22.1,0.0
1788524655138.0,16000,9.8,0.0,0,0,42,0.0,22.1,0.0,22.1,0.0
1788524655513.0,16020,9.8,0.0,0,0,42,0.0,22.1,0.0,22.1,0.0
1788524655886.0,16040,9.8,0.0,0,0,42,0.0,22.1,0.0,22.1,0.0
1788524656264.0,16060,9.8,0.0,0,0,42,0.0,22.1,0.0,22.1,0.0
1788524656636.0,16080,9.8,0.0,0,0,42,0.0,22.1,0.0,22.1,0.0
1788524657011.0,16100,9.8,0.0,0,0,42,0.0,22.1,0.0,22.1,0.0
1788524657385.0,16120,9.8,0.0,0,0,42,0.0,22.1,0.0,22.1,0.0
1788524657761.0,16140,9.8,0.0,0,0,42,0.0,22.1,0.0,22.1,0.0
1788524658135.0,16160,9.8,0.0,0,0,42,0.0,22.1,0.0,22.1,0.0
1788524658513.0,16180,9.8,0.0,0,0,42,0.0,22.1,0.0,22.1,0.0
1788524658884.0,16200,9.8,0.0,0,0,42,0.0,22.1,0.0,22.1,0.0
1788524659259.0,16220,9.8,0.0,0,0,42,0.0,22.1,0.0,22.1,0.0
1788524659634.0,16240,9.8,0.0,0,0,42,0.0,22.1,0.0,22.1,0.0
1788524660013.0,16260,9.8,0.0,0,0,42,0.0,22.1,0.0,22.1,0.0
1788524660383.0,16280,9.8,0.0,0,0,42,0.0,22.1,0.0,22.1,0.0
1788524660762.0,16300,9.8,0.0,0,0,42,0.0,22.1,0.0,22.1,0.0
1788524661132.0,16320,9.8,0.0,0,0,42,0.0,22.1,0.0,22.1,0.0
1788524661507.0,16340,9.8,0.0,0,0,42,0.0,22.1,0.0,22.1,0.0
1788524661882.0,16360,9.8,0.0,0,0,42,0.0,22.1,0.0,22.1,0.0
1788524662256.0,16380,9.8,0.0,0,0,42,0.0,22.1,0.0,22.1,0.0
1788524662630.0,16400,9.8,0.0,0,0,42,0.0,22.1,0.0,22.1,0.0
1788524663005.0,16420,9.8,0.0,0,0,42,0.0,22.1,0.0,22.1,0.0
1788524663380.0,16440,9.8,0.0,0,0,42,0.0,22.1,0.0,22.1,0.0
1788524663757.0,16460,9.8,0.0,0,0,42,0.0,22.1,0.0,22.1,0.0
1788524664130.0,16480,9.8,0.0,0,0,42,0.0,22.1,0.0,22.1,0.0
1788524664504.0,16500,9.8,0.0,0,0,42,0.0,22.1,0.0,22.1,0.0
1788524664879.0,16520,9.8,0.0,0,0,42,0.0,22.1,0.0,22.1,0.0
1788524665254.0,16540,9.8,0.0,0,0,42,0.0,22.1,0.0,22.1,0.0
1788524665627.0,16560,9.8,0.0,0,0,42,0.0,22.1,0.0,22.1,0.0
1788524666003.0,16580,9.8,0.0,0,0,42,0.0,22.1,0.0,22.1,0.0
1788524666377.0,16600,9.8,0.0,0,0,42,0.0,22.1,0.0,22.1,0.0
1788524666752.0,16620,9.8,0.0,0,0,42,0.0,22.1,0.0,22.1,0.0
1788524667127.0,16640,9.8,0.0,0,0,42,0.0,22.1,0.0,22.1,0.0
1788524667501.0,16660,9.8,0.0,0,0,42,0.0,22.1,0.0,22.1,0.0
1788524667876.0,16680,9.8,0.0,0,0,42,0.0,22.1,0.0,22.1,0.0
1788524668250.0,16700,9.8,0.0,0,0,42,0.0,22.1,0.0,22.1,0.0
1788524668629.0,16720,9.8,0.0,0,0,42,0.0,22.1,0.0,22.1,0.0
1788524669000.0,16740,9.8,0.0,0,0,42,0.0,22.1,0.0,22.1,0.0
1788524669380.0,16760,9.8,0.0,0,0,42,0.0,22.1,0.0,22.1,0.0
1788524669749.0,16780,9.8,0.0,0,0,42,0.0,22.1,0.0,22.1,0.0
1788524670124.0,16800,9.8,0.0,0,0,42,0.0,22.1,0.0,22.1,0.0
1788524670498.0,16820,9.8,0.0,0,0,42,0.0,22.1,0.0,22.1,0.0
1788524670873.0,16840,9.8,0.0,0,0,42,0.0,22.1,0.0,22.1,0.0
1788524671248.0,16860,9.8,0.0,0,0,42,0.0,22.1,0.0,22.1,0.0
1788524671625.0,16880,9.8,0.0,0,0,42,0.0,22.1,0.0,22.1,0.0
1788524671997.0,16900,9.8,0.0,0,0,42,0.0,22.1,0.0,22.1,0.0
1788524672372.0,16920,9.8,0.0,0,0,42,0.0,22.1,0.0,22.1,0.0
1788524672747.0,16940,9.8,0.0,0,0,42,0.0,22.1,0.0,22.1,0.0
1788524673122.0,16960,9.8,0.0,0,0,42,0.0,22.1,0.0,22.1,0.0
1788524673497.0,16980,9.8,0.0,0,0,42,0.0,22.1,0.0,22.1,0.0
1788524673870.0,17000,9.8,0.0,0,0,42,0.0,22.1,0.0,22.1,0.0
1788524674245.0,17020,9.8,0.0,0,0,42,0.0,22.1,0.0,22.1,0.0
1788524674620.0,17040,9.8,0.0,0,0,42,0.0,22.1,0.0,22.1,0.0
1788524674996.0,17060,9.8,0.0,0,0,42,0.0,22.1,0.0,22.1,0.0
1788524675370.0,17080,9.8,0.0,0,0,42,0.0,22.1,0.0,22.1,0.0
1788524675743.0,17100,9.8,0.0,0,0,42,0.0,22.1,0.0,22.1,0.0
1788524676118.0,17120,9.8,0.0,0,0,42,0.0,22.1,0.0,22.1,0.0
1788524676493.0,17140,9.8,0.0,0,0,42,0.0,22.1,0.0,22.1,0.0
1788524676868.0,17160,9.8,0.0,0,0,42,0.0,22.1,0.0,22.1,0.0
1788524677245.0,17180,9.8,0.0,0,0,42,0.0,22.1,0.0,22.1,0.0
1788524677617.0,17200,9.8,0.0,0,0,42,0.0,22.1,0.0,22.1,0.0
1788524677993.0,17220,9.8,0.0,0,0,42,0.0,22.1,0.0,22.1,0.0
1788524678366.0,17240,9.8,0.0,0,0,42,0.0,22.1,0.0,22.1,0.0
1788524678747.0,17260,9.8,0.0,0,0,42,0.0,22.1,0.0,22.1,0.0
1788524679116.0,17280,9.8,0.0,0,0,42,0.0,22.1,0.0,22.1,0.0
1788524679491.0,17300,9.8,0.0,0,0,42,0.0,22.1,0.0,22.1,0.0
1788524679865.0,17320,9.8,0.0,0,0,42,0.0,22.1,0.0,22.1,0.0
1788524680240.0,17340,9.8,0.0,0,0,42,0.0,22.1,0.0,22.1,0.0
1788524680614.0,17360,9.8,0.0,0,0,42,0.0,22.1,0.0,22.1,0.0
1788524680992.0,17380,9.8,0.0,0,0,42,0.0,22.1,0.0,22.1,0.0
1788524681365.0,17400,9.8,0.0,0,0,42,0.0,22.1,0.0,22.1,0.0
1788524681738.0,17420,9.8,0.0,0,0,42,0.0,22.1,0.0,22.1,0.0
1788524682113.0,17440,9.8,0.0,0,0,42,0.0,22.1,0.0,22.1,0.0
1788524682489.0,17460,9.8,0.0,0,0,42,0.0,22.1,0.0,22.1,0.0
1788524682863.0,17480,9.8,0.0,0,0,42,0.0,22.1,0.0,22.1,0.0
1788524683238.0,17500,9.8,0.0,0,0,42,0.0,22.1,0.0,22.1,0.0
1788524683613.0,17520,9.8,0.0,0,0,42,0.0,22.1,0.0,22.1,0.0
1788524683986.0,17540,9.8,0.0,0,0,42,0.0,22.1,0.0,22.1,0.0
1788524684362.0,17560,9.8,0.0,0,0,42,0.0,22.1,0.0,22.1,0.0
1788524684737.0,17580,9.8,0.0,0,0,42,0.0,22.1,0.0,22.1,0.0
1788524685114.0,17600,9.8,0.0,0,0,42,0.0,22.1,0.0,22.1,0.0
1788524685486.0,17620,9.8,0.0,0,0,42,0.0,22.1,0.0,22.1,0.0
1788524685864.0,17640,9.8,0.0,0,0,42,0.0,22.1,0.0,22.1,0.0
1788524686235.0,17660,9.8,0.0,0,0,42,0.0,22.1,0.0,22.1,0.0
1788524686611.0,17680,9.8,0.0,0,0,42,0.0,22.1,0.0,22.1,0.0
1788524686985.0,17700,9.8,0.0,0,0,42,0.0,22.1,0.0,22.1,0.0
1788524687363.0,17720,9.8,0.0,0,0,42,0.0,22.1,0.0,22.1,0.0
1788524687733.0,17740,9.8,0.0,0,0,42,0.0,22.1,0.0,22.1,0.0
1788524688114.0,17760,9.8,0.0,0,0,42,0.0,22.1,0.0,22.1,0.0
1788524688483.0,17780,9.8,0.0,0,0,42,0.0,22.1,0.0,22.1,0.0
1788524688864.0,17800,9.8,0.0,0,0,42,0.0,22.1,0.0,22.1,0.0
1788524689233.0,17820,9.8,0.0,0,0,42,0.0,22.1,0.0,22.1,0.0
1788524689614.0,17840,9.8,0.0,0,0,42,0.0,22.1,0.0,22.1,0.0
1788524689982.0,17860,9.8,0.0,0,0,42,0.0,22.1,0.0,22.1,0.0
1788524690357.0,17880,9.8,0.0,0,0,42,0.0,22.1,0.0,22.1,0.0
1788524690731.0,17900,9.8,0.0,0,0,42,0.0,22.1,0.0,22.1,0.0
1788524691111.0,17920,9.8,0.0,0,0,42,0.0,22.1,0.0,22.1,0.0
1788524691480.0,17940,9.8,0.0,0,0,42,0.0,22.1,0.0,22.1,0.0
1788524691855.0,17960,9.8,0.0,0,0,42,0.0,22.1,0.0,22.1,0.0
1788524692232.0,17980,9.8,0.0,0,0,42,0.0,22.1,0.0,22.1,0.0
1788524692604.0,18000,9.8,0.0,0,0,42,0.0,22.1,0.0,22.1,0.0
1788524692978.0,18020,9.8,0.0,0,0,42,0.0,22.1,0.0,22.1,0.0
1788524693354.0,18040,9.8,0.0,0,0,42,0.0,22.1,0.0,22.1,0.0
1788524693728.0,18060,9.8,0.0,0,0,42,0.0,22.1,0.0,22.1,0.0
1788524694102.0,18080,9.8,0.0,0,0,42,0.0,22.1,0.0,22.1,0.0
1788524694477.0,18100,9.8,0.0,0,0,42,0.0,22.1,0.0,22.1,0.0
1788524694852.0,18120,9.8,0.0,0,0,42,0.0,22.1,0.0,22.1,0.0
1788524695229.0,18140,9.8,0.0,0,0,42,0.0,22.1,0.0,22.1,0.0
1788524695602.0,18160,9.8,0.0,0,0,42,0.0,22.1,0.0,22.1,0.0
1788524695977.0,18180,9.8,0.0,0,0,42,0.0,22.1,0.0,22.1,0.0
1788524696351.0,18200,9.8,0.0,0,0,42,0.0,22.1,0.0,22.1,0.0
1788524696729.0,18220,9.8,0.0,0,0,42,0.0,22.1,0.0,22.1,0.0
1788524697100.0,18240,9.8,0.0,0,0,42,0.0,22.1,0.0,22.1,0.0
1788524697481.0,18260,9.8,0.0,0,0,42,0.0,22.1,0.0,22.1,0.0
1788524697850.0,18280,9.8,0.0,0,0,42,0.0,22.1,0.0,22.1,0.0
1788524698224.0,18300,9.8,0.0,0,0,42,0.0,22.1,0.0,22.1,0.0
1788524698599.0,18320,9.8,0.0,0,0,42,0.0,22.1,0.0,22.1,0.0
1788524698980.0,18340,9.8,0.0,0,0,42,0.0,22.1,0.0,22.1,0.0
1788524699349.0,18360,9.8,0.0,0,0,42,0.0,22.1,0.0,22.1,0.0
1788524699727.0,18380,9.8,0.0,0,0,42,0.0,22.1,0.0,22.1,0.0
1788524700098.0,18400,9.8,0.0,0,0,42,0.0,22.1,0.0,22.1,0.0
1788524700472.0,18420,9.8,0.0,0,0,42,0.0,22.1,0.0,22.1,0.0
1788524700848.0,18440,9.8,0.0,0,0,42,0.0,22.1,0.0,22.1,0.0
1788524701221.0,18460,9.8,0.0,0,0,42,0.0,22.1,0.0,22.1,0.0
1788524701597.0,18480,9.8,0.0,0,0,42,0.0,22.1,0.0,22.1,0.0
1788524701971.0,18500,9.8,0.0,0,0,42,0.0,22.1,0.0,22.1,0.0
1788524702345.0,18520,9.8,0.0,0,0,42,0.0,22.1,0.0,22.1,0.0
1788524702720.0,18540,9.8,0.0,0,0,42,0.0,22.1,0.0,22.1,0.0
1788524703095.0,18560,9.8,0.0,0,0,42,0.0,22.1,0.0,22.1,0.0
1788524703470.0,18580,9.8,0.0,0,0,42,0.0,22.1,0.0,22.1,0.0
1788524703844.0,18600,9.8,0.0,0,0,42,0.0,22.1,0.0,22.1,0.0
1788524704219.0,18620,9.8,0.0,0,0,42,0.0,22.1,0.0,22.1,0.0
1788524704593.0,18640,9.8,0.0,0,0,42,0.0,22.1,0.0,22.1,0.0
1788524704969.0,18660,9.8,0.0,0,0,42,0.0,22.1,0.0,22.1,0.0
1788524705343.0,18680,9.8,0.0,0,0,42,0.0,22.1,0.0,22.1,0.0
1788524705718.0,18700,9.8,0.0,0,0,42,0.0,22.1,0.0,22.1,0.0
1788524706093.0,18720,9.8,0.0,0,0,42,0.0,22.1,0.0,22.1,0.0
1788524706467.0,18740,9.8,0.0,0,0,42,0.0,22.1,0.0,22.1,0.0
1788524706845.0,18760,9.8,0.0,0,0,42,0.0,22.1,0.0,22.1,0.0
1788524707217.0,18780,9.8,0.0,0,0,42,0.0,22.1,0.0,22.1,0.0
1788524707596.0,18800,9.8,0.0,0,0,42,0.0,22.1,0.0,22.1,0.0
1788524707967.0,18820,9.8,0.0,0,0,42,0.0,22.1,0.0,22.1,0.0
1788524708344.0,18840,9.8,0.0,0,0,42,0.0,22.1,0.0,22.1,0.0
1788524708715.0,18860,9.8,0.0,0,0,42,0.0,22.1,0.0,22.1,0.0
1788524709096.0,18880,9.8,0.0,0,0,42,0.0,22.1,0.0,22.1,0.0
1788524709465.0,18900,9.8,0.0,0,0,42,0.0,22.1,0.0,22.1,0.0
1788524709840.0,18920,9.8,0.0,0,0,42,0.0,22.1,0.0,22.1,0.0
1788524710214.0,18940,9.8,0.0,0,0,42,0.0,22.1,0.0,22.1,0.0
1788524710593.0,18960,9.8,0.0,0,0,42,0.0,22.1,0.0,22.1,0.0
1788524710964.0,18980,9.8,0.0,0,0,42,0.0,22.1,0.0,22.1,0.0
1788524711339.0,19000,9.8,0.0,0,0,42,0.0,22.1,0.0,22.1,0.0
1788524711714.0,19020,9.8,0.0,0,0,42,0.0,22.1,0.0,22.1,0.0
1788524712088.0,19040,9.8,0.0,0,0,42,0.0,22.1,0.0,22.1,0.0
1788524712463.0,19060,9.8,0.0,0,0,42,0.0,22.1,0.0,22.1,0.0
1788524712836.0,19080,9.8,0.0,0,0,42,0.0,22.1,0.0,22.1,0.0
1788524713211.0,19100,9.8,0.0,0,0,42,0.0,22.1,0.0,22.1,0.0
1788524713587.0,19120,9.8,0.0,0,0,42,0.0,22.1,0.0,22.1,0.0
1788524713961.0,19140,9.8,0.0,0,0,42,0.0,22.1,0.0,22.1,0.0
1788524714335.0,19160,9.8,0.0,0,0,42,0.0,22.1,0.0,22.1,0.0
1788524714711.0,19180,9.8,0.0,0,0,42,0.0,22.1,0.0,22.1,0.0
1788524715084.0,19200,9.8,0.0,0,0,42,0.0,22.1,0.0,22.1,0.0
1788524715463.0,19220,9.8,0.0,0,0,42,0.0,22.1,0.0,22.1,0.0
1788524715835.0,19240,9.8,0.0,0,0,42,0.0,22.1,0.0,22.1,0.0
1788524716211.0,19260,9.8,0.0,0,0,42,0.0,22.1,0.0,22.1,0.0
1788524716583.0,19280,9.8,0.0,0,0,42,0.0,22.1,0.0,22.1,0.0
1788524716962.0,19300,9.8,0.0,0,0,42,0.0,22.1,0.0,22.1,0.0
1788524717333.0,19320,9.8,0.0,0,0,42,0.0,22.1,0.0,22.1,0.0
1788524717707.0,19340,9.8,0.0,0,0,42,0.0,22.1,0.0,22.1,0.0
1788524718082.0,19360,9.8,0.0,0,0,42,0.0,22.1,0.0,22.1,0.0
1788524718456.0,19380,9.8,0.0,0,0,42,0.0,22.1,0.0,22.1,0.0
1788524718831.0,19400,9.8,0.0,0,0,42,0.0,22.1,0.0,22.1,0.0
1788524719206.0,19420,9.8,0.0,0,0,42,0.0,22.1,0.0,22.1,0.0
1788524719581.0,19440,9.8,0.0,0,0,42,0.0,22.1,0.0,22.1,0.0
1788524719955.0,19460,9.8,0.0,0,0,42,0.0,22.1,0.0,22.1,0.0
1788524720333.0,19480,9.8,0.0,0,0,42,0.0,22.1,0.0,22.1,0.0
1788524720705.0,19500,9.8,0.0,0,0,42,0.0,22.1,0.0,22.1,0.0
1788524721079.0,19520,9.8,0.0,0,0,42,0.0,22.1,0.0,22.1,0.0
1788524721454.0,19540,9.8,0.0,0,0,42,0.0,22.1,0.0,22.1,0.0
1788524721831.0,19560,9.8,0.0,0,0,42,0.0,22.1,0.0,22.1,0.0
1788524722203.0,19580,9.8,0.0,0,0,42,0.0,22.1,0.0,22.1,0.0
1788524722578.0,19600,9.8,0.0,0,0,42,0.0,22.1,0.0,22.1,0.0
1788524722953.0,19620,9.8,0.0,0,0,42,0.0,22.1,0.0,22.1,0.0
1788524723329.0,19640,9.8,0.0,0,0,42,0.0,22.1,0.0,22.1,0.0
1788524723703.0,19660,9.8,0.0,0,0,42,0.0,22.1,0.0,22.1,0.0
1788524724078.0,19680,9.8,0.0,0,0,42,0.0,22.1,0.0,22.1,0.0
1788524724451.0,19700,9.8,0.0,0,0,42,0.0,22.1,0.0,22.1,0.0
1788524724829.0,19720,9.8,0.0,0,0,42,0.0,22.1,0.0,22.1,0.0
1788524725201.0,19740,9.8,0.0,0,0,42,0.0,22.1,0.0,22.1,0.0
1788524725579.0,19760,9.8,0.0,0,0,42,0.0,22.1,0.0,22.1,0.0
1788524725951.0,19780,9.8,0.0,0,0,42,0.0,22.1,0.0,22.1,0.0
1788524726328.0,19800,9.8,0.0,0,0,42,0.0,22.1,0.0,22.1,0.0
1788524726700.0,19820,9.8,0.0,0,0,42,0.0,22.1,0.0,22.1,0.0
1788524727077.0,19840,9.8,0.0,0,0,42,0.0,22.1,0.0,22.1,0.0
1788524727450.0,19860,9.8,0.0,0,0,42,0.0,22.1,0.0,22.1,0.0
1788524727823.0,19880,9.8,0.0,0,0,42,0.0,22.1,0.0,22.1,0.0
1788524728199.0,19900,9.8,0.0,0,0,42,0.0,22.1,0.0,22.1,0.0
1788524728578.0,19920,9.8,0.0,0,0,42,0.0,22.1,0.0,22.1,0.0
1788524728948.0,19940,9.8,0.0,0,0,42,0.0,22.1,0.0,22.1,0.0
1788524729323.0,19960,9.8,0.0,0,0,42,0.0,22.1,0.0,22.1,0.0
1788524729697.0,19980,9.8,0.0,0,0,42,0.0,22.1,0.0,22.1,0.0
1788524730073.0,20000,9.8,0.0,0,0,42,0.0,22.1,0.0,22.1,0.0
1788524730447.0,20020,9.8,0.0,0,0,42,0.0,22.1,0.0,22.1,0.0
1788524730822.0,20040,9.8,0.0,0,0,42,0.0,22.1,0.0,22.1,0.0
1788524731197.0,20060,9.8,0.0,0,0,42,0.0,22.1,0.0,22.1,0.0
1788524731571.0,20080,9.8,0.0,0,0,42,0.0,22.1,0.0,22.1,0.0
1788524731945.0,20100,9.8,0.0,0,0,42,0.0,22.1,0.0,22.1,0.0
1788524732321.0,20120,9.8,0.0,0,0,42,0.0,22.1,0.0,22.1,0.0
1788524732695.0,20140,9.8,0.0,0,0,42,0.0,22.1,0.0,22.1,0.0
1788524733070.0,20160,9.8,0.0,0,0,42,0.0,22.1,0.0,22.1,0.0
1788524733445.0,20180,9.8,0.0,0,0,42,0.0,22.1,0.0,22.1,0.0
1788524733819.0,20200,9.8,0.0,0,0,42,0.0,22.1,0.0,22.1,0.0
1788524734195.0,20220,9.8,0.0,0,0,42,0.0,22.1,0.0,22.1,0.0
1788524734569.0,20240,9.8,0.0,0,0,42,0.0,22.1,0.0,22.1,0.0
1788524734943.0,20260,9.8,0.0,0,0,42,0.0,22.1,0.0,22.1,0.0
1788524735318.0,20280,9.8,0.0,0,0,42,0.0,22.1,0.0,22.1,0.0
1788524735693.0,20300,9.8,0.0,0,0,42,0.0,22.1,0.0,22.1,0.0
1788524736068.0,20320,9.8,0.0,0,0,42,0.0,22.1,0.0,22.1,0.0
1788524736442.0,20340,9.8,0.0,0,0,42,0.0,22.1,0.0,22.1,0.0
1788524736817.0,20360,9.8,0.0,0,0,42,0.0,22.1,0.0,22.1,0.0
1788524737196.0,20380,9.8,0.0,0,0,42,0.0,22.1,0.0,22.1,0.0
1788524737566.0,20400,9.8,0.0,0,0,42,0.0,22.1,0.0,22.1,0.0
1788524737945.0,20420,9.8,0.0,0,0,42,0.0,22.1,0.0,22.1,0.0
1788524738316.0,20440,9.8,0.0,0,0,42,0.0,22.1,0.0,22.1,0.0
1788524738698.0,20460,9.8,0.0,0,0,42,0.0,22.1,0.0,22.1,0.0
1788524739065.0,20480,9.8,0.0,0,0,42,0.0,22.1,0.0,22.1,0.0
1788524739445.0,20500,9.8,0.0,0,0,42,0.0,22.1,0.0,22.1,0.0
1788524739815.0,20520,9.8,0.0,0,0,42,0.0,22.1,0.0,22.1,0.0
1788524740189.0,20540,9.8,0.0,0,0,42,0.0,22.1,0.0,22.1,0.0
1788524740564.0,20560,9.8,0.0,0,0,42,0.0,22.1,0.0,22.1,0.0
1788524740939.0,20580,9.8,0.0,0,0,42,0.0,22.1,0.0,22.1,0.0
1788524741314.0,20600,9.8,0.0,0,0,42,0.0,22.1,0.0,22.1,0.0
1788524741688.0,20620,9.8,0.0,0,0,42,0.0,22.1,0.0,22.1,0.0
1788524742062.0,20640,9.8,0.0,0,0,42,0.0,22.1,0.0,22.1,0.0
1788524742438.0,20660,9.8,0.0,0,0,42,0.0,22.1,0.0,22.1,0.0
1788524742811.0,20680,9.8,0.0,0,0,42,0.0,22.1,0.0,22.1,0.0
1788524743186.0,20700,9.8,0.0,0,0,42,0.0,22.1,0.0,22.1,0.0
1788524743563.0,20720,9.8,0.0,0,0,42,0.0,22.1,0.0,22.1,0.0
1788524743936.0,20740,9.8,0.0,0,0,42,0.0,22.1,0.0,22.1,0.0
1788524744311.0,20760,9.8,0.0,0,0,42,0.0,22.1,0.0,22.1,0.0
1788524744686.0,20780,9.8,0.0,0,0,42,0.0,22.1,0.0,22.1,0.0
1788524745060.0,20800,9.8,0.0,0,0,42,0.0,22.1,0.0,22.1,0.0
1788524745435.0,20820,9.8,0.0,0,0,42,0.0,22.1,0.0,22.1,0.0
1788524745811.0,20840,9.8,0.0,0,0,42,0.0,22.1,0.0,22.1,0.0
1788524746184.0,20860,9.8,0.0,0,0,42,0.0,22.1,0.0,22.1,0.0
1788524746561.0,20880,9.8,0.0,0,0,42,0.0,22.1,0.0,22.1,0.0
1788524746934.0,20900,9.8,0.0,0,0,42,0.0,22.1,0.0,22.1,0.0
1788524747307.0,20920,9.8,0.0,0,0,42,0.0,22.1,0.0,22.1,0.0
1788524747682.0,20940,9.8,0.0,0,0,42,0.0,22.1,0.0,22.1,0.0
1788524748061.0,20960,9.8,0.0,0,0,42,0.0,22.1,0.0,22.1,0.0
1788524748433.0,20980,9.8,0.0,0,0,42,0.0,22.1,0.0,22.1,0.0
1788524748806.0,21000,9.8,0.0,0,0,42,0.0,22.1,0.0,22.1,0.0
1788524749181.0,21020,9.8,0.0,0,0,42,0.0,22.1,0.0,22.1,0.0
1788524749558.0,21040,9.8,0.0,0,0,42,0.0,22.1,0.0,22.1,0.0
1788524749931.0,21060,9.8,0.0,0,0,42,0.0,22.1,0.0,22.1,0.0
1788524750307.0,21080,9.8,0.0,0,0,42,0.0,22.1,0.0,22.1,0.0
1788524750680.0,21100,9.8,0.0,0,0,42,0.0,22.1,0.0,22.1,0.0
1788524751054.0,21120,9.8,0.0,0,0,42,0.0,22.1,0.0,22.1,0.0
1788524751428.0,21140,9.8,0.0,0,0,42,0.0,22.1,0.0,22.1,0.0
1788524751804.0,21160,9.8,0.0,0,0,42,0.0,22.1,0.0,22.1,0.0
1788524752178.0,21180,9.8,0.0,0,0,42,0.0,22.1,0.0,22.1,0.0
1788524752553.0,21200,9.8,0.0,0,0,42,0.0,22.1,0.0,22.1,0.0
1788524752927.0,21220,9.8,0.0,0,0,42,0.0,22.1,0.0,22.1,0.0
1788524753301.0,21240,9.8,0.0,0,0,42,0.0,22.1,0.0,22.1,0.0
1788524753678.0,21260,9.8,0.0,0,0,42,0.0,22.1,0.0,22.1,0.0
1788524754051.0,21280,9.8,0.0,0,0,42,0.0,22.1,0.0,22.1,0.0
1788524754427.0,21300,9.8,0.0,0,0,42,0.0,22.1,0.0,22.1,0.0
1788524754800.0,21320,9.8,0.0,0,0,42,0.0,22.1,0.0,22.1,0.0
1788524755178.0,21340,9.8,0.0,0,0,42,0.0,22.1,0.0,22.1,0.0
1788524755550.0,21360,9.8,0.0,0,0,42,0.0,22.1,0.0,22.1,0.0
1788524755924.0,21380,9.8,0.0,0,0,42,0.0,22.1,0.0,22.1,0.0
1788524756299.0,21400,9.8,0.0,0,0,42,0.0,22.1,0.0,22.1,0.0
1788524756675.0,21420,9.8,0.0,0,0,42,0.0,22.1,0.0,22.1,0.0
1788524757048.0,21440,9.8,0.0,0,0,42,0.0,22.1,0.0,22.1,0.0
1788524757430.0,21460,9.8,0.0,0,0,42,0.0,22.1,0.0,22.1,0.0
1788524757797.0,21480,9.8,0.0,0,0,42,0.0,22.1,0.0,22.1,0.0
1788524758171.0,21500,9.8,0.0,0,0,42,0.0,22.1,0.0,22.1,0.0
1788524758547.0,21520,9.8,0.0,0,0,42,0.0,22.1,0.0,22.1,0.0
1788524758922.0,21540,9.8,0.0,0,0,42,0.0,22.1,0.0,22.1,0.0
1788524759295.0,21560,9.8,0.0,0,0,42,0.0,22.1,0.0,22.1,0.0
1788524759671.0,21580,9.8,0.0,0,0,42,0.0,22.1,0.0,22.1,0.0
1788524760045.0,21600,9.8,0.0,0,0,42,0.0,22.1,0.0,22.1,0.0
1788524760420.0,21620,9.8,0.0,0,0,42,0.0,22.1,0.0,22.1,0.0
1788524760794.0,21640,9.8,0.0,0,0,42,0.0,22.1,0.0,22.1,0.0
1788524761170.0,21660,9.8,0.0,0,0,42,0.0,22.1,0.0,22.1,0.0
1788524761545.0,21680,9.8,0.0,0,0,42,0.0,22.1,0.0,22.1,0.0
1788524761918.0,21700,9.8,0.0,0,0,42,0.0,22.1,0.0,22.1,0.0
1788524762293.0,21720,9.8,0.0,0,0,42,0.0,22.1,0.0,22.1,0.0
1788524762667.0,21740,9.8,0.0,0,0,42,0.0,22.1,0.0,22.1,0.0
1788524763045.0,21760,9.8,0.0,0,0,42,0.0,22.1,0.0,22.1,0.0
1788524763417.0,21780,9.8,0.0,0,0,42,0.0,22.1,0.0,22.1,0.0
1788524763795.0,21800,9.8,0.0,0,0,42,0.0,22.1,0.0,22.1,0.0
1788524764166.0,21820,9.8,0.0,0,0,42,0.0,22.1,0.0,22.1,0.0
1788524764541.0,21840,9.8,0.0,0,0,42,0.0,22.1,0.0,22.1,0.0
1788524764915.0,21860,9.8,0.0,0,0,42,0.0,22.1,0.0,22.1,0.0
1788524765290.0,21880,9.8,0.0,0,0,42,0.0,22.1,0.0,22.1,0.0
1788524765664.0,21900,9.8,0.0,0,0,42,0.0,22.1,0.0,22.1,0.0
1788524766045.0,21920,9.8,0.0,0,0,42,0.0,22.1,0.0,22.1,0.0
1788524766415.0,21940,9.8,0.0,0,0,42,0.0,22.1,0.0,22.1,0.0
1788524766788.0,21960,9.8,0.0,0,0,42,0.0,22.1,0.0,22.1,0.0
1788524767163.0,21980,9.8,0.0,0,0,42,0.0,22.1,0.0,22.1,0.0
1788524767538.0,22000,9.8,0.0,0,0,42,0.0,22.1,0.0,22.1,0.0
1788524767913.0,22020,9.8,0.0,0,0,42,0.0,22.1,0.0,22.1,0.0
1788524768287.0,22040,9.8,0.0,0,0,42,0.0,22.1,0.0,22.1,0.0
1788524768663.0,22060,9.8,0.0,0,0,42,0.0,22.1,0.0,22.1,0.0
1788524769037.0,22080,9.8,0.0,0,0,42,0.0,22.1,0.0,22.1,0.0
1788524769411.0,22100,9.8,0.0,0,0,42,0.0,22.1,0.0,22.1,0.0
1788524769786.0,22120,9.8,0.0,0,0,42,0.0,22.1,0.0,22.1,0.0
1788524770160.0,22140,9.8,0.0,0,0,42,0.0,22.1,0.0,22.1,0.0
1788524770535.0,22160,9.8,0.0,0,0,42,0.0,22.1,0.0,22.1,0.0
1788524770913.0,22180,9.8,0.0,0,0,42,0.0,22.1,0.0,22.1,0.0
1788524771284.0,22200,9.8,0.0,0,0,42,0.0,22.1,0.0,22.1,0.0
1788524771663.0,22220,9.8,0.0,0,0,42,0.0,22.1,0.0,22.1,0.0
1788524772034.0,22240,9.8,0.0,0,0,42,0.0,22.1,0.0,22.1,0.0
1788524772413.0,22260,9.8,0.0,0,0,42,0.0,22.1,0.0,22.1,0.0
1788524772783.0,22280,9.8,0.0,0,0,42,0.0,22.1,0.0,22.1,0.0
1788524773159.0,22300,9.8,0.0,0,0,42,0.0,22.1,0.0,22.1,0.0
1788524773533.0,22320,9.8,0.0,0,0,42,0.0,22.1,0.0,22.1,0.0
1788524773908.0,22340,9.8,0.0,0,0,42,0.0,22.1,0.0,22.1,0.0
1788524774282.0,22360,9.8,0.0,0,0,42,0.0,22.1,0.0,22.1,0.0
1788524774656.0,22380,9.8,0.0,0,0,42,0.0,22.1,0.0,22.1,0.0
1788524775032.0,22400,9.8,0.0,0,0,42,0.0,22.1,0.0,22.1,0.0
1788524775406.0,22420,9.8,0.0,0,0,42,0.0,22.1,0.0,22.1,0.0
1788524775782.0,22440,9.8,0.0,0,0,42,0.0,22.1,0.0,22.1,0.0
1788524776155.0,22460,9.8,0.0,0,0,42,0.0,22.1,0.0,22.1,0.0
1788524776530.0,22480,9.8,0.0,0,0,42,0.0,22.1,0.0,22.1,0.0
1788524776905.0,22500,9.8,0.0,0,0,42,0.0,22.1,0.0,22.1,0.0
1788524777279.0,22520,9.8,0.0,0,0,42,0.0,22.1,0.0,22.1,0.0
1788524777653.0,22540,9.8,0.0,0,0,42,0.0,22.1,0.0,22.1,0.0
1788524778028.0,22560,9.8,0.0,0,0,42,0.0,22.1,0.0,22.1,0.0
1788524778403.0,22580,9.8,0.0,0,0,42,0.0,22.1,0.0,22.1,0.0
1788524778778.0,22600,9.8,0.0,0,0,42,0.0,22.1,0.0,22.1,0.0
1788524779154.0,22620,9.8,0.0,0,0,42,0.0,22.1,0.0,22.1,0.0
1788524779527.0,22640,9.8,0.0,0,0,42,0.0,22.1,0.0,22.1,0.0
1788524779902.0,22660,9.8,0.0,0,0,42,0.0,22.1,0.0,22.1,0.0
1788524780277.0,22680,9.8,0.0,0,0,42,0.0,22.1,0.0,22.1,0.0
1788524780650.0,22700,9.8,0.0,0,0,42,0.0,22.1,0.0,22.1,0.0
1788524781026.0,22720,9.8,0.0,0,0,42,0.0,22.1,0.0,22.1,0.0
1788524781400.0,22740,9.8,0.0,0,0,42,0.0,22.1,0.0,22.1,0.0
1788524781777.0,22760,9.8,0.0,0,0,42,0.0,22.1,0.0,22.1,0.0
1788524782149.0,22780,9.8,0.0,0,0,42,0.0,22.1,0.0,22.1,0.0
1788524782523.0,22800,9.8,0.0,0,0,42,0.0,22.1,0.0,22.1,0.0
1788524782898.0,22820,9.8,0.0,0,0,42,0.0,22.1,0.0,22.1,0.0
1788524783278.0,22840,9.8,0.0,0,0,42,0.0,22.1,0.0,22.1,0.0
1788524783648.0,22860,9.8,0.0,0,0,42,0.0,22.1,0.0,22.1,0.0
1788524784023.0,22880,9.8,0.0,0,0,42,0.0,22.1,0.0,22.1,0.0
1788524784397.0,22900,9.8,0.0,0,0,42,0.0,22.1,0.0,22.1,0.0
1788524784778.0,22920,9.8,0.0,0,0,42,0.0,22.1,0.0,22.1,0.0
1788524785148.0,22940,9.8,0.0,0,0,42,0.0,22.1,0.0,22.1,0.0
1788524785522.0,22960,9.8,0.0,0,0,42,0.0,22.1,0.0,22.1,0.0
1788524785897.0,22980,9.8,0.0,0,0,42,0.0,22.1,0.0,22.1,0.0
1788524786271.0,23000,9.8,0.0,0,0,42,0.0,22.1,0.0,22.1,0.0
1788524786646.0,23020,9.8,0.0,0,0,42,0.0,22.1,0.0,22.1,0.0
1788524787020.0,23040,9.8,0.0,0,0,42,0.0,22.1,0.0,22.1,0.0
1788524787395.0,23060,9.8,0.0,0,0,42,0.0,22.1,0.0,22.1,0.0
1788524787775.0,23080,9.8,0.0,0,0,42,0.0,22.1,0.0,22.1,0.0
1788524788144.0,23100,9.8,0.0,0,0,42,0.0,22.1,0.0,22.1,0.0
1788524788518.0,23120,9.8,0.0,0,0,42,0.0,22.1,0.0,22.1,0.0
1788524788894.0,23140,9.8,0.0,0,0,42,0.0,22.1,0.0,22.1,0.0
1788524789268.0,23160,9.8,0.0,0,0,42,0.0,22.1,0.0,22.1,0.0
1788524789643.0,23180,9.8,0.0,0,0,42,0.0,22.1,0.0,22.1,0.0
1788524790018.0,23200,9.8,0.0,0,0,42,0.0,22.1,0.0,22.1,0.0
1788524790395.0,23220,9.8,0.0,0,0,42,0.0,22.1,0.0,22.1,0.0
1788524790766.0,23240,9.8,0.0,0,0,42,0.0,22.1,0.0,22.1,0.0
1788524791144.0,23260,9.8,0.0,0,0,42,0.0,22.1,0.0,22.1,0.0
1788524791516.0,23280,9.8,0.0,0,0,42,0.0,22.1,0.0,22.1,0.0
1788524791892.0,23300,9.8,0.0,0,0,42,0.0,22.1,0.0,22.1,0.0
1788524792265.0,23320,9.8,0.0,0,0,42,0.0,22.1,0.0,22.1,0.0
1788524792640.0,23340,9.8,0.0,0,0,42,0.0,22.1,0.0,22.1,0.0
1788524793015.0,23360,9.8,0.0,0,0,42,0.0,22.1,0.0,22.1,0.0
1788524793392.0,23380,9.8,0.0,0,0,42,0.0,22.1,0.0,22.1,0.0
1788524793765.0,23400,9.8,0.0,0,0,42,0.0,22.1,0.0,22.1,0.0
1788524794140.0,23420,9.8,0.0,0,0,42,0.0,22.1,0.0,22.1,0.0
1788524794513.0,23440,9.8,0.0,0,0,42,0.0,22.1,0.0,22.1,0.0
1788524794893.0,23460,9.8,0.0,0,0,42,0.0,22.1,0.0,22.1,0.0
1788524795263.0,23480,9.8,0.0,0,0,42,0.0,22.1,0.0,22.1,0.0
1788524795638.0,23500,9.8,0.0,0,0,42,0.0,22.1,0.0,22.1,0.0
1788524796013.0,23520,9.8,0.0,0,0,42,0.0,22.1,0.0,22.1,0.0
1788524796391.0,23540,9.8,0.0,0,0,42,0.0,22.1,0.0,22.1,0.0
1788524796763.0,23560,9.8,0.0,0,0,42,0.0,22.1,0.0,22.1,0.0
1788524797142.0,23580,9.8,0.0,0,0,42,0.0,22.1,0.0,22.1,0.0
1788524797512.0,23600,9.8,0.0,0,0,42,0.0,22.1,0.0,22.1,0.0
1788524797887.0,23620,9.8,0.0,0,0,42,0.0,22.1,0.0,22.1,0.0
1788524798262.0,23640,9.8,0.0,0,0,42,0.0,22.1,0.0,22.1,0.0
1788524798636.0,23660,9.8,0.0,0,0,42,0.0,22.1,0.0,22.1,0.0
1788524799011.0,23680,9.8,0.0,0,0,42,0.0,22.1,0.0,22.1,0.0
1788524799385.0,23700,9.8,0.0,0,0,42,0.0,22.1,0.0,22.1,0.0
1788524799759.0,23720,9.8,0.0,0,0,42,0.0,22.1,0.0,22.1,0.0
1788524800134.0,23740,9.8,0.0,0,0,42,0.0,22.1,0.0,22.1,0.0
1788524800511.0,23760,9.8,0.0,0,0,42,0.0,22.1,0.0,22.1,0.0
1788524800887.0,23780,9.8,0.0,0,0,42,0.0,22.1,0.0,22.1,0.0
1788524801259.0,23800,9.8,0.0,0,0,42,0.0,22.1,0.0,22.1,0.0
1788524801633.0,23820,9.8,0.0,0,0,42,0.0,22.1,0.0,22.1,0.0
1788524802010.0,23840,9.8,0.0,0,0,42,0.0,22.1,0.0,22.1,0.0
1788524802383.0,23860,9.8,0.0,0,0,42,0.0,22.1,0.0,22.1,0.0
1788524802763.0,23880,9.8,0.0,0,0,42,0.0,22.1,0.0,22.1,0.0
1788524803132.0,23900,9.8,0.0,0,0,42,0.0,22.1,0.0,22.1,0.0
1788524803509.0,23920,9.8,0.0,0,0,42,0.0,22.1,0.0,22.1,0.0
1788524803881.0,23940,9.8,0.0,0,0,42,0.0,22.1,0.0,22.1,0.0
1788524804262.0,23960,9.8,0.0,0,0,42,0.0,22.1,0.0,22.1,0.0
1788524804631.0,23980,9.8,0.0,0,0,42,0.0,22.1,0.0,22.1,0.0
1788524805006.0,24000,9.8,0.0,0,0,42,0.0,22.1,0.0,22.1,0.0
1788524805380.0,24020,9.8,0.0,0,0,42,0.0,22.1,0.0,22.1,0.0
1788524805755.0,24040,9.8,0.0,0,0,42,0.0,22.1,0.0,22.1,0.0
1788524806129.0,24060,9.8,0.0,0,0,42,0.0,22.1,0.0,22.1,0.0
1788524806505.0,24080,9.8,0.0,0,0,42,0.0,22.1,0.0,22.1,0.0
1788524806879.0,24100,9.8,0.0,0,0,42,0.0,22.1,0.0,22.1,0.0
1788524807254.0,24120,9.8,0.0,0,0,42,0.0,22.1,0.0,22.1,0.0
1788524807629.0,24140,9.8,0.0,0,0,42,0.0,22.1,0.0,22.1,0.0
1788524808007.0,24160,9.8,0.0,0,0,42,0.0,22.1,0.0,22.1,0.0
1788524808378.0,24180,9.8,0.0,0,0,42,0.0,22.1,0.0,22.1,0.0
1788524808753.0,24200,9.8,0.0,0,0,42,0.0,22.1,0.0,22.1,0.0
1788524809132.0,24220,9.8,0.0,0,0,42,0.0,22.1,0.0,22.1,0.0
1788524809502.0,24240,9.8,0.0,0,0,42,0.0,22.1,0.0,22.1,0.0
1788524809880.0,24260,9.8,0.0,0,0,42,0.0,22.1,0.0,22.1,0.0
1788524810252.0,24280,9.8,0.0,0,0,42,0.0,22.1,0.0,22.1,0.0
1788524810629.0,24300,9.8,0.0,0,0,42,0.0,22.1,0.0,22.1,0.0
1788524811001.0,24320,9.8,0.0,0,0,42,0.0,22.1,0.0,22.1,0.0
1788524811379.0,24340,9.8,0.0,0,0,42,0.0,22.1,0.0,22.1,0.0
1788524811749.0,24360,9.8,0.0,0,0,42,0.0,22.1,0.0,22.1,0.0
1788524812131.0,24380,9.8,0.0,0,0,42,0.0,22.1,0.0,22.1,0.0
1788524812499.0,24400,9.8,0.0,0,0,42,0.0,22.1,0.0,22.1,0.0
1788524812878.0,24420,9.8,0.0,0,0,42,0.0,22.1,0.0,22.1,0.0
1788524813248.0,24440,9.8,0.0,0,0,42,0.0,22.1,0.0,22.1,0.0
1788524813623.0,24460,9.8,0.0,0,0,42,0.0,22.1,0.0,22.1,0.0
1788524813998.0,24480,9.8,0.0,0,0,42,0.0,22.1,0.0,22.1,0.0
1788524814377.0,24500,9.8,0.0,0,0,42,0.0,22.1,0.0,22.1,0.0
1788524814747.0,24520,9.8,0.0,0,0,42,0.0,22.1,0.0,22.1,0.0
1788524815122.0,24540,9.8,0.0,0,0,42,0.0,22.1,0.0,22.1,0.0
1788524815496.0,24560,9.8,0.0,0,0,42,0.0,22.1,0.0,22.1,0.0
1788524815872.0,24580,9.8,0.0,0,0,42,0.0,22.1,0.0,22.1,0.0
1788524816247.0,24600,9.8,0.0,0,0,42,0.0,22.1,0.0,22.1,0.0
1788524816621.0,24620,9.8,0.0,0,0,42,0.0,22.1,0.0,22.1,0.0
1788524816996.0,24640,9.8,0.0,0,0,42,0.0,22.1,0.0,22.1,0.0
1788524817370.0,24660,9.8,0.0,0,0,42,0.0,22.1,0.0,22.1,0.0
1788524817747.0,24680,9.8,0.0,0,0,42,0.0,22.1,0.0,22.1,0.0
1788524818122.0,24700,9.8,0.0,0,0,42,0.0,22.1,0.0,22.1,0.0
1788524818497.0,24720,9.8,0.0,0,0,42,0.0,22.1,0.0,22.1,0.0
1788524818869.0,24740,9.8,0.0,0,0,42,0.0,22.1,0.0,22.1,0.0
1788524819243.0,24760,9.8,0.0,0,0,42,0.0,22.1,0.0,22.1,0.0
1788524819618.0,24780,9.8,0.0,0,0,42,0.0,22.1,0.0,22.1,0.0
1788524819999.0,24800,9.8,0.0,0,0,42,0.0,22.1,0.0,22.1,0.0
1788524820367.0,24820,9.8,0.0,0,0,42,0.0,22.1,0.0,22.1,0.0
1788524820745.0,24840,9.8,0.0,0,0,42,0.0,22.1,0.0,22.1,0.0
1788524821117.0,24860,9.8,0.0,0,0,42,0.0,22.1,0.0,22.1,0.0
1788524821495.0,24880,9.8,0.0,0,0,42,0.0,22.1,0.0,22.1,0.0
1788524821866.0,24900,9.8,0.0,0,0,42,0.0,22.1,0.0,22.1,0.0
1788524822241.0,24920,9.8,0.0,0,0,42,0.0,22.1,0.0,22.1,0.0
1788524822616.0,24940,9.8,0.0,0,0,42,0.0,22.1,0.0,22.1,0.0
1788524822990.0,24960,9.8,0.0,0,0,42,0.0,22.1,0.0,22.1,0.0
1788524823365.0,24980,9.8,0.0,0,0,42,0.0,22.1,0.0,22.1,0.0
1788524823739.0,25000,9.8,0.0,0,0,42,0.0,22.1,0.0,22.1,0.0
1788524824115.0,25020,9.8,0.0,0,0,42,0.0,22.1,0.0,22.1,0.0
1788524824489.0,25040,9.8,0.0,0,0,42,0.0,22.1,0.0,22.1,0.0
1788524824863.0,25060,9.8,0.0,0,0,42,0.0,22.1,0.0,22.1,0.0
1788524825237.0,25080,9.8,0.0,0,0,42,0.0,22.1,0.0,22.1,0.0
1788524825613.0,25100,9.8,0.0,0,0,42,0.0,22.1,0.0,22.1,0.0
1788524825987.0,25120,9.8,0.0,0,0,42,0.0,22.1,0.0,22.1,0.0
1788524826362.0,25140,9.8,0.0,0,0,42,0.0,22.1,0.0,22.1,0.0
1788524826736.0,25160,9.8,0.0,0,0,42,0.0,22.1,0.0,22.1,0.0
1788524827116.0,25180,9.8,0.0,0,0,42,0.0,22.1,0.0,22.1,0.0
1788524827486.0,25200,9.8,0.0,0,0,42,0.0,22.1,0.0,22.1,0.0
1788524827863.0,25220,9.8,0.0,0,0,42,0.0,22.1,0.0,22.1,0.0
1788524828236.0,25240,9.8,0.0,0,0,42,0.0,22.1,0.0,22.1,0.0
1788524828610.0,25260,9.8,0.0,0,0,42,0.0,22.1,0.0,22.1,0.0
1788524828990.0,25280,9.8,0.0,0,0,42,0.0,22.1,0.0,22.1,0.0
1788524829359.0,25300,9.8,0.0,0,0,42,0.0,22.1,0.0,22.1,0.0
1788524829735.0,25320,9.8,0.0,0,0,42,0.0,22.1,0.0,22.1,0.0
1788524830108.0,25340,9.8,0.0,0,0,42,0.0,22.1,0.0,22.1,0.0
1788524830483.0,25360,9.8,0.0,0,0,42,0.0,22.1,0.0,22.1,0.0
1788524830863.0,25380,9.8,0.0,0,0,42,0.0,22.1,0.0,22.1,0.0
1788524831233.0,25400,9.8,0.0,0,0,42,0.0,22.1,0.0,22.1,0.0
1788524831608.0,25420,9.8,0.0,0,0,42,0.0,22.1,0.0,22.1,0.0
1788524831982.0,25440,9.8,0.0,0,0,42,0.0,22.1,0.0,22.1,0.0
1788524832357.0,25460,9.8,0.0,0,0,42,0.0,22.1,0.0,22.1,0.0
1788524832732.0,25480,9.8,0.0,0,0,42,0.0,22.1,0.0,22.1,0.0
1788524833115.0,25500,9.8,0.0,0,0,42,0.0,22.1,0.0,22.1,0.0
1788524833481.0,25520,9.8,0.0,0,0,42,0.0,22.1,0.0,22.1,0.0
1788524833855.0,25540,9.8,0.0,0,0,42,0.0,22.1,0.0,22.1,0.0
1788524834231.0,25560,9.8,0.0,0,0,42,0.0,22.1,0.0,22.1,0.0
1788524834605.0,25580,9.8,0.0,0,0,42,0.0,22.1,0.0,22.1,0.0
1788524834979.0,25600,9.8,0.0,0,0,42,0.0,22.1,0.0,22.1,0.0
1788524835354.0,25620,9.8,0.0,0,0,42,0.0,22.1,0.0,22.1,0.0
1788524835729.0,25640,9.8,0.0,0,0,42,0.0,22.1,0.0,22.1,0.0
1788524836104.0,25660,9.8,0.0,0,0,42,0.0,22.1,0.0,22.1,0.0
1788524836480.0,25680,9.8,0.0,0,0,42,0.0,22.1,0.0,22.1,0.0
1788524836853.0,25700,9.8,0.0,0,0,42,0.0,22.1,0.0,22.1,0.0
1788524837229.0,25720,9.8,0.0,0,0,42,0.0,22.1,0.0,22.1,0.0
1788524837603.0,25740,9.8,0.0,0,0,42,0.0,22.1,0.0,22.1,0.0
1788524837979.0,25760,9.8,0.0,0,0,42,0.0,22.1,0.0,22.1,0.0
1788524838352.0,25780,9.8,0.0,0,0,42,0.0,22.1,0.0,22.1,0.0
1788524838728.0,25800,9.8,0.0,0,0,42,0.0,22.1,0.0,22.1,0.0
1788524839101.0,25820,9.8,0.0,0,0,42,0.0,22.1,0.0,22.1,0.0
1788524839478.0,25840,9.8,0.0,0,0,42,0.0,22.1,0.0,22.1,0.0
1788524839850.0,25860,9.8,0.0,0,0,42,0.0,22.1,0.0,22.1,0.0
1788524840227.0,25880,9.8,0.0,0,0,42,0.0,22.1,0.0,22.1,0.0
1788524840599.0,25900,9.8,0.0,0,0,42,0.0,22.1,0.0,22.1,0.0
1788524840980.0,25920,9.8,0.0,0,0,42,0.0,22.1,0.0,22.1,0.0
1788524841349.0,25940,9.8,0.0,0,0,42,0.0,22.1,0.0,22.1,0.0
1788524841724.0,25960,9.8,0.0,0,0,42,0.0,22.1,0.0,22.1,0.0
1788524842099.0,25980,9.8,0.0,0,0,42,0.0,22.1,0.0,22.1,0.0
1788524842479.0,26000,9.8,0.0,0,0,42,0.0,22.1,0.0,22.1,0.0
1788524842848.0,26020,9.8,0.0,0,0,42,0.0,22.1,0.0,22.1,0.0
1788524843222.0,26040,9.8,0.0,0,0,42,0.0,22.1,0.0,22.1,0.0
1788524843597.0,26060,9.8,0.0,0,0,42,0.0,22.1,0.0,22.1,0.0
1788524843971.0,26080,9.8,0.0,0,0,42,0.0,22.1,0.0,22.1,0.0
1788524844345.0,26100,9.8,0.0,0,0,42,0.0,22.1,0.0,22.1,0.0
1788524844720.0,26120,9.8,0.0,0,0,42,0.0,22.1,0.0,22.1,0.0
1788524845095.0,26140,9.8,0.0,0,0,42,0.0,22.1,0.0,22.1,0.0
1788524845470.0,26160,9.8,0.0,0,0,42,0.0,22.1,0.0,22.1,0.0
1788524845844.0,26180,9.8,0.0,0,0,42,0.0,22.1,0.0,22.1,0.0
1788524846219.0,26200,9.8,0.0,0,0,42,0.0,22.1,0.0,22.1,0.0
1788524846593.0,26220,9.8,0.0,0,0,42,0.0,22.1,0.0,22.1,0.0
1788524846968.0,26240,9.8,0.0,0,0,42,0.0,22.1,0.0,22.1,0.0
1788524847346.0,26260,9.8,0.0,0,0,42,0.0,22.1,0.0,22.1,0.0
1788524847717.0,26280,9.8,0.0,0,0,42,0.0,22.1,0.0,22.1,0.0
1788524848099.0,26300,9.8,0.0,0,0,42,0.0,22.1,0.0,22.1,0.0
1788524848467.0,26320,9.8,0.0,0,0,42,0.0,22.1,0.0,22.1,0.0
1788524848844.0,26340,9.8,0.0,0,0,42,0.0,22.1,0.0,22.1,0.0
1788524849216.0,26360,9.8,0.0,0,0,42,0.0,22.1,0.0,22.1,0.0
1788524849596.0,26380,9.8,0.0,0,0,42,0.0,22.1,0.0,22.1,0.0
1788524849967.0,26400,9.8,0.0,0,0,42,0.0,22.1,0.0,22.1,0.0
1788524850340.0,26420,9.8,0.0,0,0,42,0.0,22.1,0.0,22.1,0.0
1788524850715.0,26440,9.8,0.0,0,0,42,0.0,22.1,0.0,22.1,0.0
1788524851094.0,26460,9.8,0.0,0,0,42,0.0,22.1,0.0,22.1,0.0
1788524851465.0,26480,9.8,0.0,0,0,42,0.0,22.1,0.0,22.1,0.0
1788524851838.0,26500,9.8,0.0,0,0,42,0.0,22.1,0.0,22.1,0.0
1788524852214.0,26520,9.8,0.0,0,0,42,0.0,22.1,0.0,22.1,0.0
1788524852591.0,26540,9.8,0.0,0,0,42,0.0,22.1,0.0,22.1,0.0
1788524852965.0,26560,9.8,0.0,0,0,42,0.0,22.1,0.0,22.1,0.0
1788524853337.0,26580,9.8,0.0,0,0,42,0.0,22.1,0.0,22.1,0.0
1788524853712.0,26600,9.8,0.0,0,0,42,0.0,22.1,0.0,22.1,0.0
1788524854086.0,26620,9.8,0.0,0,0,42,0.0,22.1,0.0,22.1,0.0
1788524854463.0,26640,9.8,0.0,0,0,42,0.0,22.1,0.0,22.1,0.0
1788524854836.0,26660,9.8,0.0,0,0,42,0.0,22.1,0.0,22.1,0.0
1788524855215.0,26680,9.8,0.0,0,0,42,0.0,22.1,0.0,22.1,0.0
1788524855586.0,26700,9.8,0.0,0,0,42,0.0,22.1,0.0,22.1,0.0
1788524855960.0,26720,9.8,0.0,0,0,42,0.0,22.1,0.0,22.1,0.0
1788524856335.0,26740,9.8,0.0,0,0,42,0.0,22.1,0.0,22.1,0.0
1788524856714.0,26760,9.8,0.0,0,0,42,0.0,22.1,0.0,22.1,0.0
1788524857084.0,26780,9.8,0.0,0,0,42,0.0,22.1,0.0,22.1,0.0
1788524857463.0,26800,9.8,0.0,0,0,42,0.0,22.1,0.0,22.1,0.0
1788524857834.0,26820,9.8,0.0,0,0,42,0.0,22.1,0.0,22.1,0.0
1788524858214.0,26840,9.8,0.0,0,0,42,0.0,22.1,0.0,22.1,0.0
1788524858584.0,26860,9.8,0.0,0,0,42,0.0,22.1,0.0,22.1,0.0
1788524858963.0,26880,9.8,0.0,0,0,42,0.0,22.1,0.0,22.1,0.0
1788524859333.0,26900,9.8,0.0,0,0,42,0.0,22.1,0.0,22.1,0.0
1788524859709.0,26920,9.8,0.0,0,0,42,0.0,22.1,0.0,22.1,0.0
1788524860082.0,26940,9.8,0.0,0,0,42,0.0,22.1,0.0,22.1,0.0
1788524860457.0,26960,9.8,0.0,0,0,42,0.0,22.1,0.0,22.1,0.0
1788524860832.0,26980,9.8,0.0,0,0,42,0.0,22.1,0.0,22.1,0.0
1788524861207.0,27000,9.8,0.0,0,0,42,0.0,22.1,0.0,22.1,0.0
1788524861581.0,27020,9.8,0.0,0,0,42,0.0,22.1,0.0,22.1,0.0
1788524861960.0,27040,9.8,0.0,0,0,42,0.0,22.1,0.0,22.1,0.0
1788524862331.0,27060,9.8,0.0,0,0,42,0.0,22.1,0.0,22.1,0.0
1788524862707.0,27080,9.8,0.0,0,0,42,0.0,22.1,0.0,22.1,0.0
1788524863081.0,27100,9.8,0.0,0,0,42,0.0,22.1,0.0,22.1,0.0
1788524863455.0,27120,9.8,0.0,0,0,42,0.0,22.1,0.0,22.1,0.0
1788524863830.0,27140,9.8,0.0,0,0,42,0.0,22.1,0.0,22.1,0.0
1788524864205.0,27160,9.8,0.0,0,0,42,0.0,22.1,0.0,22.1,0.0
1788524864580.0,27180,9.8,0.0,0,0,42,0.0,22.1,0.0,22.1,0.0
1788524864955.0,27200,9.8,0.0,0,0,42,0.0,22.1,0.0,22.1,0.0
1788524865329.0,27220,9.8,0.0,0,0,42,0.0,22.1,0.0,22.1,0.0
1788524865704.0,27240,9.8,0.0,0,0,42,0.0,22.1,0.0,22.1,0.0
1788524866079.0,27260,9.8,0.0,0,0,42,0.0,22.1,0.0,22.1,0.0
1788524866453.0,27280,9.8,0.0,0,0,42,0.0,22.1,0.0,22.1,0.0
1788524867989.0,27300,9.8,0.0,0,0,42,0.0,22.1,0.0,22.1,0.0
1788524868365.0,27320,9.8,0.0,0,0,42,0.0,22.1,0.0,22.1,0.0
1788524868738.0,27340,9.8,0.0,0,0,42,0.0,22.1,0.0,22.1,0.0
1788524869114.0,27360,9.8,0.0,0,0,42,0.0,22.1,0.0,22.1,0.0
1788524869488.0,27380,9.8,0.0,0,0,42,0.0,22.1,0.0,22.1,0.0
1788524867576.0,27400,9.8,0.0,0,0,42,0.0,22.1,0.0,22.1,0.0
1788524870238.0,27420,9.8,0.0,0,0,42,0.0,22.1,0.0,22.1,0.0
1788524870613.0,27440,9.8,0.0,0,0,42,0.0,22.1,0.0,22.1,0.0
1788524870993.0,27460,9.8,0.0,0,0,42,0.0,22.1,0.0,22.1,0.0
1788524871362.0,27480,9.8,0.0,0,0,42,0.0,22.1,0.0,22.1,0.0
1788524867126.0,27500,9.8,0.0,0,0,42,0.0,22.1,0.0,22.1,0.0
1788524868646.0,27520,9.8,0.0,0,0,42,0.0,22.1,0.0,22.1,0.0
1788524872493.0,27540,9.8,0.0,0,0,42,0.0,22.1,0.0,22.1,0.0
1788524872861.0,27560,9.8,0.0,0,0,42,0.0,22.1,0.0,22.1,0.0
1788524873236.0,27580,9.8,0.0,0,0,42,0.0,22.1,0.0,22.1,0.0
1788524873610.0,27600,9.8,0.0,0,0,42,0.0,22.1,0.0,22.1,0.0
1788524873986.0,27620,9.8,0.0,0,0,42,0.0,22.1,0.0,22.1,0.0
1788524872055.0,27640,9.8,0.0,0,0,42,0.0,22.1,0.0,22.1,0.0
1788524874735.0,27660,9.8,0.0,0,0,42,0.0,22.1,0.0,22.1,0.0
1788524872791.0,27680,9.8,0.0,0,0,42,0.0,22.1,0.0,22.1,0.0
1788524875485.0,27700,9.8,0.0,0,0,42,0.0,22.1,0.0,22.1,0.0
1788524875864.0,27720,9.8,0.0,0,0,42,0.0,22.1,0.0,22.1,0.0
1788524876234.0,27740,9.8,0.0,0,0,42,0.0,22.1,0.0,22.1,0.0
1788524869675.0,27760,9.8,0.0,0,0,42,0.0,22.1,0.0,22.1,0.0
1788524876983.0,27780,9.8,0.0,0,0,42,0.0,22.1,0.0,22.1,0.0
1788524877363.0,27800,9.8,0.0,0,0,42,0.0,22.1,0.0,22.1,0.0
1788524877752.0,27820,9.8,0.0,0,0,42,0.0,22.1,0.0,22.1,0.0
1788524878110.0,27840,9.8,0.0,0,0,42,0.0,22.1,0.0,22.1,0.0
1788524878483.0,27860,9.8,0.0,0,0,42,0.0,22.1,0.0,22.1,0.0
1788524878862.0,27880,9.8,0.0,0,0,42,0.0,22.1,0.0,22.1,0.0
1788524879232.0,27900,9.8,0.0,0,0,42,0.0,22.1,0.0,22.1,0.0
1788524879627.0,27920,9.8,0.0,0,0,42,0.0,22.1,0.0,22.1,0.0
1788524879981.0,27940,9.8,0.0,0,0,42,0.0,22.1,0.0,22.1,0.0
1788524879194.0,27960,9.8,0.0,0,0,42,0.0,22.1,0.0,22.1,0.0
1788524879614.0,27980,9.8,0.0,0,0,42,0.0,22.1,0.0,22.1,0.0
1788524878801.0,28000,9.8,0.0,0,0,42,0.0,22.1,0.0,22.1,0.0
1788524881481.0,28020,9.8,0.0,0,0,42,0.0,22.1,0.0,22.1,0.0
1788524881855.0,28040,9.8,0.0,0,0,42,0.0,22.1,0.0,22.1,0.0
1788524881087.0,28060,9.8,0.0,0,0,42,0.0,22.1,0.0,22.1,0.0
1788524882605.0,28080,9.8,0.0,0,0,42,0.0,22.1,0.0,22.1,0.0
1788524882998.0,28100,9.8,0.0,0,0,42,0.0,22.1,0.0,22.1,0.0
1788524883377.0,28120,9.8,0.0,0,0,42,0.0,22.1,0.0,22.1,0.0
1788524882590.0,28140,9.8,0.0,0,0,42,0.0,22.1,0.0,22.1,0.0
1788524884104.0,28160,9.8,0.0,0,0,42,0.0,22.1,0.0,22.1,0.0
1788524884478.0,28180,9.8,0.0,0,0,42,0.0,22.1,0.0,22.1,0.0
1788524883691.0,28200,9.8,0.0,0,0,42,0.0,22.1,0.0,22.1,0.0
1788524882904.0,28220,9.8,0.0,0,0,42,0.0,22.1,0.0,22.1,0.0
1788524885602.0,28240,9.8,0.0,0,0,42,0.0,22.1,0.0,22.1,0.0
1788524885976.0,28260,9.8,0.0,0,0,42,0.0,22.1,0.0,22.1,0.0
1788524881686.0,28280,9.8,0.0,0,0,42,0.0,22.1,0.0,22.1,0.0
1788524883185.0,28300,9.8,0.0,0,0,42,0.0,22.1,0.0,22.1,0.0
1788524887119.0,28320,9.8,0.0,0,0,42,0.0,22.1,0.0,22.1,0.0
1788524883972.0,28340,9.8,0.0,0,0,42,0.0,22.1,0.0,22.1,0.0
1788524886688.0,28360,9.8,0.0,0,0,42,0.0,22.1,0.0,22.1,0.0
1788524885958.0,28380,9.8,0.0,0,0,42,0.0,22.1,0.0,22.1,0.0
1788524887438.0,28400,9.8,0.0,0,0,42,0.0,22.1,0.0,22.1,0.0
1788524887814.0,28420,9.8,0.0,0,0,42,0.0,22.1,0.0,22.1,0.0
1788524888187.0,28440,9.8,0.0,0,0,42,0.0,22.1,0.0,22.1,0.0
1788524888562.0,28460,9.8,0.0,0,0,42,0.0,22.1,0.0,22.1,0.0
1788524888937.0,28480,9.8,0.0,0,0,42,0.0,22.1,0.0,22.1,0.0
1788524889312.0,28500,9.8,0.0,0,0,42,0.0,22.1,0.0,22.1,0.0
1788524889687.0,28520,9.8,0.0,0,0,42,0.0,22.1,0.0,22.1,0.0
1788524890063.0,28540,9.8,0.0,0,0,42,0.0,22.1,0.0,22.1,0.0
1788524890436.0,28560,9.8,0.0,0,0,42,0.0,22.1,0.0,22.1,0.0
1788524890810.0,28580,9.8,0.0,0,0,42,0.0,22.1,0.0,22.1,0.0
1788524891185.0,28600,9.8,0.0,0,0,42,0.0,22.1,0.0,22.1,0.0
1788524891560.0,28620,9.8,0.0,0,0,42,0.0,22.1,0.0,22.1,0.0
1788524891935.0,28640,9.8,0.0,0,0,42,0.0,22.1,0.0,22.1,0.0
1788524892314.0,28660,9.8,0.0,0,0,42,0.0,22.1,0.0,22.1,0.0
1788524892684.0,28680,9.8,0.0,0,0,42,0.0,22.1,0.0,22.1,0.0
1788524893058.0,28700,9.8,0.0,0,0,42,0.0,22.1,0.0,22.1,0.0
1788524893433.0,28720,9.8,0.0,0,0,42,0.0,22.1,0.0,22.1,0.0
1788524893808.0,28740,9.8,0.0,0,0,42,0.0,22.1,0.0,22.1,0.0
1788524894183.0,28760,9.8,0.0,0,0,42,0.0,22.1,0.0,22.1,0.0
1788524894559.0,28780,9.8,0.0,0,0,42,0.0,22.1,0.0,22.1,0.0
1788524894932.0,28800,9.8,0.0,0,0,42,0.0,22.1,0.0,22.1,0.0
1788524895312.0,28820,9.8,0.0,0,0,42,0.0,22.1,0.0,22.1,0.0
1788524895682.0,28840,9.8,0.0,0,0,42,0.0,22.1,0.0,22.1,0.0
1788524896061.0,28860,9.8,0.0,0,0,42,0.0,22.1,0.0,22.1,0.0
1788524896432.0,28880,9.8,0.0,0,0,42,0.0,22.1,0.0,22.1,0.0
1788524896806.0,28900,9.8,0.0,0,0,42,0.0,22.1,0.0,22.1,0.0
1788524897180.0,28920,9.8,0.0,0,0,42,0.0,22.1,0.0,22.1,0.0
1788524897559.0,28940,9.8,0.0,0,0,42,0.0,22.1,0.0,22.1,0.0
1788524897930.0,28960,9.8,0.0,0,0,42,0.0,22.1,0.0,22.1,0.0
1788524898305.0,28980,9.8,0.0,0,0,42,0.0,22.1,0.0,22.1,0.0
1788524898681.0,29000,9.8,0.0,0,0,42,0.0,22.1,0.0,22.1,0.0
1788524899054.0,29020,9.8,0.0,0,0,42,0.0,22.1,0.0,22.1,0.0
1788524899429.0,29040,9.8,0.0,0,0,42,0.0,22.1,0.0,22.1,0.0
1788524899803.0,29060,9.8,0.0,0,0,42,0.0,22.1,0.0,22.1,0.0
1788524900177.0,29080,9.8,0.0,0,0,42,0.0,22.1,0.0,22.1,0.0
1788524900552.0,29100,9.8,0.0,0,0,42,0.0,22.1,0.0,22.1,0.0
1788524900929.0,29120,9.8,0.0,0,0,42,0.0,22.1,0.0,22.1,0.0
1788524901302.0,29140,9.8,0.0,0,0,42,0.0,22.1,0.0,22.1,0.0
1788524901678.0,29160,9.8,0.0,0,0,42,0.0,22.1,0.0,22.1,0.0
1788524902051.0,29180,9.8,0.0,0,0,42,0.0,22.1,0.0,22.1,0.0
1788524902426.0,29200,9.8,0.0,0,0,42,0.0,22.1,0.0,22.1,0.0
1788524902801.0,29220,9.8,0.0,0,0,42,0.0,22.1,0.0,22.1,0.0
1788524903176.0,29240,9.8,0.0,0,0,42,0.0,22.1,0.0,22.1,0.0
1788524903550.0,29260,9.8,0.0,0,0,42,0.0,22.1,0.0,22.1,0.0
1788524903925.0,29280,9.8,0.0,0,0,42,0.0,22.1,0.0,22.1,0.0
1788524904299.0,29300,9.8,0.0,0,0,42,0.0,22.1,0.0,22.1,0.0
1788524904678.0,29320,9.8,0.0,0,0,42,0.0,22.1,0.0,22.1,0.0
1788524905049.0,29340,9.8,0.0,0,0,42,0.0,22.1,0.0,22.1,0.0
1788524905429.0,29360,9.8,0.0,0,0,42,0.0,22.1,0.0,22.1,0.0
1788524905798.0,29380,9.8,0.0,0,0,42,0.0,22.1,0.0,22.1,0.0
1788524906173.0,29400,9.8,0.0,0,0,42,0.0,22.1,0.0,22.1,0.0
1788524906548.0,29420,9.8,0.0,0,0,42,0.0,22.1,0.0,22.1,0.0
1788524906927.0,29440,9.8,0.0,0,0,42,0.0,22.1,0.0,22.1,0.0
1788524907297.0,29460,9.8,0.0,0,0,42,0.0,22.1,0.0,22.1,0.0
1788524907672.0,29480,9.8,0.0,0,0,42,0.0,22.1,0.0,22.1,0.0
1788524908048.0,29500,9.8,0.0,0,0,42,0.0,22.1,0.0,22.1,0.0
1788524908421.0,29520,9.8,0.0,0,0,42,0.0,22.1,0.0,22.1,0.0
1788524908797.0,29540,9.8,0.0,0,0,42,0.0,22.1,0.0,22.1,0.0
1788524909172.0,29560,9.8,0.0,0,0,42,0.0,22.1,0.0,22.1,0.0
1788524909546.0,29580,9.8,0.0,0,0,42,0.0,22.1,0.0,22.1,0.0
1788524909921.0,29600,9.8,0.0,0,0,42,0.0,22.1,0.0,22.1,0.0
1788524910295.0,29620,9.8,0.0,0,0,42,0.0,22.1,0.0,22.1,0.0
1788524910670.0,29640,9.8,0.0,0,0,42,0.0,22.1,0.0,22.1,0.0
1788524911044.0,29660,9.8,0.0,0,0,42,0.0,22.1,0.0,22.1,0.0
1788524911419.0,29680,9.8,0.0,0,0,42,0.0,22.1,0.0,22.1,0.0
1788524911794.0,29700,9.8,0.0,0,0,42,0.0,22.1,0.0,22.1,0.0
1788524912169.0,29720,9.8,0.0,0,0,42,0.0,22.1,0.0,22.1,0.0
1788524912543.0,29740,9.8,0.0,0,0,42,0.0,22.1,0.0,22.1,0.0
1788524912918.0,29760,9.8,0.0,0,0,42,0.0,22.1,0.0,22.1,0.0
1788524913296.0,29780,9.8,0.0,0,0,42,0.0,22.1,0.0,22.1,0.0
1788524913668.0,29800,9.8,0.0,0,0,42,0.0,22.1,0.0,22.1,0.0
1788524914043.0,29820,9.8,0.0,0,0,42,0.0,22.1,0.0,22.1,0.0
1788524914417.0,29840,9.8,0.0,0,0,42,0.0,22.1,0.0,22.1,0.0
1788524914797.0,29860,9.8,0.0,0,0,42,0.0,22.1,0.0,22.1,0.0
1788524915167.0,29880,9.8,0.0,0,0,42,0.0,22.1,0.0,22.1,0.0
1788524915547.0,29900,9.8,0.0,0,0,42,0.0,22.1,0.0,22.1,0.0
1788524915917.0,29920,9.8,0.0,0,0,42,0.0,22.1,0.0,22.1,0.0
1788524916293.0,29940,9.8,0.0,0,0,42,0.0,22.1,0.0,22.1,0.0
1788524916666.0,29960,9.8,0.0,0,0,42,0.0,22.1,0.0,22.1,0.0
1788524917043.0,29980,9.8,0.0,0,0,42,0.0,22.1,0.0,22.1,0.0
1788524917416.0,30000,9.8,0.0,0,0,42,0.0,22.1,0.0,22.1,0.0
1788524917790.0,30020,9.8,0.0,0,0,42,0.0,22.1,0.0,22.1,0.0
1788524918164.0,30040,9.8,0.0,0,0,42,0.0,22.1,0.0,22.1,0.0
1788524918540.0,30060,9.8,0.0,0,0,42,0.0,22.1,0.0,22.1,0.0
1788524918915.0,30080,9.8,0.0,0,0,42,0.0,22.1,0.0,22.1,0.0
1788524919290.0,30100,9.8,0.0,0,0,42,0.0,22.1,0.0,22.1,0.0
1788524919664.0,30120,9.8,0.0,0,0,42,0.0,22.1,0.0,22.1,0.0
1788524920038.0,30140,9.8,0.0,0,0,42,0.0,22.1,0.0,22.1,0.0
1788524920414.0,30160,9.8,0.0,0,0,42,0.0,22.1,0.0,22.1,0.0
1788524920791.0,30180,9.8,0.0,0,0,42,0.0,22.1,0.0,22.1,0.0
1788524921163.0,30200,9.8,0.0,0,0,42,0.0,22.1,0.0,22.1,0.0
1788524921538.0,30220,9.8,0.0,0,0,42,0.0,22.1,0.0,22.1,0.0
1788524921912.0,30240,9.8,0.0,0,0,42,0.0,22.1,0.0,22.1,0.0
1788524922288.0,30260,9.8,0.0,0,0,42,0.0,22.1,0.0,22.1,0.0
1788524922662.0,30280,9.8,0.0,0,0,42,0.0,22.1,0.0,22.1,0.0
1788524923036.0,30300,9.8,0.0,0,0,42,0.0,22.1,0.0,22.1,0.0
1788524923417.0,30320,9.8,0.0,0,0,42,0.0,22.1,0.0,22.1,0.0
1788524923787.0,30340,9.8,0.0,0,0,42,0.0,22.1,0.0,22.1,0.0
1788524924161.0,30360,9.8,0.0,0,0,42,0.0,22.1,0.0,22.1,0.0
1788524924536.0,30380,9.8,0.0,0,0,42,0.0,22.1,0.0,22.1,0.0
1788524924911.0,30400,9.8,0.0,0,0,42,0.0,22.1,0.0,22.1,0.0
1788524925285.0,30420,9.8,0.0,0,0,42,0.0,22.1,0.0,22.1,0.0
1788524925660.0,30440,9.8,0.0,0,0,42,0.0,22.1,0.0,22.1,0.0
1788524926036.0,30460,9.8,0.0,0,0,42,0.0,22.1,0.0,22.1,0.0
1788524926412.0,30480,9.8,0.0,0,0,42,0.0,22.1,0.0,22.1,0.0
1788524926785.0,30500,9.8,0.0,0,0,42,0.0,22.1,0.0,22.1,0.0
1788524927158.0,30520,9.8,0.0,0,0,42,0.0,22.1,0.0,22.1,0.0
1788524927535.0,30540,9.8,0.0,0,0,42,0.0,22.1,0.0,22.1,0.0
1788524927911.0,30560,9.8,0.0,0,0,42,0.0,22.1,0.0,22.1,0.0
1788524928284.0,30580,9.8,0.0,0,0,42,0.0,22.1,0.0,22.1,0.0
1788524928663.0,30600,9.8,0.0,0,0,42,0.0,22.1,0.0,22.1,0.0
1788524929033.0,30620,9.8,0.0,0,0,42,0.0,22.1,0.0,22.1,0.0
1788524929413.0,30640,9.8,0.0,0,0,42,0.0,22.1,0.0,22.1,0.0
1788524929782.0,30660,9.8,0.0,0,0,42,0.0,22.1,0.0,22.1,0.0
1788524930158.0,30680,9.8,0.0,0,0,42,0.0,22.1,0.0,22.1,0.0
1788524930531.0,30700,9.8,0.0,0,0,42,0.0,22.1,0.0,22.1,0.0
1788524930912.0,30720,9.8,0.0,0,0,42,0.0,22.1,0.0,22.1,0.0
1788524931282.0,30740,9.8,0.0,0,0,42,0.0,22.1,0.0,22.1,0.0
1788524931656.0,30760,9.8,0.0,0,0,42,0.0,22.1,0.0,22.1,0.0
1788524932032.0,30780,9.8,0.0,0,0,42,0.0,22.1,0.0,22.1,0.0
1788524932407.0,30800,9.8,0.0,0,0,42,0.0,22.1,0.0,22.1,0.0
1788524932781.0,30820,9.8,0.0,0,0,42,0.0,22.1,0.0,22.1,0.0
1788524933155.0,30840,9.8,0.0,0,0,42,0.0,22.1,0.0,22.1,0.0
1788524933531.0,30860,9.8,0.0,0,0,42,0.0,22.1,0.0,22.1,0.0
1788524933905.0,30880,9.8,0.0,0,0,42,0.0,22.1,0.0,22.1,0.0
1788524934279.0,30900,9.8,0.0,0,0,42,0.0,22.1,0.0,22.1,0.0
1788524934655.0,30920,9.8,0.0,0,0,42,0.0,22.1,0.0,22.1,0.0
1788524935037.0,30940,9.8,0.0,0,0,42,0.0,22.1,0.0,22.1,0.0
1788524935404.0,30960,9.8,0.0,0,0,42,0.0,22.1,0.0,22.1,0.0
1788524935778.0,30980,9.8,0.0,0,0,42,0.0,22.1,0.0,22.1,0.0
1788524936153.0,31000,9.8,0.0,0,0,42,0.0,22.1,0.0,22.1,0.0
1788524936530.0,31020,9.8,0.0,0,0,42,0.0,22.1,0.0,22.1,0.0
1788524936904.0,31040,9.8,0.0,0,0,42,0.0,22.1,0.0,22.1,0.0
1788524937281.0,31060,9.8,0.0,0,0,42,0.0,22.1,0.0,22.1,0.0
1788524937653.0,31080,9.8,0.0,0,0,42,0.0,22.1,0.0,22.1,0.0
1788524938030.0,31100,9.8,0.0,0,0,42,0.0,22.1,0.0,22.1,0.0
1788524938401.0,31120,9.8,0.0,0,0,42,0.0,22.1,0.0,22.1,0.0
1788524938778.0,31140,9.8,0.0,0,0,42,0.0,22.1,0.0,22.1,0.0
1788524939150.0,31160,9.8,0.0,0,0,42,0.0,22.1,0.0,22.1,0.0
1788524939527.0,31180,9.8,0.0,0,0,42,0.0,22.1,0.0,22.1,0.0
1788524939901.0,31200,9.8,0.0,0,0,42,0.0,22.1,0.0,22.1,0.0
1788524940282.0,31220,9.8,0.0,0,0,42,0.0,22.1,0.0,22.1,0.0
1788524940650.0,31240,9.8,0.0,0,0,42,0.0,22.1,0.0,22.1,0.0
1788524941025.0,31260,9.8,0.0,0,0,42,0.0,22.1,0.0,22.1,0.0
1788524941400.0,31280,9.8,0.0,0,0,42,0.0,22.1,0.0,22.1,0.0
1788524941774.0,31300,9.8,0.0,0,0,42,0.0,22.1,0.0,22.1,0.0
1788524942149.0,31320,9.8,0.0,0,0,42,0.0,22.1,0.0,22.1,0.0
1788524942524.0,31340,9.8,0.0,0,0,42,0.0,22.1,0.0,22.1,0.0
1788524942899.0,31360,9.8,0.0,0,0,42,0.0,22.1,0.0,22.1,0.0
1788524943272.0,31380,9.8,0.0,0,0,42,0.0,22.1,0.0,22.1,0.0
1788524943648.0,31400,9.8,0.0,0,0,42,0.0,22.1,0.0,22.1,0.0
1788524944024.0,31420,9.8,0.0,0,0,42,0.0,22.1,0.0,22.1,0.0
1788524944398.0,31440,9.8,0.0,0,0,42,0.0,22.1,0.0,22.1,0.0
1788524944773.0,31460,9.8,0.0,0,0,42,0.0,22.1,0.0,22.1,0.0
1788524945146.0,31480,9.8,0.0,0,0,42,0.0,22.1,0.0,22.1,0.0
1788524945522.0,31500,9.8,0.0,0,0,42,0.0,22.1,0.0,22.1,0.0
1788524945896.0,31520,9.8,0.0,0,0,42,0.0,22.1,0.0,22.1,0.0
1788524946272.0,31540,9.8,0.0,0,0,42,0.0,22.1,0.0,22.1,0.0
1788524946647.0,31560,9.8,0.0,0,0,42,0.0,22.1,0.0,22.1,0.0
1788524947021.0,31580,9.8,0.0,0,0,42,0.0,22.1,0.0,22.1,0.0
1788524947395.0,31600,9.8,0.0,0,0,42,0.0,22.1,0.0,22.1,0.0
1788524947771.0,31620,9.8,0.0,0,0,42,0.0,22.1,0.0,22.1,0.0
1788524948145.0,31640,9.8,0.0,0,0,42,0.0,22.1,0.0,22.1,0.0
1788524948527.0,31660,9.8,0.0,0,0,42,0.0,22.1,0.0,22.1,0.0
1788524948894.0,31680,9.8,0.0,0,0,42,0.0,22.1,0.0,22.1,0.0
1788524949269.0,31700,9.8,0.0,0,0,42,0.0,22.1,0.0,22.1,0.0
1788524949644.0,31720,9.8,0.0,0,0,42,0.0,22.1,0.0,22.1,0.0
1788524950019.0,31740,9.8,0.0,0,0,42,0.0,22.1,0.0,22.1,0.0
1788524950396.0,31760,9.8,0.0,0,0,42,0.0,22.1,0.0,22.1,0.0
1788524950769.0,31780,9.8,0.0,0,0,42,0.0,22.1,0.0,22.1,0.0
1788524951145.0,31800,9.8,0.0,0,0,42,0.0,22.1,0.0,22.1,0.0
1788524951517.0,31820,9.8,0.0,0,0,42,0.0,22.1,0.0,22.1,0.0
1788524951892.0,31840,9.8,0.0,0,0,42,0.0,22.1,0.0,22.1,0.0
1788524952267.0,31860,9.8,0.0,0,0,42,0.0,22.1,0.0,22.1,0.0
1788524952642.0,31880,9.8,0.0,0,0,42,0.0,22.1,0.0,22.1,0.0
1788524953018.0,31900,9.8,0.0,0,0,42,0.0,22.1,0.0,22.1,0.0
1788524953394.0,31920,9.8,0.0,0,0,42,0.0,22.1,0.0,22.1,0.0
1788524953767.0,31940,9.8,0.0,0,0,42,0.0,22.1,0.0,22.1,0.0
1788524954141.0,31960,9.8,0.0,0,0,42,0.0,22.1,0.0,22.1,0.0
1788524954516.0,31980,9.8,0.0,0,0,42,0.0,22.1,0.0,22.1,0.0
1788524954899.0,32000,9.8,0.0,0,0,42,0.0,22.1,0.0,22.1,0.0
1788524955265.0,32020,9.8,0.0,0,0,42,0.0,22.1,0.0,22.1,0.0
1788524955642.0,32040,9.8,0.0,0,0,42,0.0,22.1,0.0,22.1,0.0
1788524956015.0,32060,9.8,0.0,0,0,42,0.0,22.1,0.0,22.1,0.0
1788524956389.0,32080,9.8,0.0,0,0,42,0.0,22.1,0.0,22.1,0.0
1788524956764.0,32100,9.8,0.0,0,0,42,0.0,22.1,0.0,22.1,0.0
1788524957138.0,32120,9.8,0.0,0,0,42,0.0,22.1,0.0,22.1,0.0
1788524957514.0,32140,9.8,0.0,0,0,42,0.0,22.1,0.0,22.1,0.0
1788524957889.0,32160,9.8,0.0,0,0,42,0.0,22.1,0.0,22.1,0.0
1788524958263.0,32180,9.8,0.0,0,0,42,0.0,22.1,0.0,22.1,0.0
1788524958637.0,32200,9.8,0.0,0,0,42,0.0,22.1,0.0,22.1,0.0
1788524959012.0,32220,9.8,0.0,0,0,42,0.0,22.1,0.0,22.1,0.0
1788524959387.0,32240,9.8,0.0,0,0,42,0.0,22.1,0.0,22.1,0.0
1788524959764.0,32260,9.8,0.0,0,0,42,0.0,22.1,0.0,22.1,0.0
1788524960136.0,32280,9.8,0.0,0,0,42,0.0,22.1,0.0,22.1,0.0
1788524960511.0,32300,9.8,0.0,0,0,42,0.0,22.1,0.0,22.1,0.0
1788524960891.0,32320,9.8,0.0,0,0,42,0.0,22.1,0.0,22.1,0.0
1788524961261.0,32340,9.8,0.0,0,0,42,0.0,22.1,0.0,22.1,0.0
1788524961635.0,32360,9.8,0.0,0,0,42,0.0,22.1,0.0,22.1,0.0
1788524962010.0,32380,9.8,0.0,0,0,42,0.0,22.1,0.0,22.1,0.0
1788524962385.0,32400,9.8,0.0,0,0,42,0.0,22.1,0.0,22.1,0.0
1788524962763.0,32420,9.8,0.0,0,0,42,0.0,22.1,0.0,22.1,0.0
1788524963135.0,32440,9.8,0.0,0,0,42,0.0,22.1,0.0,22.1,0.0
1788524963509.0,32460,9.8,0.0,0,0,42,0.0,22.1,0.0,22.1,0.0
1788524963884.0,32480,9.8,0.0,0,0,42,0.0,22.1,0.0,22.1,0.0
1788524964260.0,32500,9.8,0.0,0,0,42,0.0,22.1,0.0,22.1,0.0
1788524964633.0,32520,9.8,0.0,0,0,42,0.0,22.1,0.0,22.1,0.0
1788524965011.0,32540,9.8,0.0,0,0,42,0.0,22.1,0.0,22.1,0.0
1788524965383.0,32560,9.8,0.0,0,0,42,0.0,22.1,0.0,22.1,0.0
1788524965763.0,32580,9.8,0.0,0,0,42,0.0,22.1,0.0,22.1,0.0
1788524966133.0,32600,9.8,0.0,0,0,42,0.0,22.1,0.0,22.1,0.0
1788524966513.0,32620,9.8,0.0,0,0,42,0.0,22.1,0.0,22.1,0.0
1788524966882.0,32640,9.8,0.0,0,0,42,0.0,22.1,0.0,22.1,0.0
1788524967257.0,32660,9.8,0.0,0,0,42,0.0,22.1,0.0,22.1,0.0
1788524967631.0,32680,9.8,0.0,0,0,42,0.0,22.1,0.0,22.1,0.0
1788524968008.0,32700,9.8,0.0,0,0,42,0.0,22.1,0.0,22.1,0.0
1788524968381.0,32720,9.8,0.0,0,0,42,0.0,22.1,0.0,22.1,0.0
1788524968755.0,32740,9.8,0.0,0,0,42,0.0,22.1,0.0,22.1,0.0
1788524969130.0,32760,9.8,0.0,0,0,42,0.0,22.1,0.0,22.1,0.0
1788524969505.0,32780,9.8,0.0,0,0,42,0.0,22.1,0.0,22.1,0.0
1788524969879.0,32800,9.8,0.0,0,0,42,0.0,22.1,0.0,22.1,0.0
1788524970254.0,32820,9.8,0.0,0,0,42,0.0,22.1,0.0,22.1,0.0
1788524970629.0,32840,9.8,0.0,0,0,42,0.0,22.1,0.0,22.1,0.0
1788524971003.0,32860,9.8,0.0,0,0,42,0.0,22.1,0.0,22.1,0.0
1788524971378.0,32880,9.8,0.0,0,0,42,0.0,22.1,0.0,22.1,0.0
1788524971753.0,32900,9.8,0.0,0,0,42,0.0,22.1,0.0,22.1,0.0
1788524972127.0,32920,9.8,0.0,0,0,42,0.0,22.1,0.0,22.1,0.0
1788524972502.0,32940,9.8,0.0,0,0,42,0.0,22.1,0.0,22.1,0.0
1788524972881.0,32960,9.8,0.0,0,0,42,0.0,22.1,0.0,22.1,0.0
1788524973251.0,32980,9.8,0.0,0,0,42,0.0,22.1,0.0,22.1,0.0
1788524973628.0,33000,9.8,0.0,0,0,42,0.0,22.1,0.0,22.1,0.0
1788524974003.0,33020,9.8,0.0,0,0,42,0.0,22.1,0.0,22.1,0.0
1788524974382.0,33040,9.8,0.0,0,0,42,0.0,22.1,0.0,22.1,0.0
1788524974751.0,33060,9.8,0.0,0,0,42,0.0,22.1,0.0,22.1,0.0
1788524975125.0,33080,9.8,0.0,0,0,42,0.0,22.1,0.0,22.1,0.0
1788524975500.0,33100,9.8,0.0,0,0,42,0.0,22.1,0.0,22.1,0.0
1788524975880.0,33120,9.8,0.0,0,0,42,0.0,22.1,0.0,22.1,0.0
1788524976249.0,33140,9.8,0.0,0,0,42,0.0,22.1,0.0,22.1,0.0
1788524976625.0,33160,9.8,0.0,0,0,42,0.0,22.1,0.0,22.1,0.0
1788524976999.0,33180,9.8,0.0,0,0,42,0.0,22.1,0.0,22.1,0.0
1788524977375.0,33200,9.8,0.0,0,0,42,0.0,22.1,0.0,22.1,0.0
1788524977748.0,33220,9.8,0.0,0,0,42,0.0,22.1,0.0,22.1,0.0
1788524978128.0,33240,9.8,0.0,0,0,42,0.0,22.1,0.0,22.1,0.0
1788524978498.0,33260,9.8,0.0,0,0,42,0.0,22.1,0.0,22.1,0.0
1788524978874.0,33280,9.8,0.0,0,0,42,0.0,22.1,0.0,22.1,0.0
1788524979247.0,33300,9.8,0.0,0,0,42,0.0,22.1,0.0,22.1,0.0
1788524979621.0,33320,9.8,0.0,0,0,42,0.0,22.1,0.0,22.1,0.0
1788524979996.0,33340,9.8,0.0,0,0,42,0.0,22.1,0.0,22.1,0.0
1788524980375.0,33360,9.8,0.0,0,0,42,0.0,22.1,0.0,22.1,0.0
1788524980746.0,33380,9.8,0.0,0,0,42,0.0,22.1,0.0,22.1,0.0
1788524981120.0,33400,9.8,0.0,0,0,42,0.0,22.1,0.0,22.1,0.0
1788524981496.0,33420,9.8,0.0,0,0,42,0.0,22.1,0.0,22.1,0.0
1788524981870.0,33440,9.8,0.0,0,0,42,0.0,22.1,0.0,22.1,0.0
1788524982244.0,33460,9.8,0.0,0,0,42,0.0,22.1,0.0,22.1,0.0
1788524982620.0,33480,9.8,0.0,0,0,42,0.0,22.1,0.0,22.1,0.0
1788524982994.0,33500,9.8,0.0,0,0,42,0.0,22.1,0.0,22.1,0.0
1788524983369.0,33520,9.8,0.0,0,0,42,0.0,22.1,0.0,22.1,0.0
1788524983743.0,33540,9.8,0.0,0,0,42,0.0,22.1,0.0,22.1,0.0
1788524984118.0,33560,9.8,0.0,0,0,42,0.0,22.1,0.0,22.1,0.0
1788524984494.0,33580,9.8,0.0,0,0,42,0.0,22.1,0.0,22.1,0.0
1788524984868.0,33600,9.8,0.0,0,0,42,0.0,22.1,0.0,22.1,0.0
1788524985242.0,33620,9.8,0.0,0,0,42,0.0,22.1,0.0,22.1,0.0
1788524985617.0,33640,9.8,0.0,0,0,42,0.0,22.1,0.0,22.1,0.0
1788524985992.0,33660,9.8,0.0,0,0,42,0.0,22.1,0.0,22.1,0.0
1788524986367.0,33680,9.8,0.0,0,0,42,0.0,22.1,0.0,22.1,0.0
1788524986741.0,33700,9.8,0.0,0,0,42,0.0,22.1,0.0,22.1,0.0
1788524987116.0,33720,9.8,0.0,0,0,42,0.0,22.1,0.0,22.1,0.0
1788524987494.0,33740,9.8,0.0,0,0,42,0.0,22.1,0.0,22.1,0.0
1788524987866.0,33760,9.8,0.0,0,0,42,0.0,22.1,0.0,22.1,0.0
1788524988241.0,33780,9.8,0.0,0,0,42,0.0,22.1,0.0,22.1,0.0
1788524988616.0,33800,9.8,0.0,0,0,42,0.0,22.1,0.0,22.1,0.0
1788524988990.0,33820,9.8,0.0,0,0,42,0.0,22.1,0.0,22.1,0.0
1788524989364.0,33840,9.8,0.0,0,0,42,0.0,22.1,0.0,22.1,0.0
1788524989739.0,33860,9.8,0.0,0,0,42,0.0,22.1,0.0,22.1,0.0
1788524990114.0,33880,9.8,0.0,0,0,42,0.0,22.1,0.0,22.1,0.0
1788524990488.0,33900,9.8,0.0,0,0,42,0.0,22.1,0.0,22.1,0.0
1788524990863.0,33920,9.8,0.0,0,0,42,0.0,22.1,0.0,22.1,0.0
1788524991238.0,33940,9.8,0.0,0,0,42,0.0,22.1,0.0,22.1,0.0
1788524991613.0,33960,9.8,0.0,0,0,42,0.0,22.1,0.0,22.1,0.0
1788524991989.0,33980,9.8,0.0,0,0,42,0.0,22.1,0.0,22.1,0.0
1788524992363.0,34000,9.8,0.0,0,0,42,0.0,22.1,0.0,22.1,0.0
1788524992738.0,34020,9.8,0.0,0,0,42,0.0,22.1,0.0,22.1,0.0
1788524993116.0,34040,9.8,0.0,0,0,42,0.0,22.1,0.0,22.1,0.0
1788524993493.0,34060,9.8,0.0,0,0,42,0.0,22.1,0.0,22.1,0.0
1788524993863.0,34080,9.8,0.0,0,0,42,0.0,22.1,0.0,22.1,0.0
1788524994239.0,34100,9.8,0.0,0,0,42,0.0,22.1,0.0,22.1,0.0
1788524994610.0,34120,9.8,0.0,0,0,42,0.0,22.1,0.0,22.1,0.0
1788524994985.0,34140,9.8,0.0,0,0,42,0.0,22.1,0.0,22.1,0.0
1788524995362.0,34160,9.8,0.0,0,0,42,0.0,22.1,0.0,22.1,0.0
1788524995735.0,34180,9.8,0.0,0,0,42,0.0,22.1,0.0,22.1,0.0
1788524996115.0,34200,9.8,0.0,0,0,42,0.0,22.1,0.0,22.1,0.0
1788524996486.0,34220,9.8,0.0,0,0,42,0.0,22.1,0.0,22.1,0.0
1788524996861.0,34240,9.8,0.0,0,0,42,0.0,22.1,0.0,22.1,0.0
1788524997233.0,34260,9.8,0.0,0,0,42,0.0,22.1,0.0,22.1,0.0
1788524997612.0,34280,9.8,0.0,0,0,42,0.0,22.1,0.0,22.1,0.0
1788524997982.0,34300,9.8,0.0,0,0,42,0.0,22.1,0.0,22.1,0.0
1788524998361.0,34320,9.8,0.0,0,0,42,0.0,22.1,0.0,22.1,0.0
1788524998732.0,34340,9.8,0.0,0,0,42,0.0,22.1,0.0,22.1,0.0
1788524999107.0,34360,9.8,0.0,0,0,42,0.0,22.1,0.0,22.1,0.0
1788524999481.0,34380,9.8,0.0,0,0,42,0.0,22.1,0.0,22.1,0.0
1788524999857.0,34400,9.8,0.0,0,0,42,0.0,22.1,0.0,22.1,0.0
1788525000231.0,34420,9.8,0.0,0,0,42,0.0,22.1,0.0,22.1,0.0
1788525000607.0,34440,9.8,0.0,0,0,42,0.0,22.1,0.0,22.1,0.0
1788525000981.0,34460,9.8,0.0,0,0,42,0.0,22.1,0.0,22.1,0.0
1788525001355.0,34480,9.8,0.0,0,0,42,0.0,22.1,0.0,22.1,0.0
1788525001735.0,34500,9.8,0.0,0,0,42,0.0,22.1,0.0,22.1,0.0
1788525002105.0,34520,9.8,0.0,0,0,42,0.0,22.1,0.0,22.1,0.0
1788525002479.0,34540,9.8,0.0,0,0,42,0.0,22.1,0.0,22.1,0.0
1788525002853.0,34560,9.8,0.0,0,0,42,0.0,22.1,0.0,22.1,0.0
1788525003229.0,34580,9.8,0.0,0,0,42,0.0,22.1,0.0,22.1,0.0
1788525003603.0,34600,9.8,0.0,0,0,42,0.0,22.1,0.0,22.1,0.0
1788525003978.0,34620,9.8,0.0,0,0,42,0.0,22.1,0.0,22.1,0.0
1788525004352.0,34640,9.8,0.0,0,0,42,0.0,22.1,0.0,22.1,0.0
1788525004728.0,34660,9.8,0.0,0,0,42,0.0,22.1,0.0,22.1,0.0
1788525005102.0,34680,9.8,0.0,0,0,42,0.0,22.1,0.0,22.1,0.0
1788525005477.0,34700,9.8,0.0,0,0,42,0.0,22.1,0.0,22.1,0.0
1788525005851.0,34720,9.8,0.0,0,0,42,0.0,22.1,0.0,22.1,0.0
1788525006228.0,34740,9.8,0.0,0,0,42,0.0,22.1,0.0,22.1,0.0
1788525006601.0,34760,9.8,0.0,0,0,42,0.0,22.1,0.0,22.1,0.0
1788525006977.0,34780,9.8,0.0,0,0,42,0.0,22.1,0.0,22.1,0.0
1788525007349.0,34800,9.8,0.0,0,0,42,0.0,22.1,0.0,22.1,0.0
1788525007724.0,34820,9.8,0.0,0,0,42,0.0,22.1,0.0,22.1,0.0
1788525008100.0,34840,9.8,0.0,0,0,42,0.0,22.1,0.0,22.1,0.0
1788525008479.0,34860,9.8,0.0,0,0,42,0.0,22.1,0.0,22.1,0.0
1788525008849.0,34880,9.8,0.0,0,0,42,0.0,22.1,0.0,22.1,0.0
1788525009223.0,34900,9.8,0.0,0,0,42,0.0,22.1,0.0,22.1,0.0
1788525009610.0,34920,9.8,0.0,0,0,42,0.0,22.1,0.0,22.1,0.0
1788525009996.0,34940,9.8,0.0,0,0,42,0.0,22.1,0.0,22.1,0.0
1788525010365.0,34960,9.8,0.0,0,0,42,0.0,22.1,0.0,22.1,0.0
1788525010729.0,34980,9.8,0.0,0,0,42,0.0,22.1,0.0,22.1,0.0
1788525011129.0,35000,9.8,0.0,0,0,42,0.0,22.1,0.0,22.1,0.0
1788525011472.0,35020,9.8,0.0,0,0,42,0.0,22.1,0.0,22.1,0.0
1788525011848.0,35040,9.8,0.0,0,0,42,0.0,22.1,0.0,22.1,0.0
1788525012222.0,35060,9.8,0.0,0,0,42,0.0,22.1,0.0,22.1,0.0
1788525012598.0,35080,9.8,0.0,0,0,42,0.0,22.1,0.0,22.1,0.0
1788525012974.0,35100,9.8,0.0,0,0,42,0.0,22.1,0.0,22.1,0.0
1788525013349.0,35120,9.8,0.0,0,0,42,0.0,22.1,0.0,22.1,0.0
1788525013723.0,35140,9.8,0.0,0,0,42,0.0,22.1,0.0,22.1,0.0
1788525014097.0,35160,9.8,0.0,0,0,42,0.0,22.1,0.0,22.1,0.0
1788525014472.0,35180,9.8,0.0,0,0,42,0.0,22.1,0.0,22.1,0.0
1788525014849.0,35200,9.8,0.0,0,0,42,0.0,22.1,0.0,22.1,0.0
1788525015222.0,35220,9.8,0.0,0,0,42,0.0,22.1,0.0,22.1,0.0
1788525015596.0,35240,9.8,0.0,0,0,42,0.0,22.1,0.0,22.1,0.0
1788525015973.0,35260,9.8,0.0,0,0,42,0.0,22.1,0.0,22.1,0.0
1788525016349.0,35280,9.8,0.0,0,0,42,0.0,22.1,0.0,22.1,0.0
1788525016724.0,35300,9.8,0.0,0,0,42,0.0,22.1,0.0,22.1,0.0
1788525017097.0,35320,9.8,0.0,0,0,42,0.0,22.1,0.0,22.1,0.0
1788525017473.0,35340,9.8,0.0,0,0,42,0.0,22.1,0.0,22.1,0.0
1788525017846.0,35360,9.8,0.0,0,0,42,0.0,22.1,0.0,22.1,0.0
1788525018222.0,35380,9.8,0.0,0,0,42,0.0,22.1,0.0,22.1,0.0
1788525018597.0,35400,9.8,0.0,0,0,42,0.0,22.1,0.0,22.1,0.0
1788525018971.0,35420,9.8,0.0,0,0,42,0.0,22.1,0.0,22.1,0.0
1788525019347.0,35440,9.8,0.0,0,0,42,0.0,22.1,0.0,22.1,0.0
1788525019722.0,35460,9.8,0.0,0,0,42,0.0,22.1,0.0,22.1,0.0
1788525020097.0,35480,9.8,0.0,0,0,42,0.0,22.1,0.0,22.1,0.0
1788525020472.0,35500,9.8,0.0,0,0,42,0.0,22.1,0.0,22.1,0.0
1788525020849.0,35520,9.8,0.0,0,0,42,0.0,22.1,0.0,22.1,0.0
1788525021221.0,35540,9.8,0.0,0,0,42,0.0,22.1,0.0,22.1,0.0
1788525021598.0,35560,9.8,0.0,0,0,42,0.0,22.1,0.0,22.1,0.0
1788525021971.0,35580,9.8,0.0,0,0,42,0.0,22.1,0.0,22.1,0.0
1788525022348.0,35600,9.8,0.0,0,0,42,0.0,22.1,0.0,22.1,0.0
1788525022724.0,35620,9.8,0.0,0,0,42,0.0,22.1,0.0,22.1,0.0
1788525023098.0,35640,9.8,0.0,0,0,42,0.0,22.1,0.0,22.1,0.0
1788525023473.0,35660,9.8,0.0,0,0,42,0.0,22.1,0.0,22.1,0.0
1788525023847.0,35680,9.8,0.0,0,0,42,0.0,22.1,0.0,22.1,0.0
1788525024222.0,35700,9.8,0.0,0,0,42,0.0,22.1,0.0,22.1,0.0
1788525024598.0,35720,9.8,0.0,0,0,42,0.0,22.1,0.0,22.1,0.0
1788525024971.0,35740,9.8,0.0,0,0,42,0.0,22.1,0.0,22.1,0.0
1788525025347.0,35760,9.8,0.0,0,0,42,0.0,22.1,0.0,22.1,0.0
1788525025723.0,35780,9.8,0.0,0,0,42,0.0,22.1,0.0,22.1,0.0
1788525026097.0,35800,9.8,0.0,0,0,42,0.0,22.1,0.0,22.1,0.0
1788525026472.0,35820,9.8,0.0,0,0,42,0.0,22.1,0.0,22.1,0.0
1788525026847.0,35840,9.8,0.0,0,0,42,0.0,22.1,0.0,22.1,0.0
1788525027221.0,35860,9.8,0.0,0,0,42,0.0,22.1,0.0,22.1,0.0
1788525027598.0,35880,9.8,0.0,0,0,42,0.0,22.1,0.0,22.1,0.0
1788525027971.0,35900,9.8,0.0,0,0,42,0.0,22.1,0.0,22.1,0.0
1788525028348.0,35920,9.8,0.0,0,0,42,0.0,22.1,0.0,22.1,0.0
1788525028722.0,35940,9.8,0.0,0,0,42,0.0,22.1,0.0,22.1,0.0
1788525029097.0,35960,9.8,0.0,0,0,42,0.0,22.1,0.0,22.1,0.0
1788525029472.0,35980,9.8,0.0,0,0,42,0.0,22.1,0.0,22.1,0.0
1788525029848.0,36000,9.8,0.0,0,0,42,0.0,22.1,0.0,22.1,0.0
1788525030221.0,36020,9.8,0.0,0,0,42,0.0,22.1,0.0,22.1,0.0
1788525030596.0,36040,9.8,0.0,0,0,42,0.0,22.1,0.0,22.1,0.0
1788525030971.0,36060,9.8,0.0,0,0,42,0.0,22.1,0.0,22.1,0.0
1788525031346.0,36080,9.8,0.0,0,0,42,0.0,22.1,0.0,22.1,0.0
1788525031722.0,36100,9.8,0.0,0,0,42,0.0,22.1,0.0,22.1,0.0
1788525032096.0,36120,9.8,0.0,0,0,42,0.0,22.1,0.0,22.1,0.0
1788525032472.0,36140,9.8,0.0,0,0,42,0.0,22.1,0.0,22.1,0.0
1788525032848.0,36160,9.8,0.0,0,0,42,0.0,22.1,0.0,22.1,0.0
1788525033221.0,36180,9.8,0.0,0,0,42,0.0,22.1,0.0,22.1,0.0
1788525033598.0,36200,9.8,0.0,0,0,42,0.0,22.1,0.0,22.1,0.0
1788525033970.0,36220,9.8,0.0,0,0,42,0.0,22.1,0.0,22.1,0.0
1788525034347.0,36240,9.8,0.0,0,0,42,0.0,22.1,0.0,22.1,0.0
1788525034721.0,36260,9.8,0.0,0,0,42,0.0,22.1,0.0,22.1,0.0
1788525035096.0,36280,9.8,0.0,0,0,42,0.0,22.1,0.0,22.1,0.0
1788525035471.0,36300,9.8,0.0,0,0,42,0.0,22.1,0.0,22.1,0.0
1788525035846.0,36320,9.8,0.0,0,0,42,0.0,22.1,0.0,22.1,0.0
1788525036222.0,36340,9.8,0.0,0,0,42,0.0,22.1,0.0,22.1,0.0
1788525036598.0,36360,9.8,0.0,0,0,42,0.0,22.1,0.0,22.1,0.0
1788525036971.0,36380,9.8,0.0,0,0,42,0.0,22.1,0.0,22.1,0.0
1788525037346.0,36400,9.8,0.0,0,0,42,0.0,22.1,0.0,22.1,0.0
1788525037720.0,36420,9.8,0.0,0,0,42,0.0,22.1,0.0,22.1,0.0
1788525038096.0,36440,9.8,0.0,0,0,42,0.0,22.1,0.0,22.1,0.0
1788525038472.0,36460,9.8,0.0,0,0,42,0.0,22.1,0.0,22.1,0.0
1788525038847.0,36480,9.8,0.0,0,0,42,0.0,22.1,0.0,22.1,0.0
1788525039220.0,36500,9.8,0.0,0,0,42,0.0,22.1,0.0,22.1,0.0
1788525039595.0,36520,9.8,0.0,0,0,42,0.0,22.1,0.0,22.1,0.0
1788525039972.0,36540,9.8,0.0,0,0,42,0.0,22.1,0.0,22.1,0.0
1788525040345.0,36560,9.8,0.0,0,0,42,0.0,22.1,0.0,22.1,0.0
1788525040719.0,36580,9.8,0.0,0,0,42,0.0,22.1,0.0,22.1,0.0
1788525041095.0,36600,9.8,0.0,0,0,42,0.0,22.1,0.0,22.1,0.0
1788525041471.0,36620,9.8,0.0,0,0,42,0.0,22.1,0.0,22.1,0.0
1788525041844.0,36640,9.8,0.0,0,0,42,0.0,22.1,0.0,22.1,0.0
1788525042219.0,36660,9.8,0.0,0,0,42,0.0,22.1,0.0,22.1,0.0
1788525042596.0,36680,9.8,0.0,0,0,42,0.0,22.1,0.0,22.1,0.0
1788525042971.0,36700,9.8,0.0,0,0,42,0.0,22.1,0.0,22.1,0.0
1788525043346.0,36720,9.8,0.0,0,0,42,0.0,22.1,0.0,22.1,0.0
1788525043720.0,36740,9.8,0.0,0,0,42,0.0,22.1,0.0,22.1,0.0
1788525044096.0,36760,9.8,0.0,0,0,42,0.0,22.1,0.0,22.1,0.0
1788525044469.0,36780,9.8,0.0,0,0,42,0.0,22.1,0.0,22.1,0.0
1788525044845.0,36800,9.8,0.0,0,0,42,0.0,22.1,0.0,22.1,0.0
1788525045220.0,36820,9.8,0.0,0,0,42,0.0,22.1,0.0,22.1,0.0
1788525045596.0,36840,9.8,0.0,0,0,42,0.0,22.1,0.0,22.1,0.0
1788525045971.0,36860,9.8,0.0,0,0,42,0.0,22.1,0.0,22.1,0.0
1788525046346.0,36880,9.8,0.0,0,0,42,0.0,22.1,0.0,22.1,0.0
1788525046720.0,36900,9.8,0.0,0,0,42,0.0,22.1,0.0,22.1,0.0
1788525047095.0,36920,9.8,0.0,0,0,42,0.0,22.1,0.0,22.1,0.0
1788525047471.0,36940,9.8,0.0,0,0,42,0.0,22.1,0.0,22.1,0.0
1788525047845.0,36960,9.8,0.0,0,0,42,0.0,22.1,0.0,22.1,0.0
1788525048219.0,36980,9.8,0.0,0,0,42,0.0,22.1,0.0,22.1,0.0
1788525048595.0,37000,9.8,0.0,0,0,42,0.0,22.1,0.0,22.1,0.0
1788525048971.0,37020,9.8,0.0,0,0,42,0.0,22.1,0.0,22.1,0.0
1788525049344.0,37040,9.8,0.0,0,0,42,0.0,22.1,0.0,22.1,0.0
1788525049720.0,37060,9.8,0.0,0,0,42,0.0,22.1,0.0,22.1,0.0
1788525050094.0,37080,9.8,0.0,0,0,42,0.0,22.1,0.0,22.1,0.0
1788525050469.0,37100,9.8,0.0,0,0,42,0.0,22.1,0.0,22.1,0.0
1788525050844.0,37120,9.8,0.0,0,0,42,0.0,22.1,0.0,22.1,0.0
1788525051220.0,37140,9.8,0.0,0,0,42,0.0,22.1,0.0,22.1,0.0
1788525051594.0,37160,9.8,0.0,0,0,42,0.0,22.1,0.0,22.1,0.0
1788525051969.0,37180,9.8,0.0,0,0,42,0.0,22.1,0.0,22.1,0.0
1788525052344.0,37200,9.8,0.0,0,0,42,0.0,22.1,0.0,22.1,0.0
1788525052719.0,37220,9.8,0.0,0,0,42,0.0,22.1,0.0,22.1,0.0
1788525053094.0,37240,9.8,0.0,0,0,42,0.0,22.1,0.0,22.1,0.0
1788525053469.0,37260,9.8,0.0,0,0,42,0.0,22.1,0.0,22.1,0.0
1788525053844.0,37280,9.8,0.0,0,0,42,0.0,22.1,0.0,22.1,0.0
1788525054219.0,37300,9.8,0.0,0,0,42,0.0,22.1,0.0,22.1,0.0
1788525054595.0,37320,9.8,0.0,0,0,42,0.0,22.1,0.0,22.1,0.0
1788525054969.0,37340,9.8,0.0,0,0,42,0.0,22.1,0.0,22.1,0.0
1788525055343.0,37360,9.8,0.0,0,0,42,0.0,22.1,0.0,22.1,0.0
1788525055721.0,37380,9.8,0.0,0,0,42,0.0,22.1,0.0,22.1,0.0
1788525056093.0,37400,9.8,0.0,0,0,42,0.0,22.1,0.0,22.1,0.0
1788525056469.0,37420,9.8,0.0,0,0,42,0.0,22.1,0.0,22.1,0.0
1788525056844.0,37440,9.8,0.0,0,0,42,0.0,22.1,0.0,22.1,0.0
1788525057219.0,37460,9.8,0.0,0,0,42,0.0,22.1,0.0,22.1,0.0
1788525057593.0,37480,9.8,0.0,0,0,42,0.0,22.1,0.0,22.1,0.0
1788525057968.0,37500,9.8,0.0,0,0,42,0.0,22.1,0.0,22.1,0.0
1788525058343.0,37520,9.8,0.0,0,0,42,0.0,22.1,0.0,22.1,0.0
1788525058718.0,37540,9.8,0.0,0,0,42,0.0,22.1,0.0,22.1,0.0
1788525059093.0,37560,9.8,0.0,0,0,42,0.0,22.1,0.0,22.1,0.0
1788525059468.0,37580,9.8,0.0,0,0,42,0.0,22.1,0.0,22.1,0.0
1788525059844.0,37600,9.8,0.0,0,0,42,0.0,22.1,0.0,22.1,0.0
1788525060219.0,37620,9.8,0.0,0,0,42,0.0,22.1,0.0,22.1,0.0
1788525060594.0,37640,9.8,0.0,0,0,42,0.0,22.1,0.0,22.1,0.0
1788525060968.0,37660,9.8,0.0,0,0,42,0.0,22.1,0.0,22.1,0.0
1788525061344.0,37680,9.8,0.0,0,0,42,0.0,22.1,0.0,22.1,0.0
1788525061720.0,37700,9.8,0.0,0,0,42,0.0,22.1,0.0,22.1,0.0
1788525062093.0,37720,9.8,0.0,0,0,42,0.0,22.1,0.0,22.1,0.0
1788525062468.0,37740,9.8,0.0,0,0,42,0.0,22.1,0.0,22.1,0.0
1788525062844.0,37760,9.8,0.0,0,0,42,0.0,22.1,0.0,22.1,0.0
1788525063220.0,37780,9.8,0.0,0,0,42,0.0,22.1,0.0,22.1,0.0
1788525063594.0,37800,9.8,0.0,0,0,42,0.0,22.1,0.0,22.1,0.0
1788525063969.0,37820,9.8,0.0,0,0,42,0.0,22.1,0.0,22.1,0.0
1788525064345.0,37840,9.8,0.0,0,0,42,0.0,22.1,0.0,22.1,0.0
1788525064717.0,37860,9.8,0.0,0,0,42,0.0,22.1,0.0,22.1,0.0
1788525065093.0,37880,9.8,0.0,0,0,42,0.0,22.1,0.0,22.1,0.0
1788525065469.0,37900,9.8,0.0,0,0,42,0.0,22.1,0.0,22.1,0.0
1788525065844.0,37920,9.8,0.0,0,0,42,0.0,22.1,0.0,22.1,0.0
1788525066218.0,37940,9.8,0.0,0,0,42,0.0,22.1,0.0,22.1,0.0
1788525066593.0,37960,9.8,0.0,0,0,42,0.0,22.1,0.0,22.1,0.0
1788525066968.0,37980,9.8,0.0,0,0,42,0.0,22.1,0.0,22.1,0.0
1788525067343.0,38000,9.8,0.0,0,0,42,0.0,22.1,0.0,22.1,0.0
1788525067719.0,38020,9.8,0.0,0,0,42,0.0,22.1,0.0,22.1,0.0
1788525068092.0,38040,9.8,0.0,0,0,42,0.0,22.1,0.0,22.1,0.0
1788525068469.0,38060,9.8,0.0,0,0,42,0.0,22.1,0.0,22.1,0.0
1788525068844.0,38080,9.8,0.0,0,0,42,0.0,22.1,0.0,22.1,0.0
1788525069220.0,38100,9.8,0.0,0,0,42,0.0,22.1,0.0,22.1,0.0
1788525084395.0,38120,9.8,0.0,0,0,42,0.0,22.1,0.0,22.1,0.0
1788525084690.0,38140,11.45,0.0,1,0,43,0.0,22.1,0.0,22.1,0.0
1788525085066.0,38160,9.8,0.0,1,0,43,0.0,22.1,0.0,22.1,0.0
1788525085439.0,38180,9.8,0.0,0,0,43,0.0,22.1,0.0,22.1,0.0
1788525085821.0,38200,9.8,0.0,0,0,43,0.0,22.1,0.0,22.1,0.0
1788525086189.0,38220,9.8,0.0,0,0,43,0.0,22.1,0.0,22.1,0.0
1788525086568.0,38240,9.8,0.0,0,0,43,0.0,22.1,0.0,22.1,0.0
1788525177529.0,20,9.8,0.0,0,0,0,0.0,0.0,0.0,0.0,0.0
1788525177904.0,40,9.8,0.0,0,0,0,0.0,0.0,0.0,0.0,0.0
1788525178282.0,60,9.8,0.0,0,0,0,0.0,0.0,0.0,0.0,0.0
1788525178654.0,80,9.8,0.0,0,0,0,0.0,0.0,0.0,0.0,0.0
1788525179028.0,100,9.8,0.0,0,0,0,0.0,0.0,0.0,0.0,0.0
1788525179402.0,120,9.8,0.0,0,0,0,0.0,0.0,0.0,0.0,0.0
1788525179778.0,140,9.8,0.0,0,0,0,0.0,0.0,0.0,0.0,0.0
1788525180151.0,160,9.8,0.0,0,0,0,0.0,0.0,0.0,0.0,0.0
1788525180526.0,180,9.8,0.0,0,0,0,0.0,0.0,0.0,0.0,0.0
1788525180900.0,200,9.8,0.0,0,0,0,0.0,0.0,0.0,0.0,0.0
1788525181275.0,220,9.8,0.0,0,0,0,0.0,0.0,0.0,0.0,0.0
1788525181650.0,240,9.8,0.0,0,0,0,0.0,0.0,0.0,0.0,0.0
1788525182024.0,260,9.8,0.0,0,0,0,0.0,0.0,0.0,0.0,0.0
1788525182399.0,280,9.8,0.0,0,0,0,0.0,0.0,0.0,0.0,0.0
1788525182774.0,300,9.8,0.0,0,0,0,0.0,0.0,0.0,0.0,0.0
1788525183148.0,320,9.8,0.0,0,0,0,0.0,0.0,0.0,0.0,0.0
1788525183524.0,340,9.8,0.0,0,0,0,0.0,0.0,0.0,0.0,0.0
1788525183898.0,360,9.8,0.0,0,0,0,0.0,0.0,0.0,0.0,0.0
1788525184272.0,380,9.8,0.0,0,0,0,0.0,0.0,0.0,0.0,0.0
1788525184649.0,400,9.8,0.0,0,0,0,0.0,0.0,0.0,0.0,0.0
1788525185022.0,420,9.8,0.0,0,0,0,0.0,0.0,0.0,0.0,0.0
1788525185397.0,440,9.8,0.0,0,0,0,0.0,0.0,0.0,0.0,0.0
1788525185772.0,460,9.8,0.0,0,0,0,0.0,0.0,0.0,0.0,0.0
1788525186146.0,480,9.8,0.0,0,0,0,0.0,0.0,0.0,0.0,0.0
1788525186521.0,500,9.8,0.0,0,0,0,0.0,0.0,0.0,0.0,0.0
1788525186895.0,520,9.8,0.0,0,0,0,0.0,0.0,0.0,0.0,0.0
1788525187270.0,540,9.8,0.0,0,0,0,0.0,0.0,0.0,0.0,0.0
1788525187645.0,560,9.8,0.0,0,0,0,0.0,0.0,0.0,0.0,0.0
1788525188019.0,580,9.8,0.0,0,0,0,0.0,0.0,0.0,0.0,0.0
1788525188394.0,600,9.8,0.0,0,0,0,0.0,0.0,0.0,0.0,0.0
1788525188768.0,620,9.8,0.0,0,0,0,0.0,0.0,0.0,0.0,0.0
1788525189142.0,640,9.8,0.0,0,0,0,0.0,0.0,0.0,0.0,0.0
1788525189518.0,660,9.8,0.0,0,0,0,0.0,0.0,0.0,0.0,0.0
1788525189893.0,680,9.8,0.0,0,0,0,0.0,0.0,0.0,0.0,0.0
1788525190267.0,700,9.8,0.0,0,0,0,0.0,0.0,0.0,0.0,0.0
1788525190643.0,720,9.8,0.0,0,0,0,0.0,0.0,0.0,0.0,0.0
1788525191017.0,740,9.8,0.0,0,0,0,0.0,0.0,0.0,0.0,0.0
1788525191391.0,760,9.8,0.0,0,0,0,0.0,0.0,0.0,0.0,0.0
1788525191767.0,780,9.8,0.0,0,0,0,0.0,0.0,0.0,0.0,0.0
1788525192142.0,800,9.8,0.0,0,0,0,0.0,0.0,0.0,0.0,0.0
1788525192515.0,820,9.8,0.0,0,0,0,0.0,0.0,0.0,0.0,0.0
1788525192889.0,840,9.8,0.0,0,0,0,0.0,0.0,0.0,0.0,0.0
1788525193266.0,860,9.8,0.0,0,0,0,0.0,0.0,0.0,0.0,0.0
1788525193639.0,880,9.8,0.0,0,0,0,0.0,0.0,0.0,0.0,0.0
1788525194017.0,900,9.8,0.0,0,0,0,0.0,0.0,0.0,0.0,0.0
1788525194388.0,920,9.8,0.0,0,0,0,0.0,0.0,0.0,0.0,0.0
1788525194768.0,940,9.8,0.0,0,0,0,0.0,0.0,0.0,0.0,0.0
1788525195138.0,960,9.8,0.0,0,0,0,0.0,0.0,0.0,0.0,0.0
1788525195513.0,980,9.8,0.0,0,0,0,0.0,0.0,0.0,0.0,0.0
1788525195887.0,1000,9.8,0.0,0,0,0,0.0,0.0,0.0,0.0,0.0
1788525196261.0,1020,9.8,0.0,0,0,0,0.0,0.0,0.0,0.0,0.0
1788525196636.0,1040,9.8,0.0,0,0,0,0.0,0.0,0.0,0.0,0.0
1788525197011.0,1060,9.8,0.0,0,0,0,0.0,0.0,0.0,0.0,0.0
1788525197385.0,1080,9.8,0.0,0,0,0,0.0,0.0,0.0,0.0,0.0
1788525197759.0,1100,9.8,0.0,0,0,0,0.0,0.0,0.0,0.0,0.0
1788525198135.0,1120,9.8,0.0,0,0,0,0.0,0.0,0.0,0.0,0.0
1788525198509.0,1140,9.8,0.0,0,0,0,0.0,0.0,0.0,0.0,0.0
1788525198883.0,1160,9.8,0.0,0,0,0,0.0,0.0,0.0,0.0,0.0
1788525199258.0,1180,9.8,0.0,0,0,0,0.0,0.0,0.0,0.0,0.0
1788525199633.0,1200,9.8,0.0,0,0,0,0.0,0.0,0.0,0.0,0.0
1788525200008.0,1220,9.8,0.0,0,0,0,0.0,0.0,0.0,0.0,0.0
1788525200382.0,1240,9.8,0.0,0,0,0,0.0,0.0,0.0,0.0,0.0
1788525200757.0,1260,9.8,0.0,0,0,0,0.0,0.0,0.0,0.0,0.0
1788525201132.0,1280,9.8,0.0,0,0,0,0.0,0.0,0.0,0.0,0.0
1788525201506.0,1300,9.8,0.0,0,0,0,0.0,0.0,0.0,0.0,0.0
1788525201884.0,1320,9.8,0.0,0,0,0,0.0,0.0,0.0,0.0,0.0
1788525202259.0,1340,9.8,0.0,0,0,0,0.0,0.0,0.0,0.0,0.0
1788525202632.0,1360,9.8,0.0,0,0,0,0.0,0.0,0.0,0.0,0.0
1788525203007.0,1380,9.8,0.0,0,0,0,0.0,0.0,0.0,0.0,0.0
1788525203381.0,1400,9.8,0.0,0,0,0,0.0,0.0,0.0,0.0,0.0
1788525203754.0,1420,9.8,0.0,0,0,0,0.0,0.0,0.0,0.0,0.0
1788525204132.0,1440,9.8,0.0,0,0,0,0.0,0.0,0.0,0.0,0.0
1788525204507.0,1460,9.8,0.0,0,0,0,0.0,0.0,0.0,0.0,0.0
1788525204879.0,1480,9.8,0.0,0,0,0,0.0,0.0,0.0,0.0,0.0
1788525205253.0,1500,9.8,0.0,0,0,0,0.0,0.0,0.0,0.0,0.0
1788525205628.0,1520,9.8,0.0,0,0,0,0.0,0.0,0.0,0.0,0.0
1788525206003.0,1540,9.8,0.0,0,0,0,0.0,0.0,0.0,0.0,0.0
1788525206377.0,1560,9.8,0.0,0,0,0,0.0,0.0,0.0,0.0,0.0
1788525206752.0,1580,9.8,0.0,0,0,0,0.0,0.0,0.0,0.0,0.0
1788525207126.0,1600,9.8,0.0,0,0,0,0.0,0.0,0.0,0.0,0.0
1788525207501.0,1620,9.8,0.0,0,0,0,0.0,0.0,0.0,0.0,0.0
1788525207875.0,1640,9.8,0.0,0,0,0,0.0,0.0,0.0,0.0,0.0
1788525208250.0,1660,9.8,0.0,0,0,0,0.0,0.0,0.0,0.0,0.0
1788525208625.0,1680,9.8,0.0,0,0,0,0.0,0.0,0.0,0.0,0.0
1788525208999.0,1700,9.8,0.0,0,0,0,0.0,0.0,0.0,0.0,0.0
1788525209374.0,1720,9.8,0.0,0,0,0,0.0,0.0,0.0,0.0,0.0
1788525209748.0,1740,9.8,0.0,0,0,0,0.0,0.0,0.0,0.0,0.0
1788525210123.0,1760,9.8,0.0,0,0,0,0.0,0.0,0.0,0.0,0.0
1788525210497.0,1780,9.8,0.0,0,0,0,0.0,0.0,0.0,0.0,0.0
1788525210872.0,1800,9.8,0.0,0,0,0,0.0,0.0,0.0,0.0,0.0
1788525211249.0,1820,9.8,0.0,0,0,0,0.0,0.0,0.0,0.0,0.0
1788525211622.0,1840,9.8,0.0,0,0,0,0.0,0.0,0.0,0.0,0.0
1788525211998.0,1860,9.8,0.0,0,0,0,0.0,0.0,0.0,0.0,0.0
1788525212372.0,1880,9.8,0.0,0,0,0,0.0,0.0,0.0,0.0,0.0
1788525212751.0,1900,9.8,0.0,0,0,0,0.0,0.0,0.0,0.0,0.0
1788525213122.0,1920,9.8,0.0,0,0,0,0.0,0.0,0.0,0.0,0.0
1788525213496.0,1940,9.8,0.0,0,0,0,0.0,0.0,0.0,0.0,0.0
1788525213871.0,1960,9.8,0.0,0,0,0,0.0,0.0,0.0,0.0,0.0
1788525214246.0,1980,9.8,0.0,0,0,0,0.0,0.0,0.0,0.0,0.0
1788525214620.0,2000,9.8,0.0,0,0,0,0.0,0.0,0.0,0.0,0.0
1788525214994.0,2020,9.8,0.0,0,0,0,0.0,0.0,0.0,0.0,0.0
1788525215370.0,2040,9.8,0.0,0,0,0,0.0,0.0,0.0,0.0,0.0
1788525215744.0,2060,9.8,0.0,0,0,0,0.0,0.0,0.0,0.0,0.0
1788525216119.0,2080,9.8,0.0,0,0,0,0.0,0.0,0.0,0.0,0.0
1788525216493.0,2100,9.8,0.0,0,0,0,0.0,0.0,0.0,0.0,0.0
1788525216868.0,2120,9.8,0.0,0,0,0,0.0,0.0,0.0,0.0,0.0
1788525217244.0,2140,9.8,0.0,0,0,0,0.0,0.0,0.0,0.0,0.0
1788525217617.0,2160,9.8,0.0,0,0,0,0.0,0.0,0.0,0.0,0.0
1788525217991.0,2180,9.8,0.0,0,0,0,0.0,0.0,0.0,0.0,0.0
1788525218366.0,2200,9.8,0.0,0,0,0,0.0,0.0,0.0,0.0,0.0
1788525218741.0,2220,9.8,0.0,0,0,0,0.0,0.0,0.0,0.0,0.0
1788525219115.0,2240,9.8,0.0,0,0,0,0.0,0.0,0.0,0.0,0.0
1788525219490.0,2260,9.8,0.0,0,0,0,0.0,0.0,0.0,0.0,0.0
1788525219864.0,2280,9.8,0.0,0,0,0,0.0,0.0,0.0,0.0,0.0
1788525220240.0,2300,9.8,0.0,0,0,0,0.0,0.0,0.0,0.0,0.0
1788525220616.0,2320,9.8,0.0,0,0,0,0.0,0.0,0.0,0.0,0.0
1788525220989.0,2340,9.8,0.0,0,0,0,0.0,0.0,0.0,0.0,0.0
1788525221364.0,2360,9.8,0.0,0,0,0,0.0,0.0,0.0,0.0,0.0
1788525221738.0,2380,9.8,0.0,0,0,0,0.0,0.0,0.0,0.0,0.0
1788525222116.0,2400,9.8,0.0,0,0,0,0.0,0.0,0.0,0.0,0.0
1788525222487.0,2420,11.52,0.0,1,1,3,1.95,1.3,0.0,1.3,0.0
1788525222865.0,2440,9.8,0.0,1,0,3,1.68,1.3,0.0,1.3,0.0
1788525223236.0,2460,9.8,0.0,1,0,3,1.65,1.3,0.0,1.3,0.0
1788525223612.0,2480,9.8,0.0,1,0,3,1.34,1.3,0.0,1.3,0.0
1788525223986.0,2500,9.8,0.0,1,0,3,0.97,1.3,0.0,1.3,0.0
1788525224362.0,2520,9.8,0.0,0,0,3,0.0,1.3,0.0,1.3,0.0
1788525224736.0,2540,9.8,0.0,0,0,3,0.0,1.3,0.0,1.3,0.0
1788525225110.0,2560,9.87,0.0,1,0,5,1.95,2.6,0.0,2.6,0.0
1788525225485.0,2580,9.8,0.0,1,0,5,1.95,2.6,0.0,2.6,0.0
1788525225860.0,2600,10.19,0.0,1,0,6,1.82,3.2,0.0,3.25,0.0
1788525226235.0,2620,9.8,0.0,1,0,8,1.95,4.5,0.0,4.55,0.0
1788525226609.0,2640,9.8,0.0,1,0,8,1.35,4.5,0.0,4.55,0.0
1788525226984.0,2660,9.8,0.0,0,0,8,0.0,4.5,0.0,4.55,0.0
1788525227359.0,2680,9.8,0.0,0,0,8,0.0,4.5,0.0,4.55,0.0
1788525227734.0,2700,9.8,0.0,0,0,8,0.0,4.5,0.0,4.55,0.0
1788525228108.0,2720,9.8,0.0,0,0,8,0.0,4.5,0.0,4.55,0.0
1788525228483.0,2740,9.8,0.0,0,0,8,0.0,4.5,0.0,4.55,0.0
1788525228858.0,2760,9.8,0.0,0,0,8,0.0,4.5,0.0,4.55,0.0
1788525229233.0,2780,9.8,0.0,0,0,8,0.0,4.5,0.0,4.55,0.0
1788525229607.0,2800,9.8,0.0,0,0,8,0.0,4.5,0.0,4.55,0.0
1788525229983.0,2820,9.8,0.0,0,0,8,0.0,4.5,0.0,4.55,0.0
1788525230357.0,2840,9.8,0.0,0,0,8,0.0,4.5,0.0,4.55,0.0
1788525230731.0,2860,9.8,0.0,0,0,8,0.0,4.5,0.0,4.55,0.0
1788525231106.0,2880,9.8,0.0,0,0,8,0.0,4.5,0.0,4.55,0.0
1788525231483.0,2900,9.8,0.0,0,0,8,0.0,4.5,0.0,4.55,0.0
1788525231856.0,2920,9.8,0.0,0,0,8,0.0,4.5,0.0,4.55,0.0
1788525232229.0,2940,9.8,0.0,0,0,8,0.0,4.5,0.0,4.55,0.0
1788525232604.0,2960,9.8,0.0,0,0,8,0.0,4.5,0.0,4.55,0.0
1788525232979.0,2980,9.8,0.0,0,0,8,0.0,4.5,0.0,4.55,0.0
1788525233354.0,3000,9.8,0.0,0,0,8,0.0,4.5,0.0,4.55,0.0
1788525233728.0,3020,9.8,0.0,0,0,8,0.0,4.5,0.0,4.55,0.0
1788525234103.0,3040,9.8,0.0,0,0,8,0.0,4.5,0.0,4.55,0.0
1788525234477.0,3060,9.8,0.0,0,0,8,0.0,4.5,0.0,4.55,0.0
1788525234852.0,3080,9.8,0.0,0,0,8,0.0,4.5,0.0,4.55,0.0
1788525235227.0,3100,9.8,0.0,0,0,8,0.0,4.5,0.0,4.55,0.0
1788525235602.0,3120,9.8,0.0,0,0,8,0.0,4.5,0.0,4.55,0.0
1788525235977.0,3140,9.8,0.0,0,0,8,0.0,4.5,0.0,4.55,0.0
1788525236350.0,3160,9.8,0.0,0,0,8,0.0,4.5,0.0,4.55,0.0
1788525236725.0,3180,9.8,0.0,0,0,8,0.0,4.5,0.0,4.55,0.0
1788525237100.0,3200,9.8,0.0,0,0,8,0.0,4.5,0.0,4.55,0.0
1788525237475.0,3220,9.8,0.0,0,0,8,0.0,4.5,0.0,4.55,0.0
1788525237850.0,3240,9.8,0.0,0,0,8,0.0,4.5,0.0,4.55,0.0
1788525238223.0,3260,10.73,0.0,0,0,8,0.0,4.5,0.0,4.55,0.0
1788525238600.0,3280,9.8,0.0,1,0,10,1.95,5.2,0.0,5.2,0.0
1788525238973.0,3300,10.24,0.0,1,0,11,1.95,5.9,0.0,5.85,0.0
1788525239347.0,3320,10.65,0.0,1,0,11,1.78,5.9,0.0,5.85,0.0
1788525239722.0,3340,10.56,0.0,1,0,11,1.3,5.9,0.0,5.85,0.0
1788525240100.0,3360,10.16,0.0,1,0,12,1.36,6.5,0.0,6.5,0.0
1788525240472.0,3380,10.53,0.0,1,0,13,1.45,7.2,0.0,7.15,0.0
1788525240847.0,3400,10.2,0.0,1,0,13,0.85,7.2,0.0,7.15,0.0
1788525241221.0,3420,10.19,0.0,1,0,13,0.81,7.2,0.0,7.15,0.0
1788525241596.0,3440,10.05,0.0,0,0,13,0.0,7.2,0.0,7.15,0.0
1788525241970.0,3460,10.05,0.0,0,0,13,0.0,7.2,0.0,7.15,0.0
1788525242345.0,3480,10.05,0.0,0,0,13,0.0,7.2,0.0,7.15,0.0
1788525242720.0,3500,10.04,0.0,0,0,13,0.0,7.2,0.0,7.15,0.0
1788525243094.0,3520,10.05,0.0,0,0,13,0.0,7.2,0.0,7.15,0.0
1788525243469.0,3540,10.05,0.0,0,0,13,0.0,7.2,0.0,7.15,0.0
1788525243844.0,3560,10.06,0.0,0,0,13,0.0,7.2,0.0,7.15,0.0
1788525244218.0,3580,10.06,0.0,0,0,13,0.0,7.2,0.0,7.15,0.0
1788525244593.0,3600,10.22,0.0,0,0,13,0.0,7.2,0.0,7.15,0.0
1788525244968.0,3620,8.68,0.0,1,0,14,0.0,7.2,0.0,7.15,0.0
1788525245344.0,3640,9.8,0.0,1,0,15,1.95,7.8,0.0,7.8,0.0
1788525245717.0,3660,9.8,0.0,1,0,15,0.93,7.8,0.0,7.8,0.0
1788525246092.0,3680,9.8,0.0,1,0,15,0.89,7.8,0.0,7.8,0.0
1788525246467.0,3700,9.8,0.0,1,0,15,0.84,7.8,0.0,7.8,0.0
1788525246841.0,3720,9.8,0.0,0,0,15,0.0,7.8,0.0,7.8,0.0
1788525247215.0,3740,9.8,0.0,0,0,15,0.0,7.8,0.0,7.8,0.0
1788525247590.0,3760,9.8,0.0,0,0,15,0.0,7.8,0.0,7.8,0.0
1788525247966.0,3780,9.8,0.0,0,0,15,0.0,7.8,0.0,7.8,0.0
1788525248340.0,3800,9.8,0.0,0,0,15,0.0,7.8,0.0,7.8,0.0
1788525248714.0,3820,9.8,0.0,0,0,15,0.0,7.8,0.0,7.8,0.0
1788525249089.0,3840,9.8,0.0,0,0,15,0.0,7.8,0.0,7.8,0.0
1788525249464.0,3860,9.8,0.0,0,0,15,0.0,7.8,0.0,7.8,0.0
1788525249838.0,3880,9.8,0.0,0,0,15,0.0,7.8,0.0,7.8,0.0
1788525250212.0,3900,9.8,0.0,0,0,15,0.0,7.8,0.0,7.8,0.0
1788525250588.0,3920,9.8,0.0,0,0,15,0.0,7.8,0.0,7.8,0.0
1788525250962.0,3940,9.8,0.0,0,0,15,0.0,7.8,0.0,7.8,0.0
1788525251337.0,3960,9.8,0.0,0,0,15,0.0,7.8,0.0,7.8,0.0
1788525251713.0,3980,9.8,0.0,0,0,15,0.0,7.8,0.0,7.8,0.0
1788525252086.0,4000,9.8,0.0,0,0,15,0.0,7.8,0.0,7.8,0.0
1788525252461.0,4020,9.8,0.0,0,0,15,0.0,7.8,0.0,7.8,0.0
1788525252836.0,4040,9.8,0.0,0,0,15,0.0,7.8,0.0,7.8,0.0
1788525253211.0,4060,9.8,0.0,0,0,15,0.0,7.8,0.0,7.8,0.0
1788525253585.0,4080,9.8,0.0,0,0,15,0.0,7.8,0.0,7.8,0.0
1788525253960.0,4100,9.8,0.0,0,0,15,0.0,7.8,0.0,7.8,0.0
1788525254335.0,4120,9.8,0.0,0,0,15,0.0,7.8,0.0,7.8,0.0
1788525254709.0,4140,9.8,0.0,0,0,15,0.0,7.8,0.0,7.8,0.0
1788525255084.0,4160,9.8,0.0,0,0,15,0.0,7.8,0.0,7.8,0.0
1788525255459.0,4180,9.8,0.0,0,0,15,0.0,7.8,0.0,7.8,0.0
1788525255833.0,4200,9.8,0.0,0,0,15,0.0,7.8,0.0,7.8,0.0
1788525256208.0,4220,9.8,0.0,0,0,15,0.0,7.8,0.0,7.8,0.0
1788525256584.0,4240,9.8,0.0,0,0,15,0.0,7.8,0.0,7.8,0.0
1788525256957.0,4260,9.8,0.0,0,0,15,0.0,7.8,0.0,7.8,0.0
1788525257332.0,4280,9.8,0.0,0,0,15,0.0,7.8,0.0,7.8,0.0
1788525257707.0,4300,9.8,0.0,0,0,15,0.0,7.8,0.0,7.8,0.0
1788525258081.0,4320,9.8,0.0,0,0,15,0.0,7.8,0.0,7.8,0.0
1788525258456.0,4340,9.8,0.0,0,0,15,0.0,7.8,0.0,7.8,0.0
1788525258831.0,4360,9.8,0.0,0,0,15,0.0,7.8,0.0,7.8,0.0
1788525259206.0,4380,9.8,0.0,0,0,15,0.0,7.8,0.0,7.8,0.0
1788525259582.0,4400,9.8,0.0,0,0,15,0.0,7.8,0.0,7.8,0.0
1788525259955.0,4420,9.8,0.0,0,0,15,0.0,7.8,0.0,7.8,0.0
1788525260330.0,4440,9.8,0.0,0,0,15,0.0,7.8,0.0,7.8,0.0
1788525260704.0,4460,9.8,0.0,0,0,15,0.0,7.8,0.0,7.8,0.0
1788525261079.0,4480,9.8,0.0,0,0,15,0.0,7.8,0.0,7.8,0.0
1788525261453.0,4500,9.8,0.0,0,0,15,0.0,7.8,0.0,7.8,0.0
1788525261828.0,4520,9.8,0.0,0,0,15,0.0,7.8,0.0,7.8,0.0
1788525262203.0,4540,9.8,0.0,0,0,15,0.0,7.8,0.0,7.8,0.0
1788525262577.0,4560,9.8,0.0,0,0,15,0.0,7.8,0.0,7.8,0.0
1788525262952.0,4580,9.8,0.0,0,0,15,0.0,7.8,0.0,7.8,0.0
1788525263327.0,4600,9.8,0.0,0,0,15,0.0,7.8,0.0,7.8,0.0
1788525263701.0,4620,9.8,0.0,0,0,15,0.0,7.8,0.0,7.8,0.0
1788525264076.0,4640,9.8,0.0,0,0,15,0.0,7.8,0.0,7.8,0.0
1788525264451.0,4660,9.8,0.0,0,0,15,0.0,7.8,0.0,7.8,0.0
1788525264827.0,4680,9.8,0.0,0,0,15,0.0,7.8,0.0,7.8,0.0
1788525265200.0,4700,9.8,0.0,0,0,15,0.0,7.8,0.0,7.8,0.0
1788525265575.0,4720,9.8,0.0,0,0,15,0.0,7.8,0.0,7.8,0.0
1788525265952.0,4740,9.8,0.0,0,0,15,0.0,7.8,0.0,7.8,0.0
1788525266325.0,4760,9.8,0.0,0,0,15,0.0,7.8,0.0,7.8,0.0
1788525266699.0,4780,9.8,0.0,0,0,15,0.0,7.8,0.0,7.8,0.0
1788525267073.0,4800,9.8,0.0,0,0,15,0.0,7.8,0.0,7.8,0.0
1788525267451.0,4820,9.8,0.0,0,0,15,0.0,7.8,0.0,7.8,0.0
1788525267823.0,4840,9.8,0.0,0,0,15,0.0,7.8,0.0,7.8,0.0
1788525268198.0,4860,9.8,0.0,0,0,15,0.0,7.8,0.0,7.8,0.0
1788525268573.0,4880,9.8,0.0,0,0,15,0.0,7.8,0.0,7.8,0.0
1788525268951.0,4900,9.8,0.0,0,0,15,0.0,7.8,0.0,7.8,0.0
1788525269323.0,4920,9.8,0.0,0,0,15,0.0,7.8,0.0,7.8,0.0
1788525269700.0,4940,9.8,0.0,0,0,15,0.0,7.8,0.0,7.8,0.0
1788525270072.0,4960,9.8,0.0,0,0,15,0.0,7.8,0.0,7.8,0.0
1788525270451.0,4980,9.8,0.0,0,0,15,0.0,7.8,0.0,7.8,0.0
1788525270822.0,5000,9.8,0.0,0,0,15,0.0,7.8,0.0,7.8,0.0
1788525271200.0,5020,9.8,0.0,0,0,15,0.0,7.8,0.0,7.8,0.0
1788525271571.0,5040,9.8,0.0,0,0,15,0.0,7.8,0.0,7.8,0.0
1788525271946.0,5060,9.8,0.0,0,0,15,0.0,7.8,0.0,7.8,0.0
1788525272321.0,5080,9.8,0.0,0,0,15,0.0,7.8,0.0,7.8,0.0
1788525272695.0,5100,9.8,0.0,0,0,15,0.0,7.8,0.0,7.8,0.0
1788525273070.0,5120,9.8,0.0,0,0,15,0.0,7.8,0.0,7.8,0.0
1788525273444.0,5140,9.8,0.0,0,0,15,0.0,7.8,0.0,7.8,0.0
1788525273820.0,5160,9.8,0.0,0,0,15,0.0,7.8,0.0,7.8,0.0
1788525274194.0,5180,9.8,0.0,0,0,15,0.0,7.8,0.0,7.8,0.0
1788525274569.0,5200,9.8,0.0,0,0,15,0.0,7.8,0.0,7.8,0.0
1788525274943.0,5220,9.8,0.0,0,0,15,0.0,7.8,0.0,7.8,0.0
1788525275319.0,5240,9.8,0.0,0,0,15,0.0,7.8,0.0,7.8,0.0
1788525275693.0,5260,9.8,0.0,0,0,15,0.0,7.8,0.0,7.8,0.0
1788525276069.0,5280,9.8,0.0,0,0,15,0.0,7.8,0.0,7.8,0.0
1788525276442.0,5300,9.8,0.0,0,0,15,0.0,7.8,0.0,7.8,0.0
1788525276818.0,5320,9.8,0.0,0,0,15,0.0,7.8,0.0,7.8,0.0
1788525277192.0,5340,9.8,0.0,0,0,15,0.0,7.8,0.0,7.8,0.0
1788525277567.0,5360,9.8,0.0,0,0,15,0.0,7.8,0.0,7.8,0.0
1788525277942.0,5380,9.8,0.0,0,0,15,0.0,7.8,0.0,7.8,0.0
1788525278318.0,5400,9.8,0.0,0,0,15,0.0,7.8,0.0,7.8,0.0
1788525278691.0,5420,9.8,0.0,0,0,15,0.0,7.8,0.0,7.8,0.0
1788525279068.0,5440,9.8,0.0,0,0,15,0.0,7.8,0.0,7.8,0.0
1788525279441.0,5460,9.8,0.0,0,0,15,0.0,7.8,0.0,7.8,0.0
1788525279817.0,5480,9.8,0.0,0,0,15,0.0,7.8,0.0,7.8,0.0
1788525280190.0,5500,9.8,0.0,0,0,15,0.0,7.8,0.0,7.8,0.0
1788525280565.0,5520,9.8,0.0,0,0,15,0.0,7.8,0.0,7.8,0.0
1788525280939.0,5540,9.8,0.0,0,0,15,0.0,7.8,0.0,7.8,0.0
1788525281315.0,5560,9.8,0.0,0,0,15,0.0,7.8,0.0,7.8,0.0
1788525281689.0,5580,9.8,0.0,0,0,15,0.0,7.8,0.0,7.8,0.0
1788525282064.0,5600,9.8,0.0,0,0,15,0.0,7.8,0.0,7.8,0.0
1788525282439.0,5620,9.8,0.0,0,0,15,0.0,7.8,0.0,7.8,0.0
1788525282818.0,5640,9.8,0.0,0,0,15,0.0,7.8,0.0,7.8,0.0
1788525283188.0,5660,9.8,0.0,0,0,15,0.0,7.8,0.0,7.8,0.0
1788525283567.0,5680,9.8,0.0,0,0,15,0.0,7.8,0.0,7.8,0.0
1788525283938.0,5700,9.8,0.0,0,0,15,0.0,7.8,0.0,7.8,0.0
1788525284316.0,5720,9.8,0.0,0,0,15,0.0,7.8,0.0,7.8,0.0
1788525284687.0,5740,9.8,0.0,0,0,15,0.0,7.8,0.0,7.8,0.0
1788525285062.0,5760,9.8,0.0,0,0,15,0.0,7.8,0.0,7.8,0.0
1788525285438.0,5780,9.8,0.0,0,0,15,0.0,7.8,0.0,7.8,0.0
1788525285811.0,5800,9.8,0.0,0,0,15,0.0,7.8,0.0,7.8,0.0
1788525286186.0,5820,9.8,0.0,0,0,15,0.0,7.8,0.0,7.8,0.0
1788525286562.0,5840,9.8,0.0,0,0,15,0.0,7.8,0.0,7.8,0.0
1788525286935.0,5860,9.8,0.0,0,0,15,0.0,7.8,0.0,7.8,0.0
1788525287311.0,5880,9.8,0.0,0,0,15,0.0,7.8,0.0,7.8,0.0
1788525287685.0,5900,9.8,0.0,0,0,15,0.0,7.8,0.0,7.8,0.0
1788525288060.0,5920,9.8,0.0,0,0,15,0.0,7.8,0.0,7.8,0.0
1788525288436.0,5940,9.8,0.0,0,0,15,0.0,7.8,0.0,7.8,0.0
1788525288810.0,5960,9.8,0.0,0,0,15,0.0,7.8,0.0,7.8,0.0
1788525289184.0,5980,9.8,0.0,0,0,15,0.0,7.8,0.0,7.8,0.0
1788525289559.0,6000,9.8,0.0,0,0,15,0.0,7.8,0.0,7.8,0.0
1788525289933.0,6020,9.8,0.0,0,0,15,0.0,7.8,0.0,7.8,0.0
1788525290308.0,6040,9.8,0.0,0,0,15,0.0,7.8,0.0,7.8,0.0
1788525290683.0,6060,9.8,0.0,0,0,15,0.0,7.8,0.0,7.8,0.0
1788525291058.0,6080,9.8,0.0,0,0,15,0.0,7.8,0.0,7.8,0.0
1788525291433.0,6100,9.8,0.0,0,0,15,0.0,7.8,0.0,7.8,0.0
1788525291808.0,6120,9.8,0.0,0,0,15,0.0,7.8,0.0,7.8,0.0
1788525292183.0,6140,9.8,0.0,0,0,15,0.0,7.8,0.0,7.8,0.0
1788525292558.0,6160,9.8,0.0,0,0,15,0.0,7.8,0.0,7.8,0.0
1788525292933.0,6180,9.8,0.0,0,0,15,0.0,7.8,0.0,7.8,0.0
1788525293307.0,6200,9.8,0.0,0,0,15,0.0,7.8,0.0,7.8,0.0
1788525293684.0,6220,9.8,0.0,0,0,15,0.0,7.8,0.0,7.8,0.0
1788525294057.0,6240,9.8,0.0,0,0,15,0.0,7.8,0.0,7.8,0.0
1788525294432.0,6260,9.8,0.0,0,0,15,0.0,7.8,0.0,7.8,0.0
1788525294806.0,6280,9.8,0.0,0,0,15,0.0,7.8,0.0,7.8,0.0
1788525295185.0,6300,9.8,0.0,0,0,15,0.0,7.8,0.0,7.8,0.0
1788525295556.0,6320,9.8,0.0,0,0,15,0.0,7.8,0.0,7.8,0.0
1788525295930.0,6340,9.8,0.0,0,0,15,0.0,7.8,0.0,7.8,0.0
1788525296306.0,6360,9.8,0.0,0,0,15,0.0,7.8,0.0,7.8,0.0
1788525296685.0,6380,9.8,0.0,0,0,15,0.0,7.8,0.0,7.8,0.0
1788525297055.0,6400,9.8,0.0,0,0,15,0.0,7.8,0.0,7.8,0.0
1788525297435.0,6420,9.8,0.0,0,0,15,0.0,7.8,0.0,7.8,0.0
1788525297804.0,6440,9.8,0.0,0,0,15,0.0,7.8,0.0,7.8,0.0
1788525298179.0,6460,9.8,0.0,0,0,15,0.0,7.8,0.0,7.8,0.0
1788525298554.0,6480,9.8,0.0,0,0,15,0.0,7.8,0.0,7.8,0.0
1788525298929.0,6500,9.8,0.0,0,0,15,0.0,7.8,0.0,7.8,0.0
1788525299303.0,6520,9.8,0.0,0,0,15,0.0,7.8,0.0,7.8,0.0
1788525299678.0,6540,9.8,0.0,0,0,15,0.0,7.8,0.0,7.8,0.0
1788525300052.0,6560,9.8,0.0,0,0,15,0.0,7.8,0.0,7.8,0.0
1788525300427.0,6580,9.8,0.0,0,0,15,0.0,7.8,0.0,7.8,0.0
1788525300803.0,6600,9.8,0.0,0,0,15,0.0,7.8,0.0,7.8,0.0
1788525301177.0,6620,9.8,0.0,0,0,15,0.0,7.8,0.0,7.8,0.0
1788525301551.0,6640,9.8,0.0,0,0,15,0.0,7.8,0.0,7.8,0.0
1788525301926.0,6660,9.8,0.0,0,0,15,0.0,7.8,0.0,7.8,0.0
1788525302300.0,6680,9.8,0.0,0,0,15,0.0,7.8,0.0,7.8,0.0
1788525302676.0,6700,9.8,0.0,0,0,15,0.0,7.8,0.0,7.8,0.0
1788525303053.0,6720,9.8,0.0,0,0,15,0.0,7.8,0.0,7.8,0.0
1788525303425.0,6740,9.8,0.0,0,0,15,0.0,7.8,0.0,7.8,0.0
1788525303800.0,6760,9.8,0.0,0,0,15,0.0,7.8,0.0,7.8,0.0
1788525304174.0,6780,9.8,0.0,0,0,15,0.0,7.8,0.0,7.8,0.0
1788525304549.0,6800,9.8,0.0,0,0,15,0.0,7.8,0.0,7.8,0.0
1788525304923.0,6820,9.8,0.0,0,0,15,0.0,7.8,0.0,7.8,0.0
1788525305302.0,6840,9.8,0.0,0,0,15,0.0,7.8,0.0,7.8,0.0
1788525305673.0,6860,9.8,0.0,0,0,15,0.0,7.8,0.0,7.8,0.0
1788525306052.0,6880,9.8,0.0,0,0,15,0.0,7.8,0.0,7.8,0.0
1788525306423.0,6900,9.8,0.0,0,0,15,0.0,7.8,0.0,7.8,0.0
1788525306798.0,6920,9.8,0.0,0,0,15,0.0,7.8,0.0,7.8,0.0
1788525307172.0,6940,9.8,0.0,0,0,15,0.0,7.8,0.0,7.8,0.0
1788525307552.0,6960,9.8,0.0,0,0,15,0.0,7.8,0.0,7.8,0.0
1788525307923.0,6980,9.8,0.0,0,0,15,0.0,7.8,0.0,7.8,0.0
1788525308301.0,7000,9.8,0.0,0,0,15,0.0,7.8,0.0,7.8,0.0
1788525308672.0,7020,9.8,0.0,0,0,15,0.0,7.8,0.0,7.8,0.0
1788525309051.0,7040,9.8,0.0,0,0,15,0.0,7.8,0.0,7.8,0.0
1788525309422.0,7060,9.8,0.0,0,0,15,0.0,7.8,0.0,7.8,0.0
1788525309796.0,7080,9.8,0.0,0,0,15,0.0,7.8,0.0,7.8,0.0
1788525310171.0,7100,9.8,0.0,0,0,15,0.0,7.8,0.0,7.8,0.0
1788525310545.0,7120,9.8,0.0,0,0,15,0.0,7.8,0.0,7.8,0.0
1788525310920.0,7140,9.8,0.0,0,0,15,0.0,7.8,0.0,7.8,0.0
1788525311294.0,7160,9.8,0.0,0,0,15,0.0,7.8,0.0,7.8,0.0
1788525311670.0,7180,9.8,0.0,0,0,15,0.0,7.8,0.0,7.8,0.0
1788525312045.0,7200,9.8,0.0,0,0,15,0.0,7.8,0.0,7.8,0.0
1788525312420.0,7220,9.8,0.0,0,0,15,0.0,7.8,0.0,7.8,0.0
1788525312795.0,7240,9.8,0.0,0,0,15,0.0,7.8,0.0,7.8,0.0
1788525313168.0,7260,9.8,0.0,0,0,15,0.0,7.8,0.0,7.8,0.0
1788525313543.0,7280,9.8,0.0,0,0,15,0.0,7.8,0.0,7.8,0.0
1788525313919.0,7300,9.8,0.0,0,0,15,0.0,7.8,0.0,7.8,0.0
1788525314292.0,7320,9.8,0.0,0,0,15,0.0,7.8,0.0,7.8,0.0
1788525314669.0,7340,9.8,0.0,0,0,15,0.0,7.8,0.0,7.8,0.0
1788525315043.0,7360,9.8,0.0,0,0,15,0.0,7.8,0.0,7.8,0.0
1788525315418.0,7380,9.8,0.0,0,0,15,0.0,7.8,0.0,7.8,0.0
1788525315792.0,7400,9.8,0.0,0,0,15,0.0,7.8,0.0,7.8,0.0
1788525316167.0,7420,9.8,0.0,0,0,15,0.0,7.8,0.0,7.8,0.0
1788525316542.0,7440,9.8,0.0,0,0,15,0.0,7.8,0.0,7.8,0.0
1788525316916.0,7460,9.8,0.0,0,0,15,0.0,7.8,0.0,7.8,0.0
1788525317292.0,7480,9.8,0.0,0,0,15,0.0,7.8,0.0,7.8,0.0
1788525317667.0,7500,9.8,0.0,0,0,15,0.0,7.8,0.0,7.8,0.0
1788525318042.0,7520,9.8,0.0,0,0,15,0.0,7.8,0.0,7.8,0.0
1788525318418.0,7540,9.8,0.0,0,0,15,0.0,7.8,0.0,7.8,0.0
1788525318791.0,7560,9.8,0.0,0,0,15,0.0,7.8,0.0,7.8,0.0
1788525319166.0,7580,9.8,0.0,0,0,15,0.0,7.8,0.0,7.8,0.0
1788525319539.0,7600,9.8,0.0,0,0,15,0.0,7.8,0.0,7.8,0.0
1788525319916.0,7620,9.8,0.0,0,0,15,0.0,7.8,0.0,7.8,0.0
1788525320289.0,7640,9.8,0.0,0,0,15,0.0,7.8,0.0,7.8,0.0
1788525320667.0,7660,9.8,0.0,0,0,15,0.0,7.8,0.0,7.8,0.0
1788525321039.0,7680,9.8,0.0,0,0,15,0.0,7.8,0.0,7.8,0.0
1788525321418.0,7700,9.8,0.0,0,0,15,0.0,7.8,0.0,7.8,0.0
1788525321789.0,7720,9.8,0.0,0,0,15,0.0,7.8,0.0,7.8,0.0
1788525322164.0,7740,9.8,0.0,0,0,15,0.0,7.8,0.0,7.8,0.0
1788525322538.0,7760,9.8,0.0,0,0,15,0.0,7.8,0.0,7.8,0.0
1788525322914.0,7780,9.8,0.0,0,0,15,0.0,7.8,0.0,7.8,0.0
1788525323288.0,7800,9.8,0.0,0,0,15,0.0,7.8,0.0,7.8,0.0
1788525323663.0,7820,9.8,0.0,0,0,15,0.0,7.8,0.0,7.8,0.0
1788525324037.0,7840,9.8,0.0,0,0,15,0.0,7.8,0.0,7.8,0.0
1788525324411.0,7860,9.8,0.0,0,0,15,0.0,7.8,0.0,7.8,0.0
1788525324787.0,7880,9.8,0.0,0,0,15,0.0,7.8,0.0,7.8,0.0
1788525325161.0,7900,9.8,0.0,0,0,15,0.0,7.8,0.0,7.8,0.0
1788525325535.0,7920,9.8,0.0,0,0,15,0.0,7.8,0.0,7.8,0.0
1788525325911.0,7940,9.8,0.0,0,0,15,0.0,7.8,0.0,7.8,0.0
1788525326285.0,7960,9.8,0.0,0,0,15,0.0,7.8,0.0,7.8,0.0
1788525326661.0,7980,9.8,0.0,0,0,15,0.0,7.8,0.0,7.8,0.0
1788525327036.0,8000,9.8,0.0,0,0,15,0.0,7.8,0.0,7.8,0.0
1788525327410.0,8020,9.8,0.0,0,0,15,0.0,7.8,0.0,7.8,0.0
1788525327785.0,8040,9.8,0.0,0,0,15,0.0,7.8,0.0,7.8,0.0
1788525328159.0,8060,9.8,0.0,0,0,15,0.0,7.8,0.0,7.8,0.0
1788525328535.0,8080,9.8,0.0,0,0,15,0.0,7.8,0.0,7.8,0.0
1788525328908.0,8100,9.8,0.0,0,0,15,0.0,7.8,0.0,7.8,0.0
1788525329288.0,8120,9.8,0.0,0,0,15,0.0,7.8,0.0,7.8,0.0
1788525329659.0,8140,9.8,0.0,0,0,15,0.0,7.8,0.0,7.8,0.0
1788525330035.0,8160,9.8,0.0,0,0,15,0.0,7.8,0.0,7.8,0.0
1788525330408.0,8180,9.8,0.0,0,0,15,0.0,7.8,0.0,7.8,0.0
1788525330785.0,8200,9.8,0.0,0,0,15,0.0,7.8,0.0,7.8,0.0
1788525331157.0,8220,9.8,0.0,0,0,15,0.0,7.8,0.0,7.8,0.0
1788525331535.0,8240,9.8,0.0,0,0,15,0.0,7.8,0.0,7.8,0.0
1788525331907.0,8260,9.8,0.0,0,0,15,0.0,7.8,0.0,7.8,0.0
1788525332281.0,8280,9.8,0.0,0,0,15,0.0,7.8,0.0,7.8,0.0
1788525332657.0,8300,9.8,0.0,0,0,15,0.0,7.8,0.0,7.8,0.0
1788525333035.0,8320,9.8,0.0,0,0,15,0.0,7.8,0.0,7.8,0.0
1788525333407.0,8340,9.8,0.0,0,0,15,0.0,7.8,0.0,7.8,0.0
1788525333781.0,8360,9.8,0.0,0,0,15,0.0,7.8,0.0,7.8,0.0
1788525334155.0,8380,9.8,0.0,0,0,15,0.0,7.8,0.0,7.8,0.0
1788525334536.0,8400,9.8,0.0,0,0,15,0.0,7.8,0.0,7.8,0.0
1788525334906.0,8420,9.8,0.0,0,0,15,0.0,7.8,0.0,7.8,0.0
1788525335279.0,8440,9.8,0.0,0,0,15,0.0,7.8,0.0,7.8,0.0
1788525335655.0,8460,9.8,0.0,0,0,15,0.0,7.8,0.0,7.8,0.0
1788525336030.0,8480,9.8,0.0,0,0,15,0.0,7.8,0.0,7.8,0.0
1788525336405.0,8500,9.8,0.0,0,0,15,0.0,7.8,0.0,7.8,0.0
1788525336779.0,8520,9.8,0.0,0,0,15,0.0,7.8,0.0,7.8,0.0
1788525337154.0,8540,9.8,0.0,0,0,15,0.0,7.8,0.0,7.8,0.0
1788525337529.0,8560,9.8,0.0,0,0,15,0.0,7.8,0.0,7.8,0.0
1788525337904.0,8580,9.8,0.0,0,0,15,0.0,7.8,0.0,7.8,0.0
1788525338279.0,8600,9.8,0.0,0,0,15,0.0,7.8,0.0,7.8,0.0
1788525338654.0,8620,9.8,0.0,0,0,15,0.0,7.8,0.0,7.8,0.0
1788525339029.0,8640,9.8,0.0,0,0,15,0.0,7.8,0.0,7.8,0.0
1788525339403.0,8660,9.8,0.0,0,0,15,0.0,7.8,0.0,7.8,0.0
1788525339778.0,8680,9.8,0.0,0,0,15,0.0,7.8,0.0,7.8,0.0
1788525340152.0,8700,9.8,0.0,0,0,15,0.0,7.8,0.0,7.8,0.0
1788525340528.0,8720,9.8,0.0,0,0,15,0.0,7.8,0.0,7.8,0.0
1788525340902.0,8740,9.8,0.0,0,0,15,0.0,7.8,0.0,7.8,0.0
1788525341277.0,8760,9.8,0.0,0,0,15,0.0,7.8,0.0,7.8,0.0
1788525341652.0,8780,9.8,0.0,0,0,15,0.0,7.8,0.0,7.8,0.0
1788525342028.0,8800,9.8,0.0,0,0,15,0.0,7.8,0.0,7.8,0.0
1788525342401.0,8820,9.8,0.0,0,0,15,0.0,7.8,0.0,7.8,0.0
1788525342777.0,8840,9.8,0.0,0,0,15,0.0,7.8,0.0,7.8,0.0
1788525343150.0,8860,9.8,0.0,0,0,15,0.0,7.8,0.0,7.8,0.0
1788525343530.0,8880,9.8,0.0,0,0,15,0.0,7.8,0.0,7.8,0.0
1788525343900.0,8900,9.8,0.0,0,0,15,0.0,7.8,0.0,7.8,0.0
1788525344275.0,8920,9.8,0.0,0,0,15,0.0,7.8,0.0,7.8,0.0
1788525344652.0,8940,9.8,0.0,0,0,15,0.0,7.8,0.0,7.8,0.0
1788525345025.0,8960,9.8,0.0,0,0,15,0.0,7.8,0.0,7.8,0.0
1788525345399.0,8980,9.8,0.0,0,0,15,0.0,7.8,0.0,7.8,0.0
1788525345775.0,9000,9.8,0.0,0,0,15,0.0,7.8,0.0,7.8,0.0
1788525346149.0,9020,9.8,0.0,0,0,15,0.0,7.8,0.0,7.8,0.0
1788525346524.0,9040,9.8,0.0,0,0,15,0.0,7.8,0.0,7.8,0.0
1788525346898.0,9060,9.8,0.0,0,0,15,0.0,7.8,0.0,7.8,0.0
1788525347273.0,9080,9.8,0.0,0,0,15,0.0,7.8,0.0,7.8,0.0
1788525347650.0,9100,9.8,0.0,0,0,15,0.0,7.8,0.0,7.8,0.0
1788525348023.0,9120,9.8,0.0,0,0,15,0.0,7.8,0.0,7.8,0.0
1788525348397.0,9140,9.8,0.0,0,0,15,0.0,7.8,0.0,7.8,0.0
1788525348773.0,9160,9.8,0.0,0,0,15,0.0,7.8,0.0,7.8,0.0
1788525349148.0,9180,9.8,0.0,0,0,15,0.0,7.8,0.0,7.8,0.0
1788525349522.0,9200,9.8,0.0,0,0,15,0.0,7.8,0.0,7.8,0.0
1788525349902.0,9220,9.8,0.0,0,0,15,0.0,7.8,0.0,7.8,0.0
1788525350272.0,9240,9.8,0.0,0,0,15,0.0,7.8,0.0,7.8,0.0
1788525350645.0,9260,9.8,0.0,0,0,15,0.0,7.8,0.0,7.8,0.0
1788525351021.0,9280,9.8,0.0,0,0,15,0.0,7.8,0.0,7.8,0.0
1788525351396.0,9300,9.8,0.0,0,0,15,0.0,7.8,0.0,7.8,0.0
1788525351770.0,9320,9.8,0.0,0,0,15,0.0,7.8,0.0,7.8,0.0
1788525352145.0,9340,9.8,0.0,0,0,15,0.0,7.8,0.0,7.8,0.0
1788525352521.0,9360,9.8,0.0,0,0,15,0.0,7.8,0.0,7.8,0.0
1788525352895.0,9380,9.8,0.0,0,0,15,0.0,7.8,0.0,7.8,0.0
1788525353270.0,9400,9.8,0.0,0,0,15,0.0,7.8,0.0,7.8,0.0
1788525353645.0,9420,9.8,0.0,0,0,15,0.0,7.8,0.0,7.8,0.0
1788525354020.0,9440,9.8,0.0,0,0,15,0.0,7.8,0.0,7.8,0.0
1788525354394.0,9460,9.8,0.0,0,0,15,0.0,7.8,0.0,7.8,0.0
1788525354769.0,9480,9.8,0.0,0,0,15,0.0,7.8,0.0,7.8,0.0
1788525355143.0,9500,9.8,0.0,0,0,15,0.0,7.8,0.0,7.8,0.0
1788525355518.0,9520,9.8,0.0,0,0,15,0.0,7.8,0.0,7.8,0.0
1788525355894.0,9540,9.8,0.0,0,0,15,0.0,7.8,0.0,7.8,0.0
1788525356268.0,9560,9.8,0.0,0,0,15,0.0,7.8,0.0,7.8,0.0
1788525356643.0,9580,9.8,0.0,0,0,15,0.0,7.8,0.0,7.8,0.0
1788525357018.0,9600,9.8,0.0,0,0,15,0.0,7.8,0.0,7.8,0.0
1788525357393.0,9620,9.8,0.0,0,0,15,0.0,7.8,0.0,7.8,0.0
1788525357769.0,9640,9.8,0.0,0,0,15,0.0,7.8,0.0,7.8,0.0
1788525358142.0,9660,9.8,0.0,0,0,15,0.0,7.8,0.0,7.8,0.0
1788525358519.0,9680,9.8,0.0,0,0,15,0.0,7.8,0.0,7.8,0.0
1788525358891.0,9700,9.8,0.0,0,0,15,0.0,7.8,0.0,7.8,0.0
1788525359269.0,9720,9.8,0.0,0,0,15,0.0,7.8,0.0,7.8,0.0
1788525359640.0,9740,9.8,0.0,0,0,15,0.0,7.8,0.0,7.8,0.0
1788525360016.0,9760,9.8,0.0,0,0,15,0.0,7.8,0.0,7.8,0.0
1788525360391.0,9780,9.8,0.0,0,0,15,0.0,7.8,0.0,7.8,0.0
1788525360766.0,9800,9.8,0.0,0,0,15,0.0,7.8,0.0,7.8,0.0
1788525361139.0,9820,9.8,0.0,0,0,15,0.0,7.8,0.0,7.8,0.0
1788525361518.0,9840,9.8,0.0,0,0,15,0.0,7.8,0.0,7.8,0.0
1788525361890.0,9860,9.8,0.0,0,0,15,0.0,7.8,0.0,7.8,0.0
1788525395812.0,20,9.8,0.0,0,0,0,0.0,0.0,0.0,0.0,0.0
1788525396186.0,40,9.8,0.0,0,0,0,0.0,0.0,0.0,0.0,0.0
1788525396563.0,60,9.8,0.0,0,0,0,0.0,0.0,0.0,0.0,0.0
1788525396937.0,80,9.8,0.0,0,0,0,0.0,0.0,0.0,0.0,0.0
1788525397310.0,100,9.8,0.0,0,0,0,0.0,0.0,0.0,0.0,0.0
1788525397688.0,120,9.8,0.0,0,0,0,0.0,0.0,0.0,0.0,0.0
1788525398061.0,140,9.8,0.0,0,0,0,0.0,0.0,0.0,0.0,0.0
1788525398436.0,160,9.8,0.0,0,0,0,0.0,0.0,0.0,0.0,0.0
1788525398809.0,180,9.8,0.0,0,0,0,0.0,0.0,0.0,0.0,0.0
1788525399184.0,200,9.8,0.0,0,0,0,0.0,0.0,0.0,0.0,0.0
1788525399558.0,220,9.8,0.0,0,0,0,0.0,0.0,0.0,0.0,0.0
1788525399933.0,240,9.8,0.0,0,0,0,0.0,0.0,0.0,0.0,0.0
1788525400309.0,260,9.8,0.0,0,0,0,0.0,0.0,0.0,0.0,0.0
1788525400687.0,280,9.8,0.0,0,0,0,0.0,0.0,0.0,0.0,0.0
1788525401058.0,300,9.8,0.0,0,0,0,0.0,0.0,0.0,0.0,0.0
1788525401435.0,320,9.8,0.0,0,0,0,0.0,0.0,0.0,0.0,0.0
1788525401808.0,340,9.8,0.0,0,0,0,0.0,0.0,0.0,0.0,0.0
1788525402184.0,360,9.8,0.0,0,0,0,0.0,0.0,0.0,0.0,0.0
1788525402557.0,380,9.8,0.0,0,0,0,0.0,0.0,0.0,0.0,0.0
1788525402933.0,400,9.8,0.0,0,0,0,0.0,0.0,0.0,0.0,0.0
1788525403306.0,420,9.8,0.0,0,0,0,0.0,0.0,0.0,0.0,0.0
1788525403682.0,440,9.8,0.0,0,0,0,0.0,0.0,0.0,0.0,0.0
1788525404056.0,460,9.8,0.0,0,0,0,0.0,0.0,0.0,0.0,0.0
1788525404430.0,480,9.8,0.0,0,0,0,0.0,0.0,0.0,0.0,0.0
1788525404806.0,500,9.8,0.0,0,0,0,0.0,0.0,0.0,0.0,0.0
1788525405183.0,520,9.8,0.0,0,0,0,0.0,0.0,0.0,0.0,0.0
1788525405555.0,540,9.8,0.0,0,0,0,0.0,0.0,0.0,0.0,0.0
1788525405930.0,560,9.8,0.0,0,0,0,0.0,0.0,0.0,0.0,0.0
1788525406304.0,580,9.8,0.0,0,0,0,0.0,0.0,0.0,0.0,0.0
1788525406679.0,600,9.8,0.0,0,0,0,0.0,0.0,0.0,0.0,0.0
1788525407055.0,620,9.8,0.0,0,0,0,0.0,0.0,0.0,0.0,0.0
1788525407429.0,640,9.8,0.0,0,0,0,0.0,0.0,0.0,0.0,0.0
1788525407804.0,660,9.8,0.0,0,0,0,0.0,0.0,0.0,0.0,0.0
1788525408178.0,680,9.8,0.0,0,0,0,0.0,0.0,0.0,0.0,0.0
1788525408553.0,700,9.8,0.0,0,0,0,0.0,0.0,0.0,0.0,0.0
1788525408929.0,720,9.8,0.0,0,0,0,0.0,0.0,0.0,0.0,0.0
1788525409302.0,740,9.8,0.0,0,0,0,0.0,0.0,0.0,0.0,0.0
1788525409678.0,760,9.8,0.0,0,0,0,0.0,0.0,0.0,0.0,0.0
1788525410059.0,780,9.8,0.0,0,0,0,0.0,0.0,0.0,0.0,0.0
1788525410427.0,800,9.8,0.0,0,0,0,0.0,0.0,0.0,0.0,0.0
1788525410801.0,820,9.8,0.0,0,0,0,0.0,0.0,0.0,0.0,0.0
1788525411177.0,840,9.8,0.0,0,0,0,0.0,0.0,0.0,0.0,0.0
1788525411554.0,860,9.8,0.0,0,0,0,0.0,0.0,0.0,0.0,0.0
1788525411926.0,880,9.8,0.0,0,0,0,0.0,0.0,0.0,0.0,0.0
1788525412300.0,900,9.8,0.0,0,0,0,0.0,0.0,0.0,0.0,0.0
1788525412676.0,920,9.8,0.0,0,0,0,0.0,0.0,0.0,0.0,0.0
1788525413049.0,940,9.8,0.0,0,0,0,0.0,0.0,0.0,0.0,0.0
1788525413424.0,960,9.8,0.0,0,0,0,0.0,0.0,0.0,0.0,0.0
1788525413801.0,980,9.8,0.0,0,0,0,0.0,0.0,0.0,0.0,0.0
1788525414173.0,1000,9.8,0.0,0,0,0,0.0,0.0,0.0,0.0,0.0
1788525414549.0,1020,9.8,0.0,0,0,0,0.0,0.0,0.0,0.0,0.0
1788525414924.0,1040,9.8,0.0,0,0,0,0.0,0.0,0.0,0.0,0.0
1788525415298.0,1060,9.8,0.0,0,0,0,0.0,0.0,0.0,0.0,0.0
1788525415673.0,1080,9.8,0.0,0,0,0,0.0,0.0,0.0,0.0,0.0
1788525416050.0,1100,9.8,0.0,0,0,0,0.0,0.0,0.0,0.0,0.0
1788525416423.0,1120,9.8,0.0,0,0,0,0.0,0.0,0.0,0.0,0.0
1788525416802.0,1140,9.8,0.0,0,0,0,0.0,0.0,0.0,0.0,0.0
1788525417172.0,1160,9.8,0.0,0,0,0,0.0,0.0,0.0,0.0,0.0
1788525417547.0,1180,9.8,0.0,0,0,0,0.0,0.0,0.0,0.0,0.0
1788525417922.0,1200,9.8,0.0,0,0,0,0.0,0.0,0.0,0.0,0.0
1788525418296.0,1220,9.8,0.0,0,0,0,0.0,0.0,0.0,0.0,0.0
1788525418671.0,1240,9.8,0.0,0,0,0,0.0,0.0,0.0,0.0,0.0
1788525419046.0,1260,9.8,0.0,0,0,0,0.0,0.0,0.0,0.0,0.0
1788525419422.0,1280,9.8,0.0,0,0,0,0.0,0.0,0.0,0.0,0.0
1788525419797.0,1300,9.8,0.0,0,0,0,0.0,0.0,0.0,0.0,0.0
1788525420170.0,1320,9.8,0.0,0,0,0,0.0,0.0,0.0,0.0,0.0
1788525420545.0,1340,9.8,0.0,0,0,0,0.0,0.0,0.0,0.0,0.0
1788525420921.0,1360,9.8,0.0,0,0,0,0.0,0.0,0.0,0.0,0.0
1788525421295.0,1380,9.8,0.0,0,0,0,0.0,0.0,0.0,0.0,0.0
1788525421669.0,1400,9.8,0.0,0,0,0,0.0,0.0,0.0,0.0,0.0
1788525422045.0,1420,9.8,0.0,0,0,0,0.0,0.0,0.0,0.0,0.0
1788525422424.0,1440,9.8,0.0,0,0,0,0.0,0.0,0.0,0.0,0.0
1788525422795.0,1460,9.8,0.0,0,0,0,0.0,0.0,0.0,0.0,0.0
1788525423169.0,1480,9.8,0.0,0,0,0,0.0,0.0,0.0,0.0,0.0
1788525423543.0,1500,9.8,0.0,0,0,0,0.0,0.0,0.0,0.0,0.0
1788525423918.0,1520,9.8,0.0,0,0,0,0.0,0.0,0.0,0.0,0.0
1788525424293.0,1540,9.8,0.0,0,0,0,0.0,0.0,0.0,0.0,0.0
1788525424669.0,1560,9.8,0.0,0,0,0,0.0,0.0,0.0,0.0,0.0
1788525425042.0,1580,9.8,0.0,0,0,0,0.0,0.0,0.0,0.0,0.0
1788525425417.0,1600,9.8,0.0,0,0,0,0.0,0.0,0.0,0.0,0.0
1788525425792.0,1620,9.8,0.0,0,0,0,0.0,0.0,0.0,0.0,0.0
1788525426166.0,1640,9.8,0.0,0,0,0,0.0,0.0,0.0,0.0,0.0
1788525426541.0,1660,9.8,0.0,0,0,0,0.0,0.0,0.0,0.0,0.0
1788525426916.0,1680,9.8,0.0,0,0,0,0.0,0.0,0.0,0.0,0.0
1788525427290.0,1700,9.8,0.0,0,0,0,0.0,0.0,0.0,0.0,0.0
1788525427666.0,1720,9.8,0.0,0,0,0,0.0,0.0,0.0,0.0,0.0
1788525428041.0,1740,9.8,0.0,0,0,0,0.0,0.0,0.0,0.0,0.0
1788525428415.0,1760,9.8,0.0,0,0,0,0.0,0.0,0.0,0.0,0.0
1788525428790.0,1780,9.8,0.0,0,0,0,0.0,0.0,0.0,0.0,0.0
1788525429163.0,1800,9.8,0.0,0,0,0,0.0,0.0,0.0,0.0,0.0
1788525429538.0,1820,9.8,0.0,0,0,0,0.0,0.0,0.0,0.0,0.0
1788525429919.0,1840,9.8,0.0,0,0,0,0.0,0.0,0.0,0.0,0.0
1788525430288.0,1860,9.8,0.0,0,0,0,0.0,0.0,0.0,0.0,0.0
1788525430663.0,1880,9.8,0.0,0,0,0,0.0,0.0,0.0,0.0,0.0
1788525431037.0,1900,9.8,0.0,0,0,0,0.0,0.0,0.0,0.0,0.0
1788525431413.0,1920,9.8,0.0,0,0,0,0.0,0.0,0.0,0.0,0.0
1788525431788.0,1940,9.8,0.0,0,0,0,0.0,0.0,0.0,0.0,0.0
1788525432161.0,1960,9.8,0.0,0,0,0,0.0,0.0,0.0,0.0,0.0
1788525432536.0,1980,9.8,0.0,0,0,0,0.0,0.0,0.0,0.0,0.0
1788525432912.0,2000,9.8,0.0,0,0,0,0.0,0.0,0.0,0.0,0.0
1788525433286.0,2020,9.8,0.0,0,0,0,0.0,0.0,0.0,0.0,0.0
1788525433661.0,2040,9.8,0.0,0,0,0,0.0,0.0,0.0,0.0,0.0
1788525434036.0,2060,9.8,0.0,0,0,0,0.0,0.0,0.0,0.0,0.0
1788525434413.0,2080,9.8,0.0,0,0,0,0.0,0.0,0.0,0.0,0.0
1788525434785.0,2100,9.8,0.0,0,0,0,0.0,0.0,0.0,0.0,0.0
1788525435159.0,2120,9.8,0.0,0,0,0,0.0,0.0,0.0,0.0,0.0
1788525435534.0,2140,9.8,0.0,0,0,0,0.0,0.0,0.0,0.0,0.0
1788525435909.0,2160,9.8,0.0,0,0,0,0.0,0.0,0.0,0.0,0.0
1788525436289.0,2180,9.8,0.0,0,0,0,0.0,0.0,0.0,0.0,0.0
1788525436659.0,2200,9.8,0.0,0,0,0,0.0,0.0,0.0,0.0,0.0
1788525437036.0,2220,9.8,0.0,0,0,0,0.0,0.0,0.0,0.0,0.0
1788525437408.0,2240,9.8,0.0,0,0,0,0.0,0.0,0.0,0.0,0.0
1788525437785.0,2260,9.8,0.0,0,0,0,0.0,0.0,0.0,0.0,0.0
1788525438157.0,2280,9.8,0.0,0,0,0,0.0,0.0,0.0,0.0,0.0
1788525438537.0,2300,9.8,0.0,0,0,0,0.0,0.0,0.0,0.0,0.0
1788525438907.0,2320,9.93,0.0,0,0,0,0.0,0.0,0.0,0.0,0.0
1788525439287.0,2340,9.91,0.0,0,0,0,0.0,0.0,0.0,0.0,0.0
1788525439657.0,2360,10.54,0.0,0,0,0,0.0,0.0,0.0,0.0,0.0
1788525440031.0,2380,10.17,0.0,0,0,0,0.0,0.0,0.0,0.0,0.0
1788525440406.0,2400,9.8,0.0,0,0,0,0.0,0.0,0.0,0.0,0.0
1788525440786.0,2420,9.92,0.0,0,0,0,0.0,0.0,0.0,0.0,0.0
1788525441156.0,2440,9.97,0.0,0,0,1,0.0,0.0,0.0,0.0,0.0
1788525441531.0,2460,10.08,0.0,0,0,1,0.0,0.0,0.0,0.0,0.0
1788525441906.0,2480,12.36,0.0,1,0,2,1.33,0.7,0.0,0.65,0.0
1788525442286.0,2500,9.97,0.0,1,0,2,0.99,0.7,0.0,0.65,0.0
1788525442656.0,2520,11.18,0.0,1,0,3,1.17,1.3,0.0,1.3,0.0
1788525443036.0,2540,9.9,0.0,1,0,3,0.91,1.3,0.0,1.3,0.0
1788525443405.0,2560,9.8,0.0,1,0,3,0.81,1.3,0.0,1.3,0.0
1788525443780.0,2580,9.98,0.0,0,0,3,0.0,1.3,0.0,1.3,0.0
1788525444154.0,2600,9.89,0.0,0,0,3,0.0,1.3,0.0,1.3,0.0
1788525444529.0,2620,9.8,0.0,0,0,3,0.0,1.3,0.0,1.3,0.0
1788525444904.0,2640,9.8,0.0,0,0,3,0.0,1.3,0.0,1.3,0.0
1788525445279.0,2660,9.8,0.0,0,0,3,0.0,1.3,0.0,1.3,0.0
1788525445654.0,2680,9.8,0.0,0,0,3,0.0,1.3,0.0,1.3,0.0
1788525446029.0,2700,9.8,0.0,0,0,3,0.0,1.3,0.0,1.3,0.0
1788525446403.0,2720,9.8,0.0,0,0,3,0.0,1.3,0.0,1.3,0.0
1788525446777.0,2740,9.8,0.0,0,0,3,0.0,1.3,0.0,1.3,0.0
1788525447154.0,2760,9.99,0.0,0,0,3,0.0,1.3,0.0,1.3,0.0
1788525447528.0,2780,9.8,0.0,0,0,3,0.0,1.3,0.0,1.3,0.0
1788525447902.0,2800,9.8,0.0,0,0,3,0.0,1.3,0.0,1.3,0.0
1788525448277.0,2820,9.8,0.0,0,0,3,0.0,1.3,0.0,1.3,0.0
1788525448655.0,2840,9.8,0.0,0,0,3,0.0,1.3,0.0,1.3,0.0
1788525449027.0,2860,9.8,0.0,0,0,3,0.0,1.3,0.0,1.3,0.0
1788525449401.0,2880,9.86,0.0,0,0,3,0.0,1.3,0.0,1.3,0.0
1788525449777.0,2900,9.8,0.0,0,0,3,0.0,1.3,0.0,1.3,0.0
1788525450151.0,2920,9.87,0.0,0,0,3,0.0,1.3,0.0,1.3,0.0
1788525450527.0,2940,9.94,0.0,0,0,3,0.0,1.3,0.0,1.3,0.0
1788525450900.0,2960,9.94,0.0,0,0,3,0.0,1.3,0.0,1.3,0.0
1788525451275.0,2980,9.95,0.0,0,0,3,0.0,1.3,0.0,1.3,0.0
1788525451652.0,3000,10.03,0.0,0,0,3,0.0,1.3,0.0,1.3,0.0
1788525452024.0,3020,9.87,0.0,0,0,3,0.0,1.3,0.0,1.3,0.0
1788525452401.0,3040,9.8,0.0,0,0,3,0.0,1.3,0.0,1.3,0.0
1788525452775.0,3060,11.06,0.0,1,0,5,1.95,2.0,0.0,1.95,0.0
1788525453151.0,3080,9.8,0.0,1,0,5,1.76,2.0,0.0,1.95,0.0
1788525453524.0,3100,9.8,0.0,1,0,5,1.23,2.0,0.0,1.95,0.0
1788525453898.0,3120,11.18,0.0,1,0,5,0.92,2.0,0.0,1.95,0.0
1788525454272.0,3140,10.03,0.0,1,0,6,1.1,2.6,0.0,2.6,0.0
1788525454648.0,3160,8.51,0.0,1,0,7,1.18,3.2,0.0,3.25,0.0
1788525455023.0,3180,10.25,0.0,1,0,7,0.9,3.2,0.0,3.25,0.0
1788525455402.0,3200,11.25,0.0,1,0,7,1.06,3.2,0.0,3.25,0.0
1788525455772.0,3220,9.54,0.0,1,0,8,1.21,3.9,0.0,3.9,0.0
1788525456146.0,3240,10.04,0.0,1,0,8,0.99,3.9,0.0,3.9,0.0
1788525456520.0,3260,9.06,0.0,1,0,8,0.84,3.9,0.0,3.9,0.0
1788525456896.0,3280,9.98,0.0,1,0,8,0.57,3.9,0.0,3.9,0.0
1788525457272.0,3300,8.51,0.0,1,0,9,0.75,4.5,0.0,4.55,0.0
1788525457645.0,3320,9.66,0.0,1,0,10,0.93,5.2,0.0,5.2,0.0
1788525458023.0,3340,9.58,0.0,1,0,10,1.39,5.2,0.0,5.2,0.0
1788525458396.0,3360,8.71,0.0,1,0,10,1.01,5.2,0.0,5.2,0.0
1788525458770.0,3380,8.21,0.0,1,0,11,1.17,5.9,0.0,5.85,0.0
1788525459145.0,3400,11.57,0.0,1,0,12,1.28,6.5,0.0,6.5,0.0
1788525459525.0,3420,10.93,0.0,1,0,13,1.16,7.2,0.0,7.15,0.0
1788525459895.0,3440,10.88,0.0,1,0,13,1.05,7.2,0.0,7.15,0.0
1788525460269.0,3460,9.8,0.0,1,0,13,1.11,7.2,0.0,7.15,0.0
1788525460644.0,3480,9.8,0.0,1,0,13,0.91,7.2,0.0,7.15,0.0
1788525461022.0,3500,9.8,0.0,0,0,13,0.0,7.2,0.0,7.15,0.0
1788525461393.0,3520,9.8,0.0,0,0,13,0.0,7.2,0.0,7.15,0.0
1788525461769.0,3540,11.07,0.0,0,0,13,0.0,7.2,0.0,7.15,0.0
1788525462143.0,3560,9.8,0.0,0,0,13,0.0,7.2,0.0,7.15,0.0
1788525462518.0,3580,9.8,0.0,0,0,13,0.0,7.2,0.0,7.15,0.0
1788525462893.0,3600,9.8,0.0,0,0,13,0.0,7.2,0.0,7.15,0.0
1788525463269.0,3620,11.12,0.0,0,0,13,0.0,7.2,0.0,7.15,0.0
1788525463643.0,3640,10.01,0.0,0,0,13,0.0,7.2,0.0,7.15,0.0
1788525464019.0,3660,9.8,0.0,0,0,13,0.0,7.2,0.0,7.15,0.0
1788525464392.0,3680,9.8,0.0,1,0,14,0.0,7.2,0.0,7.15,0.0
1788525464766.0,3700,9.8,0.0,1,0,14,0.0,7.2,0.0,7.15,0.0
1788525465143.0,3720,9.8,0.0,1,0,16,1.95,8.5,0.0,8.45,0.0
1788525465518.0,3740,9.8,0.0,1,0,16,1.63,8.5,0.0,8.45,0.0
1788525465891.0,3760,9.8,0.0,1,0,16,1.23,8.5,0.0,8.45,0.0
1788525466269.0,3780,9.8,0.0,1,0,16,0.95,8.5,0.0,8.45,0.0
1788525466639.0,3800,9.8,0.0,1,0,16,0.82,8.5,0.0,8.45,0.0
1788525467017.0,3820,9.8,0.0,0,0,16,0.0,8.5,0.0,8.45,0.0
1788525467388.0,3840,9.8,0.0,0,0,16,0.0,8.5,0.0,8.45,0.0
1788525467766.0,3860,9.8,0.0,0,0,16,0.0,8.5,0.0,8.45,0.0
1788525468138.0,3880,9.8,0.0,1,0,17,0.0,8.5,0.0,8.45,0.0
1788525468518.0,3900,10.89,0.0,1,0,17,0.0,8.5,0.0,8.45,0.0
1788525468888.0,3920,9.8,0.0,1,0,17,0.0,8.5,0.0,8.45,0.0
1788525469262.0,3940,10.03,0.0,1,0,17,0.0,8.5,0.0,8.45,0.0
1788525469638.0,3960,9.8,0.0,1,0,18,0.73,9.1,0.0,9.1,0.0
1788525470011.0,3980,9.8,0.0,1,0,18,0.54,9.1,0.0,9.1,0.0
1788525470387.0,4000,9.92,0.0,1,0,18,0.49,9.1,0.0,9.1,0.0
1788525470762.0,4020,9.8,0.0,1,0,18,0.29,9.1,0.0,9.1,0.0
1788525471136.0,4040,9.8,0.0,0,0,18,0.0,9.1,0.0,9.1,0.0
1788525471511.0,4060,9.91,0.0,0,0,18,0.0,9.1,0.0,9.1,0.0
1788525471886.0,4080,9.93,0.0,0,0,18,0.0,9.1,0.0,9.1,0.0
1788525472260.0,4100,11.07,0.0,1,0,19,0.0,9.1,0.0,9.1,0.0
1788525472635.0,4120,9.8,0.0,1,0,19,0.0,9.1,0.0,9.1,0.0
1788525473010.0,4140,9.8,0.0,1,0,19,0.0,9.1,0.0,9.1,0.0
1788525473387.0,4160,10.92,0.0,1,0,19,0.0,9.1,0.0,9.1,0.0
1788525473760.0,4180,9.8,0.0,1,0,20,0.92,9.8,0.0,9.75,0.0
1788525474135.0,4200,9.8,0.0,1,0,20,0.73,9.8,0.0,9.75,0.0
1788525474508.0,4220,9.8,0.0,1,0,20,0.59,9.8,0.0,9.75,0.0
1788525474885.0,4240,11.11,0.0,1,0,20,0.49,9.8,0.0,9.75,0.0
1788525475257.0,4260,9.8,0.0,1,0,21,0.74,10.4,0.0,10.4,0.0
1788525475636.0,4280,10.81,0.0,1,0,21,0.65,10.4,0.0,10.4,0.0
1788525476008.0,4300,9.8,0.0,1,0,21,0.52,10.4,0.0,10.4,0.0
1788525476385.0,4320,9.8,0.0,1,0,22,0.9,11.1,0.0,11.05,0.0
1788525476757.0,4340,9.8,0.0,1,0,22,0.7,11.1,0.0,11.05,0.0
1788525477136.0,4360,9.8,0.0,1,0,22,0.6,11.1,0.0,11.05,0.0
1788525477507.0,4380,11.02,0.0,1,0,22,0.51,11.1,0.0,11.05,0.0
1788525477884.0,4400,9.8,0.0,0,0,22,0.0,11.1,0.0,11.05,0.0
1788525478256.0,4420,9.8,0.0,0,0,22,0.0,11.1,0.0,11.05,0.0
1788525478631.0,4440,9.8,0.0,0,0,22,0.0,11.1,0.0,11.05,0.0
1788525479005.0,4460,11.06,0.0,0,0,22,0.0,11.1,0.0,11.05,0.0
1788525479381.0,4480,9.8,0.0,0,0,22,0.0,11.1,0.0,11.05,0.0
1788525479755.0,4500,9.9,0.0,1,1,24,1.95,11.7,0.0,11.7,0.0
1788525480128.0,4520,9.8,0.0,1,0,24,1.95,11.7,0.0,11.7,0.0
1788525480504.0,4540,9.8,0.0,1,0,25,1.88,12.4,0.0,12.35,0.0
1788525480880.0,4560,9.8,0.0,1,0,26,1.95,13.0,0.0,13.0,0.0
1788525481254.0,4580,9.8,0.0,1,0,27,1.88,13.7,0.0,13.65,0.0
1788525481628.0,4600,9.8,0.0,1,0,27,1.59,13.7,0.0,13.65,0.0
1788525482003.0,4620,9.8,0.0,1,0,27,1.31,13.7,0.0,13.65,0.0
1788525482378.0,4640,9.8,0.0,1,0,27,0.99,13.7,0.0,13.65,0.0
1788525482752.0,4660,9.8,0.0,0,0,27,0.0,13.7,0.0,13.65,0.0
1788525483126.0,4680,11.45,0.0,1,0,28,0.63,14.3,0.0,14.3,0.0
1788525483502.0,4700,9.8,0.0,1,0,28,0.57,14.3,0.0,14.3,0.0
1788525483877.0,4720,9.8,0.0,1,0,28,0.39,14.3,0.0,14.3,0.0
1788525484251.0,4740,9.8,0.0,1,0,28,0.19,14.3,0.0,14.3,0.0
1788525484631.0,4760,10.97,0.0,0,0,28,0.0,14.3,0.0,14.3,0.0
1788525485001.0,4780,9.8,0.0,0,0,28,0.0,14.3,0.0,14.3,0.0
1788525485376.0,4800,9.8,0.0,0,0,28,0.0,14.3,0.0,14.3,0.0
1788525485750.0,4820,9.8,0.0,0,0,28,0.0,14.3,0.0,14.3,0.0
1788525486125.0,4840,9.8,0.0,0,0,28,0.0,14.3,0.0,14.3,0.0
1788525486501.0,4860,9.8,0.0,0,0,28,0.0,14.3,0.0,14.3,0.0
1788525486875.0,4880,9.8,0.0,1,0,29,0.0,14.3,0.0,14.3,0.0
1788525487250.0,4900,9.8,0.0,1,0,30,1.95,15.0,0.0,14.95,0.0
1788525487624.0,4920,9.8,0.0,1,0,30,1.27,15.0,0.0,14.95,0.0
1788525488001.0,4940,9.8,0.0,1,0,30,1.08,15.0,0.0,14.95,0.0
1788525488374.0,4960,9.8,0.0,1,0,30,0.77,15.0,0.0,14.95,0.0
1788525488748.0,4980,11.76,0.0,1,0,31,0.95,15.6,0.0,15.6,0.0
1788525489123.0,5000,9.8,0.0,1,0,31,0.79,15.6,0.0,15.6,0.0
1788525489502.0,5020,11.36,0.0,1,0,32,0.79,16.3,0.0,16.25,0.0
1788525489872.0,5040,9.8,0.0,1,0,32,1.15,16.3,0.0,16.25,0.0
1788525490248.0,5060,11.18,0.0,1,0,32,0.95,16.3,0.0,16.25,0.0
1788525490622.0,5080,9.8,0.0,1,0,32,0.72,16.3,0.0,16.25,0.0
1788525491001.0,5100,11.59,0.0,1,0,33,0.93,16.9,0.0,16.9,0.0
1788525491371.0,5120,9.8,0.0,1,0,33,0.7,16.9,0.0,16.9,0.0
1788525491746.0,5140,9.8,0.0,1,0,34,0.92,17.6,0.0,17.55,0.0
1788525492121.0,5160,9.8,0.0,1,0,35,1.5,18.2,0.0,18.2,0.0
1788525492495.0,5180,9.8,0.0,1,0,35,1.29,18.2,0.0,18.2,0.0
1788525492870.0,5200,10.9,0.0,1,0,35,1.01,18.2,0.0,18.2,0.0
1788525493244.0,5220,10.84,0.0,1,0,35,0.87,18.2,0.0,18.2,0.0
1788525493620.0,5240,9.8,0.0,0,0,35,0.0,18.2,0.0,18.2,0.0
1788525493994.0,5260,9.8,0.0,0,0,35,0.0,18.2,0.0,18.2,0.0
1788525494369.0,5280,11.26,0.0,0,0,35,0.0,18.2,0.0,18.2,0.0
1788525494744.0,5300,9.8,0.0,1,0,36,0.0,18.2,0.0,18.2,0.0
1788525495118.0,5320,9.86,0.0,1,0,36,0.0,18.2,0.0,18.2,0.0
1788525495493.0,5340,9.8,0.0,1,0,36,0.0,18.2,0.0,18.2,0.0
1788525495868.0,5360,9.8,0.0,1,0,37,0.96,18.8,0.0,18.85,0.0
1788525496243.0,5380,11.49,0.0,1,0,38,1.11,19.5,0.0,19.5,0.0
1788525496618.0,5400,9.8,0.0,1,0,39,1.16,20.1,0.0,20.15,0.0
1788525496992.0,5420,11.67,0.0,1,0,39,1.53,20.1,0.0,20.15,0.0
1788525497371.0,5440,9.8,0.0,1,0,40,1.69,20.8,0.0,20.8,0.0
1788525497741.0,5460,9.96,0.0,1,0,40,1.24,20.8,0.0,20.8,0.0
1788525498118.0,5480,11.17,0.0,1,0,40,1.04,20.8,0.0,20.8,0.0
1788525498491.0,5500,9.8,0.0,1,0,40,0.79,20.8,0.0,20.8,0.0
1788525498866.0,5520,11.59,0.0,1,1,41,0.88,21.4,0.0,21.45,0.0
1788525499241.0,5540,9.8,0.0,1,0,42,0.94,22.1,0.0,22.1,0.0
1788525499617.0,5560,9.8,0.0,1,1,44,1.32,23.4,0.0,23.4,0.0
1788525499990.0,5580,9.8,0.0,1,0,44,1.95,23.4,0.0,23.4,0.0
1788525500367.0,5600,8.49,0.0,1,0,44,1.73,23.4,0.0,23.4,0.0
1788525500739.0,5620,11.88,0.0,1,0,45,1.6,24.0,0.0,24.05,0.0
1788525501119.0,5640,9.8,0.0,1,0,45,1.41,24.0,0.0,24.05,0.0
1788525501489.0,5660,12.0,0.0,1,0,46,1.33,24.7,0.0,24.7,0.0
1788525501869.0,5680,9.8,0.0,1,0,47,1.35,25.3,0.0,25.35,0.0
1788525502239.0,5700,9.8,0.0,1,0,48,1.31,26.0,0.0,26.0,0.0
1788525502616.0,5720,11.02,0.0,1,0,48,1.43,26.0,0.0,26.0,0.0
1788525502987.0,5740,9.8,0.0,1,0,48,1.22,26.0,0.0,26.0,0.0
1788525503363.0,5760,12.28,0.0,1,0,49,1.27,26.6,0.0,26.65,0.0
1788525503738.0,5780,9.8,0.0,1,0,49,1.07,26.6,0.0,26.65,0.0
1788525504117.0,5800,9.04,0.0,1,0,51,1.36,27.9,0.0,27.95,0.0
1788525504487.0,5820,11.56,0.0,1,0,52,1.33,28.6,0.0,28.6,0.0
1788525504861.0,5840,9.8,0.0,1,0,53,1.95,29.2,0.0,29.25,0.0
1788525505237.0,5860,9.94,0.0,1,0,55,1.95,30.5,0.0,30.55,0.0
1788525505612.0,5880,9.8,0.0,1,0,55,1.95,30.5,0.0,30.55,0.0
1788525505985.0,5900,9.8,0.0,1,0,57,1.95,31.8,0.0,31.85,0.0
1788525506360.0,5920,9.8,0.0,1,0,57,1.95,31.8,0.0,31.85,0.0
1788525506736.0,5940,9.8,0.0,1,0,57,1.74,31.8,0.0,31.85,0.0
1788525507110.0,5960,11.42,0.0,1,0,57,1.37,31.8,0.0,31.85,0.0
1788525507485.0,5980,9.8,0.0,1,0,58,1.17,32.5,0.0,32.5,0.0
1788525507860.0,6000,9.8,0.0,1,0,58,0.94,32.5,0.0,32.5,0.0
1788525508234.0,6020,10.87,0.0,1,0,58,0.79,32.5,0.0,32.5,0.0
1788525508609.0,6040,9.8,0.0,1,0,60,1.04,33.8,0.0,33.8,0.0
1788525508990.0,6060,10.96,0.0,1,0,61,1.41,34.4,0.0,34.45,0.0
1788525509358.0,6080,11.26,0.0,1,0,62,1.39,35.1,0.0,35.1,0.0
1788525509733.0,6100,9.8,0.0,1,0,62,1.61,35.1,0.0,35.1,0.0
1788525510109.0,6120,9.8,0.0,1,0,62,1.35,35.1,0.0,35.1,0.0
1788525510486.0,6140,9.8,0.0,0,0,62,0.0,35.1,0.0,35.1,0.0
1788525510858.0,6160,11.41,0.0,0,0,62,0.0,35.1,0.0,35.1,0.0
1788525511232.0,6180,9.8,0.0,1,0,63,0.82,35.7,0.0,35.75,0.0
1788525511607.0,6200,9.8,0.0,1,0,63,0.51,35.7,0.0,35.75,0.0
1788525511985.0,6220,10.81,0.0,1,0,63,0.31,35.7,0.0,35.75,0.0
1788525512357.0,6240,9.8,0.0,1,0,64,0.67,36.4,0.0,36.4,0.0
1788525512731.0,6260,11.45,0.0,1,1,65,0.97,37.0,0.0,37.05,0.0
1788525513106.0,6280,9.8,0.0,1,0,65,0.91,37.0,0.0,37.05,0.0
1788525513484.0,6300,10.86,0.0,1,0,65,0.91,37.0,0.0,37.05,0.0
1788525513855.0,6320,9.8,0.0,1,0,65,0.83,37.0,0.0,37.05,0.0
1788525514234.0,6340,11.49,0.0,1,0,66,0.91,37.7,0.0,37.7,0.0
1788525514605.0,6360,11.03,0.0,1,0,66,0.84,37.7,0.0,37.7,0.0
1788525514980.0,6380,9.8,0.0,1,0,66,0.71,37.7,0.0,37.7,0.0
1788525515355.0,6400,9.8,0.0,1,0,66,0.59,37.7,0.0,37.7,0.0
1788525515739.0,6420,9.87,0.0,1,0,66,0.46,37.7,0.0,37.7,0.0
1788525516104.0,6440,9.8,0.0,1,0,67,0.64,38.3,0.0,38.35,0.0
1788525516479.0,6460,11.63,0.0,1,0,68,0.93,39.0,0.0,39.0,0.0
1788525516853.0,6480,11.06,0.0,1,0,68,0.8,39.0,0.0,39.0,0.0
1788525517227.0,6500,10.99,0.0,1,0,68,1.02,39.0,0.0,39.0,0.0
1788525517603.0,6520,9.8,0.0,1,0,69,1.05,39.6,0.0,39.65,0.0
1788525517977.0,6540,10.1,0.0,1,0,69,0.96,39.6,0.0,39.65,0.0
1788525518353.0,6560,9.86,0.0,1,0,69,0.65,39.6,0.0,39.65,0.0
1788525518727.0,6580,10.28,0.0,1,0,70,0.87,40.3,0.0,40.3,0.0
1788525519102.0,6600,10.06,0.0,1,0,71,1.1,40.9,0.0,40.95,0.0
1788525519477.0,6620,10.33,0.0,1,0,71,0.9,40.9,0.0,40.95,0.0
1788525519852.0,6640,14.5,0.0,1,0,72,1.4,41.6,0.0,41.6,0.0
1788525520227.0,6660,9.8,0.0,1,0,72,1.17,41.6,0.0,41.6,0.0
1788525520600.0,6680,9.8,0.0,0,0,72,0.0,41.6,0.0,41.6,0.0
1788525520975.0,6700,9.8,0.0,0,0,72,0.0,41.6,0.0,41.6,0.0
1788525521350.0,6720,9.8,0.0,0,0,72,0.0,41.6,0.0,41.6,0.0
1788525521725.0,6740,9.86,0.0,0,0,72,0.0,41.6,0.0,41.6,0.0
1788525522103.0,6760,9.8,0.0,0,0,72,0.0,41.6,0.0,41.6,0.0
1788525522474.0,6780,9.8,0.0,0,0,72,0.0,41.6,0.0,41.6,0.0
1788525522849.0,6800,9.8,0.0,0,0,72,0.0,41.6,0.0,41.6,0.0
1788525523223.0,6820,9.8,0.0,0,0,72,0.0,41.6,0.0,41.6,0.0
1788525523600.0,6840,9.8,0.0,0,0,72,0.0,41.6,0.0,41.6,0.0
1788525523974.0,6860,9.8,0.0,0,0,72,0.0,41.6,0.0,41.6,0.0
1788525524348.0,6880,9.8,0.0,0,0,72,0.0,41.6,0.0,41.6,0.0
1788525524723.0,6900,9.8,0.0,0,0,72,0.0,41.6,0.0,41.6,0.0
1788525525103.0,6920,9.8,0.0,0,0,72,0.0,41.6,0.0,41.6,0.0
1788525525472.0,6940,9.8,0.0,0,0,72,0.0,41.6,0.0,41.6,0.0
1788525525852.0,6960,9.8,0.0,0,0,72,0.0,41.6,0.0,41.6,0.0
1788525526221.0,6980,9.8,0.0,0,0,72,0.0,41.6,0.0,41.6,0.0
1788525526595.0,7000,9.8,0.0,0,0,72,0.0,41.6,0.0,41.6,0.0
1788525526971.0,7020,9.8,0.0,0,0,72,0.0,41.6,0.0,41.6,0.0
1788525527345.0,7040,9.8,0.0,0,0,72,0.0,41.6,0.0,41.6,0.0
1788525527720.0,7060,9.8,0.0,0,0,72,0.0,41.6,0.0,41.6,0.0
1788525528094.0,7080,9.8,0.0,0,0,72,0.0,41.6,0.0,41.6,0.0
1788525528469.0,7100,9.8,0.0,0,0,72,0.0,41.6,0.0,41.6,0.0
1788525528844.0,7120,9.8,0.0,0,0,72,0.0,41.6,0.0,41.6,0.0
1788525529218.0,7140,9.8,0.0,0,0,72,0.0,41.6,0.0,41.6,0.0
1788525529594.0,7160,9.8,0.0,0,0,72,0.0,41.6,0.0,41.6,0.0
1788525529968.0,7180,9.8,0.0,0,0,72,0.0,41.6,0.0,41.6,0.0
1788525530343.0,7200,9.8,0.0,0,0,72,0.0,41.6,0.0,41.6,0.0
1788525530717.0,7220,9.8,0.0,0,0,72,0.0,41.6,0.0,41.6,0.0
1788525531092.0,7240,9.8,0.0,0,0,72,0.0,41.6,0.0,41.6,0.0
1788525531466.0,7260,9.8,0.0,0,0,72,0.0,41.6,0.0,41.6,0.0
1788525531840.0,7280,9.8,0.0,0,0,72,0.0,41.6,0.0,41.6,0.0
1788525532215.0,7300,9.8,0.0,0,0,72,0.0,41.6,0.0,41.6,0.0
1788525532590.0,7320,9.8,0.0,0,0,72,0.0,41.6,0.0,41.6,0.0
1788525532965.0,7340,9.8,0.0,0,0,72,0.0,41.6,0.0,41.6,0.0
1788525533339.0,7360,9.8,0.0,0,0,72,0.0,41.6,0.0,41.6,0.0
1788525533715.0,7380,9.8,0.0,0,0,72,0.0,41.6,0.0,41.6,0.0
1788525534088.0,7400,9.8,0.0,0,0,72,0.0,41.6,0.0,41.6,0.0
1788525534463.0,7420,9.8,0.0,0,0,72,0.0,41.6,0.0,41.6,0.0
1788525534838.0,7440,9.8,0.0,0,0,72,0.0,41.6,0.0,41.6,0.0
1788525535212.0,7460,9.8,0.0,0,0,72,0.0,41.6,0.0,41.6,0.0
1788525535587.0,7480,9.8,0.0,0,0,72,0.0,41.6,0.0,41.6,0.0
1788525535968.0,7500,9.8,0.0,0,0,72,0.0,41.6,0.0,41.6,0.0
1788525536337.0,7520,9.8,0.0,0,0,72,0.0,41.6,0.0,41.6,0.0
1788525536711.0,7540,9.8,0.0,0,0,72,0.0,41.6,0.0,41.6,0.0
1788525537085.0,7560,9.8,0.0,0,0,72,0.0,41.6,0.0,41.6,0.0
1788525537461.0,7580,9.8,0.0,0,0,72,0.0,41.6,0.0,41.6,0.0
1788525537836.0,7600,9.8,0.0,0,0,72,0.0,41.6,0.0,41.6,0.0
1788525538211.0,7620,9.8,0.0,0,0,72,0.0,41.6,0.0,41.6,0.0
1788525538584.0,7640,9.8,0.0,0,0,72,0.0,41.6,0.0,41.6,0.0
1788525538960.0,7660,9.8,0.0,0,0,72,0.0,41.6,0.0,41.6,0.0
1788525539335.0,7680,9.8,0.0,0,0,72,0.0,41.6,0.0,41.6,0.0
1788525539709.0,7700,9.8,0.0,0,0,72,0.0,41.6,0.0,41.6,0.0
1788525540085.0,7720,9.8,0.0,0,0,72,0.0,41.6,0.0,41.6,0.0
1788525540458.0,7740,9.8,0.0,0,0,72,0.0,41.6,0.0,41.6,0.0
1788525540834.0,7760,9.8,0.0,0,0,72,0.0,41.6,0.0,41.6,0.0
1788525541208.0,7780,9.8,0.0,0,0,72,0.0,41.6,0.0,41.6,0.0
1788525541584.0,7800,9.8,0.0,0,0,72,0.0,41.6,0.0,41.6,0.0
1788525541957.0,7820,9.8,0.0,0,0,72,0.0,41.6,0.0,41.6,0.0
1788525542335.0,7840,9.8,0.0,0,0,72,0.0,41.6,0.0,41.6,0.0
1788525542708.0,7860,9.8,0.0,0,0,72,0.0,41.6,0.0,41.6,0.0
1788525543084.0,7880,9.8,0.0,0,0,72,0.0,41.6,0.0,41.6,0.0
1788525543457.0,7900,9.8,0.0,0,0,72,0.0,41.6,0.0,41.6,0.0
1788525543832.0,7920,9.8,0.0,0,0,72,0.0,41.6,0.0,41.6,0.0
1788525544206.0,7940,9.8,0.0,0,0,72,0.0,41.6,0.0,41.6,0.0
1788525544584.0,7960,9.8,0.0,0,0,72,0.0,41.6,0.0,41.6,0.0
1788525544956.0,7980,9.8,0.0,0,0,72,0.0,41.6,0.0,41.6,0.0
1788525545331.0,8000,9.8,0.0,0,0,72,0.0,41.6,0.0,41.6,0.0
1788525545706.0,8020,9.8,0.0,0,0,72,0.0,41.6,0.0,41.6,0.0
1788525546080.0,8040,9.8,0.0,0,0,72,0.0,41.6,0.0,41.6,0.0
1788525546455.0,8060,9.8,0.0,0,0,72,0.0,41.6,0.0,41.6,0.0
1788525546829.0,8080,9.8,0.0,0,0,72,0.0,41.6,0.0,41.6,0.0
1788525547205.0,8100,9.8,0.0,0,0,72,0.0,41.6,0.0,41.6,0.0
1788525547579.0,8120,9.8,0.0,0,0,72,0.0,41.6,0.0,41.6,0.0
1788525547954.0,8140,9.8,0.0,0,0,72,0.0,41.6,0.0,41.6,0.0
1788525548332.0,8160,9.8,0.0,0,0,72,0.0,41.6,0.0,41.6,0.0
1788525548703.0,8180,9.8,0.0,0,0,72,0.0,41.6,0.0,41.6,0.0
1788525549078.0,8200,9.8,0.0,0,0,72,0.0,41.6,0.0,41.6,0.0
1788525549453.0,8220,9.8,0.0,0,0,72,0.0,41.6,0.0,41.6,0.0
1788525549833.0,8240,9.8,0.0,0,0,72,0.0,41.6,0.0,41.6,0.0
1788525550203.0,8260,9.8,0.0,0,0,72,0.0,41.6,0.0,41.6,0.0
1788525550577.0,8280,9.8,0.0,0,0,72,0.0,41.6,0.0,41.6,0.0
1788525550951.0,8300,9.8,0.0,0,0,72,0.0,41.6,0.0,41.6,0.0
1788525551327.0,8320,9.8,0.0,0,0,72,0.0,41.6,0.0,41.6,0.0
1788525551707.0,8340,9.8,0.0,0,0,72,0.0,41.6,0.0,41.6,0.0
1788525552077.0,8360,9.8,0.0,0,0,72,0.0,41.6,0.0,41.6,0.0
1788525552451.0,8380,9.8,0.0,0,0,72,0.0,41.6,0.0,41.6,0.0
1788525552826.0,8400,9.9,0.0,0,0,72,0.0,41.6,0.0,41.6,0.0
1788525553204.0,8420,9.96,0.0,0,0,72,0.0,41.6,0.0,41.6,0.0
1788525553574.0,8440,9.8,0.0,1,0,73,0.0,41.6,0.0,41.6,0.0
1788525553954.0,8460,9.8,0.0,1,0,73,0.0,41.6,0.0,41.6,0.0
1788525554324.0,8480,9.8,0.0,1,0,73,0.0,41.6,0.0,41.6,0.0
1788525554701.0,8500,9.8,0.0,1,0,73,0.0,41.6,0.0,41.6,0.0
1788525555073.0,8520,9.8,0.0,0,0,73,0.0,41.6,0.0,41.6,0.0
1788525555452.0,8540,9.8,0.0,0,0,73,0.0,41.6,0.0,41.6,0.0
1788525555822.0,8560,9.8,0.0,0,0,73,0.0,41.6,0.0,41.6,0.0
1788525556197.0,8580,9.8,0.0,0,0,73,0.0,41.6,0.0,41.6,0.0
1788525556571.0,8600,9.8,0.0,0,0,73,0.0,41.6,0.0,41.6,0.0
1788525556949.0,8620,9.8,0.0,0,0,73,0.0,41.6,0.0,41.6,0.0
1788525557320.0,8640,9.8,0.0,0,0,73,0.0,41.6,0.0,41.6,0.0
1788525557696.0,8660,9.8,0.0,0,0,73,0.0,41.6,0.0,41.6,0.0
1788525558071.0,8680,9.8,0.0,0,0,73,0.0,41.6,0.0,41.6,0.0
1788525558449.0,8700,9.8,0.0,0,0,73,0.0,41.6,0.0,41.6,0.0
1788525558820.0,8720,9.8,0.0,0,0,73,0.0,41.6,0.0,41.6,0.0
1788525559194.0,8740,9.8,0.0,0,0,73,0.0,41.6,0.0,41.6,0.0
1788525559568.0,8760,9.8,0.0,0,0,73,0.0,41.6,0.0,41.6,0.0
1788525559944.0,8780,9.8,0.0,0,0,73,0.0,41.6,0.0,41.6,0.0
1788525560317.0,8800,9.8,0.0,0,0,73,0.0,41.6,0.0,41.6,0.0
1788525560693.0,8820,9.8,0.0,0,0,73,0.0,41.6,0.0,41.6,0.0
1788525561069.0,8840,9.8,0.0,0,0,73,0.0,41.6,0.0,41.6,0.0
1788525561442.0,8860,9.8,0.0,0,0,73,0.0,41.6,0.0,41.6,0.0
1788525561821.0,8880,9.8,0.0,0,0,73,0.0,41.6,0.0,41.6,0.0
1788525562193.0,8900,9.8,0.0,0,0,73,0.0,41.6,0.0,41.6,0.0
1788525562568.0,8920,9.8,0.0,0,0,73,0.0,41.6,0.0,41.6,0.0
1788525562942.0,8940,9.8,0.0,0,0,73,0.0,41.6,0.0,41.6,0.0
1788525563317.0,8960,9.8,0.0,0,0,73,0.0,41.6,0.0,41.6,0.0
1788525563691.0,8980,9.8,0.0,0,0,73,0.0,41.6,0.0,41.6,0.0
1788525564064.0,9000,9.8,0.0,0,0,73,0.0,41.6,0.0,41.6,0.0
1788525564440.0,9020,9.8,0.0,0,0,73,0.0,41.6,0.0,41.6,0.0
1788525564815.0,9040,9.8,0.0,0,0,73,0.0,41.6,0.0,41.6,0.0
1788525565189.0,9060,9.8,0.0,0,0,73,0.0,41.6,0.0,41.6,0.0
1788525565564.0,9080,9.8,0.0,0,0,73,0.0,41.6,0.0,41.6,0.0
1788525565938.0,9100,9.8,0.0,0,0,73,0.0,41.6,0.0,41.6,0.0
1788525566313.0,9120,9.8,0.0,0,0,73,0.0,41.6,0.0,41.6,0.0
1788525566688.0,9140,9.8,0.0,0,0,73,0.0,41.6,0.0,41.6,0.0
1788525567063.0,9160,9.8,0.0,0,0,73,0.0,41.6,0.0,41.6,0.0
1788525567438.0,9180,9.8,0.0,0,0,73,0.0,41.6,0.0,41.6,0.0
1788525567813.0,9200,9.8,0.0,0,0,73,0.0,41.6,0.0,41.6,0.0
1788525568187.0,9220,9.8,0.0,0,0,73,0.0,41.6,0.0,41.6,0.0
1788525568562.0,9240,9.8,0.0,0,0,73,0.0,41.6,0.0,41.6,0.0
1788525568937.0,9260,9.8,0.0,0,0,73,0.0,41.6,0.0,41.6,0.0
1788525569310.0,9280,9.8,0.0,0,0,73,0.0,41.6,0.0,41.6,0.0
1788525569686.0,9300,9.8,0.0,0,0,73,0.0,41.6,0.0,41.6,0.0
1788525570061.0,9320,9.8,0.0,0,0,73,0.0,41.6,0.0,41.6,0.0
1788525570435.0,9340,9.8,0.0,0,0,73,0.0,41.6,0.0,41.6,0.0
1788525570810.0,9360,9.8,0.0,0,0,73,0.0,41.6,0.0,41.6,0.0
1788525571186.0,9380,9.8,0.0,0,0,73,0.0,41.6,0.0,41.6,0.0
1788525571559.0,9400,9.8,0.0,0,0,73,0.0,41.6,0.0,41.6,0.0
1788525571934.0,9420,9.8,0.0,0,0,73,0.0,41.6,0.0,41.6,0.0
1788525572308.0,9440,9.8,0.0,0,0,73,0.0,41.6,0.0,41.6,0.0
1788525572685.0,9460,9.8,0.0,0,0,73,0.0,41.6,0.0,41.6,0.0
1788525573059.0,9480,9.8,0.0,0,0,73,0.0,41.6,0.0,41.6,0.0
1788525573433.0,9500,9.8,0.0,0,0,73,0.0,41.6,0.0,41.6,0.0
1788525573807.0,9520,9.8,0.0,0,0,73,0.0,41.6,0.0,41.6,0.0
1788525574183.0,9540,9.8,0.0,0,0,73,0.0,41.6,0.0,41.6,0.0
1788525574557.0,9560,9.8,0.0,0,0,73,0.0,41.6,0.0,41.6,0.0
1788525574936.0,9580,9.8,0.0,0,0,73,0.0,41.6,0.0,41.6,0.0
1788525575306.0,9600,9.8,0.0,0,0,73,0.0,41.6,0.0,41.6,0.0
1788525575681.0,9620,9.8,0.0,0,0,73,0.0,41.6,0.0,41.6,0.0
1788525576056.0,9640,9.8,0.0,0,0,73,0.0,41.6,0.0,41.6,0.0
1788525576434.0,9660,9.8,0.0,0,0,73,0.0,41.6,0.0,41.6,0.0
1788525576810.0,9680,9.8,0.0,0,0,73,0.0,41.6,0.0,41.6,0.0
1788525577180.0,9700,9.8,0.0,0,0,73,0.0,41.6,0.0,41.6,0.0
1788525577555.0,9720,9.8,0.0,0,0,73,0.0,41.6,0.0,41.6,0.0
1788525577932.0,9740,9.8,0.0,0,0,73,0.0,41.6,0.0,41.6,0.0
1788525578304.0,9760,9.8,0.0,0,0,73,0.0,41.6,0.0,41.6,0.0
1788525578679.0,9780,9.8,0.0,0,0,73,0.0,41.6,0.0,41.6,0.0
1788525579054.0,9800,9.8,0.0,0,0,73,0.0,41.6,0.0,41.6,0.0
1788525579428.0,9820,9.8,0.0,0,0,73,0.0,41.6,0.0,41.6,0.0
1788525579804.0,9840,9.8,0.0,0,0,73,0.0,41.6,0.0,41.6,0.0
1788525580178.0,9860,9.8,0.0,0,0,73,0.0,41.6,0.0,41.6,0.0
1788525580552.0,9880,9.8,0.0,0,0,73,0.0,41.6,0.0,41.6,0.0
1788525580927.0,9900,9.8,0.0,0,0,73,0.0,41.6,0.0,41.6,0.0
1788525581301.0,9920,9.8,0.0,0,0,73,0.0,41.6,0.0,41.6,0.0
1788525581676.0,9940,9.8,0.0,0,0,73,0.0,41.6,0.0,41.6,0.0
1788525582053.0,9960,9.8,0.0,0,0,73,0.0,41.6,0.0,41.6,0.0
1788525582427.0,9980,9.8,0.0,0,0,73,0.0,41.6,0.0,41.6,0.0
1788525582803.0,10000,9.8,0.0,0,0,73,0.0,41.6,0.0,41.6,0.0
1788525583176.0,10020,9.8,0.0,0,0,73,0.0,41.6,0.0,41.6,0.0
1788525583552.0,10040,9.8,0.0,0,0,73,0.0,41.6,0.0,41.6,0.0
1788525583931.0,10060,9.8,0.0,0,0,73,0.0,41.6,0.0,41.6,0.0
1788525584303.0,10080,9.8,0.0,0,0,73,0.0,41.6,0.0,41.6,0.0
1788525584675.0,10100,9.8,0.0,0,0,73,0.0,41.6,0.0,41.6,0.0
1788525585053.0,10120,9.8,0.0,0,0,73,0.0,41.6,0.0,41.6,0.0
1788525585425.0,10140,9.8,0.0,0,0,73,0.0,41.6,0.0,41.6,0.0
1788525585802.0,10160,9.8,0.0,0,0,73,0.0,41.6,0.0,41.6,0.0
1788525586173.0,10180,9.8,0.0,0,0,73,0.0,41.6,0.0,41.6,0.0
1788525586553.0,10200,9.8,0.0,0,0,73,0.0,41.6,0.0,41.6,0.0
1788525586923.0,10220,9.8,0.0,0,0,73,0.0,41.6,0.0,41.6,0.0
1788525587301.0,10240,9.8,0.0,0,0,73,0.0,41.6,0.0,41.6,0.0
1788525587672.0,10260,9.8,0.0,0,0,73,0.0,41.6,0.0,41.6,0.0
1788525588051.0,10280,9.8,0.0,0,0,73,0.0,41.6,0.0,41.6,0.0
1788525588422.0,10300,9.8,0.0,0,0,73,0.0,41.6,0.0,41.6,0.0
1788525588802.0,10320,9.8,0.0,0,0,73,0.0,41.6,0.0,41.6,0.0
1788525589171.0,10340,9.8,0.0,0,0,73,0.0,41.6,0.0,41.6,0.0
1788525589546.0,10360,9.8,0.0,0,0,73,0.0,41.6,0.0,41.6,0.0
1788525589921.0,10380,9.8,0.0,0,0,73,0.0,41.6,0.0,41.6,0.0
1788525590295.0,10400,9.8,0.0,0,0,73,0.0,41.6,0.0,41.6,0.0
1788525590670.0,10420,9.8,0.0,0,0,73,0.0,41.6,0.0,41.6,0.0
1788525591045.0,10440,9.8,0.0,0,0,73,0.0,41.6,0.0,41.6,0.0
1788525591420.0,10460,9.8,0.0,0,0,73,0.0,41.6,0.0,41.6,0.0
1788525591794.0,10480,9.8,0.0,0,0,73,0.0,41.6,0.0,41.6,0.0
1788525592172.0,10500,9.8,0.0,0,0,73,0.0,41.6,0.0,41.6,0.0
1788525592543.0,10520,9.8,0.0,0,0,73,0.0,41.6,0.0,41.6,0.0
1788525592920.0,10540,9.8,0.0,0,0,73,0.0,41.6,0.0,41.6,0.0
1788525593293.0,10560,9.8,0.0,0,0,73,0.0,41.6,0.0,41.6,0.0
1788525593669.0,10580,9.8,0.0,0,0,73,0.0,41.6,0.0,41.6,0.0
1788525594043.0,10600,9.8,0.0,0,0,73,0.0,41.6,0.0,41.6,0.0
1788525594418.0,10620,9.8,0.0,0,0,73,0.0,41.6,0.0,41.6,0.0
1788525594792.0,10640,9.8,0.0,0,0,73,0.0,41.6,0.0,41.6,0.0
1788525595168.0,10660,9.8,0.0,0,0,73,0.0,41.6,0.0,41.6,0.0
1788525595548.0,10680,9.8,0.0,0,0,73,0.0,41.6,0.0,41.6,0.0
1788525595918.0,10700,9.8,0.0,0,0,73,0.0,41.6,0.0,41.6,0.0
1788525596291.0,10720,9.8,0.0,0,0,73,0.0,41.6,0.0,41.6,0.0
1788525596666.0,10740,9.8,0.0,0,0,73,0.0,41.6,0.0,41.6,0.0
1788525597040.0,10760,9.8,0.0,0,0,73,0.0,41.6,0.0,41.6,0.0
1788525597417.0,10780,9.8,0.0,0,0,73,0.0,41.6,0.0,41.6,0.0
1788525597791.0,10800,9.8,0.0,0,0,73,0.0,41.6,0.0,41.6,0.0
1788525598165.0,10820,9.8,0.0,0,0,73,0.0,41.6,0.0,41.6,0.0
1788525598539.0,10840,9.8,0.0,0,0,73,0.0,41.6,0.0,41.6,0.0
1788525598914.0,10860,9.8,0.0,0,0,73,0.0,41.6,0.0,41.6,0.0
1788525599288.0,10880,9.8,0.0,0,0,73,0.0,41.6,0.0,41.6,0.0
1788525599663.0,10900,9.8,0.0,0,0,73,0.0,41.6,0.0,41.6,0.0
1788525600039.0,10920,9.8,0.0,0,0,73,0.0,41.6,0.0,41.6,0.0
1788525600420.0,10940,9.8,0.0,0,0,73,0.0,41.6,0.0,41.6,0.0
1788525600788.0,10960,9.8,0.0,0,0,73,0.0,41.6,0.0,41.6,0.0
1788525601163.0,10980,9.8,0.0,0,0,73,0.0,41.6,0.0,41.6,0.0
1788525601538.0,11000,9.8,0.0,0,0,73,0.0,41.6,0.0,41.6,0.0
1788525601912.0,11020,9.8,0.0,0,0,73,0.0,41.6,0.0,41.6,0.0
1788525602287.0,11040,9.8,0.0,0,0,73,0.0,41.6,0.0,41.6,0.0
1788525602663.0,11060,9.8,0.0,0,0,73,0.0,41.6,0.0,41.6,0.0
1788525603038.0,11080,9.8,0.0,0,0,73,0.0,41.6,0.0,41.6,0.0
1788525603411.0,11100,9.8,0.0,0,0,73,0.0,41.6,0.0,41.6,0.0
1788525603787.0,11120,9.8,0.0,0,0,73,0.0,41.6,0.0,41.6,0.0
1788525604162.0,11140,9.8,0.0,0,0,73,0.0,41.6,0.0,41.6,0.0
1788525604537.0,11160,9.8,0.0,0,0,73,0.0,41.6,0.0,41.6,0.0
1788525604911.0,11180,9.8,0.0,0,0,73,0.0,41.6,0.0,41.6,0.0
1788525605286.0,11200,9.8,0.0,0,0,73,0.0,41.6,0.0,41.6,0.0
1788525605661.0,11220,9.8,0.0,0,0,73,0.0,41.6,0.0,41.6,0.0
1788525606036.0,11240,9.8,0.0,0,0,73,0.0,41.6,0.0,41.6,0.0
1788525606411.0,11260,9.8,0.0,0,0,73,0.0,41.6,0.0,41.6,0.0
1788525606786.0,11280,9.8,0.0,0,0,73,0.0,41.6,0.0,41.6,0.0
1788525607160.0,11300,9.8,0.0,0,0,73,0.0,41.6,0.0,41.6,0.0
1788525607535.0,11320,9.8,0.0,0,0,73,0.0,41.6,0.0,41.6,0.0
1788525607910.0,11340,9.8,0.0,0,0,73,0.0,41.6,0.0,41.6,0.0
1788525608285.0,11360,9.8,0.0,0,0,73,0.0,41.6,0.0,41.6,0.0
1788525608660.0,11380,9.8,0.0,0,0,73,0.0,41.6,0.0,41.6,0.0
1788525609035.0,11400,9.8,0.0,0,0,73,0.0,41.6,0.0,41.6,0.0
1788525609409.0,11420,9.8,0.0,0,0,73,0.0,41.6,0.0,41.6,0.0
1788525609783.0,11440,9.8,0.0,0,0,73,0.0,41.6,0.0,41.6,0.0
1788525610158.0,11460,9.8,0.0,0,0,73,0.0,41.6,0.0,41.6,0.0
1788525610534.0,11480,9.8,0.0,0,0,73,0.0,41.6,0.0,41.6,0.0
1788525610909.0,11500,9.8,0.0,0,0,73,0.0,41.6,0.0,41.6,0.0
1788525611284.0,11520,9.8,0.0,0,0,73,0.0,41.6,0.0,41.6,0.0
1788525611659.0,11540,9.8,0.0,0,0,73,0.0,41.6,0.0,41.6,0.0
1788525612032.0,11560,9.8,0.0,0,0,73,0.0,41.6,0.0,41.6,0.0
1788525612408.0,11580,9.8,0.0,0,0,73,0.0,41.6,0.0,41.6,0.0
1788525612782.0,11600,9.8,0.0,0,0,73,0.0,41.6,0.0,41.6,0.0
1788525613157.0,11620,9.8,0.0,0,0,73,0.0,41.6,0.0,41.6,0.0
1788525613538.0,11640,9.8,0.0,0,0,73,0.0,41.6,0.0,41.6,0.0
1788525613907.0,11660,9.8,0.0,0,0,73,0.0,41.6,0.0,41.6,0.0
1788525614281.0,11680,9.8,0.0,0,0,73,0.0,41.6,0.0,41.6,0.0
1788525614656.0,11700,9.8,0.0,0,0,73,0.0,41.6,0.0,41.6,0.0
1788525615031.0,11720,9.8,0.0,0,0,73,0.0,41.6,0.0,41.6,0.0
1788525615406.0,11740,9.8,0.0,0,0,73,0.0,41.6,0.0,41.6,0.0
1788525615787.0,11760,9.8,0.0,0,0,73,0.0,41.6,0.0,41.6,0.0
1788525616155.0,11780,9.8,0.0,0,0,73,0.0,41.6,0.0,41.6,0.0
1788525616531.0,11800,9.8,0.0,0,0,73,0.0,41.6,0.0,41.6,0.0
1788525616905.0,11820,9.8,0.0,0,0,73,0.0,41.6,0.0,41.6,0.0
1788525617287.0,11840,9.8,0.0,0,0,73,0.0,41.6,0.0,41.6,0.0
1788525617655.0,11860,9.8,0.0,0,0,73,0.0,41.6,0.0,41.6,0.0
1788525618029.0,11880,9.8,0.0,0,0,73,0.0,41.6,0.0,41.6,0.0
1788525618404.0,11900,9.8,0.0,0,0,73,0.0,41.6,0.0,41.6,0.0
1788525618778.0,11920,9.8,0.0,0,0,73,0.0,41.6,0.0,41.6,0.0
1788525619153.0,11940,9.8,0.0,0,0,73,0.0,41.6,0.0,41.6,0.0
1788525619528.0,11960,9.8,0.0,0,0,73,0.0,41.6,0.0,41.6,0.0
1788525619903.0,11980,9.8,0.0,0,0,73,0.0,41.6,0.0,41.6,0.0
1788525620277.0,12000,9.8,0.0,0,0,73,0.0,41.6,0.0,41.6,0.0
1788525620653.0,12020,9.8,0.0,0,0,73,0.0,41.6,0.0,41.6,0.0
1788525621027.0,12040,9.8,0.0,0,0,73,0.0,41.6,0.0,41.6,0.0
1788525621402.0,12060,9.8,0.0,0,0,73,0.0,41.6,0.0,41.6,0.0
1788525621777.0,12080,9.8,0.0,0,0,73,0.0,41.6,0.0,41.6,0.0
1788525622151.0,12100,9.8,0.0,0,0,73,0.0,41.6,0.0,41.6,0.0
1788525622529.0,12120,9.8,0.0,0,0,73,0.0,41.6,0.0,41.6,0.0
1788525622903.0,12140,9.8,0.0,0,0,73,0.0,41.6,0.0,41.6,0.0
1788525623277.0,12160,9.8,0.0,0,0,73,0.0,41.6,0.0,41.6,0.0
1788525623651.0,12180,9.8,0.0,0,0,73,0.0,41.6,0.0,41.6,0.0
1788525624028.0,12200,9.8,0.0,0,0,73,0.0,41.6,0.0,41.6,0.0
1788525624401.0,12220,9.8,0.0,0,0,73,0.0,41.6,0.0,41.6,0.0
1788525624776.0,12240,9.8,0.0,0,0,73,0.0,41.6,0.0,41.6,0.0
1788525625150.0,12260,9.8,0.0,0,0,73,0.0,41.6,0.0,41.6,0.0
1788525625525.0,12280,9.8,0.0,0,0,73,0.0,41.6,0.0,41.6,0.0
1788525625904.0,12300,9.8,0.0,0,0,73,0.0,41.6,0.0,41.6,0.0
1788525626275.0,12320,9.8,0.0,0,0,73,0.0,41.6,0.0,41.6,0.0
1788525626651.0,12340,9.8,0.0,0,0,73,0.0,41.6,0.0,41.6,0.0
1788525627025.0,12360,9.8,0.0,0,0,73,0.0,41.6,0.0,41.6,0.0
1788525627401.0,12380,9.8,0.0,0,0,73,0.0,41.6,0.0,41.6,0.0
1788525627775.0,12400,9.8,0.0,0,0,73,0.0,41.6,0.0,41.6,0.0
1788525628149.0,12420,9.8,0.0,0,0,73,0.0,41.6,0.0,41.6,0.0
1788525628525.0,12440,9.8,0.0,0,0,73,0.0,41.6,0.0,41.6,0.0
1788525628899.0,12460,9.8,0.0,0,0,73,0.0,41.6,0.0,41.6,0.0
1788525629275.0,12480,9.8,0.0,0,0,73,0.0,41.6,0.0,41.6,0.0
1788525629649.0,12500,9.8,0.0,0,0,73,0.0,41.6,0.0,41.6,0.0
1788525630024.0,12520,9.8,0.0,0,0,73,0.0,41.6,0.0,41.6,0.0
1788525630399.0,12540,9.8,0.0,0,0,73,0.0,41.6,0.0,41.6,0.0
1788525630773.0,12560,9.8,0.0,0,0,73,0.0,41.6,0.0,41.6,0.0
1788525631148.0,12580,9.8,0.0,0,0,73,0.0,41.6,0.0,41.6,0.0
1788525631524.0,12600,9.8,0.0,0,0,73,0.0,41.6,0.0,41.6,0.0
1788525631902.0,12620,9.8,0.0,0,0,73,0.0,41.6,0.0,41.6,0.0
1788525632273.0,12640,9.8,0.0,0,0,73,0.0,41.6,0.0,41.6,0.0
1788525632652.0,12660,9.8,0.0,0,0,73,0.0,41.6,0.0,41.6,0.0
1788525633023.0,12680,9.8,0.0,0,0,73,0.0,41.6,0.0,41.6,0.0
1788525633397.0,12700,9.8,0.0,0,0,73,0.0,41.6,0.0,41.6,0.0
1788525633772.0,12720,9.8,0.0,0,0,73,0.0,41.6,0.0,41.6,0.0
1788525634151.0,12740,9.8,0.0,0,0,73,0.0,41.6,0.0,41.6,0.0
1788525634522.0,12760,9.8,0.0,0,0,73,0.0,41.6,0.0,41.6,0.0
1788525634897.0,12780,9.8,0.0,0,0,73,0.0,41.6,0.0,41.6,0.0
1788525635272.0,12800,9.8,0.0,0,0,73,0.0,41.6,0.0,41.6,0.0
1788525716553.0,20,9.8,0.0,0,0,0,0.0,0.0,0.0,0.0,0.0
1788525716921.0,40,9.8,0.0,0,0,0,0.0,0.0,0.0,0.0,0.0
1788525717296.0,60,9.8,0.0,0,0,0,0.0,0.0,0.0,0.0,0.0
1788525717671.0,80,9.8,0.0,0,0,0,0.0,0.0,0.0,0.0,0.0
1788525718045.0,100,9.8,0.0,0,0,0,0.0,0.0,0.0,0.0,0.0
1788525718420.0,120,9.8,0.0,0,0,0,0.0,0.0,0.0,0.0,0.0
1788525718795.0,140,9.8,0.0,0,0,0,0.0,0.0,0.0,0.0,0.0
1788525719168.0,160,9.8,0.0,0,0,0,0.0,0.0,0.0,0.0,0.0
1788525719544.0,180,9.8,0.0,0,0,0,0.0,0.0,0.0,0.0,0.0
1788525719919.0,200,9.8,0.0,0,0,0,0.0,0.0,0.0,0.0,0.0
1788525720293.0,220,9.8,0.0,0,0,0,0.0,0.0,0.0,0.0,0.0
1788525720668.0,240,9.8,0.0,0,0,0,0.0,0.0,0.0,0.0,0.0
1788525721043.0,260,9.8,0.0,0,0,0,0.0,0.0,0.0,0.0,0.0
1788525721417.0,280,9.8,0.0,0,0,0,0.0,0.0,0.0,0.0,0.0
1788525721792.0,300,9.8,0.0,0,0,0,0.0,0.0,0.0,0.0,0.0
1788525722168.0,320,9.8,0.0,0,0,0,0.0,0.0,0.0,0.0,0.0
1788525722542.0,340,9.8,0.0,0,0,0,0.0,0.0,0.0,0.0,0.0
1788525722920.0,360,9.8,0.0,0,0,0,0.0,0.0,0.0,0.0,0.0
1788525723291.0,380,9.8,0.0,0,0,0,0.0,0.0,0.0,0.0,0.0
1788525723667.0,400,9.8,0.0,0,0,0,0.0,0.0,0.0,0.0,0.0
1788525724041.0,420,9.8,0.0,0,0,0,0.0,0.0,0.0,0.0,0.0
1788525724420.0,440,9.8,0.0,0,0,0,0.0,0.0,0.0,0.0,0.0
1788525724791.0,460,9.8,0.0,0,0,0,0.0,0.0,0.0,0.0,0.0
1788525725167.0,480,9.8,0.0,0,0,0,0.0,0.0,0.0,0.0,0.0
1788525725540.0,500,9.8,0.0,0,0,0,0.0,0.0,0.0,0.0,0.0
1788525725916.0,520,9.8,0.0,0,0,0,0.0,0.0,0.0,0.0,0.0
1788525726290.0,540,9.8,0.0,0,0,0,0.0,0.0,0.0,0.0,0.0
1788525726672.0,560,9.8,0.0,0,0,0,0.0,0.0,0.0,0.0,0.0
1788525727039.0,580,9.8,0.0,0,0,0,0.0,0.0,0.0,0.0,0.0
1788525727418.0,600,9.8,0.0,0,0,0,0.0,0.0,0.0,0.0,0.0
1788525727788.0,620,9.8,0.0,0,0,0,0.0,0.0,0.0,0.0,0.0
1788525728162.0,640,9.8,0.0,0,0,0,0.0,0.0,0.0,0.0,0.0
1788525728537.0,660,9.8,0.0,0,0,0,0.0,0.0,0.0,0.0,0.0
1788525728913.0,680,9.8,0.0,0,0,0,0.0,0.0,0.0,0.0,0.0
1788525729289.0,700,9.8,0.0,0,0,0,0.0,0.0,0.0,0.0,0.0
1788525729662.0,720,9.8,0.0,0,0,0,0.0,0.0,0.0,0.0,0.0
1788525730038.0,740,9.8,0.0,0,0,0,0.0,0.0,0.0,0.0,0.0
1788525730412.0,760,9.8,0.0,0,0,0,0.0,0.0,0.0,0.0,0.0
1788525730788.0,780,9.8,0.0,0,0,0,0.0,0.0,0.0,0.0,0.0
1788525731161.0,800,9.8,0.0,0,0,0,0.0,0.0,0.0,0.0,0.0
1788525731535.0,820,9.8,0.0,0,0,0,0.0,0.0,0.0,0.0,0.0
1788525731911.0,840,9.8,0.0,0,0,0,0.0,0.0,0.0,0.0,0.0
1788525732285.0,860,9.8,0.0,0,0,0,0.0,0.0,0.0,0.0,0.0
1788525732660.0,880,9.8,0.0,0,0,0,0.0,0.0,0.0,0.0,0.0
1788525733034.0,900,9.8,0.0,0,0,0,0.0,0.0,0.0,0.0,0.0
1788525733410.0,920,9.8,0.0,0,0,0,0.0,0.0,0.0,0.0,0.0
1788525733786.0,940,9.8,0.0,0,0,0,0.0,0.0,0.0,0.0,0.0
1788525734159.0,960,9.8,0.0,0,0,0,0.0,0.0,0.0,0.0,0.0
1788525734534.0,980,9.8,0.0,0,0,0,0.0,0.0,0.0,0.0,0.0
1788525734909.0,1000,9.8,0.0,0,0,0,0.0,0.0,0.0,0.0,0.0
1788525735283.0,1020,9.8,0.0,0,0,0,0.0,0.0,0.0,0.0,0.0
1788525735658.0,1040,9.8,0.0,0,0,0,0.0,0.0,0.0,0.0,0.0
1788525736037.0,1060,9.8,0.0,0,0,0,0.0,0.0,0.0,0.0,0.0
1788525736408.0,1080,9.8,0.0,0,0,0,0.0,0.0,0.0,0.0,0.0
1788525736784.0,1100,9.8,0.0,0,0,0,0.0,0.0,0.0,0.0,0.0
1788525737157.0,1120,9.8,0.0,0,0,0,0.0,0.0,0.0,0.0,0.0
1788525737532.0,1140,9.8,0.0,0,0,0,0.0,0.0,0.0,0.0,0.0
1788525737907.0,1160,9.8,0.0,0,0,0,0.0,0.0,0.0,0.0,0.0
1788525738285.0,1180,9.8,0.0,0,0,0,0.0,0.0,0.0,0.0,0.0
1788525738656.0,1200,9.8,0.0,0,0,0,0.0,0.0,0.0,0.0,0.0
1788525739033.0,1220,9.8,0.0,0,0,0,0.0,0.0,0.0,0.0,0.0
1788525739406.0,1240,9.8,0.0,0,0,0,0.0,0.0,0.0,0.0,0.0
1788525739785.0,1260,9.8,0.0,0,0,0,0.0,0.0,0.0,0.0,0.0
1788525740156.0,1280,9.8,0.0,0,0,0,0.0,0.0,0.0,0.0,0.0
1788525740531.0,1300,9.8,0.0,0,0,0,0.0,0.0,0.0,0.0,0.0
1788525740906.0,1320,9.8,0.0,0,0,0,0.0,0.0,0.0,0.0,0.0
1788525741280.0,1340,9.8,0.0,0,0,0,0.0,0.0,0.0,0.0,0.0
1788525741655.0,1360,9.8,0.0,0,0,0,0.0,0.0,0.0,0.0,0.0
1788525742030.0,1380,9.8,0.0,0,0,0,0.0,0.0,0.0,0.0,0.0
1788525742406.0,1400,9.8,0.0,0,0,0,0.0,0.0,0.0,0.0,0.0
1788525742782.0,1420,9.8,0.0,0,0,0,0.0,0.0,0.0,0.0,0.0
1788525743153.0,1440,9.8,0.0,0,0,0,0.0,0.0,0.0,0.0,0.0
1788525743529.0,1460,9.8,0.0,0,0,0,0.0,0.0,0.0,0.0,0.0
1788525743905.0,1480,9.8,0.0,0,0,0,0.0,0.0,0.0,0.0,0.0
1788525744278.0,1500,9.8,0.0,0,0,0,0.0,0.0,0.0,0.0,0.0
1788525744654.0,1520,9.8,0.0,0,0,0,0.0,0.0,0.0,0.0,0.0
1788525745029.0,1540,9.8,0.0,0,0,0,0.0,0.0,0.0,0.0,0.0
1788525745403.0,1560,9.8,0.0,0,0,0,0.0,0.0,0.0,0.0,0.0
1788525745777.0,1580,9.8,0.0,0,0,0,0.0,0.0,0.0,0.0,0.0
1788525746152.0,1600,9.8,0.0,0,0,0,0.0,0.0,0.0,0.0,0.0
1788525746527.0,1620,9.8,0.0,0,0,0,0.0,0.0,0.0,0.0,0.0
1788525746903.0,1640,9.8,0.0,0,0,0,0.0,0.0,0.0,0.0,0.0
1788525747276.0,1660,9.8,0.0,0,0,0,0.0,0.0,0.0,0.0,0.0
1788525747652.0,1680,9.8,0.0,0,0,0,0.0,0.0,0.0,0.0,0.0
1788525748027.0,1700,9.8,0.0,0,0,0,0.0,0.0,0.0,0.0,0.0
1788525748400.0,1720,9.8,0.0,0,0,0,0.0,0.0,0.0,0.0,0.0
1788525748775.0,1740,9.8,0.0,0,0,0,0.0,0.0,0.0,0.0,0.0
1788525749149.0,1760,9.8,0.0,0,0,0,0.0,0.0,0.0,0.0,0.0
1788525749525.0,1780,9.8,0.0,0,0,0,0.0,0.0,0.0,0.0,0.0
1788525749902.0,1800,9.8,0.0,0,0,0,0.0,0.0,0.0,0.0,0.0
1788525750274.0,1820,9.8,0.0,0,0,0,0.0,0.0,0.0,0.0,0.0
1788525750654.0,1840,9.8,0.0,0,0,0,0.0,0.0,0.0,0.0,0.0
1788525751024.0,1860,9.8,0.0,0,0,0,0.0,0.0,0.0,0.0,0.0
1788525751402.0,1880,9.8,0.0,0,0,0,0.0,0.0,0.0,0.0,0.0
1788525751772.0,1900,9.8,0.0,0,0,0,0.0,0.0,0.0,0.0,0.0
1788525752151.0,1920,9.8,0.0,0,0,0,0.0,0.0,0.0,0.0,0.0
1788525752522.0,1940,9.8,0.0,0,0,0,0.0,0.0,0.0,0.0,0.0
1788525752896.0,1960,11.05,0.0,0,0,0,0.0,0.0,0.0,0.0,0.0
1788525753271.0,1980,11.13,0.0,0,0,0,0.0,0.0,0.0,0.0,0.0
1788525753646.0,2000,11.01,0.0,0,1,1,0.0,0.0,0.0,0.0,0.0
1788526701974.0,20,9.8,0.0,0,0,0,0.0,0.0,0.0,0.0,0.0
1788526702355.0,40,9.8,0.0,0,0,0,0.0,0.0,0.0,0.0,0.0
1788526702724.0,60,9.8,0.0,0,0,0,0.0,0.0,0.0,0.0,0.0
1788526703098.0,80,9.8,0.0,0,0,0,0.0,0.0,0.0,0.0,0.0
1788526703474.0,100,9.8,0.0,0,0,0,0.0,0.0,0.0,0.0,0.0
1788526703854.0,120,9.8,0.0,0,0,0,0.0,0.0,0.0,0.0,0.0
1788526704223.0,140,9.8,0.0,0,0,0,0.0,0.0,0.0,0.0,0.0
1788526704597.0,160,9.8,0.0,0,0,0,0.0,0.0,0.0,0.0,0.0
1788526704972.0,180,9.8,0.0,0,0,0,0.0,0.0,0.0,0.0,0.0
1788526705348.0,200,9.8,0.0,0,0,0,0.0,0.0,0.0,0.0,0.0
1788526705721.0,220,9.8,0.0,0,0,0,0.0,0.0,0.0,0.0,0.0
1788526706107.0,240,9.8,0.0,0,0,0,0.0,0.0,0.0,0.0,0.0
1788526706471.0,260,9.8,0.0,0,0,0,0.0,0.0,0.0,0.0,0.0
1788526706846.0,280,9.8,0.0,0,0,0,0.0,0.0,0.0,0.0,0.0
1788526707220.0,300,9.8,0.0,0,0,0,0.0,0.0,0.0,0.0,0.0
1788526707595.0,320,9.8,0.0,0,0,0,0.0,0.0,0.0,0.0,0.0
1788526707971.0,340,9.8,0.0,0,0,0,0.0,0.0,0.0,0.0,0.0
1788526708345.0,360,9.8,0.0,0,0,0,0.0,0.0,0.0,0.0,0.0
1788526708721.0,380,9.8,0.0,0,0,0,0.0,0.0,0.0,0.0,0.0
1788526709094.0,400,9.8,0.0,0,0,0,0.0,0.0,0.0,0.0,0.0
1788526709469.0,420,9.8,0.0,0,0,0,0.0,0.0,0.0,0.0,0.0
1788526709843.0,440,9.8,0.0,0,0,0,0.0,0.0,0.0,0.0,0.0
1788526710220.0,460,9.8,0.0,0,0,0,0.0,0.0,0.0,0.0,0.0
1788526710593.0,480,9.8,0.0,0,0,0,0.0,0.0,0.0,0.0,0.0
1788526710968.0,500,9.8,0.0,0,0,0,0.0,0.0,0.0,0.0,0.0
1788526711342.0,520,9.8,0.0,0,0,0,0.0,0.0,0.0,0.0,0.0
1788526711719.0,540,9.8,0.0,0,0,0,0.0,0.0,0.0,0.0,0.0
1788526712091.0,560,9.8,0.0,0,0,0,0.0,0.0,0.0,0.0,0.0
1788526712469.0,580,9.8,0.0,0,0,0,0.0,0.0,0.0,0.0,0.0
1788526712840.0,600,9.8,0.0,0,0,0,0.0,0.0,0.0,0.0,0.0
1788526713218.0,620,9.8,0.0,0,0,0,0.0,0.0,0.0,0.0,0.0
1788526713591.0,640,9.8,0.0,0,0,0,0.0,0.0,0.0,0.0,0.0
1788526713970.0,660,9.8,0.0,0,0,0,0.0,0.0,0.0,0.0,0.0
1788526714340.0,680,9.8,0.0,0,0,0,0.0,0.0,0.0,0.0,0.0
1788526714715.0,700,9.8,0.0,0,0,0,0.0,0.0,0.0,0.0,0.0
1788526715089.0,720,9.8,0.0,0,0,0,0.0,0.0,0.0,0.0,0.0
1788526715465.0,740,9.8,0.0,0,0,0,0.0,0.0,0.0,0.0,0.0
1788526715839.0,760,9.8,0.0,0,0,0,0.0,0.0,0.0,0.0,0.0
1788526716219.0,780,9.8,0.0,0,0,0,0.0,0.0,0.0,0.0,0.0
1788526716589.0,800,9.8,0.0,0,0,0,0.0,0.0,0.0,0.0,0.0
1788526716970.0,820,9.8,0.0,0,0,0,0.0,0.0,0.0,0.0,0.0
1788526717338.0,840,9.8,0.0,0,0,0,0.0,0.0,0.0,0.0,0.0
1788526717721.0,860,9.8,0.0,0,0,0,0.0,0.0,0.0,0.0,0.0
1788526718087.0,880,9.8,0.0,0,0,0,0.0,0.0,0.0,0.0,0.0
1788526718462.0,900,9.8,0.0,0,0,0,0.0,0.0,0.0,0.0,0.0
1788526718838.0,920,9.8,0.0,0,0,0,0.0,0.0,0.0,0.0,0.0
1788526719212.0,940,9.8,0.0,0,0,0,0.0,0.0,0.0,0.0,0.0
1788526719586.0,960,9.8,0.0,0,0,0,0.0,0.0,0.0,0.0,0.0
1788526719961.0,980,9.8,0.0,0,0,0,0.0,0.0,0.0,0.0,0.0
1788526720335.0,1000,9.8,0.0,0,0,0,0.0,0.0,0.0,0.0,0.0
1788526720710.0,1020,9.8,0.0,0,0,0,0.0,0.0,0.0,0.0,0.0
1788526721085.0,1040,9.8,0.0,0,0,0,0.0,0.0,0.0,0.0,0.0
1788526721460.0,1060,9.8,0.0,0,0,0,0.0,0.0,0.0,0.0,0.0
1788526721835.0,1080,9.8,0.0,0,0,0,0.0,0.0,0.0,0.0,0.0
1788526722209.0,1100,9.8,0.0,0,0,0,0.0,0.0,0.0,0.0,0.0
1788526722584.0,1120,9.8,0.0,0,0,0,0.0,0.0,0.0,0.0,0.0
1788526722959.0,1140,9.8,0.0,0,0,0,0.0,0.0,0.0,0.0,0.0
1788526723334.0,1160,9.8,0.0,0,0,0,0.0,0.0,0.0,0.0,0.0
1788526723708.0,1180,9.8,0.0,0,0,0,0.0,0.0,0.0,0.0,0.0
1788526724085.0,1200,9.8,0.0,0,0,0,0.0,0.0,0.0,0.0,0.0
1788526724458.0,1220,9.8,0.0,0,0,0,0.0,0.0,0.0,0.0,0.0
1788526724832.0,1240,9.8,0.0,0,0,0,0.0,0.0,0.0,0.0,0.0
1788526725207.0,1260,9.8,0.0,0,0,0,0.0,0.0,0.0,0.0,0.0
1788526725585.0,1280,9.8,0.0,0,0,0,0.0,0.0,0.0,0.0,0.0
1788526725957.0,1300,9.8,0.0,0,0,0,0.0,0.0,0.0,0.0,0.0
1788526726336.0,1320,9.8,0.0,0,0,0,0.0,0.0,0.0,0.0,0.0
1788526726706.0,1340,9.8,0.0,0,0,0,0.0,0.0,0.0,0.0,0.0
1788526727085.0,1360,9.8,0.0,0,0,0,0.0,0.0,0.0,0.0,0.0
1788526727455.0,1380,9.8,0.0,0,0,0,0.0,0.0,0.0,0.0,0.0
1788526727830.0,1400,9.8,0.0,0,0,0,0.0,0.0,0.0,0.0,0.0
1788526728205.0,1420,9.8,0.0,0,0,0,0.0,0.0,0.0,0.0,0.0
1788526728580.0,1440,9.8,0.0,0,0,0,0.0,0.0,0.0,0.0,0.0
1788526728954.0,1460,9.8,0.0,0,0,0,0.0,0.0,0.0,0.0,0.0
1788526729329.0,1480,9.8,0.0,0,0,0,0.0,0.0,0.0,0.0,0.0
1788526729704.0,1500,9.8,0.0,0,0,0,0.0,0.0,0.0,0.0,0.0
1788526730084.0,1520,9.8,0.0,0,0,0,0.0,0.0,0.0,0.0,0.0
1788526730454.0,1540,9.8,0.0,0,0,0,0.0,0.0,0.0,0.0,0.0
1788526730831.0,1560,9.8,0.0,0,0,0,0.0,0.0,0.0,0.0,0.0
1788526731203.0,1580,9.8,0.0,0,0,0,0.0,0.0,0.0,0.0,0.0
1788526731559.0,1600,9.8,0.0,0,0,0,0.0,0.0,0.0,0.0,0.0
1788526731953.0,1620,9.8,0.0,0,0,0,0.0,0.0,0.0,0.0,0.0
1788526732328.0,1640,9.8,0.0,0,0,0,0.0,0.0,0.0,0.0,0.0
1788526732703.0,1660,9.8,0.0,0,0,0,0.0,0.0,0.0,0.0,0.0
1788526733078.0,1680,9.8,0.0,0,0,0,0.0,0.0,0.0,0.0,0.0
1788526733452.0,1700,9.8,0.0,0,0,0,0.0,0.0,0.0,0.0,0.0
1788526733827.0,1720,9.8,0.0,0,0,0,0.0,0.0,0.0,0.0,0.0
1788526734206.0,1740,9.8,0.0,0,0,0,0.0,0.0,0.0,0.0,0.0
1788526734576.0,1760,9.8,0.0,0,0,0,0.0,0.0,0.0,0.0,0.0
1788526734951.0,1780,9.8,0.0,0,0,0,0.0,0.0,0.0,0.0,0.0
1788526735326.0,1800,9.8,0.0,0,0,0,0.0,0.0,0.0,0.0,0.0
1788526735700.0,1820,9.8,0.0,0,0,0,0.0,0.0,0.0,0.0,0.0
1788526736075.0,1840,9.8,0.0,0,0,0,0.0,0.0,0.0,0.0,0.0
1788526736451.0,1860,9.88,0.0,0,0,0,0.0,0.0,0.0,0.0,0.0
1788526736824.0,1880,10.84,0.0,0,0,1,0.0,0.0,0.0,0.0,0.0
1788526737202.0,1900,12.58,0.0,1,0,2,1.95,0.7,0.0,0.65,0.0
1788526737574.0,1920,8.79,0.0,1,0,3,1.95,1.3,0.0,1.3,0.0
1788526737949.0,1940,10.02,0.0,1,0,3,1.66,1.3,0.0,1.3,0.0
1788526738324.0,1960,11.14,0.0,1,0,3,1.18,1.3,0.0,1.3,0.0
1788526738702.0,1980,9.85,0.0,1,0,3,0.95,1.3,0.0,1.3,0.0
1788526739073.0,2000,9.8,0.0,0,0,3,0.0,1.3,0.0,1.3,0.0
1788526739451.0,2020,9.8,0.0,0,0,3,0.0,1.3,0.0,1.3,0.0
1788526739823.0,2040,9.8,0.0,1,0,4,0.58,2.0,0.0,1.95,0.0
1788526740198.0,2060,9.8,0.0,1,0,4,0.44,2.0,0.0,1.95,0.0
1788526740572.0,2080,9.8,0.0,1,0,4,0.24,2.0,0.0,1.95,0.0
1788526740952.0,2100,9.87,0.0,1,0,4,0.04,2.0,0.0,1.95,0.0
1788526741323.0,2120,9.95,0.0,0,0,4,0.0,2.0,0.0,1.95,0.0
1788526741701.0,2140,9.94,0.0,0,0,4,0.0,2.0,0.0,1.95,0.0
1788526742071.0,2160,9.85,0.0,0,0,4,0.0,2.0,0.0,1.95,0.0
1788526742452.0,2180,9.8,0.0,0,0,4,0.0,2.0,0.0,1.95,0.0
1788526742821.0,2200,9.8,0.0,0,0,4,0.0,2.0,0.0,1.95,0.0
1788526743196.0,2220,9.8,0.0,0,0,4,0.0,2.0,0.0,1.95,0.0
1788526743570.0,2240,9.8,0.0,0,0,4,0.0,2.0,0.0,1.95,0.0
1788526743945.0,2260,9.93,0.0,0,0,4,0.0,2.0,0.0,1.95,0.0
1788526744320.0,2280,9.94,0.0,0,0,4,0.0,2.0,0.0,1.95,0.0
1788526744694.0,2300,10.01,0.0,0,0,4,0.0,2.0,0.0,1.95,0.0
1788526745070.0,2320,10.03,0.0,0,0,4,0.0,2.0,0.0,1.95,0.0
1788526745445.0,2340,11.52,0.0,0,0,4,0.0,2.0,0.0,1.95,0.0
1788526745819.0,2360,10.92,0.0,0,0,4,0.0,2.0,0.0,1.95,0.0
1788526746194.0,2380,8.28,0.0,0,0,4,0.0,2.0,0.0,1.95,0.0
1788526746569.0,2400,10.83,0.0,0,0,4,0.0,2.0,0.0,1.95,0.0
1788526746944.0,2420,9.88,0.0,0,0,4,0.0,2.0,0.0,1.95,0.0
1788526747319.0,2440,11.01,0.0,0,0,4,0.0,2.0,0.0,1.95,0.0
1788526747693.0,2460,9.8,0.0,0,0,4,0.0,2.0,0.0,1.95,0.0
1788526748072.0,2480,9.8,0.0,1,0,5,0.0,2.0,0.0,1.95,0.0
1788526748443.0,2500,10.07,0.0,1,0,5,0.0,2.0,0.0,1.95,0.0
1788526748818.0,2520,9.8,0.0,1,0,5,0.0,2.0,0.0,1.95,0.0
1788526749192.0,2540,11.37,0.0,1,0,6,1.05,2.6,0.0,2.6,0.0
1788526749568.0,2560,9.8,0.0,1,0,6,0.76,2.6,0.0,2.6,0.0
1788526749942.0,2580,9.91,0.0,1,0,6,0.6,2.6,0.0,2.6,0.0
1788526750317.0,2600,9.8,0.0,1,0,6,0.57,2.6,0.0,2.6,0.0
1788526750691.0,2620,9.85,0.0,0,0,6,0.0,2.6,0.0,2.6,0.0
1788526751067.0,2640,10.85,0.0,0,0,6,0.0,2.6,0.0,2.6,0.0
1788526751441.0,2660,9.87,0.0,0,0,6,0.0,2.6,0.0,2.6,0.0
1788526751819.0,2680,9.8,0.0,0,0,6,0.0,2.6,0.0,2.6,0.0
1788526752191.0,2700,9.8,0.0,0,0,6,0.0,2.6,0.0,2.6,0.0
1788526752565.0,2720,9.85,0.0,0,0,6,0.0,2.6,0.0,2.6,0.0
1788526752941.0,2740,9.8,0.0,0,0,6,0.0,2.6,0.0,2.6,0.0
1788526753323.0,2760,9.8,0.0,0,0,6,0.0,2.6,0.0,2.6,0.0
1788526753689.0,2780,11.06,0.0,0,0,6,0.0,2.6,0.0,2.6,0.0
1788526754068.0,2800,9.8,0.0,0,0,6,0.0,2.6,0.0,2.6,0.0
1788526754438.0,2820,9.8,0.0,0,0,6,0.0,2.6,0.0,2.6,0.0
1788526754819.0,2840,9.8,0.0,0,0,6,0.0,2.6,0.0,2.6,0.0
1788526755188.0,2860,9.8,0.0,0,0,6,0.0,2.6,0.0,2.6,0.0
1788526755571.0,2880,9.89,0.0,0,0,6,0.0,2.6,0.0,2.6,0.0
1788526755938.0,2900,9.8,0.0,0,0,6,0.0,2.6,0.0,2.6,0.0
1788526756312.0,2920,9.8,0.0,0,0,6,0.0,2.6,0.0,2.6,0.0
1788526756687.0,2940,9.8,0.0,0,0,6,0.0,2.6,0.0,2.6,0.0
1788526757062.0,2960,9.8,0.0,0,0,6,0.0,2.6,0.0,2.6,0.0
1788526757437.0,2980,9.8,0.0,0,0,6,0.0,2.6,0.0,2.6,0.0
1788526757812.0,3000,9.8,0.0,0,0,6,0.0,2.6,0.0,2.6,0.0
1788526758187.0,3020,9.8,0.0,0,0,6,0.0,2.6,0.0,2.6,0.0
1788526758560.0,3040,9.8,0.0,0,0,6,0.0,2.6,0.0,2.6,0.0
1788526758936.0,3060,9.8,0.0,0,0,6,0.0,2.6,0.0,2.6,0.0
1788526759311.0,3080,9.8,0.0,0,0,6,0.0,2.6,0.0,2.6,0.0
1788526759684.0,3100,9.8,0.0,0,0,6,0.0,2.6,0.0,2.6,0.0
1788526760060.0,3120,9.8,0.0,0,0,6,0.0,2.6,0.0,2.6,0.0
1788526760434.0,3140,9.8,0.0,0,0,6,0.0,2.6,0.0,2.6,0.0
1788526760809.0,3160,9.8,0.0,0,0,6,0.0,2.6,0.0,2.6,0.0
1788526761184.0,3180,9.8,0.0,0,0,6,0.0,2.6,0.0,2.6,0.0
1788526761558.0,3200,9.8,0.0,0,0,6,0.0,2.6,0.0,2.6,0.0
1788526761934.0,3220,9.8,0.0,0,0,6,0.0,2.6,0.0,2.6,0.0
1788526762308.0,3240,9.8,0.0,0,0,6,0.0,2.6,0.0,2.6,0.0
1788526762683.0,3260,9.8,0.0,0,0,6,0.0,2.6,0.0,2.6,0.0
1788526763057.0,3280,9.86,0.0,0,0,6,0.0,2.6,0.0,2.6,0.0
1788526763435.0,3300,8.87,0.0,1,0,7,0.0,2.6,0.0,2.6,0.0
1788526763807.0,3320,10.12,0.0,1,0,7,0.0,2.6,0.0,2.6,0.0
1788526764182.0,3340,9.8,0.0,1,0,7,0.0,2.6,0.0,2.6,0.0
1788526764556.0,3360,9.8,0.0,1,0,7,0.0,2.6,0.0,2.6,0.0
1788526764930.0,3380,9.8,0.0,0,0,7,0.0,2.6,0.0,2.6,0.0
1788526765305.0,3400,9.89,0.0,0,0,7,0.0,2.6,0.0,2.6,0.0
1788526765684.0,3420,9.89,0.0,1,0,8,0.57,3.2,0.0,3.25,0.0
1788526766054.0,3440,11.91,0.0,1,0,9,1.95,3.9,0.0,3.9,0.0
1788526766429.0,3460,7.77,0.0,1,0,10,1.95,4.5,0.0,4.55,0.0
1788526766804.0,3480,11.29,0.0,1,0,10,1.51,4.5,0.0,4.55,0.0
1788526767180.0,3500,9.8,0.0,1,0,11,1.74,5.2,0.0,5.2,0.0
1788526767554.0,3520,11.79,0.0,1,1,12,1.55,5.9,0.0,5.85,0.0
1788526767928.0,3540,9.8,0.0,1,0,12,1.35,5.9,0.0,5.85,0.0
1788526768303.0,3560,9.8,0.0,1,0,12,1.04,5.9,0.0,5.85,0.0
1788526768678.0,3580,10.83,0.0,1,0,13,1.1,6.5,0.0,6.5,0.0
1788526769053.0,3600,9.92,0.0,1,0,14,1.16,7.2,0.0,7.15,0.0
1788526769427.0,3620,11.31,0.0,1,0,15,1.5,7.8,0.0,7.8,0.0
1788526769803.0,3640,9.8,0.0,1,0,16,1.56,8.5,0.0,8.45,0.0
1788526770177.0,3660,11.3,0.0,1,0,17,1.61,9.1,0.0,9.1,0.0
1788526770551.0,3680,9.8,0.0,1,0,17,1.59,9.1,0.0,9.1,0.0
1788526770926.0,3700,9.8,0.0,1,0,18,1.63,9.8,0.0,9.75,0.0
1788526771301.0,3720,12.25,0.0,1,0,19,1.7,10.4,0.0,10.4,0.0
1788526771676.0,3740,9.87,0.0,1,0,20,1.69,11.1,0.0,11.05,0.0
1788526772050.0,3760,9.8,0.0,1,0,20,1.33,11.1,0.0,11.05,0.0
1788526772425.0,3780,9.8,0.0,1,0,20,1.05,11.1,0.0,11.05,0.0
1788526772801.0,3800,9.8,0.0,1,0,22,1.64,12.4,0.0,12.35,0.0
1788526773174.0,3820,9.8,0.0,1,0,22,1.36,12.4,0.0,12.35,0.0
1788526773552.0,3840,9.8,0.0,1,0,24,1.59,13.7,0.0,13.65,0.0
1788526773924.0,3860,9.85,0.0,1,0,25,1.95,14.3,0.0,14.3,0.0
1788526774301.0,3880,9.8,0.0,1,0,25,1.68,14.3,0.0,14.3,0.0
1788526774674.0,3900,9.8,0.0,1,0,26,1.87,15.0,0.0,14.95,0.0
1788526775048.0,3920,11.18,0.0,1,0,26,1.44,15.0,0.0,14.95,0.0
1788526775423.0,3940,9.8,0.0,1,0,27,1.15,15.6,0.0,15.6,0.0
1788526775803.0,3960,11.56,0.0,1,0,28,1.4,16.3,0.0,16.25,0.0
1788526776172.0,3980,9.8,0.0,1,0,28,1.18,16.3,0.0,16.25,0.0
1788526776552.0,4000,9.8,0.0,1,0,28,0.92,16.3,0.0,16.25,0.0
1788526776922.0,4020,10.93,0.0,1,0,28,0.83,16.3,0.0,16.25,0.0
1788526777302.0,4040,9.8,0.0,1,0,29,0.86,16.9,0.0,16.9,0.0
1788526777672.0,4060,11.33,0.0,1,0,30,1.01,17.6,0.0,17.55,0.0
1788526778047.0,4080,10.83,0.0,1,0,31,1.12,18.2,0.0,18.2,0.0
1788526778421.0,4100,10.86,0.0,1,0,31,1.71,18.2,0.0,18.2,0.0
1788526778796.0,4120,9.8,0.0,1,0,31,1.37,18.2,0.0,18.2,0.0
1788526779171.0,4140,9.8,0.0,1,0,32,1.49,18.8,0.0,18.85,0.0
1788526779546.0,4160,10.95,0.0,1,0,32,1.16,18.8,0.0,18.85,0.0
1788526779920.0,4180,9.8,0.0,1,0,32,1.04,18.8,0.0,18.85,0.0
1788526780294.0,4200,9.8,0.0,1,0,32,0.8,18.8,0.0,18.85,0.0
1788526780670.0,4220,9.8,0.0,1,0,34,1.11,20.1,0.0,20.15,0.0
1788526781044.0,4240,11.15,0.0,1,0,34,0.95,20.1,0.0,20.15,0.0
1788526781419.0,4260,10.84,0.0,1,0,34,1.06,20.1,0.0,20.15,0.0
1788526781793.0,4280,9.8,0.0,1,0,35,1.35,20.8,0.0,20.8,0.0
1788526782168.0,4300,9.8,0.0,1,0,35,1.03,20.8,0.0,20.8,0.0
1788526782543.0,4320,9.8,0.0,1,0,35,0.89,20.8,0.0,20.8,0.0
1788526782918.0,4340,9.8,0.0,1,0,36,0.82,21.4,0.0,21.45,0.0
1788526783292.0,4360,9.8,0.0,1,0,38,1.31,22.7,0.0,22.75,0.0
1788526783667.0,4380,9.8,0.0,1,0,38,1.19,22.7,0.0,22.75,0.0
1788526784044.0,4400,9.8,0.0,1,0,38,1.24,22.7,0.0,22.75,0.0
1788526784419.0,4420,9.94,0.0,1,0,39,1.32,23.4,0.0,23.4,0.0
1788526784791.0,4440,9.95,0.0,1,0,40,1.42,24.0,0.0,24.05,0.0
1788526785168.0,4460,11.95,0.0,1,0,41,1.53,24.7,0.0,24.7,0.0
1788526785541.0,4480,9.8,0.0,1,0,42,1.51,25.3,0.0,25.35,0.0
1788526785915.0,4500,9.8,0.0,1,0,43,1.64,26.0,0.0,26.0,0.0
1788526786291.0,4520,11.17,0.0,1,0,43,1.46,26.0,0.0,26.0,0.0
1788526786669.0,4540,9.8,0.0,1,0,44,1.59,26.6,0.0,26.65,0.0
1788526787041.0,4560,10.97,0.0,1,0,44,1.39,26.6,0.0,26.65,0.0
1788526787418.0,4580,9.8,0.0,1,0,44,1.1,26.6,0.0,26.65,0.0
1788526787791.0,4600,11.71,0.0,1,0,45,1.05,27.3,0.0,27.3,0.0
1788526788167.0,4620,14.19,0.0,1,1,47,1.43,28.6,0.0,28.6,0.0
1788526788539.0,4640,7.67,0.0,1,0,48,1.51,29.2,0.0,29.25,0.0
1788526788920.0,4660,10.4,0.0,1,0,49,1.57,29.9,0.0,29.9,0.0
1788526789289.0,4680,8.96,0.0,1,0,49,1.64,29.9,0.0,29.9,0.0
1788526789670.0,4700,9.88,0.0,1,0,50,1.91,30.5,0.0,30.55,0.0
1788526790038.0,4720,9.8,0.0,1,0,50,1.62,30.5,0.0,30.55,0.0
1788526790419.0,4740,11.07,0.0,1,0,50,1.3,30.5,0.0,30.55,0.0
1788526790787.0,4760,9.8,0.0,1,0,50,0.56,30.5,0.0,30.55,0.0
1788526791162.0,4780,9.8,0.0,1,0,51,0.81,31.2,0.0,31.2,0.0
1788526791537.0,4800,9.8,0.0,1,0,51,0.68,31.2,0.0,31.2,0.0
1788526791911.0,4820,9.8,0.0,1,0,53,1.13,32.5,0.0,32.5,0.0
1788526792287.0,4840,9.8,0.0,1,0,53,1.51,32.5,0.0,32.5,0.0
1788526792661.0,4860,9.8,0.0,1,0,54,1.73,33.1,0.0,33.15,0.0
1788526793036.0,4880,11.34,0.0,1,0,55,1.55,33.8,0.0,33.8,0.0
1788526793411.0,4900,9.85,0.0,1,0,55,1.4,33.8,0.0,33.8,0.0
1788526793786.0,4920,11.14,0.0,1,0,56,1.45,34.4,0.0,34.45,0.0
1788526794161.0,4940,9.8,0.0,1,0,56,1.15,34.4,0.0,34.45,0.0
1788526794535.0,4960,10.99,0.0,1,0,57,1.27,35.1,0.0,35.1,0.0
1788526794910.0,4980,9.8,0.0,1,0,57,1.06,35.1,0.0,35.1,0.0
1788526795284.0,5000,11.02,0.0,1,0,58,1.2,35.7,0.0,35.75,0.0
1788526795659.0,5020,10.87,0.0,1,0,58,1.05,35.7,0.0,35.75,0.0
1788526796034.0,5040,10.83,0.0,1,0,59,1.1,36.4,0.0,36.4,0.0
1788526796409.0,5060,9.8,0.0,1,0,59,0.91,36.4,0.0,36.4,0.0
1788526796785.0,5080,9.8,0.0,1,0,61,1.32,37.7,0.0,37.7,0.0
1788526797158.0,5100,9.8,0.0,1,0,61,1.32,37.7,0.0,37.7,0.0
1788526797536.0,5120,9.86,0.0,1,0,61,1.09,37.7,0.0,37.7,0.0
1788526797909.0,5140,11.08,0.0,1,0,61,0.9,37.7,0.0,37.7,0.0
1788526798284.0,5160,9.8,0.0,1,0,63,1.39,39.0,0.0,39.0,0.0
1788526798657.0,5180,10.93,0.0,1,0,63,1.24,39.0,0.0,39.0,0.0
1788526799032.0,5200,9.8,0.0,1,0,63,1.05,39.0,0.0,39.0,0.0
1788526799407.0,5220,9.8,0.0,1,0,64,1.32,39.6,0.0,39.65,0.0
1788526799781.0,5240,9.8,0.0,1,0,65,1.33,40.3,0.0,40.3,0.0
1788526800156.0,5260,11.02,0.0,1,0,65,1.17,40.3,0.0,40.3,0.0
1788526800532.0,5280,9.8,0.0,1,0,65,0.92,40.3,0.0,40.3,0.0
1788526800905.0,5300,9.9,0.0,1,0,66,1.15,40.9,0.0,40.95,0.0
1788526801280.0,5320,9.89,0.0,1,0,66,0.94,40.9,0.0,40.95,0.0
1788526801655.0,5340,9.8,0.0,1,0,66,0.79,40.9,0.0,40.95,0.0
1788526802032.0,5360,11.08,0.0,1,0,66,0.45,40.9,0.0,40.95,0.0
1788526802404.0,5380,9.8,0.0,0,0,66,0.0,40.9,0.0,40.95,0.0
1788526802785.0,5400,11.1,0.0,0,0,66,0.0,40.9,0.0,40.95,0.0
1788526803154.0,5420,9.8,0.0,0,0,66,0.0,40.9,0.0,40.95,0.0
1788526803535.0,5440,11.07,0.0,1,0,67,0.0,40.9,0.0,40.95,0.0
1788526803903.0,5460,9.8,0.0,1,0,67,0.0,40.9,0.0,40.95,0.0
1788526804278.0,5480,9.94,0.0,1,0,68,1.76,41.6,0.0,41.6,0.0
1788526804653.0,5500,11.0,0.0,1,0,68,1.07,41.6,0.0,41.6,0.0
1788526805028.0,5520,9.8,0.0,1,0,70,1.64,42.9,0.0,42.9,0.0
1788526805402.0,5540,11.12,0.0,1,0,71,1.64,43.5,0.0,43.55,0.0
1788526805777.0,5560,9.85,0.0,1,0,72,1.66,44.2,0.0,44.2,0.0
1788526806152.0,5580,9.8,0.0,1,0,73,1.66,44.8,0.0,44.85,0.0
1788526806527.0,5600,9.8,0.0,1,0,73,1.6,44.8,0.0,44.85,0.0
1788526806901.0,5620,8.58,0.0,1,0,74,1.72,45.5,0.0,45.5,0.0
1788526807276.0,5640,11.75,0.0,1,0,75,1.61,46.1,0.0,46.15,0.0
1788526807652.0,5660,9.85,0.0,1,0,76,1.48,46.8,0.0,46.8,0.0
1788526808025.0,5680,11.24,0.0,1,0,77,1.71,47.4,0.0,47.45,0.0
1788526808403.0,5700,9.98,0.0,1,0,78,1.76,48.1,0.0,48.1,0.0
1788526808775.0,5720,9.98,0.0,1,0,79,1.9,48.7,0.0,48.75,0.0
1788526809150.0,5740,10.91,0.0,1,0,79,1.64,48.7,0.0,48.75,0.0
1788526809524.0,5760,10.12,0.0,1,0,81,1.87,50.0,0.0,50.05,0.0
1788526809899.0,5780,9.95,0.0,1,0,83,1.95,51.3,0.0,51.35,0.0
1788526810273.0,5800,9.93,0.0,1,0,83,1.95,51.3,0.0,51.35,0.0
1788526810648.0,5820,9.06,0.0,1,0,85,1.95,52.6,0.0,52.65,0.0
1788526811022.0,5840,9.95,0.0,1,0,86,1.95,53.3,0.0,53.3,0.0
1788526811401.0,5860,10.03,0.0,0,0,86,0.0,53.3,0.0,53.3,0.0
1788526811772.0,5880,11.24,0.0,0,0,86,0.0,53.3,0.0,53.3,0.0
1788526812152.0,5900,9.8,0.0,0,0,86,0.0,53.3,0.0,53.3,0.0
1788526812521.0,5920,9.8,0.0,1,0,87,1.09,53.9,0.0,53.95,0.0
1788526812896.0,5940,9.89,0.0,1,0,87,0.79,53.9,0.0,53.95,0.0
1788526813271.0,5960,10.21,0.0,1,0,87,0.55,53.9,0.0,53.95,0.0
1788526813645.0,5980,9.97,0.0,1,0,87,0.36,53.9,0.0,53.95,0.0
1788526814020.0,6000,13.07,0.0,1,0,88,0.9,54.6,0.0,54.6,0.0
1788526814394.0,6020,9.93,0.0,1,0,89,1.05,55.2,0.0,55.25,0.0
1788526814769.0,6040,9.94,0.0,1,0,89,0.93,55.2,0.0,55.25,0.0
1788526815143.0,6060,9.93,0.0,1,0,89,1.12,55.2,0.0,55.25,0.0
1788526815519.0,6080,11.48,0.0,1,1,90,1.29,55.9,0.0,55.9,0.0
1788526815893.0,6100,5.69,0.0,1,0,91,1.38,56.5,0.0,56.55,0.0
1788526816268.0,6120,9.97,0.0,1,0,92,1.45,57.2,0.0,57.2,0.0
1788526816644.0,6140,9.97,0.0,1,0,92,1.2,57.2,0.0,57.2,0.0
1788526817017.0,6160,9.96,0.0,1,0,92,1.37,57.2,0.0,57.2,0.0
1788526817392.0,6180,9.95,0.0,1,0,92,1.08,57.2,0.0,57.2,0.0
1788526817767.0,6200,9.94,0.0,0,0,92,0.0,57.2,0.0,57.2,0.0
1788526818141.0,6220,9.92,0.0,0,0,92,0.0,57.2,0.0,57.2,0.0
1788526818568.0,6240,9.91,0.0,0,0,92,0.0,57.2,0.0,57.2,0.0
1788526818891.0,6260,9.9,0.0,0,0,92,0.0,57.2,0.0,57.2,0.0
1788526819265.0,6280,9.9,0.0,0,0,92,0.0,57.2,0.0,57.2,0.0
1788526819640.0,6300,9.89,0.0,0,0,92,0.0,57.2,0.0,57.2,0.0
1788526820015.0,6320,9.89,0.0,0,0,92,0.0,57.2,0.0,57.2,0.0
1788526820389.0,6340,9.89,0.0,0,0,92,0.0,57.2,0.0,57.2,0.0
1788526820764.0,6360,9.88,0.0,0,0,92,0.0,57.2,0.0,57.2,0.0
1788526821138.0,6380,9.88,0.0,0,0,92,0.0,57.2,0.0,57.2,0.0
1788526821518.0,6400,9.88,0.0,0,0,92,0.0,57.2,0.0,57.2,0.0
1788526821888.0,6420,9.98,0.0,0,0,92,0.0,57.2,0.0,57.2,0.0
1788526822264.0,6440,9.97,0.0,0,0,92,0.0,57.2,0.0,57.2,0.0
1788526822637.0,6460,9.97,0.0,0,0,92,0.0,57.2,0.0,57.2,0.0
1788526823014.0,6480,9.96,0.0,0,0,92,0.0,57.2,0.0,57.2,0.0
1788526823387.0,6500,9.96,0.0,0,0,92,0.0,57.2,0.0,57.2,0.0
1788526823762.0,6520,9.96,0.0,0,0,92,0.0,57.2,0.0,57.2,0.0
1788526824136.0,6540,9.95,0.0,0,0,92,0.0,57.2,0.0,57.2,0.0
1788526824511.0,6560,9.96,0.0,0,0,92,0.0,57.2,0.0,57.2,0.0
1788526824885.0,6580,9.96,0.0,0,0,92,0.0,57.2,0.0,57.2,0.0
1788526825260.0,6600,9.96,0.0,0,0,92,0.0,57.2,0.0,57.2,0.0
1788526825636.0,6620,9.96,0.0,0,0,92,0.0,57.2,0.0,57.2,0.0
1788526826010.0,6640,9.96,0.0,0,0,92,0.0,57.2,0.0,57.2,0.0
1788526826384.0,6660,9.97,0.0,0,0,92,0.0,57.2,0.0,57.2,0.0
1788526826759.0,6680,9.97,0.0,0,0,92,0.0,57.2,0.0,57.2,0.0
1788526827134.0,6700,9.97,0.0,0,0,92,0.0,57.2,0.0,57.2,0.0
1788526827508.0,6720,9.97,0.0,0,0,92,0.0,57.2,0.0,57.2,0.0
1788526827885.0,6740,9.96,0.0,0,0,92,0.0,57.2,0.0,57.2,0.0
1788526828258.0,6760,9.97,0.0,0,0,92,0.0,57.2,0.0,57.2,0.0
1788526828633.0,6780,9.97,0.0,0,0,92,0.0,57.2,0.0,57.2,0.0
1788526829008.0,6800,9.97,0.0,0,0,92,0.0,57.2,0.0,57.2,0.0
1788526829383.0,6820,9.97,0.0,0,0,92,0.0,57.2,0.0,57.2,0.0
1788526829757.0,6840,9.98,0.0,0,0,92,0.0,57.2,0.0,57.2,0.0
1788526830137.0,6860,9.97,0.0,0,0,92,0.0,57.2,0.0,57.2,0.0
1788526830506.0,6880,9.96,0.0,0,0,92,0.0,57.2,0.0,57.2,0.0
1788526830882.0,6900,9.96,0.0,0,0,92,0.0,57.2,0.0,57.2,0.0
1788526831255.0,6920,9.96,0.0,0,0,92,0.0,57.2,0.0,57.2,0.0
1788526831636.0,6940,9.97,0.0,0,0,92,0.0,57.2,0.0,57.2,0.0
1788526832005.0,6960,9.97,0.0,0,0,92,0.0,57.2,0.0,57.2,0.0
1788526832384.0,6980,9.97,0.0,0,0,92,0.0,57.2,0.0,57.2,0.0
1788526832754.0,7000,9.97,0.0,0,0,92,0.0,57.2,0.0,57.2,0.0
1788526833131.0,7020,9.96,0.0,0,0,92,0.0,57.2,0.0,57.2,0.0
1788526833503.0,7040,9.97,0.0,0,0,92,0.0,57.2,0.0,57.2,0.0
1788526833878.0,7060,9.97,0.0,0,0,92,0.0,57.2,0.0,57.2,0.0
1788526834253.0,7080,9.97,0.0,0,0,92,0.0,57.2,0.0,57.2,0.0
1788526834632.0,7100,9.96,0.0,0,0,92,0.0,57.2,0.0,57.2,0.0
1788526835003.0,7120,9.97,0.0,0,0,92,0.0,57.2,0.0,57.2,0.0
1788526835377.0,7140,9.97,0.0,0,0,92,0.0,57.2,0.0,57.2,0.0
1788526835752.0,7160,9.97,0.0,0,0,92,0.0,57.2,0.0,57.2,0.0
1788526836127.0,7180,9.97,0.0,0,0,92,0.0,57.2,0.0,57.2,0.0
1788526836502.0,7200,9.98,0.0,0,0,92,0.0,57.2,0.0,57.2,0.0
1788526836876.0,7220,9.98,0.0,0,0,92,0.0,57.2,0.0,57.2,0.0
1788526837253.0,7240,9.97,0.0,0,0,92,0.0,57.2,0.0,57.2,0.0
1788526837625.0,7260,9.97,0.0,0,0,92,0.0,57.2,0.0,57.2,0.0
1788526838003.0,7280,9.97,0.0,0,0,92,0.0,57.2,0.0,57.2,0.0
1788526838375.0,7300,9.97,0.0,0,0,92,0.0,57.2,0.0,57.2,0.0
1788526838749.0,7320,9.97,0.0,0,0,92,0.0,57.2,0.0,57.2,0.0
1788526839125.0,7340,9.97,0.0,0,0,92,0.0,57.2,0.0,57.2,0.0
1788526839501.0,7360,9.96,0.0,0,0,92,0.0,57.2,0.0,57.2,0.0
1788526839873.0,7380,9.96,0.0,0,0,92,0.0,57.2,0.0,57.2,0.0
1788526840248.0,7400,9.96,0.0,0,0,92,0.0,57.2,0.0,57.2,0.0
1788526840623.0,7420,9.96,0.0,0,0,92,0.0,57.2,0.0,57.2,0.0
1788526840999.0,7440,9.96,0.0,0,0,92,0.0,57.2,0.0,57.2,0.0
1788526841372.0,7460,9.97,0.0,0,0,92,0.0,57.2,0.0,57.2,0.0
1788526841747.0,7480,9.97,0.0,0,0,92,0.0,57.2,0.0,57.2,0.0
1788526842122.0,7500,9.97,0.0,0,0,92,0.0,57.2,0.0,57.2,0.0
1788526842496.0,7520,9.97,0.0,0,0,92,0.0,57.2,0.0,57.2,0.0
1788526842871.0,7540,9.98,0.0,0,0,92,0.0,57.2,0.0,57.2,0.0
1788526843247.0,7560,9.98,0.0,0,0,92,0.0,57.2,0.0,57.2,0.0
1788526843621.0,7580,9.98,0.0,0,0,92,0.0,57.2,0.0,57.2,0.0
1788526844002.0,7600,9.97,0.0,0,0,92,0.0,57.2,0.0,57.2,0.0
1788526844370.0,7620,9.97,0.0,0,0,92,0.0,57.2,0.0,57.2,0.0
1788526844745.0,7640,9.98,0.0,0,0,92,0.0,57.2,0.0,57.2,0.0
1788526845120.0,7660,9.98,0.0,0,0,92,0.0,57.2,0.0,57.2,0.0
1788526845495.0,7680,9.97,0.0,0,0,92,0.0,57.2,0.0,57.2,0.0
1788526845869.0,7700,9.96,0.0,0,0,92,0.0,57.2,0.0,57.2,0.0
1788526846244.0,7720,9.97,0.0,0,0,92,0.0,57.2,0.0,57.2,0.0
1788526846619.0,7740,9.98,0.0,0,0,92,0.0,57.2,0.0,57.2,0.0
1788526846993.0,7760,10.0,0.0,0,0,92,0.0,57.2,0.0,57.2,0.0
1788526847368.0,7780,10.0,0.0,0,0,92,0.0,57.2,0.0,57.2,0.0
1788526847743.0,7800,9.8,0.0,0,0,92,0.0,57.2,0.0,57.2,0.0
1788526848118.0,7820,9.96,0.0,0,0,92,0.0,57.2,0.0,57.2,0.0
1788526848492.0,7840,9.95,0.0,0,0,92,0.0,57.2,0.0,57.2,0.0
1788526848871.0,7860,9.94,0.0,0,0,92,0.0,57.2,0.0,57.2,0.0
1788526849241.0,7880,10.03,0.0,0,0,92,0.0,57.2,0.0,57.2,0.0
1788526849620.0,7900,9.92,0.0,0,0,92,0.0,57.2,0.0,57.2,0.0
1788526849991.0,7920,9.92,0.0,0,0,92,0.0,57.2,0.0,57.2,0.0
1788526850366.0,7940,9.92,0.0,0,0,92,0.0,57.2,0.0,57.2,0.0
1788526850740.0,7960,9.92,0.0,0,0,92,0.0,57.2,0.0,57.2,0.0
1788526851125.0,7980,9.93,0.0,0,0,92,0.0,57.2,0.0,57.2,0.0
1788526851490.0,8000,9.94,0.0,0,0,92,0.0,57.2,0.0,57.2,0.0
1788526851868.0,8020,11.46,0.0,1,0,93,0.0,57.2,0.0,57.2,0.0
1788526852240.0,8040,14.94,0.0,1,0,94,1.95,57.8,0.0,57.85,0.0
1788526852615.0,8060,10.53,0.0,1,0,95,1.3,58.5,0.0,58.5,0.0
1788526852990.0,8080,6.44,0.0,1,0,96,1.66,59.1,0.0,59.15,0.0
1788526853364.0,8100,5.9,0.0,1,0,96,1.59,59.1,0.0,59.15,0.0
1788526853738.0,8120,10.79,0.0,1,0,97,1.61,59.8,0.0,59.8,0.0
1788526854118.0,8140,12.0,0.0,1,0,98,1.71,60.4,0.0,60.45,0.0
1788526854487.0,8160,10.79,0.0,1,0,99,1.66,61.1,0.0,61.1,0.0
1788526854862.0,8180,10.65,0.0,1,0,100,1.72,61.7,0.0,61.75,0.0
1788526855236.0,8200,10.05,0.0,1,0,100,1.63,61.7,0.0,61.75,0.0
1788526855613.0,8220,10.05,0.0,1,0,100,1.47,61.7,0.0,61.75,0.0
1788526855986.0,8240,10.2,0.0,1,0,100,1.17,61.7,0.0,61.75,0.0
1788526856361.0,8260,10.28,0.0,0,0,100,0.0,61.7,0.0,61.75,0.0
1788526856735.0,8280,10.95,0.0,1,0,101,0.81,62.4,0.0,62.4,0.0
1788526857111.0,8300,12.01,0.0,1,0,102,0.89,63.0,0.0,63.05,0.0
1788526857485.0,8320,10.72,0.0,1,0,103,1.95,63.7,0.0,63.7,0.0
1788526857860.0,8340,11.86,0.0,1,0,104,1.95,64.3,0.0,64.35,0.0
1788526858235.0,8360,11.52,0.0,1,0,105,1.95,65.0,0.0,65.0,0.0
1788526858609.0,8380,9.8,0.0,1,0,106,1.95,65.6,0.0,65.65,0.0
1788526858985.0,8400,9.96,0.0,1,0,106,1.76,65.6,0.0,65.65,0.0
1788526859359.0,8420,10.15,0.0,1,0,106,1.42,65.6,0.0,65.65,0.0
1788526859735.0,8440,11.04,0.0,0,0,106,0.0,65.6,0.0,65.65,0.0
1788526860109.0,8460,10.04,0.0,1,0,107,1.06,66.3,0.0,66.3,0.0
1788526860484.0,8480,10.04,0.0,1,0,107,0.56,66.3,0.0,66.3,0.0
1788526860858.0,8500,10.03,0.0,1,0,107,0.54,66.3,0.0,66.3,0.0
1788526861235.0,8520,10.02,0.0,1,0,107,0.36,66.3,0.0,66.3,0.0
1788526861608.0,8540,10.0,0.0,1,0,107,0.16,66.3,0.0,66.3,0.0
1788526861985.0,8560,10.0,0.0,0,0,107,0.0,66.3,0.0,66.3,0.0
1788526862358.0,8580,9.99,0.0,0,0,107,0.0,66.3,0.0,66.3,0.0
1788526862734.0,8600,9.99,0.0,0,0,107,0.0,66.3,0.0,66.3,0.0
1788526863109.0,8620,9.99,0.0,0,0,107,0.0,66.3,0.0,66.3,0.0
1788526863483.0,8640,9.99,0.0,0,0,107,0.0,66.3,0.0,66.3,0.0
1788526863856.0,8660,9.99,0.0,0,0,107,0.0,66.3,0.0,66.3,0.0
1788526864235.0,8680,9.98,0.0,0,0,107,0.0,66.3,0.0,66.3,0.0
1788526864606.0,8700,9.97,0.0,0,0,107,0.0,66.3,0.0,66.3,0.0
1788526864985.0,8720,9.97,0.0,0,0,107,0.0,66.3,0.0,66.3,0.0
1788526865355.0,8740,9.97,0.0,0,0,107,0.0,66.3,0.0,66.3,0.0
1788526865735.0,8760,9.97,0.0,0,0,107,0.0,66.3,0.0,66.3,0.0
1788526866106.0,8780,9.97,0.0,0,0,107,0.0,66.3,0.0,66.3,0.0
1788526866484.0,8800,9.97,0.0,0,0,107,0.0,66.3,0.0,66.3,0.0
1788526866854.0,8820,9.96,0.0,0,0,107,0.0,66.3,0.0,66.3,0.0
1788526867235.0,8840,9.96,0.0,0,0,107,0.0,66.3,0.0,66.3,0.0
1788526867604.0,8860,9.97,0.0,0,0,107,0.0,66.3,0.0,66.3,0.0
1788526867982.0,8880,9.97,0.0,0,0,107,0.0,66.3,0.0,66.3,0.0
1788526868354.0,8900,9.96,0.0,0,0,107,0.0,66.3,0.0,66.3,0.0
1788526868728.0,8920,9.96,0.0,0,0,107,0.0,66.3,0.0,66.3,0.0
1788526869105.0,8940,9.96,0.0,0,0,107,0.0,66.3,0.0,66.3,0.0
1788526869478.0,8960,9.96,0.0,0,0,107,0.0,66.3,0.0,66.3,0.0
1788526869852.0,8980,9.96,0.0,0,0,107,0.0,66.3,0.0,66.3,0.0
1788526870227.0,9000,9.96,0.0,0,0,107,0.0,66.3,0.0,66.3,0.0
1788526870603.0,9020,9.96,0.0,0,0,107,0.0,66.3,0.0,66.3,0.0
1788526870977.0,9040,9.95,0.0,0,0,107,0.0,66.3,0.0,66.3,0.0
1788526871351.0,9060,9.95,0.0,0,0,107,0.0,66.3,0.0,66.3,0.0
1788526871726.0,9080,9.96,0.0,0,0,107,0.0,66.3,0.0,66.3,0.0
1788526872101.0,9100,9.96,0.0,0,0,107,0.0,66.3,0.0,66.3,0.0
1788526872475.0,9120,9.95,0.0,0,0,107,0.0,66.3,0.0,66.3,0.0
1788526872851.0,9140,9.95,0.0,0,0,107,0.0,66.3,0.0,66.3,0.0
1788526873225.0,9160,9.95,0.0,0,0,107,0.0,66.3,0.0,66.3,0.0
1788526873600.0,9180,9.95,0.0,0,0,107,0.0,66.3,0.0,66.3,0.0
1788526873974.0,9200,9.95,0.0,0,0,107,0.0,66.3,0.0,66.3,0.0
1788526874353.0,9220,9.95,0.0,0,0,107,0.0,66.3,0.0,66.3,0.0
1788526874724.0,9240,9.94,0.0,0,0,107,0.0,66.3,0.0,66.3,0.0
1788526875102.0,9260,9.93,0.0,0,0,107,0.0,66.3,0.0,66.3,0.0
1788526875474.0,9280,9.93,0.0,0,0,107,0.0,66.3,0.0,66.3,0.0
1788526875849.0,9300,9.93,0.0,0,0,107,0.0,66.3,0.0,66.3,0.0
1788526876235.0,9320,9.94,0.0,0,0,107,0.0,66.3,0.0,66.3,0.0
1788526876598.0,9340,9.93,0.0,0,0,107,0.0,66.3,0.0,66.3,0.0
1788526876973.0,9360,9.94,0.0,0,0,107,0.0,66.3,0.0,66.3,0.0
1788526877351.0,9380,9.95,0.0,0,0,107,0.0,66.3,0.0,66.3,0.0
1788526877722.0,9400,9.95,0.0,0,0,107,0.0,66.3,0.0,66.3,0.0
1788526878103.0,9420,9.94,0.0,0,0,107,0.0,66.3,0.0,66.3,0.0
1788526878472.0,9440,9.94,0.0,0,0,107,0.0,66.3,0.0,66.3,0.0
1788526878847.0,9460,9.94,0.0,0,0,107,0.0,66.3,0.0,66.3,0.0
1788526879221.0,9480,9.94,0.0,0,0,107,0.0,66.3,0.0,66.3,0.0
1788526879598.0,9500,9.94,0.0,0,0,107,0.0,66.3,0.0,66.3,0.0
1788526879971.0,9520,9.94,0.0,0,0,107,0.0,66.3,0.0,66.3,0.0
1788526880351.0,9540,9.94,0.0,0,0,107,0.0,66.3,0.0,66.3,0.0
1788526880723.0,9560,9.94,0.0,0,0,107,0.0,66.3,0.0,66.3,0.0
1788526881102.0,9580,9.94,0.0,0,0,107,0.0,66.3,0.0,66.3,0.0
1788526881470.0,9600,9.93,0.0,0,0,107,0.0,66.3,0.0,66.3,0.0
1788526881853.0,9620,9.94,0.0,0,0,107,0.0,66.3,0.0,66.3,0.0
1788526882220.0,9640,9.94,0.0,0,0,107,0.0,66.3,0.0,66.3,0.0
1788526882595.0,9660,9.94,0.0,0,0,107,0.0,66.3,0.0,66.3,0.0
1788526882971.0,9680,9.94,0.0,0,0,107,0.0,66.3,0.0,66.3,0.0
1788526883344.0,9700,9.94,0.0,0,0,107,0.0,66.3,0.0,66.3,0.0
1788526883719.0,9720,9.94,0.0,0,0,107,0.0,66.3,0.0,66.3,0.0
1788526884094.0,9740,9.93,0.0,0,0,107,0.0,66.3,0.0,66.3,0.0
1788526884469.0,9760,9.93,0.0,0,0,107,0.0,66.3,0.0,66.3,0.0
1788526884844.0,9780,9.93,0.0,0,0,107,0.0,66.3,0.0,66.3,0.0
1788526885219.0,9800,9.92,0.0,0,0,107,0.0,66.3,0.0,66.3,0.0
1788526885593.0,9820,9.92,0.0,0,0,107,0.0,66.3,0.0,66.3,0.0
1788526885968.0,9840,9.92,0.0,0,0,107,0.0,66.3,0.0,66.3,0.0
1788526886343.0,9860,9.92,0.0,0,0,107,0.0,66.3,0.0,66.3,0.0
1788526886718.0,9880,9.93,0.0,0,0,107,0.0,66.3,0.0,66.3,0.0
1788526887092.0,9900,9.93,0.0,0,0,107,0.0,66.3,0.0,66.3,0.0
1788526887467.0,9920,9.94,0.0,0,0,107,0.0,66.3,0.0,66.3,0.0
1788526887842.0,9940,9.93,0.0,0,0,107,0.0,66.3,0.0,66.3,0.0
1788526888218.0,9960,9.93,0.0,0,0,107,0.0,66.3,0.0,66.3,0.0
1788526888592.0,9980,9.93,0.0,0,0,107,0.0,66.3,0.0,66.3,0.0
1788526888969.0,10000,9.92,0.0,0,0,107,0.0,66.3,0.0,66.3,0.0
1788526889341.0,10020,9.92,0.0,0,0,107,0.0,66.3,0.0,66.3,0.0
1788526889715.0,10040,9.92,0.0,0,0,107,0.0,66.3,0.0,66.3,0.0
1788526890090.0,10060,9.92,0.0,0,0,107,0.0,66.3,0.0,66.3,0.0
1788526890467.0,10080,9.92,0.0,0,0,107,0.0,66.3,0.0,66.3,0.0
1788526890840.0,10100,9.92,0.0,0,0,107,0.0,66.3,0.0,66.3,0.0
1788526891215.0,10120,9.92,0.0,0,0,107,0.0,66.3,0.0,66.3,0.0
1788526891590.0,10140,9.92,0.0,0,0,107,0.0,66.3,0.0,66.3,0.0
1788526891965.0,10160,9.91,0.0,0,0,107,0.0,66.3,0.0,66.3,0.0
1788526892339.0,10180,9.92,0.0,0,0,107,0.0,66.3,0.0,66.3,0.0
1788526892718.0,10200,9.93,0.0,0,0,107,0.0,66.3,0.0,66.3,0.0
1788526893089.0,10220,9.93,0.0,0,0,107,0.0,66.3,0.0,66.3,0.0
1788526893470.0,10240,9.92,0.0,0,0,107,0.0,66.3,0.0,66.3,0.0
1788526893838.0,10260,9.92,0.0,0,0,107,0.0,66.3,0.0,66.3,0.0
1788526894216.0,10280,9.92,0.0,0,0,107,0.0,66.3,0.0,66.3,0.0
1788526894588.0,10300,9.92,0.0,0,0,107,0.0,66.3,0.0,66.3,0.0
1788526894963.0,10320,9.91,0.0,0,0,107,0.0,66.3,0.0,66.3,0.0
1788526895338.0,10340,9.91,0.0,0,0,107,0.0,66.3,0.0,66.3,0.0
1788526895712.0,10360,9.92,0.0,0,0,107,0.0,66.3,0.0,66.3,0.0
1788526896087.0,10380,9.92,0.0,0,0,107,0.0,66.3,0.0,66.3,0.0
1788526896462.0,10400,9.91,0.0,0,0,107,0.0,66.3,0.0,66.3,0.0
1788526896836.0,10420,9.91,0.0,0,0,107,0.0,66.3,0.0,66.3,0.0
1788526897211.0,10440,9.92,0.0,0,0,107,0.0,66.3,0.0,66.3,0.0
1788526897587.0,10460,9.91,0.0,0,0,107,0.0,66.3,0.0,66.3,0.0
1788526897962.0,10480,9.91,0.0,0,0,107,0.0,66.3,0.0,66.3,0.0
1788526898336.0,10500,9.91,0.0,0,0,107,0.0,66.3,0.0,66.3,0.0
1788526898711.0,10520,9.91,0.0,0,0,107,0.0,66.3,0.0,66.3,0.0
1788526899086.0,10540,9.91,0.0,0,0,107,0.0,66.3,0.0,66.3,0.0
1788526899461.0,10560,9.91,0.0,0,0,107,0.0,66.3,0.0,66.3,0.0
1788526899835.0,10580,9.91,0.0,0,0,107,0.0,66.3,0.0,66.3,0.0
1788526900215.0,10600,9.9,0.0,0,0,107,0.0,66.3,0.0,66.3,0.0
1788526900585.0,10620,9.9,0.0,0,0,107,0.0,66.3,0.0,66.3,0.0
1788526900962.0,10640,9.9,0.0,0,0,107,0.0,66.3,0.0,66.3,0.0
1788526901335.0,10660,9.9,0.0,0,0,107,0.0,66.3,0.0,66.3,0.0
1788526901710.0,10680,9.9,0.0,0,0,107,0.0,66.3,0.0,66.3,0.0
1788526902084.0,10700,9.9,0.0,0,0,107,0.0,66.3,0.0,66.3,0.0
1788526902459.0,10720,9.9,0.0,0,0,107,0.0,66.3,0.0,66.3,0.0
1788526902834.0,10740,9.91,0.0,0,0,107,0.0,66.3,0.0,66.3,0.0
1788526903209.0,10760,9.91,0.0,0,0,107,0.0,66.3,0.0,66.3,0.0
1788526903584.0,10780,9.91,0.0,0,0,107,0.0,66.3,0.0,66.3,0.0
1788526903959.0,10800,9.9,0.0,0,0,107,0.0,66.3,0.0,66.3,0.0
1788526904335.0,10820,9.91,0.0,0,0,107,0.0,66.3,0.0,66.3,0.0
1788526904707.0,10840,9.9,0.0,0,0,107,0.0,66.3,0.0,66.3,0.0
1788526905084.0,10860,9.9,0.0,0,0,107,0.0,66.3,0.0,66.3,0.0
1788526905457.0,10880,9.9,0.0,0,0,107,0.0,66.3,0.0,66.3,0.0
1788526905837.0,10900,9.9,0.0,0,0,107,0.0,66.3,0.0,66.3,0.0
1788526906207.0,10920,9.89,0.0,0,0,107,0.0,66.3,0.0,66.3,0.0
1788526906589.0,10940,9.89,0.0,0,0,107,0.0,66.3,0.0,66.3,0.0
1788526906957.0,10960,9.9,0.0,0,0,107,0.0,66.3,0.0,66.3,0.0
1788526907331.0,10980,9.9,0.0,0,0,107,0.0,66.3,0.0,66.3,0.0
1788526907706.0,11000,9.9,0.0,0,0,107,0.0,66.3,0.0,66.3,0.0
1788526908084.0,11020,9.9,0.0,0,0,107,0.0,66.3,0.0,66.3,0.0
1788526908455.0,11040,9.9,0.0,0,0,107,0.0,66.3,0.0,66.3,0.0
1788526908832.0,11060,9.9,0.0,0,0,107,0.0,66.3,0.0,66.3,0.0
1788526909205.0,11080,9.9,0.0,0,0,107,0.0,66.3,0.0,66.3,0.0
1788526909585.0,11100,9.9,0.0,0,0,107,0.0,66.3,0.0,66.3,0.0
1788526909954.0,11120,9.9,0.0,0,0,107,0.0,66.3,0.0,66.3,0.0
1788526910329.0,11140,9.9,0.0,0,0,107,0.0,66.3,0.0,66.3,0.0
1788526910704.0,11160,9.9,0.0,0,0,107,0.0,66.3,0.0,66.3,0.0
1788526911079.0,11180,9.9,0.0,0,0,107,0.0,66.3,0.0,66.3,0.0
1788526911453.0,11200,9.91,0.0,0,0,107,0.0,66.3,0.0,66.3,0.0
1788526911829.0,11220,9.91,0.0,0,0,107,0.0,66.3,0.0,66.3,0.0
1788526912203.0,11240,9.91,0.0,0,0,107,0.0,66.3,0.0,66.3,0.0
1788526912578.0,11260,9.92,0.0,0,0,107,0.0,66.3,0.0,66.3,0.0
1788526912953.0,11280,9.92,0.0,0,0,107,0.0,66.3,0.0,66.3,0.0
1788526913327.0,11300,9.92,0.0,0,0,107,0.0,66.3,0.0,66.3,0.0
1788526913702.0,11320,9.92,0.0,0,0,107,0.0,66.3,0.0,66.3,0.0
1788526914077.0,11340,9.92,0.0,0,0,107,0.0,66.3,0.0,66.3,0.0
1788526914452.0,11360,9.91,0.0,0,0,107,0.0,66.3,0.0,66.3,0.0
1788526914828.0,11380,9.91,0.0,0,0,107,0.0,66.3,0.0,66.3,0.0
1788526915205.0,11400,9.92,0.0,0,0,107,0.0,66.3,0.0,66.3,0.0
1788526915577.0,11420,9.93,0.0,0,0,107,0.0,66.3,0.0,66.3,0.0
1788526915951.0,11440,10.04,0.0,0,0,107,0.0,66.3,0.0,66.3,0.0
1788526916327.0,11460,10.03,0.0,0,0,107,0.0,66.3,0.0,66.3,0.0
1788526916703.0,11480,10.03,0.0,0,0,107,0.0,66.3,0.0,66.3,0.0
1788526917076.0,11500,10.03,0.0,0,0,107,0.0,66.3,0.0,66.3,0.0
1788526917454.0,11520,10.02,0.0,0,0,107,0.0,66.3,0.0,66.3,0.0
1788526917826.0,11540,10.02,0.0,0,0,107,0.0,66.3,0.0,66.3,0.0
1788526918201.0,11560,10.03,0.0,0,0,107,0.0,66.3,0.0,66.3,0.0
1788526918575.0,11580,10.03,0.0,0,0,107,0.0,66.3,0.0,66.3,0.0
1788526918951.0,11600,10.03,0.0,0,0,107,0.0,66.3,0.0,66.3,0.0
1788526919324.0,11620,10.01,0.0,0,0,107,0.0,66.3,0.0,66.3,0.0
1788526919702.0,11640,9.95,0.0,0,0,107,0.0,66.3,0.0,66.3,0.0
1788526920073.0,11660,9.8,0.0,0,0,107,0.0,66.3,0.0,66.3,0.0
1788526920451.0,11680,9.8,0.0,0,0,107,0.0,66.3,0.0,66.3,0.0
1788526920823.0,11700,9.8,0.0,0,0,107,0.0,66.3,0.0,66.3,0.0
1788526921198.0,11720,9.8,0.0,0,0,107,0.0,66.3,0.0,66.3,0.0
1788526921573.0,11740,9.8,0.0,0,0,107,0.0,66.3,0.0,66.3,0.0
1788526921953.0,11760,9.8,0.0,0,0,107,0.0,66.3,0.0,66.3,0.0
1788526922322.0,11780,9.8,0.0,0,0,107,0.0,66.3,0.0,66.3,0.0
1788526922699.0,11800,9.85,0.0,0,0,107,0.0,66.3,0.0,66.3,0.0
1788526923071.0,11820,9.86,0.0,0,0,107,0.0,66.3,0.0,66.3,0.0
1788526923454.0,11840,9.86,0.0,0,0,107,0.0,66.3,0.0,66.3,0.0
1788526923820.0,11860,9.86,0.0,0,0,107,0.0,66.3,0.0,66.3,0.0
1788526924196.0,11880,9.85,0.0,0,0,107,0.0,66.3,0.0,66.3,0.0
1788526924571.0,11900,9.85,0.0,0,0,107,0.0,66.3,0.0,66.3,0.0
1788526924945.0,11920,9.85,0.0,0,0,107,0.0,66.3,0.0,66.3,0.0
1788526925319.0,11940,9.85,0.0,0,0,107,0.0,66.3,0.0,66.3,0.0
1788526925695.0,11960,9.86,0.0,0,0,107,0.0,66.3,0.0,66.3,0.0
1788526926069.0,11980,9.86,0.0,0,0,107,0.0,66.3,0.0,66.3,0.0
1788526926443.0,12000,9.87,0.0,0,0,107,0.0,66.3,0.0,66.3,0.0
1788526926818.0,12020,9.86,0.0,0,0,107,0.0,66.3,0.0,66.3,0.0
1788526927193.0,12040,9.87,0.0,0,0,107,0.0,66.3,0.0,66.3,0.0
1788526927573.0,12060,9.87,0.0,0,0,107,0.0,66.3,0.0,66.3,0.0
1788526927943.0,12080,9.86,0.0,0,0,107,0.0,66.3,0.0,66.3,0.0
1788526928318.0,12100,9.86,0.0,0,0,107,0.0,66.3,0.0,66.3,0.0
1788526928692.0,12120,9.87,0.0,0,0,107,0.0,66.3,0.0,66.3,0.0
1788526929069.0,12140,9.87,0.0,0,0,107,0.0,66.3,0.0,66.3,0.0
1788526929441.0,12160,9.87,0.0,0,0,107,0.0,66.3,0.0,66.3,0.0
1788526929819.0,12180,9.86,0.0,0,0,107,0.0,66.3,0.0,66.3,0.0
1788526930191.0,12200,9.86,0.0,0,0,107,0.0,66.3,0.0,66.3,0.0
1788526930569.0,12220,9.87,0.0,0,0,107,0.0,66.3,0.0,66.3,0.0
1788526930940.0,12240,9.87,0.0,0,0,107,0.0,66.3,0.0,66.3,0.0
1788526931319.0,12260,9.87,0.0,0,0,107,0.0,66.3,0.0,66.3,0.0
1788526931690.0,12280,9.87,0.0,0,0,107,0.0,66.3,0.0,66.3,0.0
1788526932064.0,12300,9.87,0.0,0,0,107,0.0,66.3,0.0,66.3,0.0
1788526932440.0,12320,9.86,0.0,0,0,107,0.0,66.3,0.0,66.3,0.0
1788526932814.0,12340,9.87,0.0,0,0,107,0.0,66.3,0.0,66.3,0.0
1788526933189.0,12360,9.86,0.0,0,0,107,0.0,66.3,0.0,66.3,0.0
1788526933564.0,12380,9.87,0.0,0,0,107,0.0,66.3,0.0,66.3,0.0
1788526933939.0,12400,9.86,0.0,0,0,107,0.0,66.3,0.0,66.3,0.0
1788526934319.0,12420,9.86,0.0,0,0,107,0.0,66.3,0.0,66.3,0.0
1788526934689.0,12440,9.86,0.0,0,0,107,0.0,66.3,0.0,66.3,0.0
1788526935066.0,12460,9.86,0.0,0,0,107,0.0,66.3,0.0,66.3,0.0
1788526935438.0,12480,9.85,0.0,0,0,107,0.0,66.3,0.0,66.3,0.0
1788526935818.0,12500,9.85,0.0,0,0,107,0.0,66.3,0.0,66.3,0.0
1788526936187.0,12520,9.85,0.0,0,0,107,0.0,66.3,0.0,66.3,0.0
1788526936562.0,12540,9.85,0.0,0,0,107,0.0,66.3,0.0,66.3,0.0
1788526936936.0,12560,9.86,0.0,0,0,107,0.0,66.3,0.0,66.3,0.0
1788526937316.0,12580,9.85,0.0,0,0,107,0.0,66.3,0.0,66.3,0.0
1788526937686.0,12600,9.86,0.0,0,0,107,0.0,66.3,0.0,66.3,0.0
1788526938062.0,12620,9.86,0.0,0,0,107,0.0,66.3,0.0,66.3,0.0
1788526938436.0,12640,9.86,0.0,0,0,107,0.0,66.3,0.0,66.3,0.0
1788526938810.0,12660,9.87,0.0,0,0,107,0.0,66.3,0.0,66.3,0.0
1788526939184.0,12680,9.87,0.0,0,0,107,0.0,66.3,0.0,66.3,0.0
1788526939560.0,12700,9.87,0.0,0,0,107,0.0,66.3,0.0,66.3,0.0
1788526939938.0,12720,9.87,0.0,0,0,107,0.0,66.3,0.0,66.3,0.0
1788526940309.0,12740,9.86,0.0,0,0,107,0.0,66.3,0.0,66.3,0.0
1788526940685.0,12760,9.86,0.0,0,0,107,0.0,66.3,0.0,66.3,0.0
1788526941059.0,12780,9.86,0.0,0,0,107,0.0,66.3,0.0,66.3,0.0
1788526941437.0,12800,9.86,0.0,0,0,107,0.0,66.3,0.0,66.3,0.0
1788526941808.0,12820,9.86,0.0,0,0,107,0.0,66.3,0.0,66.3,0.0
1788526942185.0,12840,9.86,0.0,0,0,107,0.0,66.3,0.0,66.3,0.0
1788526942557.0,12860,9.86,0.0,0,0,107,0.0,66.3,0.0,66.3,0.0
1788526942932.0,12880,9.86,0.0,0,0,107,0.0,66.3,0.0,66.3,0.0
1788526943308.0,12900,9.85,0.0,0,0,107,0.0,66.3,0.0,66.3,0.0
1788526943684.0,12920,9.85,0.0,0,0,107,0.0,66.3,0.0,66.3,0.0
1788526944057.0,12940,9.85,0.0,0,0,107,0.0,66.3,0.0,66.3,0.0
1788526944436.0,12960,9.8,0.0,0,0,107,0.0,66.3,0.0,66.3,0.0
1788526944807.0,12980,9.8,0.0,0,0,107,0.0,66.3,0.0,66.3,0.0
1788526945181.0,13000,9.8,0.0,0,0,107,0.0,66.3,0.0,66.3,0.0
1788526945556.0,13020,9.8,0.0,0,0,107,0.0,66.3,0.0,66.3,0.0
1788526945931.0,13040,9.8,0.0,0,0,107,0.0,66.3,0.0,66.3,0.0
1788526946305.0,13060,9.8,0.0,0,0,107,0.0,66.3,0.0,66.3,0.0
1788526946680.0,13080,9.8,0.0,0,0,107,0.0,66.3,0.0,66.3,0.0
1788526947054.0,13100,9.85,0.0,0,0,107,0.0,66.3,0.0,66.3,0.0
1788526947429.0,13120,9.8,0.0,0,0,107,0.0,66.3,0.0,66.3,0.0
1788526947805.0,13140,9.85,0.0,0,0,107,0.0,66.3,0.0,66.3,0.0
1788526948179.0,13160,9.8,0.0,0,0,107,0.0,66.3,0.0,66.3,0.0
1788526948554.0,13180,9.8,0.0,0,0,107,0.0,66.3,0.0,66.3,0.0
1788526948928.0,13200,9.8,0.0,0,0,107,0.0,66.3,0.0,66.3,0.0
1788526949303.0,13220,9.8,0.0,0,0,107,0.0,66.3,0.0,66.3,0.0
1788526949678.0,13240,9.8,0.0,0,0,107,0.0,66.3,0.0,66.3,0.0
1788526950052.0,13260,9.8,0.0,0,0,107,0.0,66.3,0.0,66.3,0.0
1788526950429.0,13280,9.8,0.0,0,0,107,0.0,66.3,0.0,66.3,0.0
1788526950803.0,13300,9.8,0.0,0,0,107,0.0,66.3,0.0,66.3,0.0
1788526951178.0,13320,9.8,0.0,0,0,107,0.0,66.3,0.0,66.3,0.0
1788526951552.0,13340,9.8,0.0,0,0,107,0.0,66.3,0.0,66.3,0.0
1788526951926.0,13360,9.8,0.0,0,0,107,0.0,66.3,0.0,66.3,0.0
1788526952301.0,13380,9.8,0.0,0,0,107,0.0,66.3,0.0,66.3,0.0
1788526952676.0,13400,9.8,0.0,0,0,107,0.0,66.3,0.0,66.3,0.0
1788526953052.0,13420,9.8,0.0,0,0,107,0.0,66.3,0.0,66.3,0.0
1788526953429.0,13440,9.8,0.0,0,0,107,0.0,66.3,0.0,66.3,0.0
1788526953802.0,13460,9.8,0.0,0,0,107,0.0,66.3,0.0,66.3,0.0
1788526954174.0,13480,9.8,0.0,0,0,107,0.0,66.3,0.0,66.3,0.0
1788526954550.0,13500,9.8,0.0,0,0,107,0.0,66.3,0.0,66.3,0.0
1788526954925.0,13520,9.8,0.0,0,0,107,0.0,66.3,0.0,66.3,0.0
1788526955303.0,13540,9.8,0.0,0,0,107,0.0,66.3,0.0,66.3,0.0
1788526955673.0,13560,9.8,0.0,0,0,107,0.0,66.3,0.0,66.3,0.0
1788526956052.0,13580,9.8,0.0,0,0,107,0.0,66.3,0.0,66.3,0.0
1788526956423.0,13600,9.8,0.0,0,0,107,0.0,66.3,0.0,66.3,0.0
1788526956797.0,13620,9.8,0.0,0,0,107,0.0,66.3,0.0,66.3,0.0
1788526957173.0,13640,9.8,0.0,0,0,107,0.0,66.3,0.0,66.3,0.0
1788526957555.0,13660,9.8,0.0,0,0,107,0.0,66.3,0.0,66.3,0.0
1788526957922.0,13680,9.8,0.0,0,0,107,0.0,66.3,0.0,66.3,0.0
1788526958303.0,13700,9.8,0.0,0,0,107,0.0,66.3,0.0,66.3,0.0
1788526958672.0,13720,9.8,0.0,0,0,107,0.0,66.3,0.0,66.3,0.0
1788526959052.0,13740,9.8,0.0,0,0,107,0.0,66.3,0.0,66.3,0.0
1788526959422.0,13760,9.8,0.0,0,0,107,0.0,66.3,0.0,66.3,0.0
1788526959796.0,13780,9.8,0.0,0,0,107,0.0,66.3,0.0,66.3,0.0
1788526960171.0,13800,9.8,0.0,0,0,107,0.0,66.3,0.0,66.3,0.0
1788526960545.0,13820,9.8,0.0,0,0,107,0.0,66.3,0.0,66.3,0.0
1788526960922.0,13840,9.8,0.0,0,0,107,0.0,66.3,0.0,66.3,0.0
1788526961296.0,13860,9.8,0.0,0,0,107,0.0,66.3,0.0,66.3,0.0
1788526961670.0,13880,9.8,0.0,0,0,107,0.0,66.3,0.0,66.3,0.0
1788526962045.0,13900,9.8,0.0,0,0,107,0.0,66.3,0.0,66.3,0.0
1788526962420.0,13920,9.8,0.0,0,0,107,0.0,66.3,0.0,66.3,0.0
1788526962795.0,13940,9.8,0.0,0,0,107,0.0,66.3,0.0,66.3,0.0
1788526963169.0,13960,9.8,0.0,0,0,107,0.0,66.3,0.0,66.3,0.0
1788526963544.0,13980,9.8,0.0,0,0,107,0.0,66.3,0.0,66.3,0.0
1788526963919.0,14000,9.8,0.0,0,0,107,0.0,66.3,0.0,66.3,0.0
1788526964294.0,14020,9.8,0.0,0,0,107,0.0,66.3,0.0,66.3,0.0
1788526964668.0,14040,9.8,0.0,0,0,107,0.0,66.3,0.0,66.3,0.0
1788526965043.0,14060,9.8,0.0,0,0,107,0.0,66.3,0.0,66.3,0.0
1788526965418.0,14080,9.8,0.0,0,0,107,0.0,66.3,0.0,66.3,0.0
1788526965793.0,14100,9.8,0.0,0,0,107,0.0,66.3,0.0,66.3,0.0
1788526966167.0,14120,9.8,0.0,0,0,107,0.0,66.3,0.0,66.3,0.0
1788526966542.0,14140,9.8,0.0,0,0,107,0.0,66.3,0.0,66.3,0.0
1788526966919.0,14160,9.8,0.0,0,0,107,0.0,66.3,0.0,66.3,0.0
1788526967291.0,14180,9.8,0.0,0,0,107,0.0,66.3,0.0,66.3,0.0
1788526967666.0,14200,9.8,0.0,0,0,107,0.0,66.3,0.0,66.3,0.0
1788526968042.0,14220,9.8,0.0,0,0,107,0.0,66.3,0.0,66.3,0.0
1788526968419.0,14240,9.8,0.0,0,0,107,0.0,66.3,0.0,66.3,0.0
1788526968791.0,14260,9.8,0.0,0,0,107,0.0,66.3,0.0,66.3,0.0
1788526969166.0,14280,9.8,0.0,0,0,107,0.0,66.3,0.0,66.3,0.0
1788526969541.0,14300,9.8,0.0,0,0,107,0.0,66.3,0.0,66.3,0.0
1788526969915.0,14320,9.8,0.0,0,0,107,0.0,66.3,0.0,66.3,0.0
1788526970290.0,14340,9.8,0.0,0,0,107,0.0,66.3,0.0,66.3,0.0
1788526970669.0,14360,9.8,0.0,0,0,107,0.0,66.3,0.0,66.3,0.0
1788526971040.0,14380,9.8,0.0,0,0,107,0.0,66.3,0.0,66.3,0.0
1788526971420.0,14400,9.8,0.0,0,0,107,0.0,66.3,0.0,66.3,0.0
1788526971790.0,14420,9.8,0.0,0,0,107,0.0,66.3,0.0,66.3,0.0
1788526972164.0,14440,9.8,0.0,0,0,107,0.0,66.3,0.0,66.3,0.0
1788526972538.0,14460,9.8,0.0,0,0,107,0.0,66.3,0.0,66.3,0.0
1788526972922.0,14480,9.8,0.0,0,0,107,0.0,66.3,0.0,66.3,0.0
1788526973288.0,14500,9.8,0.0,0,0,107,0.0,66.3,0.0,66.3,0.0
1788526973668.0,14520,9.8,0.0,0,0,107,0.0,66.3,0.0,66.3,0.0
1788526974038.0,14540,9.8,0.0,0,0,107,0.0,66.3,0.0,66.3,0.0
1788526974412.0,14560,9.8,0.0,0,0,107,0.0,66.3,0.0,66.3,0.0
1788526974787.0,14580,9.8,0.0,0,0,107,0.0,66.3,0.0,66.3,0.0
1788526975161.0,14600,9.8,0.0,0,0,107,0.0,66.3,0.0,66.3,0.0
1788526975537.0,14620,9.8,0.0,0,0,107,0.0,66.3,0.0,66.3,0.0
1788526975911.0,14640,9.8,0.0,0,0,107,0.0,66.3,0.0,66.3,0.0
1788526976286.0,14660,9.8,0.0,0,0,107,0.0,66.3,0.0,66.3,0.0
1788526976661.0,14680,9.8,0.0,0,0,107,0.0,66.3,0.0,66.3,0.0
1788526977036.0,14700,9.8,0.0,0,0,107,0.0,66.3,0.0,66.3,0.0
1788526977411.0,14720,9.8,0.0,0,0,107,0.0,66.3,0.0,66.3,0.0
1788526977785.0,14740,9.8,0.0,0,0,107,0.0,66.3,0.0,66.3,0.0
1788526978160.0,14760,9.8,0.0,0,0,107,0.0,66.3,0.0,66.3,0.0
1788526978535.0,14780,9.8,0.0,0,0,107,0.0,66.3,0.0,66.3,0.0
1788526978911.0,14800,9.8,0.0,0,0,107,0.0,66.3,0.0,66.3,0.0
1788526979284.0,14820,9.8,0.0,0,0,107,0.0,66.3,0.0,66.3,0.0
1788526979659.0,14840,9.8,0.0,0,0,107,0.0,66.3,0.0,66.3,0.0
1788526980034.0,14860,9.8,0.0,0,0,107,0.0,66.3,0.0,66.3,0.0
1788526980408.0,14880,9.8,0.0,0,0,107,0.0,66.3,0.0,66.3,0.0
1788526980784.0,14900,9.8,0.0,0,0,107,0.0,66.3,0.0,66.3,0.0
1788526981158.0,14920,9.8,0.0,0,0,107,0.0,66.3,0.0,66.3,0.0
1788526981533.0,14940,9.8,0.0,0,0,107,0.0,66.3,0.0,66.3,0.0
1788526981908.0,14960,9.8,0.0,0,0,107,0.0,66.3,0.0,66.3,0.0
1788526982284.0,14980,9.8,0.0,0,0,107,0.0,66.3,0.0,66.3,0.0
1788526982657.0,15000,9.8,0.0,0,0,107,0.0,66.3,0.0,66.3,0.0
1788526983035.0,15020,9.8,0.0,0,0,107,0.0,66.3,0.0,66.3,0.0
1788526983407.0,15040,9.8,0.0,0,0,107,0.0,66.3,0.0,66.3,0.0
1788526983785.0,15060,9.8,0.0,0,0,107,0.0,66.3,0.0,66.3,0.0
1788526984156.0,15080,9.8,0.0,0,0,107,0.0,66.3,0.0,66.3,0.0
1788526984531.0,15100,9.8,0.0,0,0,107,0.0,66.3,0.0,66.3,0.0
1788526984906.0,15120,9.8,0.0,0,0,107,0.0,66.3,0.0,66.3,0.0
1788526985286.0,15140,9.8,0.0,0,0,107,0.0,66.3,0.0,66.3,0.0
1788526985656.0,15160,9.8,0.0,0,0,107,0.0,66.3,0.0,66.3,0.0
1788526986032.0,15180,9.8,0.0,0,0,107,0.0,66.3,0.0,66.3,0.0
1788526986405.0,15200,9.8,0.0,0,0,107,0.0,66.3,0.0,66.3,0.0
1788526986780.0,15220,9.8,0.0,0,0,107,0.0,66.3,0.0,66.3,0.0
1788526987155.0,15240,9.8,0.0,0,0,107,0.0,66.3,0.0,66.3,0.0
1788526987536.0,15260,9.8,0.0,0,0,107,0.0,66.3,0.0,66.3,0.0
1788526987905.0,15280,9.8,0.0,0,0,107,0.0,66.3,0.0,66.3,0.0
1788526988285.0,15300,9.8,0.0,0,0,107,0.0,66.3,0.0,66.3,0.0
1788526988654.0,15320,9.8,0.0,0,0,107,0.0,66.3,0.0,66.3,0.0
1788526989029.0,15340,9.8,0.0,0,0,107,0.0,66.3,0.0,66.3,0.0
1788526989404.0,15360,9.8,0.0,0,0,107,0.0,66.3,0.0,66.3,0.0
1788526989782.0,15380,9.8,0.0,0,0,107,0.0,66.3,0.0,66.3,0.0
1788526990154.0,15400,9.8,0.0,0,0,107,0.0,66.3,0.0,66.3,0.0
1788526990531.0,15420,9.8,0.0,0,0,107,0.0,66.3,0.0,66.3,0.0
1788526990903.0,15440,9.8,0.0,0,0,107,0.0,66.3,0.0,66.3,0.0
1788526991278.0,15460,9.8,0.0,0,0,107,0.0,66.3,0.0,66.3,0.0
1788526991653.0,15480,9.8,0.0,0,0,107,0.0,66.3,0.0,66.3,0.0
1788526992028.0,15500,9.8,0.0,0,0,107,0.0,66.3,0.0,66.3,0.0
1788526992403.0,15520,9.8,0.0,0,0,107,0.0,66.3,0.0,66.3,0.0
1788526992781.0,15540,9.8,0.0,0,0,107,0.0,66.3,0.0,66.3,0.0
1788526993153.0,15560,9.8,0.0,0,0,107,0.0,66.3,0.0,66.3,0.0
1788526993529.0,15580,9.8,0.0,0,0,107,0.0,66.3,0.0,66.3,0.0
1788526993902.0,15600,9.85,0.0,0,0,107,0.0,66.3,0.0,66.3,0.0
1788526994278.0,15620,13.1,0.0,1,0,108,0.0,66.3,0.0,66.3,0.0
1788526994653.0,15640,5.01,0.0,1,1,109,1.95,66.9,0.0,66.95,0.0
1788526995026.0,15660,10.41,0.0,1,0,110,1.95,67.6,0.0,67.6,0.0
1788526995401.0,15680,10.46,0.0,1,0,110,1.81,67.6,0.0,67.6,0.0
1788526995784.0,15700,10.66,0.0,1,0,110,1.1,67.6,0.0,67.6,0.0
1788526996150.0,15720,10.4,0.0,1,0,110,1.08,67.6,0.0,67.6,0.0
1788526996543.0,15740,10.27,0.0,0,0,110,0.0,67.6,0.0,67.6,0.0
1788526996900.0,15760,10.26,0.0,0,0,110,0.0,67.6,0.0,67.6,0.0
1788526997290.0,15780,10.26,0.0,0,0,110,0.0,67.6,0.0,67.6,0.0
1788526997649.0,15800,10.51,0.0,0,0,110,0.0,67.6,0.0,67.6,0.0
1788526998023.0,15820,10.64,0.0,0,0,110,0.0,67.6,0.0,67.6,0.0
1788526998402.0,15840,10.67,0.0,0,0,110,0.0,67.6,0.0,67.6,0.0
1788526998773.0,15860,10.67,0.0,0,0,110,0.0,67.6,0.0,67.6,0.0
1788526999148.0,15880,10.74,0.0,0,0,110,0.0,67.6,0.0,67.6,0.0
1788526999522.0,15900,9.64,0.0,0,0,110,0.0,67.6,0.0,67.6,0.0
1788526999896.0,15920,10.19,0.0,0,0,110,0.0,67.6,0.0,67.6,0.0
1788527000271.0,15940,10.06,0.0,0,0,110,0.0,67.6,0.0,67.6,0.0
1788527000647.0,15960,9.96,0.0,0,0,110,0.0,67.6,0.0,67.6,0.0
1788527001020.0,15980,11.06,0.0,1,0,112,1.95,68.2,0.0,68.25,0.0
1788527001395.0,16000,10.89,0.0,1,0,112,1.88,68.2,0.0,68.25,0.0
1788527001770.0,16020,10.49,0.0,1,0,114,1.95,69.5,0.0,69.55,0.0
1788527002145.0,16040,10.41,0.0,1,0,114,1.69,69.5,0.0,69.55,0.0
1788527002556.0,16060,10.46,0.0,1,0,114,1.39,69.5,0.0,69.55,0.0
1788527002894.0,16080,10.69,0.0,1,0,114,1.19,69.5,0.0,69.55,0.0
1788527003269.0,16100,9.64,0.0,0,0,114,0.0,69.5,0.0,69.55,0.0
1788527003643.0,16120,10.98,0.0,0,0,114,0.0,69.5,0.0,69.55,0.0
1788527004018.0,16140,10.97,0.0,0,0,114,0.0,69.5,0.0,69.55,0.0
1788527004393.0,16160,10.07,0.0,0,0,114,0.0,69.5,0.0,69.55,0.0
1788527004767.0,16180,9.6,0.0,0,0,114,0.0,69.5,0.0,69.55,0.0
1788527005142.0,16200,10.23,0.0,1,0,115,0.0,69.5,0.0,69.55,0.0
1788527005517.0,16220,10.58,0.0,1,0,115,0.0,69.5,0.0,69.55,0.0
1788527005895.0,16240,10.84,0.0,1,0,115,0.0,69.5,0.0,69.55,0.0
1788527006266.0,16260,9.8,0.0,1,0,115,0.0,69.5,0.0,69.55,0.0
1788527006641.0,16280,9.8,0.0,0,0,115,0.0,69.5,0.0,69.55,0.0
1788527007016.0,16300,9.83,0.0,0,0,115,0.0,69.5,0.0,69.55,0.0
1788527007391.0,16320,9.86,0.0,0,0,115,0.0,69.5,0.0,69.55,0.0
1788527007769.0,16340,9.87,0.0,0,0,115,0.0,69.5,0.0,69.55,0.0
1788527008143.0,16360,9.88,0.0,0,0,115,0.0,69.5,0.0,69.55,0.0
1788527008532.0,16380,9.87,0.0,0,0,115,0.0,69.5,0.0,69.55,0.0
1788527008889.0,16400,9.88,0.0,0,0,115,0.0,69.5,0.0,69.55,0.0
1788527009264.0,16420,9.86,0.0,0,0,115,0.0,69.5,0.0,69.55,0.0
1788527009740.0,16440,9.87,0.0,0,0,115,0.0,69.5,0.0,69.55,0.0
1788527010116.0,16460,9.86,0.0,0,0,115,0.0,69.5,0.0,69.55,0.0
1788527010388.0,16480,9.88,0.0,0,0,115,0.0,69.5,0.0,69.55,0.0
1788527010782.0,16500,9.92,0.0,0,0,115,0.0,69.5,0.0,69.55,0.0
1788527011168.0,16520,9.94,0.0,0,0,115,0.0,69.5,0.0,69.55,0.0
1788527011526.0,16540,9.92,0.0,0,0,115,0.0,69.5,0.0,69.55,0.0
1788527011887.0,16560,9.93,0.0,0,0,115,0.0,69.5,0.0,69.55,0.0
1788527012285.0,16580,9.94,0.0,0,0,115,0.0,69.5,0.0,69.55,0.0
1788527012890.0,16600,9.93,0.0,0,0,115,0.0,69.5,0.0,69.55,0.0
1788527013272.0,16620,9.93,0.0,0,0,115,0.0,69.5,0.0,69.55,0.0
1788527013636.0,16640,9.9,0.0,0,0,115,0.0,69.5,0.0,69.55,0.0
1788527014105.0,16660,9.9,0.0,0,0,115,0.0,69.5,0.0,69.55,0.0
1788527014392.0,16680,9.91,0.0,0,0,115,0.0,69.5,0.0,69.55,0.0
1788527014661.0,16700,9.91,0.0,0,0,115,0.0,69.5,0.0,69.55,0.0
1788527014884.0,16720,9.89,0.0,0,0,115,0.0,69.5,0.0,69.55,0.0
1788527015259.0,16740,9.89,0.0,0,0,115,0.0,69.5,0.0,69.55,0.0
1788527015751.0,16760,9.92,0.0,0,0,115,0.0,69.5,0.0,69.55,0.0
1788527016279.0,16780,9.92,0.0,0,0,115,0.0,69.5,0.0,69.55,0.0
1788527016499.0,16800,9.95,0.0,0,0,115,0.0,69.5,0.0,69.55,0.0
1788527016768.0,16820,9.91,0.0,0,0,115,0.0,69.5,0.0,69.55,0.0
1788527017133.0,16840,9.9,0.0,0,0,115,0.0,69.5,0.0,69.55,0.0
1788527017507.0,16860,9.9,0.0,0,0,115,0.0,69.5,0.0,69.55,0.0
1788527017898.0,16880,9.89,0.0,0,0,115,0.0,69.5,0.0,69.55,0.0
1788527018260.0,16900,9.92,0.0,0,0,115,0.0,69.5,0.0,69.55,0.0
1788527018632.0,16920,9.92,0.0,0,0,115,0.0,69.5,0.0,69.55,0.0
1788527019010.0,16940,9.91,0.0,0,0,115,0.0,69.5,0.0,69.55,0.0
1788527019381.0,16960,9.92,0.0,0,0,115,0.0,69.5,0.0,69.55,0.0
1788527019756.0,16980,9.93,0.0,0,0,115,0.0,69.5,0.0,69.55,0.0
1788527020130.0,17000,9.89,0.0,0,0,115,0.0,69.5,0.0,69.55,0.0
1788527020505.0,17020,9.89,0.0,0,0,115,0.0,69.5,0.0,69.55,0.0
1788527020880.0,17040,9.91,0.0,0,0,115,0.0,69.5,0.0,69.55,0.0
1788527021255.0,17060,9.93,0.0,0,0,115,0.0,69.5,0.0,69.55,0.0
1788527021629.0,17080,9.9,0.0,0,0,115,0.0,69.5,0.0,69.55,0.0
1788527022005.0,17100,9.9,0.0,0,0,115,0.0,69.5,0.0,69.55,0.0
1788527022380.0,17120,9.88,0.0,0,0,115,0.0,69.5,0.0,69.55,0.0
1788527022756.0,17140,9.87,0.0,0,0,115,0.0,69.5,0.0,69.55,0.0
1788527023130.0,17160,9.87,0.0,0,0,115,0.0,69.5,0.0,69.55,0.0
1788527023504.0,17180,9.87,0.0,0,0,115,0.0,69.5,0.0,69.55,0.0
1788527023879.0,17200,9.85,0.0,0,0,115,0.0,69.5,0.0,69.55,0.0
1788527024256.0,17220,9.87,0.0,0,0,115,0.0,69.5,0.0,69.55,0.0
1788527024630.0,17240,9.88,0.0,0,0,115,0.0,69.5,0.0,69.55,0.0
1788527025003.0,17260,9.96,0.0,0,0,115,0.0,69.5,0.0,69.55,0.0
1788527025377.0,17280,9.93,0.0,0,0,115,0.0,69.5,0.0,69.55,0.0
1788527025752.0,17300,9.91,0.0,0,0,115,0.0,69.5,0.0,69.55,0.0
1788527026126.0,17320,9.9,0.0,0,0,115,0.0,69.5,0.0,69.55,0.0
1788527026501.0,17340,9.91,0.0,0,0,115,0.0,69.5,0.0,69.55,0.0
1788527026878.0,17360,9.91,0.0,0,0,115,0.0,69.5,0.0,69.55,0.0
1788527027251.0,17380,9.94,0.0,0,0,115,0.0,69.5,0.0,69.55,0.0
1788527027625.0,17400,9.92,0.0,0,0,115,0.0,69.5,0.0,69.55,0.0
1788527028000.0,17420,9.93,0.0,0,0,115,0.0,69.5,0.0,69.55,0.0
1788527028375.0,17440,9.88,0.0,0,0,115,0.0,69.5,0.0,69.55,0.0
1788527028750.0,17460,9.88,0.0,0,0,115,0.0,69.5,0.0,69.55,0.0
1788527029124.0,17480,9.9,0.0,0,0,115,0.0,69.5,0.0,69.55,0.0
1788527029499.0,17500,9.93,0.0,0,0,115,0.0,69.5,0.0,69.55,0.0
1788527029875.0,17520,9.94,0.0,0,0,115,0.0,69.5,0.0,69.55,0.0
1788527030248.0,17540,9.97,0.0,0,0,115,0.0,69.5,0.0,69.55,0.0
1788527030627.0,17560,9.93,0.0,0,0,115,0.0,69.5,0.0,69.55,0.0
1788527031047.0,17580,9.97,0.0,0,0,115,0.0,69.5,0.0,69.55,0.0
1788527031374.0,17600,9.96,0.0,0,0,115,0.0,69.5,0.0,69.55,0.0
1788527031748.0,17620,9.94,0.0,0,0,115,0.0,69.5,0.0,69.55,0.0
1788527032125.0,17640,9.94,0.0,0,0,115,0.0,69.5,0.0,69.55,0.0
1788527032497.0,17660,9.94,0.0,0,0,115,0.0,69.5,0.0,69.55,0.0
1788527032871.0,17680,9.92,0.0,0,0,115,0.0,69.5,0.0,69.55,0.0
1788527033246.0,17700,9.92,0.0,0,0,115,0.0,69.5,0.0,69.55,0.0
1788527033621.0,17720,9.88,0.0,0,0,115,0.0,69.5,0.0,69.55,0.0
1788527033997.0,17740,9.9,0.0,0,0,115,0.0,69.5,0.0,69.55,0.0
1788527034370.0,17760,9.88,0.0,0,0,115,0.0,69.5,0.0,69.55,0.0
1788527034745.0,17780,9.9,0.0,0,0,115,0.0,69.5,0.0,69.55,0.0
1788527035120.0,17800,9.93,0.0,0,0,115,0.0,69.5,0.0,69.55,0.0
1788527035494.0,17820,9.94,0.0,0,0,115,0.0,69.5,0.0,69.55,0.0
1788527035869.0,17840,9.93,0.0,0,0,115,0.0,69.5,0.0,69.55,0.0
1788527036244.0,17860,11.0,0.0,0,0,115,0.0,69.5,0.0,69.55,0.0
1788527036619.0,17880,9.86,0.0,0,0,115,0.0,69.5,0.0,69.55,0.0
1788527036994.0,17900,9.81,0.0,0,0,115,0.0,69.5,0.0,69.55,0.0
1788527037368.0,17920,9.59,0.0,0,0,115,0.0,69.5,0.0,69.55,0.0
1788527037744.0,17940,10.08,0.0,0,0,115,0.0,69.5,0.0,69.55,0.0
1788527038118.0,17960,10.09,0.0,0,0,115,0.0,69.5,0.0,69.55,0.0
1788527038492.0,17980,10.17,0.0,0,0,115,0.0,69.5,0.0,69.55,0.0
1788527038866.0,18000,10.11,0.0,0,0,115,0.0,69.5,0.0,69.55,0.0
1788527039241.0,18020,9.68,0.0,0,0,115,0.0,69.5,0.0,69.55,0.0
1788527039617.0,18040,10.05,0.0,0,0,115,0.0,69.5,0.0,69.55,0.0
1788527039992.0,18060,10.04,0.0,0,0,115,0.0,69.5,0.0,69.55,0.0
1788527040365.0,18080,10.01,0.0,0,0,115,0.0,69.5,0.0,69.55,0.0
1788527040740.0,18100,9.8,0.0,0,0,115,0.0,69.5,0.0,69.55,0.0
1788527041115.0,18120,9.63,0.0,0,0,115,0.0,69.5,0.0,69.55,0.0
1788527041491.0,18140,10.07,0.0,0,0,115,0.0,69.5,0.0,69.55,0.0
1788527041864.0,18160,9.67,0.0,0,0,115,0.0,69.5,0.0,69.55,0.0
1788527042239.0,18180,9.88,0.0,0,0,115,0.0,69.5,0.0,69.55,0.0
1788527042614.0,18200,9.81,0.0,0,0,115,0.0,69.5,0.0,69.55,0.0
1788527042990.0,18220,9.83,0.0,0,0,115,0.0,69.5,0.0,69.55,0.0
1788527043366.0,18240,9.86,0.0,0,0,115,0.0,69.5,0.0,69.55,0.0
1788527043740.0,18260,9.87,0.0,0,0,115,0.0,69.5,0.0,69.55,0.0
1788527044114.0,18280,9.9,0.0,0,0,115,0.0,69.5,0.0,69.55,0.0
1788527044489.0,18300,9.94,0.0,0,0,115,0.0,69.5,0.0,69.55,0.0
1788527044864.0,18320,9.96,0.0,0,0,115,0.0,69.5,0.0,69.55,0.0
1788527045237.0,18340,9.94,0.0,0,0,115,0.0,69.5,0.0,69.55,0.0
1788527045612.0,18360,9.96,0.0,0,0,115,0.0,69.5,0.0,69.55,0.0
1788527045987.0,18380,9.99,0.0,0,0,115,0.0,69.5,0.0,69.55,0.0
1788527046363.0,18400,9.97,0.0,0,0,115,0.0,69.5,0.0,69.55,0.0
1788527046737.0,18420,9.95,0.0,0,0,115,0.0,69.5,0.0,69.55,0.0
1788527047112.0,18440,9.95,0.0,0,0,115,0.0,69.5,0.0,69.55,0.0
1788527047487.0,18460,9.96,0.0,0,0,115,0.0,69.5,0.0,69.55,0.0
1788527047862.0,18480,9.97,0.0,0,0,115,0.0,69.5,0.0,69.55,0.0
1788527048237.0,18500,9.54,0.0,1,1,116,0.0,69.5,0.0,69.55,0.0
1788527151604.0,20,10.0,0.0,0,0,0,0.0,0.0,0.0,0.0,0.0
1788527151984.0,40,8.82,0.0,1,0,2,1.95,0.7,0.0,0.65,0.0
1788527152353.0,60,11.88,0.0,1,0,2,1.95,0.7,0.0,0.65,0.0
1788527152735.0,80,9.86,0.0,1,0,3,1.76,1.3,0.0,1.3,0.0
1788527153104.0,100,9.8,0.0,1,0,3,1.62,1.3,0.0,1.3,0.0
1788527153487.0,120,9.8,0.0,1,0,3,1.15,1.3,0.0,1.3,0.0
1788527153852.0,140,9.8,0.0,1,0,3,1.01,1.3,0.0,1.3,0.0
1788527154228.0,160,9.8,0.0,1,0,3,0.6,1.3,0.0,1.3,0.0
1788527154602.0,180,9.8,0.0,0,0,3,0.0,1.3,0.0,1.3,0.0
1788527154978.0,200,9.8,0.0,0,0,3,0.0,1.3,0.0,1.3,0.0
1788527155351.0,220,9.8,0.0,0,0,3,0.0,1.3,0.0,1.3,0.0
1788527155726.0,240,9.8,0.0,0,0,3,0.0,1.3,0.0,1.3,0.0
1788527156102.0,260,9.8,0.0,0,0,3,0.0,1.3,0.0,1.3,0.0
1788527156475.0,280,9.8,0.0,0,0,3,0.0,1.3,0.0,1.3,0.0
1788527156851.0,300,9.8,0.0,0,0,3,0.0,1.3,0.0,1.3,0.0
1788527157226.0,320,9.8,0.0,0,0,3,0.0,1.3,0.0,1.3,0.0
1788527157599.0,340,9.8,0.0,0,0,3,0.0,1.3,0.0,1.3,0.0
1788527157973.0,360,9.8,0.0,0,0,3,0.0,1.3,0.0,1.3,0.0
1788527158348.0,380,9.8,0.0,0,0,3,0.0,1.3,0.0,1.3,0.0
1788527158722.0,400,9.8,0.0,0,0,3,0.0,1.3,0.0,1.3,0.0
1788527159102.0,420,9.8,0.0,0,0,3,0.0,1.3,0.0,1.3,0.0
1788527159472.0,440,9.8,0.0,0,0,3,0.0,1.3,0.0,1.3,0.0
1788527159847.0,460,9.8,0.0,0,0,3,0.0,1.3,0.0,1.3,0.0
1788527160222.0,480,9.8,0.0,0,0,3,0.0,1.3,0.0,1.3,0.0
1788527160602.0,500,9.8,0.0,0,0,3,0.0,1.3,0.0,1.3,0.0
1788527160972.0,520,9.8,0.0,0,0,3,0.0,1.3,0.0,1.3,0.0
1788527161347.0,540,9.8,0.0,0,0,3,0.0,1.3,0.0,1.3,0.0
1788527161720.0,560,9.8,0.0,0,0,3,0.0,1.3,0.0,1.3,0.0
1788527162095.0,580,9.8,0.0,0,0,3,0.0,1.3,0.0,1.3,0.0
1788527162470.0,600,9.8,0.0,0,0,3,0.0,1.3,0.0,1.3,0.0
1788527162852.0,620,9.8,0.0,0,0,3,0.0,1.3,0.0,1.3,0.0
1788527163219.0,640,9.8,0.0,0,0,3,0.0,1.3,0.0,1.3,0.0
1788527163594.0,660,9.8,0.0,0,0,3,0.0,1.3,0.0,1.3,0.0
1788527163969.0,680,9.8,0.0,0,0,3,0.0,1.3,0.0,1.3,0.0
1788527164343.0,700,9.8,0.0,0,0,3,0.0,1.3,0.0,1.3,0.0
1788527164719.0,720,9.8,0.0,0,0,3,0.0,1.3,0.0,1.3,0.0
1788527165093.0,740,9.8,0.0,0,0,3,0.0,1.3,0.0,1.3,0.0
1788527165468.0,760,9.8,0.0,0,0,3,0.0,1.3,0.0,1.3,0.0
1788527165842.0,780,9.8,0.0,0,0,3,0.0,1.3,0.0,1.3,0.0
1788527166217.0,800,9.8,0.0,0,0,3,0.0,1.3,0.0,1.3,0.0
1788527166592.0,820,9.8,0.0,0,0,3,0.0,1.3,0.0,1.3,0.0
1788527166966.0,840,9.8,0.0,0,0,3,0.0,1.3,0.0,1.3,0.0
1788527167341.0,860,9.8,0.0,0,0,3,0.0,1.3,0.0,1.3,0.0
1788527167716.0,880,9.8,0.0,0,0,3,0.0,1.3,0.0,1.3,0.0
1788527168090.0,900,9.8,0.0,0,0,3,0.0,1.3,0.0,1.3,0.0
1788527168467.0,920,9.8,0.0,0,0,3,0.0,1.3,0.0,1.3,0.0
1788527168840.0,940,9.8,0.0,0,0,3,0.0,1.3,0.0,1.3,0.0
1788527169214.0,960,9.8,0.0,0,0,3,0.0,1.3,0.0,1.3,0.0
1788527169589.0,980,9.8,0.0,0,0,3,0.0,1.3,0.0,1.3,0.0
1788527169967.0,1000,9.8,0.0,0,0,3,0.0,1.3,0.0,1.3,0.0
1788527170339.0,1020,9.8,0.0,0,0,3,0.0,1.3,0.0,1.3,0.0
1788527170717.0,1040,9.8,0.0,0,0,3,0.0,1.3,0.0,1.3,0.0
1788527171088.0,1060,9.8,0.0,0,0,3,0.0,1.3,0.0,1.3,0.0
1788527171465.0,1080,9.8,0.0,0,0,3,0.0,1.3,0.0,1.3,0.0
1788527171839.0,1100,9.8,0.0,0,0,3,0.0,1.3,0.0,1.3,0.0
1788527172216.0,1120,9.8,0.0,0,0,3,0.0,1.3,0.0,1.3,0.0
1788527172587.0,1140,9.8,0.0,0,0,3,0.0,1.3,0.0,1.3,0.0
1788527172964.0,1160,9.8,0.0,0,0,3,0.0,1.3,0.0,1.3,0.0
1788527173337.0,1180,9.8,0.0,0,0,3,0.0,1.3,0.0,1.3,0.0
1788527173712.0,1200,9.8,0.0,0,0,3,0.0,1.3,0.0,1.3,0.0
1788527174087.0,1220,9.8,0.0,0,0,3,0.0,1.3,0.0,1.3,0.0
1788527174468.0,1240,9.8,0.0,0,0,3,0.0,1.3,0.0,1.3,0.0
1788527174836.0,1260,9.8,0.0,0,0,3,0.0,1.3,0.0,1.3,0.0
1788527175211.0,1280,9.8,0.0,0,0,3,0.0,1.3,0.0,1.3,0.0
1788527175587.0,1300,9.8,0.0,0,0,3,0.0,1.3,0.0,1.3,0.0
1788527175961.0,1320,9.8,0.0,0,0,3,0.0,1.3,0.0,1.3,0.0
1788527176336.0,1340,9.8,0.0,0,0,3,0.0,1.3,0.0,1.3,0.0
1788527176710.0,1360,9.8,0.0,0,0,3,0.0,1.3,0.0,1.3,0.0
1788527177085.0,1380,9.8,0.0,0,0,3,0.0,1.3,0.0,1.3,0.0
1788527177459.0,1400,9.8,0.0,0,0,3,0.0,1.3,0.0,1.3,0.0
1788527177834.0,1420,9.8,0.0,0,0,3,0.0,1.3,0.0,1.3,0.0
1788527178209.0,1440,9.8,0.0,0,0,3,0.0,1.3,0.0,1.3,0.0
1788527178584.0,1460,9.8,0.0,0,0,3,0.0,1.3,0.0,1.3,0.0
1788527178960.0,1480,9.8,0.0,0,0,3,0.0,1.3,0.0,1.3,0.0
1788527179335.0,1500,9.8,0.0,0,0,3,0.0,1.3,0.0,1.3,0.0
1788527179709.0,1520,9.8,0.0,0,0,3,0.0,1.3,0.0,1.3,0.0
1788527180088.0,1540,9.8,0.0,0,0,3,0.0,1.3,0.0,1.3,0.0
1788527180458.0,1560,9.8,0.0,0,0,3,0.0,1.3,0.0,1.3,0.0
1788527180833.0,1580,9.8,0.0,0,0,3,0.0,1.3,0.0,1.3,0.0
1788527181208.0,1600,9.8,0.0,0,0,3,0.0,1.3,0.0,1.3,0.0
1788527181583.0,1620,9.8,0.0,0,0,3,0.0,1.3,0.0,1.3,0.0
1788527181958.0,1640,9.8,0.0,0,0,3,0.0,1.3,0.0,1.3,0.0
1788527182337.0,1660,9.8,0.0,0,0,3,0.0,1.3,0.0,1.3,0.0
1788527182707.0,1680,9.8,0.0,0,0,3,0.0,1.3,0.0,1.3,0.0
1788527183082.0,1700,9.8,0.0,0,0,3,0.0,1.3,0.0,1.3,0.0
1788527183456.0,1720,9.8,0.0,0,0,3,0.0,1.3,0.0,1.3,0.0
1788527183833.0,1740,9.8,0.0,0,0,3,0.0,1.3,0.0,1.3,0.0
1788527184207.0,1760,9.8,0.0,0,0,3,0.0,1.3,0.0,1.3,0.0
1788527184581.0,1780,9.8,0.0,0,0,3,0.0,1.3,0.0,1.3,0.0
1788527184956.0,1800,9.8,0.0,0,0,3,0.0,1.3,0.0,1.3,0.0
1788527185332.0,1820,9.8,0.0,0,0,3,0.0,1.3,0.0,1.3,0.0
1788527185706.0,1840,9.8,0.0,0,0,3,0.0,1.3,0.0,1.3,0.0
1788527186084.0,1860,9.8,0.0,0,0,3,0.0,1.3,0.0,1.3,0.0
1788527186454.0,1880,9.8,0.0,0,0,3,0.0,1.3,0.0,1.3,0.0
1788527186832.0,1900,9.8,0.0,0,0,3,0.0,1.3,0.0,1.3,0.0
1788527187203.0,1920,9.8,0.0,0,0,3,0.0,1.3,0.0,1.3,0.0
1788527187578.0,1940,9.8,0.0,0,0,3,0.0,1.3,0.0,1.3,0.0
1788527187953.0,1960,9.8,0.0,0,0,3,0.0,1.3,0.0,1.3,0.0
1788527188329.0,1980,9.8,0.0,0,0,3,0.0,1.3,0.0,1.3,0.0
1788527188703.0,2000,9.8,0.0,0,0,3,0.0,1.3,0.0,1.3,0.0
1788527189077.0,2020,9.8,0.0,0,0,3,0.0,1.3,0.0,1.3,0.0
1788527189453.0,2040,9.8,0.0,0,0,3,0.0,1.3,0.0,1.3,0.0
1788527189827.0,2060,9.8,0.0,0,0,3,0.0,1.3,0.0,1.3,0.0
1788527190202.0,2080,9.8,0.0,0,0,3,0.0,1.3,0.0,1.3,0.0
1788527190577.0,2100,9.8,0.0,0,0,3,0.0,1.3,0.0,1.3,0.0
1788527190951.0,2120,9.8,0.0,0,0,3,0.0,1.3,0.0,1.3,0.0
1788527191326.0,2140,9.8,0.0,0,0,3,0.0,1.3,0.0,1.3,0.0
1788527191702.0,2160,9.8,0.0,0,0,3,0.0,1.3,0.0,1.3,0.0
1788527192075.0,2180,16.02,0.0,1,0,5,1.95,2.0,0.0,1.95,0.0
1788527192451.0,2200,6.66,0.0,1,0,5,1.95,2.0,0.0,1.95,0.0
1788527192825.0,2220,10.93,0.0,1,0,6,1.95,2.6,0.0,2.6,0.0
1788527193199.0,2240,9.89,0.0,1,0,6,1.58,2.6,0.0,2.6,0.0
1788527193575.0,2260,6.75,0.0,1,0,6,1.17,2.6,0.0,2.6,0.0
1788527193949.0,2280,12.37,0.0,1,0,7,1.3,3.2,0.0,3.25,0.0
1788527194324.0,2300,10.35,0.0,1,0,8,1.37,3.9,0.0,3.9,0.0
1788527194699.0,2320,11.48,0.0,1,0,9,1.3,4.5,0.0,4.55,0.0
1788527195073.0,2340,12.21,0.0,1,0,10,1.45,5.2,0.0,5.2,0.0
1788527195451.0,2360,10.0,0.0,1,0,11,1.95,5.9,0.0,5.85,0.0
1788527195823.0,2380,10.15,0.0,1,0,11,1.7,5.9,0.0,5.85,0.0
1788527196201.0,2400,9.85,0.0,1,0,12,1.65,6.5,0.0,6.5,0.0
1788527196572.0,2420,9.94,0.0,1,0,12,1.34,6.5,0.0,6.5,0.0
1788527196950.0,2440,9.94,0.0,1,0,12,1.14,6.5,0.0,6.5,0.0
1788527197322.0,2460,9.96,0.0,1,0,12,0.84,6.5,0.0,6.5,0.0
1788527197700.0,2480,10.02,0.0,0,0,12,0.0,6.5,0.0,6.5,0.0
1788527198072.0,2500,9.95,0.0,0,0,12,0.0,6.5,0.0,6.5,0.0
1788527198449.0,2520,9.94,0.0,0,0,12,0.0,6.5,0.0,6.5,0.0
1788527198820.0,2540,9.86,0.0,0,0,12,0.0,6.5,0.0,6.5,0.0
1788527199197.0,2560,9.86,0.0,0,0,12,0.0,6.5,0.0,6.5,0.0
1788527199570.0,2580,9.86,0.0,0,0,12,0.0,6.5,0.0,6.5,0.0
1788527199950.0,2600,9.8,0.0,0,0,12,0.0,6.5,0.0,6.5,0.0
1788527200320.0,2620,9.8,0.0,0,0,12,0.0,6.5,0.0,6.5,0.0
1788527200696.0,2640,9.8,0.0,0,0,12,0.0,6.5,0.0,6.5,0.0
1788527201072.0,2660,9.8,0.0,0,0,12,0.0,6.5,0.0,6.5,0.0
1788527201446.0,2680,9.8,0.0,0,0,12,0.0,6.5,0.0,6.5,0.0
1788527201819.0,2700,9.8,0.0,0,0,12,0.0,6.5,0.0,6.5,0.0
1788527202197.0,2720,9.8,0.0,0,0,12,0.0,6.5,0.0,6.5,0.0
1788527202569.0,2740,9.8,0.0,0,0,12,0.0,6.5,0.0,6.5,0.0
1788527202943.0,2760,9.8,0.0,0,0,12,0.0,6.5,0.0,6.5,0.0
1788527203318.0,2780,9.8,0.0,0,0,12,0.0,6.5,0.0,6.5,0.0
1788527203693.0,2800,9.8,0.0,0,0,12,0.0,6.5,0.0,6.5,0.0
1788527204067.0,2820,9.8,0.0,0,0,12,0.0,6.5,0.0,6.5,0.0
1788527204442.0,2840,9.8,0.0,0,0,12,0.0,6.5,0.0,6.5,0.0
1788527204818.0,2860,9.8,0.0,0,0,12,0.0,6.5,0.0,6.5,0.0
1788527205192.0,2880,9.8,0.0,0,0,12,0.0,6.5,0.0,6.5,0.0
1788527205567.0,2900,9.8,0.0,0,0,12,0.0,6.5,0.0,6.5,0.0
1788527205942.0,2920,9.8,0.0,0,0,12,0.0,6.5,0.0,6.5,0.0
1788527206316.0,2940,10.1,0.0,1,0,13,0.0,6.5,0.0,6.5,0.0
1788527206692.0,2960,10.0,0.0,1,0,14,1.95,7.2,0.0,7.15,0.0
1788527207066.0,2980,9.94,0.0,1,0,15,1.95,7.8,0.0,7.8,0.0
1788527207440.0,3000,9.87,0.0,1,0,15,1.38,7.8,0.0,7.8,0.0
1788527207817.0,3020,10.15,0.0,1,0,16,1.57,8.5,0.0,8.45,0.0
1788527208190.0,3040,10.35,0.0,1,0,16,1.22,8.5,0.0,8.45,0.0
1788527208567.0,3060,10.19,0.0,1,0,17,1.35,9.1,0.0,9.1,0.0
1788527208941.0,3080,10.04,0.0,1,0,17,0.86,9.1,0.0,9.1,0.0
1788527209319.0,3100,9.93,0.0,1,0,17,0.8,9.1,0.0,9.1,0.0
1788527209689.0,3120,10.15,0.0,1,0,18,0.96,9.8,0.0,9.75,0.0
1788527210067.0,3140,9.8,0.0,1,0,20,1.34,11.1,0.0,11.05,0.0
1788527210439.0,3160,10.52,0.0,1,0,20,1.16,11.1,0.0,11.05,0.0
1788527210817.0,3180,10.57,0.0,1,0,20,1.35,11.1,0.0,11.05,0.0
1788527211188.0,3200,10.6,0.0,1,0,20,1.0,11.1,0.0,11.05,0.0
1788527211570.0,3220,11.42,0.0,1,0,21,1.21,11.7,0.0,11.7,0.0
1788527211938.0,3240,5.19,0.0,1,0,22,1.2,12.4,0.0,12.35,0.0
1788527212313.0,3260,13.75,0.0,1,0,22,1.07,12.4,0.0,12.35,0.0
1788527212687.0,3280,5.45,0.0,1,0,24,1.43,13.7,0.0,13.65,0.0
1788527213067.0,3300,10.58,0.0,1,0,24,1.39,13.7,0.0,13.65,0.0
1788527213436.0,3320,9.8,0.0,1,0,24,1.22,13.7,0.0,13.65,0.0
1788527213812.0,3340,10.72,0.0,1,0,24,1.07,13.7,0.0,13.65,0.0
1788527214187.0,3360,9.92,0.0,1,0,24,0.9,13.7,0.0,13.65,0.0
1788527214567.0,3380,10.45,0.0,1,0,24,0.6,13.7,0.0,13.65,0.0
1788527214935.0,3400,9.8,0.0,0,0,24,0.0,13.7,0.0,13.65,0.0
1788527215317.0,3420,10.12,0.0,0,0,24,0.0,13.7,0.0,13.65,0.0
1788527215685.0,3440,9.91,0.0,0,0,24,0.0,13.7,0.0,13.65,0.0
1788527216060.0,3460,9.8,0.0,0,0,24,0.0,13.7,0.0,13.65,0.0
1788527216435.0,3480,9.86,0.0,0,0,24,0.0,13.7,0.0,13.65,0.0
1788527216813.0,3500,10.19,0.0,0,0,24,0.0,13.7,0.0,13.65,0.0
1788527217184.0,3520,9.8,0.0,0,0,24,0.0,13.7,0.0,13.65,0.0
1788527217560.0,3540,9.8,0.0,0,0,24,0.0,13.7,0.0,13.65,0.0
1788527217934.0,3560,9.8,0.0,0,0,24,0.0,13.7,0.0,13.65,0.0
1788527218309.0,3580,10.33,0.0,0,0,24,0.0,13.7,0.0,13.65,0.0
1788527218683.0,3600,9.88,0.0,0,0,24,0.0,13.7,0.0,13.65,0.0
1788527219058.0,3620,11.01,0.0,1,0,25,0.0,13.7,0.0,13.65,0.0
1788527219433.0,3640,13.16,0.0,1,0,25,0.0,13.7,0.0,13.65,0.0
1788527219809.0,3660,8.52,0.0,1,0,26,1.95,14.3,0.0,14.3,0.0
1788527220183.0,3680,10.41,0.0,1,0,26,1.9,14.3,0.0,14.3,0.0
1788527220558.0,3700,8.57,0.0,1,0,27,1.18,15.0,0.0,14.95,0.0
1788527220933.0,3720,13.16,0.0,1,0,27,1.14,15.0,0.0,14.95,0.0
1788527221307.0,3740,10.21,0.0,1,0,27,1.1,15.0,0.0,14.95,0.0
1788527221683.0,3760,7.65,0.0,1,0,27,1.06,15.0,0.0,14.95,0.0
1788527222057.0,3780,12.75,0.0,1,0,28,1.28,15.6,0.0,15.6,0.0
1788527222437.0,3800,7.41,0.0,1,0,29,1.36,16.3,0.0,16.25,0.0
1788527222806.0,3820,12.25,0.0,1,0,30,1.56,16.9,0.0,16.9,0.0
1788527223187.0,3840,10.23,0.0,1,0,31,1.57,17.6,0.0,17.55,0.0
1788527223555.0,3860,10.88,0.0,1,0,31,1.76,17.6,0.0,17.55,0.0
1788527223931.0,3880,10.82,0.0,1,0,31,1.44,17.6,0.0,17.55,0.0
1788527224305.0,3900,10.61,0.0,1,0,31,1.08,17.6,0.0,17.55,0.0
1788527224679.0,3920,10.61,0.0,0,0,31,0.0,17.6,0.0,17.55,0.0
1788527225054.0,3940,10.59,0.0,0,0,31,0.0,17.6,0.0,17.55,0.0
1788527225429.0,3960,10.58,0.0,0,0,31,0.0,17.6,0.0,17.55,0.0
1788527225803.0,3980,10.57,0.0,0,0,31,0.0,17.6,0.0,17.55,0.0
1788527226183.0,4000,10.61,0.0,0,0,31,0.0,17.6,0.0,17.55,0.0
1788527226552.0,4020,10.54,0.0,0,0,31,0.0,17.6,0.0,17.55,0.0
1788527226927.0,4040,10.35,0.0,0,0,31,0.0,17.6,0.0,17.55,0.0
1788527227303.0,4060,10.53,0.0,0,0,31,0.0,17.6,0.0,17.55,0.0
1788527227677.0,4080,10.53,0.0,0,0,31,0.0,17.6,0.0,17.55,0.0
1788527228052.0,4100,10.53,0.0,0,0,31,0.0,17.6,0.0,17.55,0.0
1788527228427.0,4120,10.52,0.0,0,0,31,0.0,17.6,0.0,17.55,0.0
1788527228801.0,4140,10.52,0.0,0,0,31,0.0,17.6,0.0,17.55,0.0
1788527229176.0,4160,10.5,0.0,0,0,31,0.0,17.6,0.0,17.55,0.0
1788527229555.0,4180,10.5,0.0,0,0,31,0.0,17.6,0.0,17.55,0.0
1788527229925.0,4200,10.49,0.0,0,0,31,0.0,17.6,0.0,17.55,0.0
1788527230300.0,4220,10.49,0.0,0,0,31,0.0,17.6,0.0,17.55,0.0
1788527230675.0,4240,10.48,0.0,0,0,31,0.0,17.6,0.0,17.55,0.0
1788527231052.0,4260,10.45,0.0,0,0,31,0.0,17.6,0.0,17.55,0.0
1788527231424.0,4280,10.45,0.0,0,0,31,0.0,17.6,0.0,17.55,0.0
1788527231799.0,4300,10.44,0.0,0,0,31,0.0,17.6,0.0,17.55,0.0
1788527232173.0,4320,10.54,0.0,0,0,31,0.0,17.6,0.0,17.55,0.0
1788527232552.0,4340,10.42,0.0,0,0,31,0.0,17.6,0.0,17.55,0.0
1788527232924.0,4360,10.41,0.0,0,0,31,0.0,17.6,0.0,17.55,0.0
1788527233300.0,4380,10.4,0.0,0,0,31,0.0,17.6,0.0,17.55,0.0
1788527233672.0,4400,10.51,0.0,0,0,31,0.0,17.6,0.0,17.55,0.0
1788527234051.0,4420,10.4,0.0,0,0,31,0.0,17.6,0.0,17.55,0.0
1788527234422.0,4440,10.39,0.0,0,0,31,0.0,17.6,0.0,17.55,0.0
1788527234796.0,4460,10.51,0.0,0,0,31,0.0,17.6,0.0,17.55,0.0
1788527235171.0,4480,10.43,0.0,0,0,31,0.0,17.6,0.0,17.55,0.0
1788527235551.0,4500,10.42,0.0,0,0,31,0.0,17.6,0.0,17.55,0.0
1788527235920.0,4520,10.42,0.0,0,0,31,0.0,17.6,0.0,17.55,0.0
1788527236296.0,4540,10.4,0.0,0,0,31,0.0,17.6,0.0,17.55,0.0
1788527236670.0,4560,10.39,0.0,0,0,31,0.0,17.6,0.0,17.55,0.0
1788527237045.0,4580,10.38,0.0,0,0,31,0.0,17.6,0.0,17.55,0.0
1788527237419.0,4600,10.39,0.0,0,0,31,0.0,17.6,0.0,17.55,0.0
1788527237796.0,4620,10.39,0.0,0,0,31,0.0,17.6,0.0,17.55,0.0
1788527238168.0,4640,10.39,0.0,0,0,31,0.0,17.6,0.0,17.55,0.0
1788527238543.0,4660,10.48,0.0,0,0,31,0.0,17.6,0.0,17.55,0.0
1788527238918.0,4680,10.37,0.0,0,0,31,0.0,17.6,0.0,17.55,0.0
1788527239293.0,4700,10.37,0.0,0,0,31,0.0,17.6,0.0,17.55,0.0
1788527239668.0,4720,10.37,0.0,0,0,31,0.0,17.6,0.0,17.55,0.0
1788527240042.0,4740,10.37,0.0,0,0,31,0.0,17.6,0.0,17.55,0.0
1788527240417.0,4760,10.38,0.0,0,0,31,0.0,17.6,0.0,17.55,0.0
1788527240792.0,4780,10.38,0.0,0,0,31,0.0,17.6,0.0,17.55,0.0
1788527241167.0,4800,10.38,0.0,0,0,31,0.0,17.6,0.0,17.55,0.0
1788527241541.0,4820,10.38,0.0,0,0,31,0.0,17.6,0.0,17.55,0.0
1788527241916.0,4840,10.37,0.0,0,0,31,0.0,17.6,0.0,17.55,0.0
1788527242291.0,4860,10.47,0.0,0,0,31,0.0,17.6,0.0,17.55,0.0
1788527242666.0,4880,11.13,0.0,1,0,32,0.0,17.6,0.0,17.55,0.0
1788527243040.0,4900,12.46,0.0,1,0,33,1.95,18.2,0.0,18.2,0.0
1788527243414.0,4920,10.73,0.0,1,0,34,1.95,18.8,0.0,18.85,0.0
1788527243789.0,4940,10.03,0.0,1,0,35,1.95,19.5,0.0,19.5,0.0
1788527244165.0,4960,8.82,0.0,1,0,36,1.95,20.1,0.0,20.15,0.0
1788527244538.0,4980,10.71,0.0,1,0,36,1.33,20.1,0.0,20.15,0.0
1788527244918.0,5000,10.58,0.0,1,0,36,1.2,20.1,0.0,20.15,0.0
1788527245288.0,5020,11.23,0.0,1,0,36,0.85,20.1,0.0,20.15,0.0
1788527245663.0,5040,10.17,0.0,0,0,36,0.0,20.1,0.0,20.15,0.0
1788527246038.0,5060,10.2,0.0,0,0,36,0.0,20.1,0.0,20.15,0.0
1788527246416.0,5080,10.39,0.0,0,0,36,0.0,20.1,0.0,20.15,0.0
1788527246787.0,5100,9.8,0.0,1,0,37,0.0,20.1,0.0,20.15,0.0
1788527247161.0,5120,9.8,0.0,1,0,37,0.0,20.1,0.0,20.15,0.0
1788527247536.0,5140,9.8,0.0,1,0,37,0.0,20.1,0.0,20.15,0.0
1788527247911.0,5160,9.8,0.0,1,0,37,0.0,20.1,0.0,20.15,0.0
1788527248286.0,5180,9.8,0.0,0,0,37,0.0,20.1,0.0,20.15,0.0
1788527248666.0,5200,9.8,0.0,0,0,37,0.0,20.1,0.0,20.15,0.0
1788527249036.0,5220,9.8,0.0,0,0,37,0.0,20.1,0.0,20.15,0.0
1788527249410.0,5240,9.87,0.0,0,0,37,0.0,20.1,0.0,20.15,0.0
1788527249786.0,5260,9.86,0.0,0,0,37,0.0,20.1,0.0,20.15,0.0
1788527250159.0,5280,9.85,0.0,0,0,37,0.0,20.1,0.0,20.15,0.0
1788527250545.0,5300,9.8,0.0,0,0,37,0.0,20.1,0.0,20.15,0.0
1788527250909.0,5320,9.8,0.0,0,0,37,0.0,20.1,0.0,20.15,0.0
1788527251284.0,5340,9.8,0.0,0,0,37,0.0,20.1,0.0,20.15,0.0
1788527251659.0,5360,9.8,0.0,0,0,37,0.0,20.1,0.0,20.15,0.0
1788527252033.0,5380,9.8,0.0,0,0,37,0.0,20.1,0.0,20.15,0.0
1788527252409.0,5400,9.8,0.0,0,0,37,0.0,20.1,0.0,20.15,0.0
1788527252783.0,5420,9.8,0.0,0,0,37,0.0,20.1,0.0,20.15,0.0
1788527253157.0,5440,9.8,0.0,0,0,37,0.0,20.1,0.0,20.15,0.0
1788527253532.0,5460,9.8,0.0,0,0,37,0.0,20.1,0.0,20.15,0.0
1788527253907.0,5480,9.8,0.0,0,0,37,0.0,20.1,0.0,20.15,0.0
1788527254283.0,5500,9.8,0.0,0,0,37,0.0,20.1,0.0,20.15,0.0
1788527254656.0,5520,9.8,0.0,0,0,37,0.0,20.1,0.0,20.15,0.0
1788527255032.0,5540,9.8,0.0,0,0,37,0.0,20.1,0.0,20.15,0.0
1788527255406.0,5560,9.8,0.0,0,0,37,0.0,20.1,0.0,20.15,0.0
1788527255780.0,5580,9.8,0.0,0,0,37,0.0,20.1,0.0,20.15,0.0
1788527256155.0,5600,9.8,0.0,0,0,37,0.0,20.1,0.0,20.15,0.0
1788527256534.0,5620,9.8,0.0,0,0,37,0.0,20.1,0.0,20.15,0.0
1788527256909.0,5640,9.8,0.0,0,0,37,0.0,20.1,0.0,20.15,0.0
1788527257283.0,5660,9.8,0.0,0,0,37,0.0,20.1,0.0,20.15,0.0
1788527257654.0,5680,9.8,0.0,0,0,37,0.0,20.1,0.0,20.15,0.0
1788527258029.0,5700,9.8,0.0,0,0,37,0.0,20.1,0.0,20.15,0.0
1788527258404.0,5720,9.8,0.0,0,0,37,0.0,20.1,0.0,20.15,0.0
1788527258779.0,5740,9.8,0.0,0,0,37,0.0,20.1,0.0,20.15,0.0
1788527259153.0,5760,9.8,0.0,0,0,37,0.0,20.1,0.0,20.15,0.0
1788527259528.0,5780,9.8,0.0,0,0,37,0.0,20.1,0.0,20.15,0.0
1788527259904.0,5800,9.8,0.0,0,0,37,0.0,20.1,0.0,20.15,0.0
1788527260278.0,5820,9.8,0.0,0,0,37,0.0,20.1,0.0,20.15,0.0
1788527260652.0,5840,9.8,0.0,0,0,37,0.0,20.1,0.0,20.15,0.0
1788527261027.0,5860,9.8,0.0,0,0,37,0.0,20.1,0.0,20.15,0.0
1788527261402.0,5880,9.8,0.0,0,0,37,0.0,20.1,0.0,20.15,0.0
1788527261776.0,5900,9.8,0.0,0,0,37,0.0,20.1,0.0,20.15,0.0
1788527262151.0,5920,9.8,0.0,0,0,37,0.0,20.1,0.0,20.15,0.0
1788527262527.0,5940,9.8,0.0,0,0,37,0.0,20.1,0.0,20.15,0.0
1788527262900.0,5960,9.8,0.0,0,0,37,0.0,20.1,0.0,20.15,0.0
1788527263275.0,5980,9.8,0.0,0,0,37,0.0,20.1,0.0,20.15,0.0
1788527263650.0,6000,9.8,0.0,0,0,37,0.0,20.1,0.0,20.15,0.0
1788527264024.0,6020,9.8,0.0,0,0,37,0.0,20.1,0.0,20.15,0.0
1788527264399.0,6040,9.8,0.0,0,0,37,0.0,20.1,0.0,20.15,0.0
1788527264773.0,6060,9.8,0.0,0,0,37,0.0,20.1,0.0,20.15,0.0
1788527265149.0,6080,9.8,0.0,0,0,37,0.0,20.1,0.0,20.15,0.0
1788527265523.0,6100,9.8,0.0,0,0,37,0.0,20.1,0.0,20.15,0.0
1788527265898.0,6120,9.8,0.0,0,0,37,0.0,20.1,0.0,20.15,0.0
1788527266272.0,6140,9.8,0.0,0,0,37,0.0,20.1,0.0,20.15,0.0
1788527266653.0,6160,9.8,0.0,0,0,37,0.0,20.1,0.0,20.15,0.0
1788527267023.0,6180,9.8,0.0,0,0,37,0.0,20.1,0.0,20.15,0.0
1788527267397.0,6200,9.8,0.0,0,0,37,0.0,20.1,0.0,20.15,0.0
1788527267771.0,6220,9.8,0.0,0,0,37,0.0,20.1,0.0,20.15,0.0
1788527268145.0,6240,9.8,0.0,0,0,37,0.0,20.1,0.0,20.15,0.0
1788527268521.0,6260,9.8,0.0,0,0,37,0.0,20.1,0.0,20.15,0.0
1788527268897.0,6280,9.8,0.0,0,0,37,0.0,20.1,0.0,20.15,0.0
1788527269270.0,6300,9.8,0.0,0,0,37,0.0,20.1,0.0,20.15,0.0
1788527269645.0,6320,9.8,0.0,0,0,37,0.0,20.1,0.0,20.15,0.0
1788527270019.0,6340,9.8,0.0,0,0,37,0.0,20.1,0.0,20.15,0.0
1788527270394.0,6360,9.8,0.0,0,0,37,0.0,20.1,0.0,20.15,0.0
1788527270769.0,6380,9.8,0.0,0,0,37,0.0,20.1,0.0,20.15,0.0
1788527271143.0,6400,9.8,0.0,0,0,37,0.0,20.1,0.0,20.15,0.0
1788527271517.0,6420,9.8,0.0,0,0,37,0.0,20.1,0.0,20.15,0.0
1788527271893.0,6440,9.8,0.0,0,0,37,0.0,20.1,0.0,20.15,0.0
1788527272268.0,6460,9.8,0.0,0,0,37,0.0,20.1,0.0,20.15,0.0
1788527272642.0,6480,9.8,0.0,0,0,37,0.0,20.1,0.0,20.15,0.0
1788527273019.0,6500,9.8,0.0,0,0,37,0.0,20.1,0.0,20.15,0.0
1788527273392.0,6520,9.8,0.0,0,0,37,0.0,20.1,0.0,20.15,0.0
1788527273767.0,6540,9.8,0.0,0,0,37,0.0,20.1,0.0,20.15,0.0
1788527274141.0,6560,9.8,0.0,0,0,37,0.0,20.1,0.0,20.15,0.0
1788527274517.0,6580,9.8,0.0,0,0,37,0.0,20.1,0.0,20.15,0.0
1788527274890.0,6600,9.8,0.0,0,0,37,0.0,20.1,0.0,20.15,0.0
1788527275265.0,6620,9.8,0.0,0,0,37,0.0,20.1,0.0,20.15,0.0
1788527275641.0,6640,9.8,0.0,0,0,37,0.0,20.1,0.0,20.15,0.0
1788527276015.0,6660,9.8,0.0,0,0,37,0.0,20.1,0.0,20.15,0.0
1788527276390.0,6680,9.8,0.0,0,0,37,0.0,20.1,0.0,20.15,0.0
1788527276768.0,6700,9.8,0.0,0,0,37,0.0,20.1,0.0,20.15,0.0
1788527277139.0,6720,9.8,0.0,0,0,37,0.0,20.1,0.0,20.15,0.0
1788527277519.0,6740,9.8,0.0,0,0,37,0.0,20.1,0.0,20.15,0.0
1788527277889.0,6760,9.8,0.0,0,0,37,0.0,20.1,0.0,20.15,0.0
1788527278267.0,6780,9.8,0.0,0,0,37,0.0,20.1,0.0,20.15,0.0
1788527278639.0,6800,9.8,0.0,0,0,37,0.0,20.1,0.0,20.15,0.0
1788527279014.0,6820,9.8,0.0,0,0,37,0.0,20.1,0.0,20.15,0.0
1788527279388.0,6840,9.8,0.0,0,0,37,0.0,20.1,0.0,20.15,0.0
1788527279766.0,6860,9.8,0.0,0,0,37,0.0,20.1,0.0,20.15,0.0
1788527280137.0,6880,9.8,0.0,0,0,37,0.0,20.1,0.0,20.15,0.0
1788527280512.0,6900,9.8,0.0,0,0,37,0.0,20.1,0.0,20.15,0.0
1788527280887.0,6920,9.8,0.0,0,0,37,0.0,20.1,0.0,20.15,0.0
1788527281262.0,6940,9.8,0.0,0,0,37,0.0,20.1,0.0,20.15,0.0
1788527281636.0,6960,9.8,0.0,0,0,37,0.0,20.1,0.0,20.15,0.0
1788527282011.0,6980,9.8,0.0,0,0,37,0.0,20.1,0.0,20.15,0.0
1788527282385.0,7000,9.8,0.0,0,0,37,0.0,20.1,0.0,20.15,0.0
1788527282761.0,7020,9.8,0.0,0,0,37,0.0,20.1,0.0,20.15,0.0
1788527283134.0,7040,9.8,0.0,0,0,37,0.0,20.1,0.0,20.15,0.0
1788527283510.0,7060,9.8,0.0,0,0,37,0.0,20.1,0.0,20.15,0.0
1788527283884.0,7080,9.8,0.0,0,0,37,0.0,20.1,0.0,20.15,0.0
1788527284259.0,7100,9.8,0.0,0,0,37,0.0,20.1,0.0,20.15,0.0
1788527284634.0,7120,9.8,0.0,0,0,37,0.0,20.1,0.0,20.15,0.0
1788527285011.0,7140,9.8,0.0,0,0,37,0.0,20.1,0.0,20.15,0.0
1788527285383.0,7160,9.8,0.0,0,0,37,0.0,20.1,0.0,20.15,0.0
1788527285758.0,7180,9.8,0.0,0,0,37,0.0,20.1,0.0,20.15,0.0
1788527286133.0,7200,9.8,0.0,0,0,37,0.0,20.1,0.0,20.15,0.0
1788527286507.0,7220,9.8,0.0,0,0,37,0.0,20.1,0.0,20.15,0.0
1788527286882.0,7240,9.8,0.0,0,0,37,0.0,20.1,0.0,20.15,0.0
1788527287257.0,7260,9.8,0.0,0,0,37,0.0,20.1,0.0,20.15,0.0
1788527287633.0,7280,9.8,0.0,0,0,37,0.0,20.1,0.0,20.15,0.0
1788527288007.0,7300,9.8,0.0,0,0,37,0.0,20.1,0.0,20.15,0.0
1788527288382.0,7320,9.8,0.0,0,0,37,0.0,20.1,0.0,20.15,0.0
1788527288757.0,7340,9.8,0.0,0,0,37,0.0,20.1,0.0,20.15,0.0
1788527289132.0,7360,9.8,0.0,0,0,37,0.0,20.1,0.0,20.15,0.0
1788527289505.0,7380,9.8,0.0,0,0,37,0.0,20.1,0.0,20.15,0.0
1788527289881.0,7400,9.8,0.0,0,0,37,0.0,20.1,0.0,20.15,0.0
1788527290255.0,7420,9.8,0.0,0,0,37,0.0,20.1,0.0,20.15,0.0
1788527290632.0,7440,9.8,0.0,0,0,37,0.0,20.1,0.0,20.15,0.0
1788527291005.0,7460,9.8,0.0,0,0,37,0.0,20.1,0.0,20.15,0.0
1788527291380.0,7480,9.8,0.0,0,0,37,0.0,20.1,0.0,20.15,0.0
1788527291754.0,7500,9.8,0.0,0,0,37,0.0,20.1,0.0,20.15,0.0
1788527292129.0,7520,9.8,0.0,0,0,37,0.0,20.1,0.0,20.15,0.0
1788527292505.0,7540,9.8,0.0,0,0,37,0.0,20.1,0.0,20.15,0.0
1788527292879.0,7560,9.8,0.0,0,0,37,0.0,20.1,0.0,20.15,0.0
1788527293253.0,7580,9.8,0.0,0,0,37,0.0,20.1,0.0,20.15,0.0
1788527293629.0,7600,9.8,0.0,0,0,37,0.0,20.1,0.0,20.15,0.0
1788527294004.0,7620,9.8,0.0,0,0,37,0.0,20.1,0.0,20.15,0.0
1788527294384.0,7640,9.8,0.0,0,0,37,0.0,20.1,0.0,20.15,0.0
1788527294753.0,7660,9.8,0.0,0,0,37,0.0,20.1,0.0,20.15,0.0
1788527295135.0,7680,9.8,0.0,0,0,37,0.0,20.1,0.0,20.15,0.0
1788527295502.0,7700,9.8,0.0,0,0,37,0.0,20.1,0.0,20.15,0.0
1788527295877.0,7720,9.8,0.0,0,0,37,0.0,20.1,0.0,20.15,0.0
1788527296252.0,7740,9.8,0.0,0,0,37,0.0,20.1,0.0,20.15,0.0
1788527296626.0,7760,9.8,0.0,0,0,37,0.0,20.1,0.0,20.15,0.0
1788527297001.0,7780,9.8,0.0,0,0,37,0.0,20.1,0.0,20.15,0.0
1788527297376.0,7800,9.8,0.0,0,0,37,0.0,20.1,0.0,20.15,0.0
1788527297750.0,7820,9.8,0.0,0,0,37,0.0,20.1,0.0,20.15,0.0
1788527298127.0,7840,9.8,0.0,0,0,37,0.0,20.1,0.0,20.15,0.0
1788527298500.0,7860,9.8,0.0,0,0,37,0.0,20.1,0.0,20.15,0.0
1788527298875.0,7880,9.8,0.0,0,0,37,0.0,20.1,0.0,20.15,0.0
1788527299250.0,7900,9.8,0.0,0,0,37,0.0,20.1,0.0,20.15,0.0
1788527299624.0,7920,9.8,0.0,0,0,37,0.0,20.1,0.0,20.15,0.0
1788527300000.0,7940,9.8,0.0,0,0,37,0.0,20.1,0.0,20.15,0.0
1788527300374.0,7960,9.8,0.0,0,0,37,0.0,20.1,0.0,20.15,0.0
1788527300748.0,7980,9.8,0.0,0,0,37,0.0,20.1,0.0,20.15,0.0
1788527301124.0,8000,9.8,0.0,0,0,37,0.0,20.1,0.0,20.15,0.0
1788527301500.0,8020,9.8,0.0,0,0,37,0.0,20.1,0.0,20.15,0.0
1788527301873.0,8040,9.8,0.0,0,0,37,0.0,20.1,0.0,20.15,0.0
1788527302248.0,8060,9.8,0.0,0,0,37,0.0,20.1,0.0,20.15,0.0
1788527302623.0,8080,9.8,0.0,0,0,37,0.0,20.1,0.0,20.15,0.0
1788527302999.0,8100,9.8,0.0,0,0,37,0.0,20.1,0.0,20.15,0.0
1788527303372.0,8120,9.8,0.0,0,0,37,0.0,20.1,0.0,20.15,0.0
1788527303749.0,8140,9.8,0.0,0,0,37,0.0,20.1,0.0,20.15,0.0
1788527304121.0,8160,9.8,0.0,0,0,37,0.0,20.1,0.0,20.15,0.0
1788527304497.0,8180,9.8,0.0,0,0,37,0.0,20.1,0.0,20.15,0.0
1788527304872.0,8200,9.8,0.0,0,0,37,0.0,20.1,0.0,20.15,0.0
1788527305246.0,8220,9.8,0.0,0,0,37,0.0,20.1,0.0,20.15,0.0
1788527305621.0,8240,9.8,0.0,0,0,37,0.0,20.1,0.0,20.15,0.0
1788527305996.0,8260,9.8,0.0,0,0,37,0.0,20.1,0.0,20.15,0.0
1788527306370.0,8280,9.8,0.0,0,0,37,0.0,20.1,0.0,20.15,0.0
1788527306750.0,8300,9.8,0.0,0,0,37,0.0,20.1,0.0,20.15,0.0
1788527307120.0,8320,9.8,0.0,0,0,37,0.0,20.1,0.0,20.15,0.0
1788527307495.0,8340,9.8,0.0,0,0,37,0.0,20.1,0.0,20.15,0.0
1788527307870.0,8360,9.8,0.0,0,0,37,0.0,20.1,0.0,20.15,0.0
1788527308244.0,8380,9.8,0.0,0,0,37,0.0,20.1,0.0,20.15,0.0
1788527308619.0,8400,9.8,0.0,0,0,37,0.0,20.1,0.0,20.15,0.0
1788527308994.0,8420,9.8,0.0,0,0,37,0.0,20.1,0.0,20.15,0.0
1788527309369.0,8440,9.8,0.0,0,0,37,0.0,20.1,0.0,20.15,0.0
1788527309743.0,8460,9.8,0.0,0,0,37,0.0,20.1,0.0,20.15,0.0
1788527310119.0,8480,9.8,0.0,0,0,37,0.0,20.1,0.0,20.15,0.0
1788527310493.0,8500,9.8,0.0,0,0,37,0.0,20.1,0.0,20.15,0.0
1788527310868.0,8520,9.8,0.0,0,0,37,0.0,20.1,0.0,20.15,0.0
1788527311242.0,8540,9.8,0.0,0,0,37,0.0,20.1,0.0,20.15,0.0
1788527311617.0,8560,9.8,0.0,0,0,37,0.0,20.1,0.0,20.15,0.0
1788527311992.0,8580,9.8,0.0,0,0,37,0.0,20.1,0.0,20.15,0.0
1788527312366.0,8600,9.8,0.0,0,0,37,0.0,20.1,0.0,20.15,0.0
1788527312741.0,8620,9.8,0.0,0,0,37,0.0,20.1,0.0,20.15,0.0
1788527313119.0,8640,9.8,0.0,0,0,37,0.0,20.1,0.0,20.15,0.0
1788527313491.0,8660,9.8,0.0,0,0,37,0.0,20.1,0.0,20.15,0.0
1788527313869.0,8680,9.8,0.0,0,0,37,0.0,20.1,0.0,20.15,0.0
1788527314241.0,8700,9.8,0.0,0,0,37,0.0,20.1,0.0,20.15,0.0
1788527314620.0,8720,9.8,0.0,0,0,37,0.0,20.1,0.0,20.15,0.0
1788527314990.0,8740,9.8,0.0,0,0,37,0.0,20.1,0.0,20.15,0.0
1788527315367.0,8760,9.8,0.0,0,0,37,0.0,20.1,0.0,20.15,0.0
1788527315739.0,8780,9.8,0.0,0,0,37,0.0,20.1,0.0,20.15,0.0
1788527316117.0,8800,9.8,0.0,0,0,37,0.0,20.1,0.0,20.15,0.0
1788527316489.0,8820,9.8,0.0,0,0,37,0.0,20.1,0.0,20.15,0.0
1788527316867.0,8840,9.8,0.0,0,0,37,0.0,20.1,0.0,20.15,0.0
1788527317238.0,8860,9.8,0.0,0,0,37,0.0,20.1,0.0,20.15,0.0
1788527317613.0,8880,9.8,0.0,0,0,37,0.0,20.1,0.0,20.15,0.0
1788527317988.0,8900,12.08,0.0,1,0,38,0.0,20.1,0.0,20.15,0.0
1788527318362.0,8920,6.35,0.0,1,0,40,1.95,21.4,0.0,21.45,0.0
1788527318738.0,8940,10.34,0.0,1,0,41,1.95,22.1,0.0,22.1,0.0
1788527319112.0,8960,9.73,0.0,1,0,41,1.9,22.1,0.0,22.1,0.0
1788527319487.0,8980,9.88,0.0,1,0,41,1.48,22.1,0.0,22.1,0.0
1788527319860.0,9000,10.27,0.0,1,0,43,1.75,23.4,0.0,23.4,0.0
1788527320235.0,9020,9.61,0.0,1,0,43,1.59,23.4,0.0,23.4,0.0
1788527320610.0,9040,10.65,0.0,1,0,43,1.47,23.4,0.0,23.4,0.0
1788527320991.0,9060,9.23,0.0,1,0,43,1.16,23.4,0.0,23.4,0.0
1788527321505.0,9080,12.77,0.0,1,0,44,0.98,24.0,0.0,24.05,0.0
1788527321734.0,9100,11.29,0.0,1,0,44,0.85,24.0,0.0,24.05,0.0
1788527322109.0,9120,12.17,0.0,1,0,46,1.17,25.3,0.0,25.35,0.0
1788527322484.0,9140,10.58,0.0,1,0,46,1.93,25.3,0.0,25.35,0.0
1788527322859.0,9160,9.53,0.0,1,0,48,1.95,26.6,0.0,26.65,0.0
1788527323233.0,9180,10.53,0.0,1,0,49,1.95,27.3,0.0,27.3,0.0
1788527323619.0,9200,9.72,0.0,1,0,50,1.95,27.9,0.0,27.95,0.0
1788527323982.0,9220,10.71,0.0,1,0,50,1.74,27.9,0.0,27.95,0.0
1788527324360.0,9240,10.5,0.0,1,0,50,1.58,27.9,0.0,27.95,0.0
1788527324732.0,9260,10.52,0.0,1,0,50,1.2,27.9,0.0,27.95,0.0
1788527325106.0,9280,10.75,0.0,0,0,50,0.0,27.9,0.0,27.95,0.0
1788527325481.0,9300,10.53,0.0,0,0,50,0.0,27.9,0.0,27.95,0.0
1788527325856.0,9320,10.15,0.0,0,0,50,0.0,27.9,0.0,27.95,0.0
1788527326230.0,9340,10.4,0.0,0,0,50,0.0,27.9,0.0,27.95,0.0
1788527326605.0,9360,10.41,0.0,0,0,50,0.0,27.9,0.0,27.95,0.0
1788527326980.0,9380,10.43,0.0,0,0,50,0.0,27.9,0.0,27.95,0.0
1788527327354.0,9400,10.62,0.0,0,0,50,0.0,27.9,0.0,27.95,0.0
1788527327729.0,9420,10.61,0.0,0,0,50,0.0,27.9,0.0,27.95,0.0
1788527328104.0,9440,10.63,0.0,0,0,50,0.0,27.9,0.0,27.95,0.0
1788527328479.0,9460,10.72,0.0,0,0,50,0.0,27.9,0.0,27.95,0.0
1788527328860.0,9480,10.74,0.0,0,0,50,0.0,27.9,0.0,27.95,0.0
1788527329723.0,9500,10.92,0.0,0,0,50,0.0,27.9,0.0,27.95,0.0
1788527330341.0,9520,10.9,0.0,0,0,50,0.0,27.9,0.0,27.95,0.0
1788527330633.0,9540,10.96,0.0,0,0,50,0.0,27.9,0.0,27.95,0.0
1788527331051.0,9560,10.95,0.0,0,0,50,0.0,27.9,0.0,27.95,0.0
1788527331303.0,9580,10.93,0.0,0,0,50,0.0,27.9,0.0,27.95,0.0
1788527331579.0,9600,10.95,0.0,0,0,50,0.0,27.9,0.0,27.95,0.0
1788527331851.0,9620,9.73,0.0,0,0,50,0.0,27.9,0.0,27.95,0.0
1788527332040.0,9640,10.06,0.0,0,0,50,0.0,27.9,0.0,27.95,0.0
1788527332224.0,9660,10.14,0.0,1,0,51,0.0,27.9,0.0,27.95,0.0
1788527332612.0,9680,10.37,0.0,1,0,51,0.0,27.9,0.0,27.95,0.0
1788527332977.0,9700,10.45,0.0,1,0,51,0.0,27.9,0.0,27.95,0.0
1788527333354.0,9720,9.69,0.0,1,0,51,0.0,27.9,0.0,27.95,0.0
1788527333723.0,9740,10.17,0.0,0,0,51,0.0,27.9,0.0,27.95,0.0
1788527334097.0,9760,10.08,0.0,0,0,51,0.0,27.9,0.0,27.95,0.0
1788527334474.0,9780,9.99,0.0,0,0,51,0.0,27.9,0.0,27.95,0.0
1788527334847.0,9800,9.96,0.0,0,0,51,0.0,27.9,0.0,27.95,0.0
1788527335222.0,9820,9.92,0.0,0,0,51,0.0,27.9,0.0,27.95,0.0
1788527335607.0,9840,9.9,0.0,0,0,51,0.0,27.9,0.0,27.95,0.0
1788527336024.0,9860,9.89,0.0,0,0,51,0.0,27.9,0.0,27.95,0.0
1788527336346.0,9880,9.84,0.0,0,0,51,0.0,27.9,0.0,27.95,0.0
1788527336722.0,9900,9.83,0.0,0,0,51,0.0,27.9,0.0,27.95,0.0
1788527337096.0,9920,9.85,0.0,0,0,51,0.0,27.9,0.0,27.95,0.0
1788527337473.0,9940,9.86,0.0,0,0,51,0.0,27.9,0.0,27.95,0.0
1788527337864.0,9960,9.83,0.0,0,0,51,0.0,27.9,0.0,27.95,0.0
1788527338226.0,9980,9.83,0.0,0,0,51,0.0,27.9,0.0,27.95,0.0
1788527338594.0,10000,9.86,0.0,0,0,51,0.0,27.9,0.0,27.95,0.0
1788527338968.0,10020,9.86,0.0,0,0,51,0.0,27.9,0.0,27.95,0.0
1788527339343.0,10040,9.85,0.0,0,0,51,0.0,27.9,0.0,27.95,0.0
1788527339718.0,10060,9.85,0.0,0,0,51,0.0,27.9,0.0,27.95,0.0
1788527340091.0,10080,9.83,0.0,0,0,51,0.0,27.9,0.0,27.95,0.0
1788527340467.0,10100,9.82,0.0,0,0,51,0.0,27.9,0.0,27.95,0.0
1788527340842.0,10120,9.85,0.0,0,0,51,0.0,27.9,0.0,27.95,0.0
1788527341216.0,10140,9.89,0.0,0,0,51,0.0,27.9,0.0,27.95,0.0
1788527341591.0,10160,9.88,0.0,0,0,51,0.0,27.9,0.0,27.95,0.0
1788527341965.0,10180,9.88,0.0,0,0,51,0.0,27.9,0.0,27.95,0.0
1788527342340.0,10200,9.88,0.0,0,0,51,0.0,27.9,0.0,27.95,0.0
1788527342715.0,10220,9.86,0.0,0,0,51,0.0,27.9,0.0,27.95,0.0
1788527343094.0,10240,9.85,0.0,0,0,51,0.0,27.9,0.0,27.95,0.0
1788527343465.0,10260,9.86,0.0,0,0,51,0.0,27.9,0.0,27.95,0.0
1788527343839.0,10280,10.34,0.0,0,0,51,0.0,27.9,0.0,27.95,0.0
1788527344215.0,10300,9.86,0.0,0,0,51,0.0,27.9,0.0,27.95,0.0
1788527344589.0,10320,9.87,0.0,0,0,51,0.0,27.9,0.0,27.95,0.0
1788527344963.0,10340,9.87,0.0,0,0,51,0.0,27.9,0.0,27.95,0.0
1788527345338.0,10360,9.86,0.0,0,0,51,0.0,27.9,0.0,27.95,0.0
1788527345713.0,10380,9.84,0.0,0,0,51,0.0,27.9,0.0,27.95,0.0
1788527346087.0,10400,9.88,0.0,0,0,51,0.0,27.9,0.0,27.95,0.0
1788527346462.0,10420,9.88,0.0,0,0,51,0.0,27.9,0.0,27.95,0.0
1788527346836.0,10440,9.88,0.0,0,0,51,0.0,27.9,0.0,27.95,0.0
1788527347212.0,10460,9.89,0.0,0,0,51,0.0,27.9,0.0,27.95,0.0
1788527347585.0,10480,9.89,0.0,0,0,51,0.0,27.9,0.0,27.95,0.0
1788527347960.0,10500,9.94,0.0,0,0,51,0.0,27.9,0.0,27.95,0.0
1788527348335.0,10520,9.9,0.0,0,0,51,0.0,27.9,0.0,27.95,0.0
1788527348709.0,10540,9.92,0.0,0,0,51,0.0,27.9,0.0,27.95,0.0
1788527349085.0,10560,9.9,0.0,0,0,51,0.0,27.9,0.0,27.95,0.0
1788527349459.0,10580,9.89,0.0,0,0,51,0.0,27.9,0.0,27.95,0.0
1788527349834.0,10600,9.91,0.0,0,0,51,0.0,27.9,0.0,27.95,0.0
1788527350208.0,10620,9.91,0.0,0,0,51,0.0,27.9,0.0,27.95,0.0
1788527350583.0,10640,9.88,0.0,0,0,51,0.0,27.9,0.0,27.95,0.0
1788527350957.0,10660,9.87,0.0,0,0,51,0.0,27.9,0.0,27.95,0.0
1788527351333.0,10680,9.88,0.0,0,0,51,0.0,27.9,0.0,27.95,0.0
1788527351707.0,10700,9.91,0.0,0,0,51,0.0,27.9,0.0,27.95,0.0
1788527352082.0,10720,9.98,0.0,0,0,51,0.0,27.9,0.0,27.95,0.0
1788527352455.0,10740,9.96,0.0,0,0,51,0.0,27.9,0.0,27.95,0.0
1788527352940.0,10760,9.94,0.0,0,0,51,0.0,27.9,0.0,27.95,0.0
1788527353204.0,10780,9.97,0.0,0,0,51,0.0,27.9,0.0,27.95,0.0
1788527353580.0,10800,9.96,0.0,0,0,51,0.0,27.9,0.0,27.95,0.0
1788527353954.0,10820,9.94,0.0,0,0,51,0.0,27.9,0.0,27.95,0.0
1788527354328.0,10840,9.98,0.0,0,0,51,0.0,27.9,0.0,27.95,0.0
1788527354719.0,10860,10.0,0.0,0,0,51,0.0,27.9,0.0,27.95,0.0
1788527355078.0,10880,9.97,0.0,0,0,51,0.0,27.9,0.0,27.95,0.0
1788527355453.0,10900,9.85,0.0,0,0,51,0.0,27.9,0.0,27.95,0.0
1788527355829.0,10920,9.93,0.0,0,0,51,0.0,27.9,0.0,27.95,0.0
1788527356202.0,10940,9.94,0.0,0,0,51,0.0,27.9,0.0,27.95,0.0
1788527356577.0,10960,8.93,0.0,0,0,51,0.0,27.9,0.0,27.95,0.0
1788527356952.0,10980,10.94,0.0,1,0,52,0.0,27.9,0.0,27.95,0.0
1788527357330.0,11000,9.83,0.0,1,0,52,0.0,27.9,0.0,27.95,0.0
1788527357700.0,11020,9.83,0.0,1,0,52,0.0,27.9,0.0,27.95,0.0
1788527358075.0,11040,9.85,0.0,1,0,52,0.0,27.9,0.0,27.95,0.0
1788527358450.0,11060,9.72,0.0,0,0,52,0.0,27.9,0.0,27.95,0.0
1788527358825.0,11080,9.75,0.0,0,0,52,0.0,27.9,0.0,27.95,0.0
1788527359295.0,11100,9.54,0.0,0,0,52,0.0,27.9,0.0,27.95,0.0
1788527359660.0,11120,10.15,0.0,0,0,52,0.0,27.9,0.0,27.95,0.0
1788527360049.0,11140,9.88,0.0,0,0,52,0.0,27.9,0.0,27.95,0.0
1788527360322.0,11160,10.08,0.0,0,0,52,0.0,27.9,0.0,27.95,0.0
1788527360731.0,11180,9.72,0.0,0,0,52,0.0,27.9,0.0,27.95,0.0
1788527361139.0,11200,9.79,0.0,0,0,52,0.0,27.9,0.0,27.95,0.0
1788527361491.0,11220,9.77,0.0,0,0,52,0.0,27.9,0.0,27.95,0.0
1788527361853.0,11240,9.75,0.0,0,0,52,0.0,27.9,0.0,27.95,0.0
1788527362232.0,11260,9.78,0.0,0,0,52,0.0,27.9,0.0,27.95,0.0
1788527362597.0,11280,9.78,0.0,0,0,52,0.0,27.9,0.0,27.95,0.0
1788527363311.0,11300,9.76,0.0,0,0,52,0.0,27.9,0.0,27.95,0.0
1788527363587.0,11320,9.89,0.0,0,0,52,0.0,27.9,0.0,27.95,0.0
1788527363792.0,11340,9.63,0.0,1,0,53,0.0,27.9,0.0,27.95,0.0
1788527364068.0,11360,10.92,0.0,1,0,53,0.0,27.9,0.0,27.95,0.0
1788527364442.0,11380,9.86,0.0,1,0,53,0.0,27.9,0.0,27.95,0.0
1788527364817.0,11400,9.89,0.0,1,0,53,0.0,27.9,0.0,27.95,0.0
1788527365192.0,11420,9.9,0.0,0,0,53,0.0,27.9,0.0,27.95,0.0
1788527365567.0,11440,10.64,0.0,0,0,53,0.0,27.9,0.0,27.95,0.0
1788527365941.0,11460,10.66,0.0,0,0,53,0.0,27.9,0.0,27.95,0.0
1788527366316.0,11480,9.16,0.0,1,0,54,0.0,27.9,0.0,27.95,0.0
1788527366690.0,11500,10.59,0.0,1,0,55,1.95,28.6,0.0,28.6,0.0
1788527367065.0,11520,10.4,0.0,1,0,55,1.68,28.6,0.0,28.6,0.0
1788527367440.0,11540,9.9,0.0,1,0,55,0.96,28.6,0.0,28.6,0.0
1788527367814.0,11560,9.87,0.0,1,0,55,0.87,28.6,0.0,28.6,0.0
1788527368189.0,11580,9.87,0.0,0,0,55,0.0,28.6,0.0,28.6,0.0
1788527368565.0,11600,9.85,0.0,0,0,55,0.0,28.6,0.0,28.6,0.0
1788527368940.0,11620,9.86,0.0,0,0,55,0.0,28.6,0.0,28.6,0.0
1788527369314.0,11640,9.85,0.0,0,0,55,0.0,28.6,0.0,28.6,0.0
1788527369688.0,11660,9.88,0.0,0,0,55,0.0,28.6,0.0,28.6,0.0
1788527370063.0,11680,9.89,0.0,0,0,55,0.0,28.6,0.0,28.6,0.0
1788527370437.0,11700,9.9,0.0,0,0,55,0.0,28.6,0.0,28.6,0.0
1788527370812.0,11720,9.9,0.0,0,0,55,0.0,28.6,0.0,28.6,0.0
1788527371187.0,11740,9.92,0.0,0,0,55,0.0,28.6,0.0,28.6,0.0
1788527371562.0,11760,9.92,0.0,0,0,55,0.0,28.6,0.0,28.6,0.0
1788527371935.0,11780,9.88,0.0,0,0,55,0.0,28.6,0.0,28.6,0.0
1788527372311.0,11800,9.9,0.0,0,0,55,0.0,28.6,0.0,28.6,0.0
1788527372685.0,11820,9.95,0.0,0,0,55,0.0,28.6,0.0,28.6,0.0
1788527373062.0,11840,9.93,0.0,0,0,55,0.0,28.6,0.0,28.6,0.0
1788527373434.0,11860,9.95,0.0,0,0,55,0.0,28.6,0.0,28.6,0.0
1788527373816.0,11880,9.95,0.0,0,0,55,0.0,28.6,0.0,28.6,0.0
1788527374184.0,11900,9.96,0.0,0,0,55,0.0,28.6,0.0,28.6,0.0
1788527374558.0,11920,9.94,0.0,0,0,55,0.0,28.6,0.0,28.6,0.0
1788527374932.0,11940,10.96,0.0,0,0,55,0.0,28.6,0.0,28.6,0.0
1788527375308.0,11960,9.92,0.0,0,0,55,0.0,28.6,0.0,28.6,0.0
1788527375683.0,11980,9.92,0.0,0,0,55,0.0,28.6,0.0,28.6,0.0
1788527376056.0,12000,9.95,0.0,0,0,55,0.0,28.6,0.0,28.6,0.0
1788527376432.0,12020,9.97,0.0,0,0,55,0.0,28.6,0.0,28.6,0.0
1788527376807.0,12040,9.97,0.0,0,0,55,0.0,28.6,0.0,28.6,0.0
1788527377180.0,12060,9.93,0.0,0,0,55,0.0,28.6,0.0,28.6,0.0
1788527377555.0,12080,9.94,0.0,0,0,55,0.0,28.6,0.0,28.6,0.0
1788527377930.0,12100,9.95,0.0,0,0,55,0.0,28.6,0.0,28.6,0.0
1788527378305.0,12120,9.96,0.0,0,0,55,0.0,28.6,0.0,28.6,0.0
1788527378681.0,12140,10.87,0.0,0,0,55,0.0,28.6,0.0,28.6,0.0
1788527379055.0,12160,10.87,0.0,0,0,55,0.0,28.6,0.0,28.6,0.0
1788527379428.0,12180,9.98,0.0,0,0,55,0.0,28.6,0.0,28.6,0.0
1788527902604.0,20,9.8,0.0,0,0,0,0.0,0.0,0.0,0.0,0.0
1788527902979.0,40,9.8,0.0,0,0,0,0.0,0.0,0.0,0.0,0.0
1788527903353.0,60,9.8,0.0,0,0,0,0.0,0.0,0.0,0.0,0.0
1788527903729.0,80,9.8,0.0,0,0,0,0.0,0.0,0.0,0.0,0.0
1788527904105.0,100,9.8,0.0,0,0,0,0.0,0.0,0.0,0.0,0.0
1788527904478.0,120,9.8,0.0,0,0,0,0.0,0.0,0.0,0.0,0.0
1788527904852.0,140,9.8,0.0,0,0,0,0.0,0.0,0.0,0.0,0.0
1788527905227.0,160,9.8,0.0,0,0,0,0.0,0.0,0.0,0.0,0.0
1788527905602.0,180,9.8,0.0,0,0,0,0.0,0.0,0.0,0.0,0.0
1788527905977.0,200,9.8,0.0,0,0,0,0.0,0.0,0.0,0.0,0.0
1788527906351.0,220,9.8,0.0,0,0,0,0.0,0.0,0.0,0.0,0.0
1788527906726.0,240,9.8,0.0,0,0,0,0.0,0.0,0.0,0.0,0.0
1788527907100.0,260,9.8,0.0,0,0,0,0.0,0.0,0.0,0.0,0.0
1788527907475.0,280,9.8,0.0,0,0,0,0.0,0.0,0.0,0.0,0.0
1788527907851.0,300,9.8,0.0,0,0,0,0.0,0.0,0.0,0.0,0.0
1788527908225.0,320,9.8,0.0,0,0,0,0.0,0.0,0.0,0.0,0.0
1788527908602.0,340,9.8,0.0,0,0,0,0.0,0.0,0.0,0.0,0.0
1788527908975.0,360,9.8,0.0,0,0,0,0.0,0.0,0.0,0.0,0.0
1788527909352.0,380,9.8,0.0,0,0,0,0.0,0.0,0.0,0.0,0.0
1788527909724.0,400,9.8,0.0,0,0,0,0.0,0.0,0.0,0.0,0.0
1788527910098.0,420,9.8,0.0,0,0,0,0.0,0.0,0.0,0.0,0.0
1788527910473.0,440,9.8,0.0,0,0,0,0.0,0.0,0.0,0.0,0.0
1788527910847.0,460,9.8,0.0,0,0,0,0.0,0.0,0.0,0.0,0.0
1788527911222.0,480,9.8,0.0,0,0,0,0.0,0.0,0.0,0.0,0.0
1788527911597.0,500,9.8,0.0,0,0,0,0.0,0.0,0.0,0.0,0.0
1788527911972.0,520,9.8,0.0,0,0,0,0.0,0.0,0.0,0.0,0.0
1788527912347.0,540,9.8,0.0,0,0,0,0.0,0.0,0.0,0.0,0.0
1788527912721.0,560,9.8,0.0,0,0,0,0.0,0.0,0.0,0.0,0.0
1788527913096.0,580,9.8,0.0,0,0,0,0.0,0.0,0.0,0.0,0.0
1788527913471.0,600,9.8,0.0,0,0,0,0.0,0.0,0.0,0.0,0.0
1788527913848.0,620,9.8,0.0,0,0,0,0.0,0.0,0.0,0.0,0.0
1788527914221.0,640,9.8,0.0,0,0,0,0.0,0.0,0.0,0.0,0.0
1788527914597.0,660,9.8,0.0,0,0,0,0.0,0.0,0.0,0.0,0.0
1788527914970.0,680,9.8,0.0,0,0,0,0.0,0.0,0.0,0.0,0.0
1788527915344.0,700,9.8,0.0,0,0,0,0.0,0.0,0.0,0.0,0.0
1788527915718.0,720,9.8,0.0,0,0,0,0.0,0.0,0.0,0.0,0.0
1788527916094.0,740,9.8,0.0,0,0,0,0.0,0.0,0.0,0.0,0.0
1788527916470.0,760,9.8,0.0,0,0,0,0.0,0.0,0.0,0.0,0.0
1788527916844.0,780,9.8,0.0,0,0,0,0.0,0.0,0.0,0.0,0.0
1788527917219.0,800,9.8,0.0,0,0,0,0.0,0.0,0.0,0.0,0.0
1788527917593.0,820,9.8,0.0,0,0,0,0.0,0.0,0.0,0.0,0.0
1788527917967.0,840,9.8,0.0,0,0,0,0.0,0.0,0.0,0.0,0.0
1788527918342.0,860,11.13,0.0,0,0,0,0.0,0.0,0.0,0.0,0.0
1788527918716.0,880,9.8,0.0,0,0,0,0.0,0.0,0.0,0.0,0.0
1788527919092.0,900,9.8,0.0,0,0,0,0.0,0.0,0.0,0.0,0.0
1788527919467.0,920,9.8,0.0,0,0,0,0.0,0.0,0.0,0.0,0.0
1788527919841.0,940,9.8,0.0,0,0,0,0.0,0.0,0.0,0.0,0.0
1788527920215.0,960,9.8,0.0,0,0,0,0.0,0.0,0.0,0.0,0.0
1788527920590.0,980,9.8,0.0,0,0,0,0.0,0.0,0.0,0.0,0.0
1788527920964.0,1000,9.8,0.0,0,0,0,0.0,0.0,0.0,0.0,0.0
1788527921339.0,1020,9.8,0.0,0,0,0,0.0,0.0,0.0,0.0,0.0
1788527921714.0,1040,9.8,0.0,0,0,0,0.0,0.0,0.0,0.0,0.0
1788527922089.0,1060,9.8,0.0,0,0,0,0.0,0.0,0.0,0.0,0.0
1788527922463.0,1080,9.8,0.0,0,0,0,0.0,0.0,0.0,0.0,0.0
1788527922837.0,1100,9.8,0.0,0,0,0,0.0,0.0,0.0,0.0,0.0
1788527923213.0,1120,9.8,0.0,0,0,0,0.0,0.0,0.0,0.0,0.0
1788527923587.0,1140,9.8,0.0,0,0,0,0.0,0.0,0.0,0.0,0.0
1788527923962.0,1160,9.8,0.0,0,0,0,0.0,0.0,0.0,0.0,0.0
1788527924336.0,1180,9.8,0.0,0,0,0,0.0,0.0,0.0,0.0,0.0
1788527924711.0,1200,9.8,0.0,0,0,0,0.0,0.0,0.0,0.0,0.0
1788527925085.0,1220,9.8,0.0,0,0,0,0.0,0.0,0.0,0.0,0.0
1788527925460.0,1240,9.8,0.0,0,0,0,0.0,0.0,0.0,0.0,0.0
1788527925836.0,1260,9.8,0.0,0,0,0,0.0,0.0,0.0,0.0,0.0
1788527926209.0,1280,9.8,0.0,0,0,0,0.0,0.0,0.0,0.0,0.0
1788527926585.0,1300,9.8,0.0,0,0,0,0.0,0.0,0.0,0.0,0.0
1788527926959.0,1320,9.8,0.0,0,0,0,0.0,0.0,0.0,0.0,0.0
1788527927335.0,1340,9.8,0.0,0,0,0,0.0,0.0,0.0,0.0,0.0
1788527927708.0,1360,9.8,0.0,0,0,0,0.0,0.0,0.0,0.0,0.0
1788527928085.0,1380,9.8,0.0,0,0,0,0.0,0.0,0.0,0.0,0.0
1788527928458.0,1400,9.8,0.0,0,0,0,0.0,0.0,0.0,0.0,0.0
1788527928832.0,1420,9.8,0.0,0,0,0,0.0,0.0,0.0,0.0,0.0
1788527929208.0,1440,9.8,0.0,0,0,0,0.0,0.0,0.0,0.0,0.0
1788527929584.0,1460,9.8,0.0,0,0,0,0.0,0.0,0.0,0.0,0.0
1788527929957.0,1480,9.8,0.0,0,0,0,0.0,0.0,0.0,0.0,0.0
1788527930335.0,1500,9.8,0.0,0,0,0,0.0,0.0,0.0,0.0,0.0
1788527930706.0,1520,9.8,0.0,0,0,0,0.0,0.0,0.0,0.0,0.0
1788527931080.0,1540,9.8,0.0,0,0,0,0.0,0.0,0.0,0.0,0.0
1788527931456.0,1560,9.8,0.0,0,0,0,0.0,0.0,0.0,0.0,0.0
1788527931830.0,1580,9.8,0.0,0,0,0,0.0,0.0,0.0,0.0,0.0
1788527932205.0,1600,9.8,0.0,0,0,0,0.0,0.0,0.0,0.0,0.0
1788527932580.0,1620,9.8,0.0,0,0,0,0.0,0.0,0.0,0.0,0.0
1788527932954.0,1640,9.8,0.0,0,0,0,0.0,0.0,0.0,0.0,0.0
1788527933330.0,1660,9.8,0.0,0,0,0,0.0,0.0,0.0,0.0,0.0
1788527933704.0,1680,9.8,0.0,0,0,0,0.0,0.0,0.0,0.0,0.0
1788527934079.0,1700,9.8,0.0,0,0,0,0.0,0.0,0.0,0.0,0.0
1788527934453.0,1720,9.8,0.0,0,0,0,0.0,0.0,0.0,0.0,0.0
1788527934829.0,1740,9.8,0.0,0,0,0,0.0,0.0,0.0,0.0,0.0
1788527935203.0,1760,9.8,0.0,0,0,0,0.0,0.0,0.0,0.0,0.0
1788527935578.0,1780,11.67,0.0,0,0,1,0.0,0.0,0.0,0.0,0.0
1788527935952.0,1800,9.88,0.0,0,0,1,0.0,0.0,0.0,0.0,0.0
1788527936328.0,1820,11.12,0.0,0,0,1,0.0,0.0,0.0,0.0,0.0
1788527936702.0,1840,7.77,0.0,0,0,1,0.0,0.0,0.0,0.0,0.0
1788527937077.0,1860,10.89,0.0,0,0,1,0.0,0.0,0.0,0.0,0.0
1788527937452.0,1880,9.92,0.0,0,0,1,0.0,0.0,0.0,0.0,0.0
1788527937827.0,1900,11.99,0.0,1,0,2,0.86,0.7,0.0,0.65,0.0
1788527938202.0,1920,9.05,0.0,1,0,2,0.83,0.7,0.0,0.65,0.0
1788527938576.0,1940,7.29,0.0,1,0,3,1.07,1.3,0.0,1.3,0.0
1788527938951.0,1960,9.22,0.0,1,0,3,0.9,1.3,0.0,1.3,0.0
1788527939325.0,1980,12.4,0.0,1,0,4,1.12,2.0,0.0,1.95,0.0
1788527939700.0,2000,11.02,0.0,1,0,5,1.95,2.6,0.0,2.6,0.0
1788527940075.0,2020,9.8,0.0,1,0,5,1.68,2.6,0.0,2.6,0.0
1788527940452.0,2040,9.8,0.0,1,0,5,1.31,2.6,0.0,2.6,0.0
1788527940825.0,2060,9.8,0.0,1,0,5,1.09,2.6,0.0,2.6,0.0
1788527941203.0,2080,11.14,0.0,0,0,5,0.0,2.6,0.0,2.6,0.0
1788527941574.0,2100,9.8,0.0,0,0,5,0.0,2.6,0.0,2.6,0.0
1788527941953.0,2120,9.8,0.0,0,0,5,0.0,2.6,0.0,2.6,0.0
1788527942324.0,2140,9.8,0.0,0,0,5,0.0,2.6,0.0,2.6,0.0
1788527942703.0,2160,9.8,0.0,0,0,5,0.0,2.6,0.0,2.6,0.0
1788527943073.0,2180,9.8,0.0,0,0,5,0.0,2.6,0.0,2.6,0.0
1788527943448.0,2200,9.8,0.0,0,0,5,0.0,2.6,0.0,2.6,0.0
1788527943823.0,2220,9.8,0.0,0,0,5,0.0,2.6,0.0,2.6,0.0
1788527944197.0,2240,9.8,0.0,0,0,5,0.0,2.6,0.0,2.6,0.0
1788527944572.0,2260,9.8,0.0,0,0,5,0.0,2.6,0.0,2.6,0.0
1788527944947.0,2280,9.8,0.0,0,0,5,0.0,2.6,0.0,2.6,0.0
1788527945322.0,2300,9.8,0.0,0,0,5,0.0,2.6,0.0,2.6,0.0
1788527945696.0,2320,9.8,0.0,0,0,5,0.0,2.6,0.0,2.6,0.0
1788527946112.0,2340,9.8,0.0,0,0,5,0.0,2.6,0.0,2.6,0.0
1788527946448.0,2360,9.8,0.0,0,0,5,0.0,2.6,0.0,2.6,0.0
1788527946819.0,2380,9.8,0.0,0,0,5,0.0,2.6,0.0,2.6,0.0
1788527947194.0,2400,9.8,0.0,0,0,5,0.0,2.6,0.0,2.6,0.0
1788527947568.0,2420,9.85,0.0,0,0,5,0.0,2.6,0.0,2.6,0.0
1788527947943.0,2440,9.8,0.0,0,0,5,0.0,2.6,0.0,2.6,0.0
1788527948318.0,2460,10.95,0.0,0,0,5,0.0,2.6,0.0,2.6,0.0
1788527948693.0,2480,9.86,0.0,0,0,5,0.0,2.6,0.0,2.6,0.0
1788527949067.0,2500,9.8,0.0,0,0,5,0.0,2.6,0.0,2.6,0.0
1788527949442.0,2520,9.86,0.0,0,0,5,0.0,2.6,0.0,2.6,0.0
1788527949817.0,2540,9.94,0.0,0,0,5,0.0,2.6,0.0,2.6,0.0
1788527950191.0,2560,9.86,0.0,0,0,5,0.0,2.6,0.0,2.6,0.0
1788527950566.0,2580,9.94,0.0,0,0,5,0.0,2.6,0.0,2.6,0.0
1788527950942.0,2600,9.87,0.0,0,0,5,0.0,2.6,0.0,2.6,0.0
1788527951319.0,2620,9.95,0.0,0,0,5,0.0,2.6,0.0,2.6,0.0
1788527951691.0,2640,11.52,0.0,1,0,7,1.95,3.2,0.0,3.25,0.0
1788527952069.0,2660,11.33,0.0,1,1,8,1.95,3.9,0.0,3.9,0.0
1788527952440.0,2680,9.8,0.0,1,0,8,1.95,3.9,0.0,3.9,0.0
1788527952815.0,2700,9.8,0.0,1,0,8,1.55,3.9,0.0,3.9,0.0
1788527953190.0,2720,9.97,0.0,1,0,8,1.18,3.9,0.0,3.9,0.0
1788527953564.0,2740,9.8,0.0,1,0,8,0.98,3.9,0.0,3.9,0.0
1788527953939.0,2760,9.8,0.0,0,0,8,0.0,3.9,0.0,3.9,0.0
1788527954313.0,2780,9.8,0.0,0,0,8,0.0,3.9,0.0,3.9,0.0
1788527954689.0,2800,9.8,0.0,0,0,8,0.0,3.9,0.0,3.9,0.0
1788527955063.0,2820,9.8,0.0,0,0,8,0.0,3.9,0.0,3.9,0.0
1788527955437.0,2840,9.8,0.0,0,0,8,0.0,3.9,0.0,3.9,0.0
1788527955812.0,2860,9.8,0.0,0,0,8,0.0,3.9,0.0,3.9,0.0
1788527956187.0,2880,9.8,0.0,0,0,8,0.0,3.9,0.0,3.9,0.0
1788527956561.0,2900,9.8,0.0,0,0,8,0.0,3.9,0.0,3.9,0.0
1788527956936.0,2920,9.88,0.0,0,0,8,0.0,3.9,0.0,3.9,0.0
1788527957311.0,2940,9.86,0.0,0,0,8,0.0,3.9,0.0,3.9,0.0
1788527957685.0,2960,9.8,0.0,0,0,8,0.0,3.9,0.0,3.9,0.0
1788527958060.0,2980,9.8,0.0,0,0,8,0.0,3.9,0.0,3.9,0.0
1788527958435.0,3000,9.8,0.0,0,0,8,0.0,3.9,0.0,3.9,0.0
1788527958809.0,3020,9.8,0.0,0,0,8,0.0,3.9,0.0,3.9,0.0
1788527959185.0,3040,11.23,0.0,0,0,8,0.0,3.9,0.0,3.9,0.0
1788527959559.0,3060,9.8,0.0,0,0,8,0.0,3.9,0.0,3.9,0.0
1788527959933.0,3080,9.85,0.0,0,0,8,0.0,3.9,0.0,3.9,0.0
1788527960309.0,3100,9.8,0.0,1,0,10,1.95,4.5,0.0,4.55,0.0
1788527960686.0,3120,10.93,0.0,1,0,10,1.95,4.5,0.0,4.55,0.0
1788527961057.0,3140,11.06,0.0,1,0,10,1.02,4.5,0.0,4.55,0.0
1788527961436.0,3160,10.94,0.0,1,0,10,0.96,4.5,0.0,4.55,0.0
1788527961807.0,3180,9.8,0.0,1,0,10,0.78,4.5,0.0,4.55,0.0
1788527962182.0,3200,10.91,0.0,1,0,10,0.66,4.5,0.0,4.55,0.0
1788527962556.0,3220,9.8,0.0,1,0,11,0.66,5.2,0.0,5.2,0.0
1788527962931.0,3240,9.8,0.0,1,0,11,0.6,5.2,0.0,5.2,0.0
1788527963305.0,3260,9.8,0.0,1,0,11,0.51,5.2,0.0,5.2,0.0
1788527963680.0,3280,11.06,0.0,1,0,12,0.93,5.9,0.0,5.85,0.0
1788527964055.0,3300,9.8,0.0,1,0,12,0.69,5.9,0.0,5.85,0.0
1788527964433.0,3320,11.19,0.0,1,0,12,0.58,5.9,0.0,5.85,0.0
1788527964805.0,3340,9.8,0.0,1,0,12,0.5,5.9,0.0,5.85,0.0
1788527965179.0,3360,9.8,0.0,0,0,12,0.0,5.9,0.0,5.85,0.0
1788527965553.0,3380,9.8,0.0,0,0,12,0.0,5.9,0.0,5.85,0.0
1788527965932.0,3400,9.8,0.0,0,0,12,0.0,5.9,0.0,5.85,0.0
1788527966303.0,3420,9.8,0.0,0,0,12,0.0,5.9,0.0,5.85,0.0
1788527966679.0,3440,8.61,0.0,1,0,13,0.0,5.9,0.0,5.85,0.0
1788527967053.0,3460,10.82,0.0,1,0,13,0.0,5.9,0.0,5.85,0.0
1788527967428.0,3480,9.8,0.0,1,0,13,0.0,5.9,0.0,5.85,0.0
1788527967803.0,3500,11.45,0.0,1,0,13,0.0,5.9,0.0,5.85,0.0
1788527968177.0,3520,9.8,0.0,1,0,14,0.84,6.5,0.0,6.5,0.0
1788527968552.0,3540,9.8,0.0,1,0,14,0.71,6.5,0.0,6.5,0.0
1788527968928.0,3560,9.8,0.0,1,0,14,0.62,6.5,0.0,6.5,0.0
1788527969301.0,3580,11.18,0.0,1,0,15,0.94,7.2,0.0,7.15,0.0
1788527969676.0,3600,9.8,0.0,1,0,16,1.07,7.8,0.0,7.8,0.0
1788527970051.0,3620,9.8,0.0,1,0,16,0.91,7.8,0.0,7.8,0.0
1788527970426.0,3640,11.02,0.0,1,0,16,0.91,7.8,0.0,7.8,0.0
1788527970801.0,3660,9.8,0.0,1,0,17,1.12,8.5,0.0,8.45,0.0
1788527971175.0,3680,11.25,0.0,1,0,17,0.88,8.5,0.0,8.45,0.0
1788527971550.0,3700,9.8,0.0,1,0,17,0.82,8.5,0.0,8.45,0.0
1788527971925.0,3720,9.8,0.0,1,0,17,0.46,8.5,0.0,8.45,0.0
1788527972302.0,3740,9.8,0.0,1,0,18,0.78,9.1,0.0,9.1,0.0
1788527972674.0,3760,9.8,0.0,1,0,18,0.63,9.1,0.0,9.1,0.0
1788527973053.0,3780,9.8,0.0,1,0,18,0.54,9.1,0.0,9.1,0.0
1788527973424.0,3800,9.8,0.0,1,0,18,0.38,9.1,0.0,9.1,0.0
1788527973798.0,3820,9.8,0.0,0,0,18,0.0,9.1,0.0,9.1,0.0
1788527974172.0,3840,9.8,0.0,0,0,18,0.0,9.1,0.0,9.1,0.0
1788527974548.0,3860,11.46,0.0,1,0,19,0.5,9.8,0.0,9.75,0.0
1788527974923.0,3880,9.8,0.0,1,0,20,1.95,10.4,0.0,10.4,0.0
1788527975297.0,3900,9.8,0.0,1,0,21,1.95,11.1,0.0,11.05,0.0
1788527975672.0,3920,9.8,0.0,1,0,21,1.58,11.1,0.0,11.05,0.0
1788527976049.0,3940,9.8,0.0,1,0,22,1.62,11.7,0.0,11.7,0.0
1788527976422.0,3960,11.1,0.0,1,0,22,1.3,11.7,0.0,11.7,0.0
1788527976797.0,3980,9.8,0.0,1,0,23,1.39,12.4,0.0,12.35,0.0
1788527977171.0,4000,11.38,0.0,1,0,24,1.39,13.0,0.0,13.0,0.0
1788527977546.0,4020,9.8,0.0,1,0,24,1.07,13.0,0.0,13.0,0.0
1788527977920.0,4040,11.14,0.0,1,0,24,0.88,13.0,0.0,13.0,0.0
1788527978295.0,4060,9.8,0.0,1,0,24,0.74,13.0,0.0,13.0,0.0
1788527978670.0,4080,11.4,0.0,1,0,25,0.96,13.7,0.0,13.65,0.0
1788527979045.0,4100,9.86,0.0,1,0,25,0.6,13.7,0.0,13.65,0.0
1788527979419.0,4120,9.86,0.0,1,0,25,0.53,13.7,0.0,13.65,0.0
1788527979794.0,4140,11.11,0.0,1,0,25,0.43,13.7,0.0,13.65,0.0
1788527980169.0,4160,11.46,0.0,1,0,26,0.76,14.3,0.0,14.3,0.0
1788527980544.0,4180,9.8,0.0,1,0,26,0.58,14.3,0.0,14.3,0.0
1788527980918.0,4200,9.8,0.0,1,0,26,0.56,14.3,0.0,14.3,0.0
1788527981292.0,4220,11.0,0.0,1,0,26,0.39,14.3,0.0,14.3,0.0
1788527981668.0,4240,9.87,0.0,1,0,27,0.79,15.0,0.0,14.95,0.0
1788527982042.0,4260,11.9,0.0,1,0,27,0.61,15.0,0.0,14.95,0.0
1788527982417.0,4280,9.8,0.0,1,0,28,1.36,15.6,0.0,15.6,0.0
1788527982792.0,4300,9.95,0.0,1,0,29,1.63,16.3,0.0,16.25,0.0
1788527983166.0,4320,9.85,0.0,1,0,29,1.3,16.3,0.0,16.25,0.0
1788527983541.0,4340,9.8,0.0,1,0,29,0.98,16.3,0.0,16.25,0.0
1788527983915.0,4360,11.79,0.0,1,0,29,0.85,16.3,0.0,16.25,0.0
1788527984290.0,4380,9.8,0.0,1,0,30,0.91,16.9,0.0,16.9,0.0
1788527984668.0,4400,9.8,0.0,1,0,30,0.82,16.9,0.0,16.9,0.0
1788527985040.0,4420,11.94,0.0,1,0,31,0.8,17.6,0.0,17.55,0.0
1788527985415.0,4440,9.85,0.0,1,0,32,1.41,18.2,0.0,18.2,0.0
1788527985791.0,4460,11.01,0.0,1,0,33,1.49,18.8,0.0,18.85,0.0
1788527986165.0,4480,9.8,0.0,1,0,33,1.28,18.8,0.0,18.85,0.0
1788527986539.0,4500,10.95,0.0,1,0,34,1.34,19.5,0.0,19.5,0.0
1788527986914.0,4520,11.17,0.0,1,0,35,1.84,20.1,0.0,20.15,0.0
1788527987289.0,4540,9.88,0.0,1,0,35,1.43,20.1,0.0,20.15,0.0
1788527987664.0,4560,11.64,0.0,1,0,36,1.47,20.8,0.0,20.8,0.0
1788527988038.0,4580,9.8,0.0,1,0,37,1.41,21.4,0.0,21.45,0.0
1788527988413.0,4600,9.8,0.0,1,0,37,1.26,21.4,0.0,21.45,0.0
1788527988788.0,4620,11.14,0.0,1,0,37,0.87,21.4,0.0,21.45,0.0
1788527989161.0,4640,9.8,0.0,1,0,38,1.08,22.1,0.0,22.1,0.0
1788527989536.0,4660,9.96,0.0,1,0,39,1.17,22.7,0.0,22.75,0.0
1788527989912.0,4680,9.99,0.0,1,0,39,0.89,22.7,0.0,22.75,0.0
1788527990285.0,4700,9.88,0.0,1,1,40,1.55,23.4,0.0,23.4,0.0
1788527990661.0,4720,11.02,0.0,1,0,40,1.11,23.4,0.0,23.4,0.0
1788527991035.0,4740,9.8,0.0,1,0,41,1.33,24.0,0.0,24.05,0.0
1788527991410.0,4760,9.8,0.0,1,0,41,0.9,24.0,0.0,24.05,0.0
1788527991786.0,4780,9.8,0.0,1,0,43,1.54,25.3,0.0,25.35,0.0
1788527992159.0,4800,11.09,0.0,1,0,44,1.5,26.0,0.0,26.0,0.0
1788527992534.0,4820,11.26,0.0,1,0,44,1.46,26.0,0.0,26.0,0.0
1788527992909.0,4840,9.8,0.0,1,0,44,1.26,26.0,0.0,26.0,0.0
1788527993283.0,4860,11.36,0.0,1,0,45,1.31,26.6,0.0,26.65,0.0
1788527993659.0,4880,9.8,0.0,1,0,45,1.13,26.6,0.0,26.65,0.0
1788527994033.0,4900,9.8,0.0,1,0,46,1.2,27.3,0.0,27.3,0.0
1788527994408.0,4920,9.8,0.0,1,0,46,0.91,27.3,0.0,27.3,0.0
1788527994785.0,4940,10.95,0.0,1,0,46,0.82,27.3,0.0,27.3,0.0
1788527995158.0,4960,9.8,0.0,1,0,46,0.67,27.3,0.0,27.3,0.0
1788527995536.0,4980,10.95,0.0,0,0,46,0.0,27.3,0.0,27.3,0.0
1788527995908.0,5000,9.8,0.0,0,0,46,0.0,27.3,0.0,27.3,0.0
1788527996281.0,5020,11.88,0.0,1,0,47,0.0,27.3,0.0,27.3,0.0
1788527996657.0,5040,10.91,0.0,1,0,47,0.0,27.3,0.0,27.3,0.0
1788527997032.0,5060,9.8,0.0,1,0,48,1.95,27.9,0.0,27.95,0.0
1788527997407.0,5080,11.03,0.0,1,0,49,1.95,28.6,0.0,28.6,0.0
1788527997781.0,5100,9.8,0.0,1,0,50,1.95,29.2,0.0,29.25,0.0
1788527998155.0,5120,11.13,0.0,1,0,50,1.82,29.2,0.0,29.25,0.0
1788527998531.0,5140,9.93,0.0,1,0,51,1.92,29.9,0.0,29.9,0.0
1788527998906.0,5160,9.8,0.0,1,0,51,1.46,29.9,0.0,29.9,0.0
1788527999279.0,5180,11.39,0.0,1,0,51,1.32,29.9,0.0,29.9,0.0
1788527999654.0,5200,9.8,0.0,1,0,51,0.79,29.9,0.0,29.9,0.0
1788528000029.0,5220,10.87,0.0,0,0,51,0.0,29.9,0.0,29.9,0.0
1788528000404.0,5240,9.8,0.0,0,0,51,0.0,29.9,0.0,29.9,0.0
1788528000778.0,5260,9.8,0.0,1,0,52,0.57,30.5,0.0,30.55,0.0
1788528001154.0,5280,11.11,0.0,1,0,53,1.95,31.2,0.0,31.2,0.0
1788528001528.0,5300,9.8,0.0,1,0,53,1.45,31.2,0.0,31.2,0.0
1788528001902.0,5320,12.78,0.0,1,0,54,1.47,31.8,0.0,31.85,0.0
1788528002277.0,5340,10.32,0.0,1,0,54,1.26,31.8,0.0,31.85,0.0
1788528002652.0,5360,10.93,0.0,1,0,56,1.63,33.1,0.0,33.15,0.0
1788528003027.0,5380,7.57,0.0,1,0,57,1.63,33.8,0.0,33.8,0.0
1788528003403.0,5400,11.39,0.0,1,0,58,1.7,34.4,0.0,34.45,0.0
1788528003777.0,5420,10.3,0.0,1,0,58,1.91,34.4,0.0,34.45,0.0
1788528004154.0,5440,11.05,0.0,1,1,60,1.95,35.7,0.0,35.75,0.0
1788528004525.0,5460,10.68,0.0,1,0,61,1.95,36.4,0.0,36.4,0.0
1788528004900.0,5480,12.09,0.0,1,0,62,1.9,37.0,0.0,37.05,0.0
1788528005275.0,5500,9.8,0.0,1,0,62,1.68,37.0,0.0,37.05,0.0
1788528005650.0,5520,9.8,0.0,1,0,62,1.49,37.0,0.0,37.05,0.0
1788528006025.0,5540,9.8,0.0,1,0,62,1.23,37.0,0.0,37.05,0.0
1788528006400.0,5560,9.8,0.0,1,0,62,1.06,37.0,0.0,37.05,0.0
1788528006775.0,5580,9.8,0.0,0,0,62,0.0,37.0,0.0,37.05,0.0
1788528007152.0,5600,9.8,0.0,0,0,62,0.0,37.0,0.0,37.05,0.0
1788528007524.0,5620,9.8,0.0,0,0,62,0.0,37.0,0.0,37.05,0.0
1788528007901.0,5640,9.8,0.0,0,0,62,0.0,37.0,0.0,37.05,0.0
1788528008274.0,5660,9.8,0.0,0,0,62,0.0,37.0,0.0,37.05,0.0
1788528008649.0,5680,9.8,0.0,0,0,62,0.0,37.0,0.0,37.05,0.0
1788528009023.0,5700,9.8,0.0,0,0,62,0.0,37.0,0.0,37.05,0.0
1788528009397.0,5720,9.8,0.0,0,0,62,0.0,37.0,0.0,37.05,0.0
1788528009773.0,5740,9.8,0.0,0,0,62,0.0,37.0,0.0,37.05,0.0
1788528010148.0,5760,9.8,0.0,0,0,62,0.0,37.0,0.0,37.05,0.0
1788528010523.0,5780,9.8,0.0,0,0,62,0.0,37.0,0.0,37.05,0.0
1788528010897.0,5800,9.8,0.0,0,0,62,0.0,37.0,0.0,37.05,0.0
1788528011272.0,5820,9.8,0.0,0,0,62,0.0,37.0,0.0,37.05,0.0
1788528011646.0,5840,9.8,0.0,0,0,62,0.0,37.0,0.0,37.05,0.0
1788528012022.0,5860,9.8,0.0,0,0,62,0.0,37.0,0.0,37.05,0.0
1788528012397.0,5880,9.8,0.0,0,0,62,0.0,37.0,0.0,37.05,0.0
1788528012772.0,5900,9.8,0.0,0,0,62,0.0,37.0,0.0,37.05,0.0
1788528013145.0,5920,9.8,0.0,0,0,62,0.0,37.0,0.0,37.05,0.0
1788528013520.0,5940,9.8,0.0,0,0,62,0.0,37.0,0.0,37.05,0.0
1788528013896.0,5960,9.8,0.0,0,0,62,0.0,37.0,0.0,37.05,0.0
1788528014270.0,5980,9.8,0.0,0,0,62,0.0,37.0,0.0,37.05,0.0
1788528014644.0,6000,9.8,0.0,0,0,62,0.0,37.0,0.0,37.05,0.0
1788528015019.0,6020,9.8,0.0,0,0,62,0.0,37.0,0.0,37.05,0.0
1788528015395.0,6040,9.8,0.0,0,0,62,0.0,37.0,0.0,37.05,0.0
1788528015771.0,6060,9.8,0.0,0,0,62,0.0,37.0,0.0,37.05,0.0
1788528016143.0,6080,9.8,0.0,0,0,62,0.0,37.0,0.0,37.05,0.0
1788528016518.0,6100,9.8,0.0,0,0,62,0.0,37.0,0.0,37.05,0.0
1788528016893.0,6120,9.8,0.0,0,0,62,0.0,37.0,0.0,37.05,0.0
1788528017267.0,6140,9.8,0.0,0,0,62,0.0,37.0,0.0,37.05,0.0
1788528017642.0,6160,9.8,0.0,0,0,62,0.0,37.0,0.0,37.05,0.0
1788528018019.0,6180,9.8,0.0,0,0,62,0.0,37.0,0.0,37.05,0.0
1788528018391.0,6200,9.8,0.0,0,0,62,0.0,37.0,0.0,37.05,0.0
1788528018766.0,6220,9.8,0.0,0,0,62,0.0,37.0,0.0,37.05,0.0
1788528019141.0,6240,9.8,0.0,0,0,62,0.0,37.0,0.0,37.05,0.0
1788528019516.0,6260,9.8,0.0,0,0,62,0.0,37.0,0.0,37.05,0.0
1788528019889.0,6280,9.8,0.0,0,0,62,0.0,37.0,0.0,37.05,0.0
1788528020267.0,6300,9.8,0.0,0,0,62,0.0,37.0,0.0,37.05,0.0
1788528020639.0,6320,9.8,0.0,0,0,62,0.0,37.0,0.0,37.05,0.0
1788528021014.0,6340,9.8,0.0,0,0,62,0.0,37.0,0.0,37.05,0.0
1788528021388.0,6360,9.8,0.0,0,0,62,0.0,37.0,0.0,37.05,0.0
1788528021763.0,6380,9.8,0.0,0,0,62,0.0,37.0,0.0,37.05,0.0
1788528022138.0,6400,9.8,0.0,0,0,62,0.0,37.0,0.0,37.05,0.0
1788528022512.0,6420,9.8,0.0,0,0,62,0.0,37.0,0.0,37.05,0.0
1788528022888.0,6440,9.8,0.0,0,0,62,0.0,37.0,0.0,37.05,0.0
1788528023263.0,6460,9.8,0.0,0,0,62,0.0,37.0,0.0,37.05,0.0
1788528023638.0,6480,9.8,0.0,0,0,62,0.0,37.0,0.0,37.05,0.0
1788528024013.0,6500,9.8,0.0,0,0,62,0.0,37.0,0.0,37.05,0.0
1788528024388.0,6520,9.8,0.0,0,0,62,0.0,37.0,0.0,37.05,0.0
1788528024761.0,6540,9.8,0.0,0,0,62,0.0,37.0,0.0,37.05,0.0
1788528025136.0,6560,9.8,0.0,0,0,62,0.0,37.0,0.0,37.05,0.0
1788528025512.0,6580,9.8,0.0,0,0,62,0.0,37.0,0.0,37.05,0.0
1788528025885.0,6600,9.8,0.0,0,0,62,0.0,37.0,0.0,37.05,0.0
1788528026262.0,6620,9.8,0.0,0,0,62,0.0,37.0,0.0,37.05,0.0
1788528026637.0,6640,9.8,0.0,0,0,62,0.0,37.0,0.0,37.05,0.0
1788528027011.0,6660,9.8,0.0,0,0,62,0.0,37.0,0.0,37.05,0.0
1788528027385.0,6680,9.8,0.0,0,0,62,0.0,37.0,0.0,37.05,0.0
1788528027759.0,6700,9.8,0.0,0,0,62,0.0,37.0,0.0,37.05,0.0
1788528028134.0,6720,9.8,0.0,0,0,62,0.0,37.0,0.0,37.05,0.0
1788528028509.0,6740,9.8,0.0,0,0,62,0.0,37.0,0.0,37.05,0.0
1788528028886.0,6760,9.8,0.0,0,0,62,0.0,37.0,0.0,37.05,0.0
1788528029259.0,6780,9.8,0.0,0,0,62,0.0,37.0,0.0,37.05,0.0
1788528029636.0,6800,9.8,0.0,0,0,62,0.0,37.0,0.0,37.05,0.0
1788528030008.0,6820,9.8,0.0,0,0,62,0.0,37.0,0.0,37.05,0.0
1788528030387.0,6840,9.8,0.0,0,0,62,0.0,37.0,0.0,37.05,0.0
1788528030757.0,6860,9.8,0.0,0,0,62,0.0,37.0,0.0,37.05,0.0
1788528031136.0,6880,9.8,0.0,0,0,62,0.0,37.0,0.0,37.05,0.0
1788528031507.0,6900,9.8,0.0,0,0,62,0.0,37.0,0.0,37.05,0.0
1788528031881.0,6920,9.8,0.0,0,0,62,0.0,37.0,0.0,37.05,0.0
1788528032255.0,6940,9.8,0.0,0,0,62,0.0,37.0,0.0,37.05,0.0
1788528032631.0,6960,9.8,0.0,0,0,62,0.0,37.0,0.0,37.05,0.0
1788528033006.0,6980,9.8,0.0,0,0,62,0.0,37.0,0.0,37.05,0.0
1788528033381.0,7000,9.8,0.0,0,0,62,0.0,37.0,0.0,37.05,0.0
1788528033756.0,7020,9.8,0.0,0,0,62,0.0,37.0,0.0,37.05,0.0
1788528034129.0,7040,9.8,0.0,0,0,62,0.0,37.0,0.0,37.05,0.0
1788528034505.0,7060,9.8,0.0,0,0,62,0.0,37.0,0.0,37.05,0.0
1788528034880.0,7080,9.8,0.0,0,0,62,0.0,37.0,0.0,37.05,0.0
1788528035255.0,7100,9.8,0.0,0,0,62,0.0,37.0,0.0,37.05,0.0
1788528035629.0,7120,9.8,0.0,0,0,62,0.0,37.0,0.0,37.05,0.0
1788528036003.0,7140,9.8,0.0,0,0,62,0.0,37.0,0.0,37.05,0.0
1788528036378.0,7160,9.8,0.0,0,0,62,0.0,37.0,0.0,37.05,0.0
1788528036753.0,7180,9.8,0.0,0,0,62,0.0,37.0,0.0,37.05,0.0
1788528037127.0,7200,9.8,0.0,0,0,62,0.0,37.0,0.0,37.05,0.0
1788528037503.0,7220,9.8,0.0,0,0,62,0.0,37.0,0.0,37.05,0.0
1788528037877.0,7240,9.8,0.0,0,0,62,0.0,37.0,0.0,37.05,0.0
1788528038251.0,7260,9.8,0.0,0,0,62,0.0,37.0,0.0,37.05,0.0
1788528038626.0,7280,9.8,0.0,0,0,62,0.0,37.0,0.0,37.05,0.0
1788528039002.0,7300,9.8,0.0,0,0,62,0.0,37.0,0.0,37.05,0.0
1788528039377.0,7320,9.8,0.0,0,0,62,0.0,37.0,0.0,37.05,0.0
1788528039753.0,7340,9.8,0.0,0,0,62,0.0,37.0,0.0,37.05,0.0
1788528040126.0,7360,9.8,0.0,0,0,62,0.0,37.0,0.0,37.05,0.0
1788528040504.0,7380,9.8,0.0,0,0,62,0.0,37.0,0.0,37.05,0.0
1788528040876.0,7400,9.8,0.0,0,0,62,0.0,37.0,0.0,37.05,0.0
1788528041249.0,7420,9.8,0.0,0,0,62,0.0,37.0,0.0,37.05,0.0
1788528041624.0,7440,9.8,0.0,0,0,62,0.0,37.0,0.0,37.05,0.0
1788528042000.0,7460,9.8,0.0,0,0,62,0.0,37.0,0.0,37.05,0.0
1788528042374.0,7480,9.8,0.0,0,0,62,0.0,37.0,0.0,37.05,0.0
1788528042752.0,7500,9.8,0.0,0,0,62,0.0,37.0,0.0,37.05,0.0
1788528043124.0,7520,9.8,0.0,0,0,62,0.0,37.0,0.0,37.05,0.0
1788528043498.0,7540,9.8,0.0,0,0,62,0.0,37.0,0.0,37.05,0.0
1788528043873.0,7560,9.8,0.0,0,0,62,0.0,37.0,0.0,37.05,0.0
1788528044247.0,7580,9.8,0.0,0,0,62,0.0,37.0,0.0,37.05,0.0
1788528044623.0,7600,9.8,0.0,0,0,62,0.0,37.0,0.0,37.05,0.0
1788528044997.0,7620,9.8,0.0,0,0,62,0.0,37.0,0.0,37.05,0.0
1788528045372.0,7640,9.8,0.0,0,0,62,0.0,37.0,0.0,37.05,0.0
1788528045747.0,7660,9.8,0.0,0,0,62,0.0,37.0,0.0,37.05,0.0
1788528046120.0,7680,9.8,0.0,0,0,62,0.0,37.0,0.0,37.05,0.0
1788528046496.0,7700,9.8,0.0,0,0,62,0.0,37.0,0.0,37.05,0.0
1788528046872.0,7720,9.8,0.0,0,0,62,0.0,37.0,0.0,37.05,0.0
1788528047245.0,7740,9.8,0.0,0,0,62,0.0,37.0,0.0,37.05,0.0
1788528047620.0,7760,9.8,0.0,0,0,62,0.0,37.0,0.0,37.05,0.0
1788528047995.0,7780,9.8,0.0,0,0,62,0.0,37.0,0.0,37.05,0.0
1788528048369.0,7800,9.8,0.0,0,0,62,0.0,37.0,0.0,37.05,0.0
1788528048744.0,7820,9.8,0.0,0,0,62,0.0,37.0,0.0,37.05,0.0
1788528049118.0,7840,9.8,0.0,0,0,62,0.0,37.0,0.0,37.05,0.0
1788528049493.0,7860,9.8,0.0,0,0,62,0.0,37.0,0.0,37.05,0.0
1788528049870.0,7880,9.8,0.0,0,0,62,0.0,37.0,0.0,37.05,0.0
1788528050244.0,7900,9.8,0.0,0,0,62,0.0,37.0,0.0,37.05,0.0
1788528050618.0,7920,9.8,0.0,0,0,62,0.0,37.0,0.0,37.05,0.0
1788528050993.0,7940,9.8,0.0,0,0,62,0.0,37.0,0.0,37.05,0.0
1788528051367.0,7960,9.8,0.0,0,0,62,0.0,37.0,0.0,37.05,0.0
1788528051742.0,7980,9.8,0.0,0,0,62,0.0,37.0,0.0,37.05,0.0
1788528052120.0,8000,9.8,0.0,0,0,62,0.0,37.0,0.0,37.05,0.0
1788528052491.0,8020,9.8,0.0,0,0,62,0.0,37.0,0.0,37.05,0.0
1788528052872.0,8040,9.8,0.0,0,0,62,0.0,37.0,0.0,37.05,0.0
1788528053242.0,8060,9.8,0.0,0,0,62,0.0,37.0,0.0,37.05,0.0
1788528053621.0,8080,9.8,0.0,0,0,62,0.0,37.0,0.0,37.05,0.0
1788528053992.0,8100,9.8,0.0,0,0,62,0.0,37.0,0.0,37.05,0.0
1788528054371.0,8120,9.8,0.0,0,0,62,0.0,37.0,0.0,37.05,0.0
1788528054740.0,8140,9.8,0.0,0,0,62,0.0,37.0,0.0,37.05,0.0
1788528055117.0,8160,9.8,0.0,0,0,62,0.0,37.0,0.0,37.05,0.0
1788528055490.0,8180,9.8,0.0,0,0,62,0.0,37.0,0.0,37.05,0.0
1788528055871.0,8200,9.8,0.0,0,0,62,0.0,37.0,0.0,37.05,0.0
1788528056239.0,8220,9.8,0.0,0,0,62,0.0,37.0,0.0,37.05,0.0
1788528056613.0,8240,9.8,0.0,0,0,62,0.0,37.0,0.0,37.05,0.0
1788528056989.0,8260,9.8,0.0,0,0,62,0.0,37.0,0.0,37.05,0.0
1788528057363.0,8280,9.8,0.0,0,0,62,0.0,37.0,0.0,37.05,0.0
1788528057737.0,8300,9.8,0.0,0,0,62,0.0,37.0,0.0,37.05,0.0
1788528058112.0,8320,9.8,0.0,0,0,62,0.0,37.0,0.0,37.05,0.0
1788528058487.0,8340,9.8,0.0,0,0,62,0.0,37.0,0.0,37.05,0.0
1788528058862.0,8360,9.8,0.0,0,0,62,0.0,37.0,0.0,37.05,0.0
1788528059236.0,8380,9.8,0.0,0,0,62,0.0,37.0,0.0,37.05,0.0
1788528059612.0,8400,9.8,0.0,0,0,62,0.0,37.0,0.0,37.05,0.0
1788528059987.0,8420,9.8,0.0,0,0,62,0.0,37.0,0.0,37.05,0.0
1788528060361.0,8440,9.8,0.0,0,0,62,0.0,37.0,0.0,37.05,0.0
1788528060735.0,8460,9.8,0.0,0,0,62,0.0,37.0,0.0,37.05,0.0
1788528061109.0,8480,9.8,0.0,0,0,62,0.0,37.0,0.0,37.05,0.0
1788528061485.0,8500,9.8,0.0,0,0,62,0.0,37.0,0.0,37.05,0.0
1788528061860.0,8520,9.8,0.0,0,0,62,0.0,37.0,0.0,37.05,0.0
1788528062234.0,8540,9.8,0.0,0,0,62,0.0,37.0,0.0,37.05,0.0
1788528062609.0,8560,9.8,0.0,0,0,62,0.0,37.0,0.0,37.05,0.0
1788528062985.0,8580,9.8,0.0,0,0,62,0.0,37.0,0.0,37.05,0.0
1788528063358.0,8600,9.8,0.0,0,0,62,0.0,37.0,0.0,37.05,0.0
1788528063733.0,8620,9.8,0.0,0,0,62,0.0,37.0,0.0,37.05,0.0
1788528064108.0,8640,9.8,0.0,0,0,62,0.0,37.0,0.0,37.05,0.0
1788528064482.0,8660,9.8,0.0,0,0,62,0.0,37.0,0.0,37.05,0.0
1788528064857.0,8680,9.8,0.0,0,0,62,0.0,37.0,0.0,37.05,0.0
1788528065238.0,8700,9.8,0.0,0,0,62,0.0,37.0,0.0,37.05,0.0
1788528065606.0,8720,9.8,0.0,0,0,62,0.0,37.0,0.0,37.05,0.0
1788528065981.0,8740,9.8,0.0,0,0,62,0.0,37.0,0.0,37.05,0.0
1788528066355.0,8760,9.8,0.0,0,0,62,0.0,37.0,0.0,37.05,0.0
1788528066730.0,8780,9.8,0.0,0,0,62,0.0,37.0,0.0,37.05,0.0
1788528067104.0,8800,9.8,0.0,0,0,62,0.0,37.0,0.0,37.05,0.0
1788528067480.0,8820,9.8,0.0,0,0,62,0.0,37.0,0.0,37.05,0.0
1788528067856.0,8840,9.8,0.0,0,0,62,0.0,37.0,0.0,37.05,0.0
1788528068231.0,8860,9.8,0.0,0,0,62,0.0,37.0,0.0,37.05,0.0
1788528068604.0,8880,9.8,0.0,0,0,62,0.0,37.0,0.0,37.05,0.0
1788528068979.0,8900,9.8,0.0,0,0,62,0.0,37.0,0.0,37.05,0.0
1788528069354.0,8920,9.8,0.0,0,0,62,0.0,37.0,0.0,37.05,0.0
1788528069730.0,8940,9.8,0.0,0,0,62,0.0,37.0,0.0,37.05,0.0
1788528070104.0,8960,9.8,0.0,0,0,62,0.0,37.0,0.0,37.05,0.0
1788528070477.0,8980,9.8,0.0,0,0,62,0.0,37.0,0.0,37.05,0.0
1788528070852.0,9000,9.8,0.0,0,0,62,0.0,37.0,0.0,37.05,0.0
1788528071227.0,9020,9.8,0.0,0,0,62,0.0,37.0,0.0,37.05,0.0
1788528071609.0,9040,9.8,0.0,0,0,62,0.0,37.0,0.0,37.05,0.0
1788528071975.0,9060,9.8,0.0,0,0,62,0.0,37.0,0.0,37.05,0.0
1788528072350.0,9080,9.8,0.0,0,0,62,0.0,37.0,0.0,37.05,0.0
1788528072725.0,9100,9.8,0.0,0,0,62,0.0,37.0,0.0,37.05,0.0
1788528073104.0,9120,9.8,0.0,0,0,62,0.0,37.0,0.0,37.05,0.0
1788528073475.0,9140,9.8,0.0,0,0,62,0.0,37.0,0.0,37.05,0.0
1788528073857.0,9160,9.8,0.0,0,0,62,0.0,37.0,0.0,37.05,0.0
1788528074224.0,9180,9.8,0.0,0,0,62,0.0,37.0,0.0,37.05,0.0
1788528074602.0,9200,9.8,0.0,0,0,62,0.0,37.0,0.0,37.05,0.0
1788528074974.0,9220,9.8,0.0,0,0,62,0.0,37.0,0.0,37.05,0.0
1788528075351.0,9240,9.8,0.0,0,0,62,0.0,37.0,0.0,37.05,0.0
1788528075723.0,9260,9.8,0.0,0,0,62,0.0,37.0,0.0,37.05,0.0
1788528076099.0,9280,9.8,0.0,0,0,62,0.0,37.0,0.0,37.05,0.0
1788528076473.0,9300,9.8,0.0,0,0,62,0.0,37.0,0.0,37.05,0.0
1788528076847.0,9320,9.8,0.0,0,0,62,0.0,37.0,0.0,37.05,0.0
1788528077222.0,9340,9.8,0.0,0,0,62,0.0,37.0,0.0,37.05,0.0
1788528077597.0,9360,9.8,0.0,0,0,62,0.0,37.0,0.0,37.05,0.0
1788528077973.0,9380,9.8,0.0,0,0,62,0.0,37.0,0.0,37.05,0.0
1788528078346.0,9400,9.8,0.0,0,0,62,0.0,37.0,0.0,37.05,0.0
1788528078721.0,9420,9.8,0.0,0,0,62,0.0,37.0,0.0,37.05,0.0
1788528079096.0,9440,9.8,0.0,0,0,62,0.0,37.0,0.0,37.05,0.0
1788528079471.0,9460,9.8,0.0,0,0,62,0.0,37.0,0.0,37.05,0.0
1788528079846.0,9480,9.8,0.0,0,0,62,0.0,37.0,0.0,37.05,0.0
1788528080223.0,9500,9.8,0.0,0,0,62,0.0,37.0,0.0,37.05,0.0
1788528080595.0,9520,9.8,0.0,0,0,62,0.0,37.0,0.0,37.05,0.0
1788528080971.0,9540,9.8,0.0,0,0,62,0.0,37.0,0.0,37.05,0.0
1788528081345.0,9560,9.8,0.0,0,0,62,0.0,37.0,0.0,37.05,0.0
1788528081721.0,9580,9.8,0.0,0,0,62,0.0,37.0,0.0,37.05,0.0
1788528082094.0,9600,9.8,0.0,0,0,62,0.0,37.0,0.0,37.05,0.0
1788528082468.0,9620,9.8,0.0,0,0,62,0.0,37.0,0.0,37.05,0.0
1788528082844.0,9640,9.8,0.0,0,0,62,0.0,37.0,0.0,37.05,0.0
1788528083221.0,9660,9.8,0.0,0,0,62,0.0,37.0,0.0,37.05,0.0
1788528083592.0,9680,9.8,0.0,0,0,62,0.0,37.0,0.0,37.05,0.0
1788528083970.0,9700,9.8,0.0,0,0,62,0.0,37.0,0.0,37.05,0.0
1788528084342.0,9720,9.8,0.0,0,0,62,0.0,37.0,0.0,37.05,0.0
1788528084716.0,9740,9.8,0.0,0,0,62,0.0,37.0,0.0,37.05,0.0
1788528085092.0,9760,9.8,0.0,0,0,62,0.0,37.0,0.0,37.05,0.0
1788528085472.0,9780,9.8,0.0,0,0,62,0.0,37.0,0.0,37.05,0.0
1788528085842.0,9800,9.8,0.0,0,0,62,0.0,37.0,0.0,37.05,0.0
1788528086215.0,9820,9.8,0.0,0,0,62,0.0,37.0,0.0,37.05,0.0
1788528086589.0,9840,9.8,0.0,0,0,62,0.0,37.0,0.0,37.05,0.0
1788528086971.0,9860,9.8,0.0,0,0,62,0.0,37.0,0.0,37.05,0.0
1788528087339.0,9880,9.8,0.0,0,0,62,0.0,37.0,0.0,37.05,0.0
1788528087714.0,9900,9.8,0.0,0,0,62,0.0,37.0,0.0,37.05,0.0
1788528088089.0,9920,9.8,0.0,0,0,62,0.0,37.0,0.0,37.05,0.0
1788528088463.0,9940,9.8,0.0,0,0,62,0.0,37.0,0.0,37.05,0.0
1788528088838.0,9960,9.8,0.0,0,0,62,0.0,37.0,0.0,37.05,0.0
1788528089213.0,9980,9.8,0.0,0,0,62,0.0,37.0,0.0,37.05,0.0
1788528089587.0,10000,9.8,0.0,0,0,62,0.0,37.0,0.0,37.05,0.0
1788528089963.0,10020,9.8,0.0,0,0,62,0.0,37.0,0.0,37.05,0.0
1788528090336.0,10040,9.8,0.0,0,0,62,0.0,37.0,0.0,37.05,0.0
1788528090712.0,10060,9.8,0.0,0,0,62,0.0,37.0,0.0,37.05,0.0
1788528091090.0,10080,9.8,0.0,0,0,62,0.0,37.0,0.0,37.05,0.0
1788528091462.0,10100,9.8,0.0,0,0,62,0.0,37.0,0.0,37.05,0.0
1788528091838.0,10120,9.8,0.0,0,0,62,0.0,37.0,0.0,37.05,0.0
1788528092211.0,10140,9.8,0.0,0,0,62,0.0,37.0,0.0,37.05,0.0
1788528092590.0,10160,9.8,0.0,0,0,62,0.0,37.0,0.0,37.05,0.0
1788528092961.0,10180,9.8,0.0,0,0,62,0.0,37.0,0.0,37.05,0.0
1788528093334.0,10200,9.8,0.0,0,0,62,0.0,37.0,0.0,37.05,0.0
1788528093709.0,10220,9.8,0.0,0,0,62,0.0,37.0,0.0,37.05,0.0
1788528094088.0,10240,9.8,0.0,0,0,62,0.0,37.0,0.0,37.05,0.0
1788528094459.0,10260,9.8,0.0,0,0,62,0.0,37.0,0.0,37.05,0.0
1788528094834.0,10280,9.8,0.0,0,0,62,0.0,37.0,0.0,37.05,0.0
1788528095209.0,10300,9.8,0.0,0,0,62,0.0,37.0,0.0,37.05,0.0
1788528095583.0,10320,9.8,0.0,0,0,62,0.0,37.0,0.0,37.05,0.0
1788528095958.0,10340,9.8,0.0,0,0,62,0.0,37.0,0.0,37.05,0.0
1788528096335.0,10360,9.8,0.0,0,0,62,0.0,37.0,0.0,37.05,0.0
1788528096707.0,10380,9.8,0.0,0,0,62,0.0,37.0,0.0,37.05,0.0
1788528097087.0,10400,9.8,0.0,0,0,62,0.0,37.0,0.0,37.05,0.0
1788528097457.0,10420,9.8,0.0,0,0,62,0.0,37.0,0.0,37.05,0.0
1788528097835.0,10440,9.8,0.0,0,0,62,0.0,37.0,0.0,37.05,0.0
1788528098207.0,10460,9.8,0.0,0,0,62,0.0,37.0,0.0,37.05,0.0
1788528098582.0,10480,9.8,0.0,0,0,62,0.0,37.0,0.0,37.05,0.0
1788528098956.0,10500,9.8,0.0,0,0,62,0.0,37.0,0.0,37.05,0.0
1788528099331.0,10520,9.8,0.0,0,0,62,0.0,37.0,0.0,37.05,0.0
1788528099705.0,10540,9.8,0.0,0,0,62,0.0,37.0,0.0,37.05,0.0
1788528100080.0,10560,9.8,0.0,0,0,62,0.0,37.0,0.0,37.05,0.0
1788528100454.0,10580,9.8,0.0,0,0,62,0.0,37.0,0.0,37.05,0.0
1788528100829.0,10600,9.8,0.0,0,0,62,0.0,37.0,0.0,37.05,0.0
1788528101203.0,10620,9.8,0.0,0,0,62,0.0,37.0,0.0,37.05,0.0
1788528101579.0,10640,9.8,0.0,0,0,62,0.0,37.0,0.0,37.05,0.0
1788528101955.0,10660,9.8,0.0,0,0,62,0.0,37.0,0.0,37.05,0.0
1788528102328.0,10680,9.8,0.0,0,0,62,0.0,37.0,0.0,37.05,0.0
1788528102703.0,10700,9.8,0.0,0,0,62,0.0,37.0,0.0,37.05,0.0
1788528103079.0,10720,9.8,0.0,0,0,62,0.0,37.0,0.0,37.05,0.0
1788528103454.0,10740,9.8,0.0,0,0,62,0.0,37.0,0.0,37.05,0.0
1788528103828.0,10760,9.8,0.0,0,0,62,0.0,37.0,0.0,37.05,0.0
1788528104208.0,10780,9.8,0.0,0,0,62,0.0,37.0,0.0,37.05,0.0
1788528104577.0,10800,9.8,0.0,0,0,62,0.0,37.0,0.0,37.05,0.0
1788528104951.0,10820,9.8,0.0,0,0,62,0.0,37.0,0.0,37.05,0.0
1788528105327.0,10840,9.8,0.0,0,0,62,0.0,37.0,0.0,37.05,0.0
1788528105704.0,10860,9.8,0.0,0,0,62,0.0,37.0,0.0,37.05,0.0
1788528106076.0,10880,9.8,0.0,0,0,62,0.0,37.0,0.0,37.05,0.0
1788528106450.0,10900,9.8,0.0,0,0,62,0.0,37.0,0.0,37.05,0.0
1788528106824.0,10920,9.8,0.0,0,0,62,0.0,37.0,0.0,37.05,0.0
1788528107204.0,10940,9.8,0.0,0,0,62,0.0,37.0,0.0,37.05,0.0
1788528107574.0,10960,9.8,0.0,0,0,62,0.0,37.0,0.0,37.05,0.0
1788528107956.0,10980,9.8,0.0,0,0,62,0.0,37.0,0.0,37.05,0.0
1788528108323.0,11000,9.8,0.0,0,0,62,0.0,37.0,0.0,37.05,0.0
1788528108698.0,11020,9.8,0.0,0,0,62,0.0,37.0,0.0,37.05,0.0
1788528109072.0,11040,9.8,0.0,0,0,62,0.0,37.0,0.0,37.05,0.0
1788528109448.0,11060,9.8,0.0,0,0,62,0.0,37.0,0.0,37.05,0.0
1788528109822.0,11080,9.8,0.0,0,0,62,0.0,37.0,0.0,37.05,0.0
1788528110197.0,11100,9.8,0.0,0,0,62,0.0,37.0,0.0,37.05,0.0
1788528110572.0,11120,9.8,0.0,0,0,62,0.0,37.0,0.0,37.05,0.0
1788528110947.0,11140,9.8,0.0,0,0,62,0.0,37.0,0.0,37.05,0.0
1788528111320.0,11160,9.8,0.0,0,0,62,0.0,37.0,0.0,37.05,0.0
1788528111696.0,11180,9.8,0.0,0,0,62,0.0,37.0,0.0,37.05,0.0
1788528112071.0,11200,9.8,0.0,0,0,62,0.0,37.0,0.0,37.05,0.0
1788528112445.0,11220,9.8,0.0,0,0,62,0.0,37.0,0.0,37.05,0.0
1788528112820.0,11240,9.8,0.0,0,0,62,0.0,37.0,0.0,37.05,0.0
1788528113195.0,11260,9.8,0.0,0,0,62,0.0,37.0,0.0,37.05,0.0
1788528113569.0,11280,9.8,0.0,0,0,62,0.0,37.0,0.0,37.05,0.0
1788528113944.0,11300,9.8,0.0,0,0,62,0.0,37.0,0.0,37.05,0.0
1788528114320.0,11320,9.8,0.0,0,0,62,0.0,37.0,0.0,37.05,0.0
1788528114694.0,11340,9.8,0.0,0,0,62,0.0,37.0,0.0,37.05,0.0
1788528115071.0,11360,9.8,0.0,0,0,62,0.0,37.0,0.0,37.05,0.0
1788528115444.0,11380,9.8,0.0,0,0,62,0.0,37.0,0.0,37.05,0.0
1788528115817.0,11400,9.8,0.0,0,0,62,0.0,37.0,0.0,37.05,0.0
1788528116192.0,11420,9.8,0.0,0,0,62,0.0,37.0,0.0,37.05,0.0
1788528116566.0,11440,9.8,0.0,0,0,62,0.0,37.0,0.0,37.05,0.0
1788528116942.0,11460,9.8,0.0,0,0,62,0.0,37.0,0.0,37.05,0.0
1788528117320.0,11480,9.8,0.0,0,0,62,0.0,37.0,0.0,37.05,0.0
1788528117691.0,11500,9.8,0.0,0,0,62,0.0,37.0,0.0,37.05,0.0
1788528118069.0,11520,9.8,0.0,0,0,62,0.0,37.0,0.0,37.05,0.0
1788528118440.0,11540,9.8,0.0,0,0,62,0.0,37.0,0.0,37.05,0.0
1788528118815.0,11560,9.8,0.0,0,0,62,0.0,37.0,0.0,37.05,0.0
1788528119190.0,11580,9.8,0.0,0,0,62,0.0,37.0,0.0,37.05,0.0
1788528119564.0,11600,9.8,0.0,0,0,62,0.0,37.0,0.0,37.05,0.0
1788528119939.0,11620,9.8,0.0,0,0,62,0.0,37.0,0.0,37.05,0.0
1788528120314.0,11640,9.8,0.0,0,0,62,0.0,37.0,0.0,37.05,0.0
1788528120687.0,11660,9.8,0.0,0,0,62,0.0,37.0,0.0,37.05,0.0
1788528121062.0,11680,9.8,0.0,0,0,62,0.0,37.0,0.0,37.05,0.0
1788528121437.0,11700,9.8,0.0,0,0,62,0.0,37.0,0.0,37.05,0.0
1788528121812.0,11720,9.8,0.0,0,0,62,0.0,37.0,0.0,37.05,0.0
1788528122188.0,11740,9.8,0.0,0,0,62,0.0,37.0,0.0,37.05,0.0
1788528122562.0,11760,9.8,0.0,0,0,62,0.0,37.0,0.0,37.05,0.0
1788528122939.0,11780,9.8,0.0,0,0,62,0.0,37.0,0.0,37.05,0.0
1788528123312.0,11800,9.8,0.0,0,0,62,0.0,37.0,0.0,37.05,0.0
1788528123687.0,11820,9.8,0.0,0,0,62,0.0,37.0,0.0,37.05,0.0
1788528124062.0,11840,9.8,0.0,0,0,62,0.0,37.0,0.0,37.05,0.0
1788528124436.0,11860,9.8,0.0,0,0,62,0.0,37.0,0.0,37.05,0.0
1788528124811.0,11880,9.8,0.0,0,0,62,0.0,37.0,0.0,37.05,0.0
1788528125186.0,11900,9.8,0.0,0,0,62,0.0,37.0,0.0,37.05,0.0
1788528125560.0,11920,9.8,0.0,0,0,62,0.0,37.0,0.0,37.05,0.0
1788528125935.0,11940,9.8,0.0,0,0,62,0.0,37.0,0.0,37.05,0.0
1788528126310.0,11960,9.8,0.0,0,0,62,0.0,37.0,0.0,37.05,0.0
1788528126687.0,11980,9.8,0.0,0,0,62,0.0,37.0,0.0,37.05,0.0
1788528127058.0,12000,9.8,0.0,0,0,62,0.0,37.0,0.0,37.05,0.0
1788528127438.0,12020,9.8,0.0,0,0,62,0.0,37.0,0.0,37.05,0.0
1788528127808.0,12040,9.8,0.0,0,0,62,0.0,37.0,0.0,37.05,0.0
1788528128187.0,12060,9.8,0.0,0,0,62,0.0,37.0,0.0,37.05,0.0
1788528128558.0,12080,9.8,0.0,0,0,62,0.0,37.0,0.0,37.05,0.0
1788528128933.0,12100,9.8,0.0,0,0,62,0.0,37.0,0.0,37.05,0.0
1788528129307.0,12120,9.8,0.0,0,0,62,0.0,37.0,0.0,37.05,0.0
1788528129681.0,12140,9.8,0.0,0,0,62,0.0,37.0,0.0,37.05,0.0
1788528130056.0,12160,9.8,0.0,0,0,62,0.0,37.0,0.0,37.05,0.0
1788528130431.0,12180,9.8,0.0,0,0,62,0.0,37.0,0.0,37.05,0.0
1788528130807.0,12200,9.8,0.0,0,0,62,0.0,37.0,0.0,37.05,0.0
1788528131181.0,12220,9.8,0.0,0,0,62,0.0,37.0,0.0,37.05,0.0
1788528131555.0,12240,9.8,0.0,0,0,62,0.0,37.0,0.0,37.05,0.0
1788528131930.0,12260,9.8,0.0,0,0,62,0.0,37.0,0.0,37.05,0.0
1788528132305.0,12280,9.8,0.0,0,0,62,0.0,37.0,0.0,37.05,0.0
1788528132680.0,12300,9.8,0.0,0,0,62,0.0,37.0,0.0,37.05,0.0
1788528133056.0,12320,9.8,0.0,0,0,62,0.0,37.0,0.0,37.05,0.0
1788528133429.0,12340,9.8,0.0,0,0,62,0.0,37.0,0.0,37.05,0.0
1788528133804.0,12360,9.8,0.0,0,0,62,0.0,37.0,0.0,37.05,0.0
1788528134179.0,12380,9.8,0.0,0,0,62,0.0,37.0,0.0,37.05,0.0
1788528134554.0,12400,9.8,0.0,0,0,62,0.0,37.0,0.0,37.05,0.0
1788528134928.0,12420,9.8,0.0,0,0,62,0.0,37.0,0.0,37.05,0.0
1788528135303.0,12440,9.8,0.0,0,0,62,0.0,37.0,0.0,37.05,0.0
1788528135678.0,12460,9.8,0.0,0,0,62,0.0,37.0,0.0,37.05,0.0
1788528136052.0,12480,9.8,0.0,0,0,62,0.0,37.0,0.0,37.05,0.0
1788528136428.0,12500,9.8,0.0,0,0,62,0.0,37.0,0.0,37.05,0.0
1788528136804.0,12520,9.8,0.0,0,0,62,0.0,37.0,0.0,37.05,0.0
1788528137177.0,12540,9.8,0.0,0,0,62,0.0,37.0,0.0,37.05,0.0
1788528137553.0,12560,9.8,0.0,0,0,62,0.0,37.0,0.0,37.05,0.0
1788528137928.0,12580,9.8,0.0,0,0,62,0.0,37.0,0.0,37.05,0.0
1788528138304.0,12600,9.8,0.0,0,0,62,0.0,37.0,0.0,37.05,0.0
1788528138676.0,12620,9.8,0.0,0,0,62,0.0,37.0,0.0,37.05,0.0
1788528139050.0,12640,9.8,0.0,0,0,62,0.0,37.0,0.0,37.05,0.0
1788528139426.0,12660,9.8,0.0,0,0,62,0.0,37.0,0.0,37.05,0.0
1788528139805.0,12680,9.8,0.0,0,0,62,0.0,37.0,0.0,37.05,0.0
1788528140174.0,12700,9.8,0.0,0,0,62,0.0,37.0,0.0,37.05,0.0
1788528140554.0,12720,9.8,0.0,0,0,62,0.0,37.0,0.0,37.05,0.0
1788528140924.0,12740,9.8,0.0,0,0,62,0.0,37.0,0.0,37.05,0.0
1788528141298.0,12760,9.8,0.0,0,0,62,0.0,37.0,0.0,37.05,0.0
1788528141673.0,12780,9.8,0.0,0,0,62,0.0,37.0,0.0,37.05,0.0
1788528142054.0,12800,9.8,0.0,0,0,62,0.0,37.0,0.0,37.05,0.0
1788528142421.0,12820,9.8,0.0,0,0,62,0.0,37.0,0.0,37.05,0.0
1788528142796.0,12840,9.8,0.0,0,0,62,0.0,37.0,0.0,37.05,0.0
1788528143172.0,12860,9.8,0.0,0,0,62,0.0,37.0,0.0,37.05,0.0
1788528143551.0,12880,9.8,0.0,0,0,62,0.0,37.0,0.0,37.05,0.0
1788528143920.0,12900,9.8,0.0,0,0,62,0.0,37.0,0.0,37.05,0.0
1788528144296.0,12920,9.8,0.0,0,0,62,0.0,37.0,0.0,37.05,0.0
1788528144672.0,12940,9.8,0.0,0,0,62,0.0,37.0,0.0,37.05,0.0
1788528145045.0,12960,9.8,0.0,0,0,62,0.0,37.0,0.0,37.05,0.0
1788528145420.0,12980,9.8,0.0,0,0,62,0.0,37.0,0.0,37.05,0.0
1788528145795.0,13000,9.8,0.0,0,0,62,0.0,37.0,0.0,37.05,0.0
1788528146169.0,13020,9.8,0.0,0,0,62,0.0,37.0,0.0,37.05,0.0
1788528146545.0,13040,9.8,0.0,0,0,62,0.0,37.0,0.0,37.05,0.0
1788528146919.0,13060,9.8,0.0,0,0,62,0.0,37.0,0.0,37.05,0.0
1788528147293.0,13080,9.8,0.0,0,0,62,0.0,37.0,0.0,37.05,0.0
1788528147670.0,13100,9.8,0.0,0,0,62,0.0,37.0,0.0,37.05,0.0
1788528148044.0,13120,9.8,0.0,0,0,62,0.0,37.0,0.0,37.05,0.0
1788528148418.0,13140,9.8,0.0,0,0,62,0.0,37.0,0.0,37.05,0.0
1788528148792.0,13160,9.8,0.0,0,0,62,0.0,37.0,0.0,37.05,0.0
1788528149169.0,13180,9.8,0.0,0,0,62,0.0,37.0,0.0,37.05,0.0
1788528149542.0,13200,9.8,0.0,0,0,62,0.0,37.0,0.0,37.05,0.0
1788528149921.0,13220,9.8,0.0,0,0,62,0.0,37.0,0.0,37.05,0.0
1788528150292.0,13240,9.8,0.0,0,0,62,0.0,37.0,0.0,37.05,0.0
1788528150668.0,13260,9.8,0.0,0,0,62,0.0,37.0,0.0,37.05,0.0
1788528151041.0,13280,9.8,0.0,0,0,62,0.0,37.0,0.0,37.05,0.0
1788528151418.0,13300,9.8,0.0,0,0,62,0.0,37.0,0.0,37.05,0.0
1788528151791.0,13320,9.8,0.0,0,0,62,0.0,37.0,0.0,37.05,0.0
1788528152168.0,13340,9.8,0.0,0,0,62,0.0,37.0,0.0,37.05,0.0
1788528152540.0,13360,9.8,0.0,0,0,62,0.0,37.0,0.0,37.05,0.0
1788528152914.0,13380,9.8,0.0,0,0,62,0.0,37.0,0.0,37.05,0.0
1788528153291.0,13400,9.8,0.0,0,0,62,0.0,37.0,0.0,37.05,0.0
1788528153664.0,13420,9.8,0.0,0,0,62,0.0,37.0,0.0,37.05,0.0
1788528154038.0,13440,9.8,0.0,0,0,62,0.0,37.0,0.0,37.05,0.0
1788528154414.0,13460,9.8,0.0,0,0,62,0.0,37.0,0.0,37.05,0.0
1788528154788.0,13480,9.8,0.0,0,0,62,0.0,37.0,0.0,37.05,0.0
1788528155162.0,13500,9.8,0.0,0,0,62,0.0,37.0,0.0,37.05,0.0
1788528155538.0,13520,9.8,0.0,0,0,62,0.0,37.0,0.0,37.05,0.0
1788528155912.0,13540,9.8,0.0,0,0,62,0.0,37.0,0.0,37.05,0.0
1788528156287.0,13560,9.8,0.0,0,0,62,0.0,37.0,0.0,37.05,0.0
1788528156661.0,13580,9.8,0.0,0,0,62,0.0,37.0,0.0,37.05,0.0
1788528157035.0,13600,9.8,0.0,0,0,62,0.0,37.0,0.0,37.05,0.0
1788528157411.0,13620,9.8,0.0,0,0,62,0.0,37.0,0.0,37.05,0.0
1788528157785.0,13640,9.8,0.0,0,0,62,0.0,37.0,0.0,37.05,0.0
1788528158160.0,13660,9.8,0.0,0,0,62,0.0,37.0,0.0,37.05,0.0
1788528158534.0,13680,9.8,0.0,0,0,62,0.0,37.0,0.0,37.05,0.0
1788528158910.0,13700,9.8,0.0,0,0,62,0.0,37.0,0.0,37.05,0.0
1788528159286.0,13720,9.8,0.0,0,0,62,0.0,37.0,0.0,37.05,0.0
1788528159659.0,13740,9.8,0.0,0,0,62,0.0,37.0,0.0,37.05,0.0
1788528160034.0,13760,9.8,0.0,0,0,62,0.0,37.0,0.0,37.05,0.0
1788528160408.0,13780,9.8,0.0,0,0,62,0.0,37.0,0.0,37.05,0.0
1788528160790.0,13800,9.8,0.0,0,0,62,0.0,37.0,0.0,37.05,0.0
1788528161158.0,13820,9.8,0.0,0,0,62,0.0,37.0,0.0,37.05,0.0
1788528161538.0,13840,9.8,0.0,0,0,62,0.0,37.0,0.0,37.05,0.0
1788528161908.0,13860,9.8,0.0,0,0,62,0.0,37.0,0.0,37.05,0.0
1788528162283.0,13880,9.8,0.0,0,0,62,0.0,37.0,0.0,37.05,0.0
1788528162656.0,13900,9.8,0.0,0,0,62,0.0,37.0,0.0,37.05,0.0
1788528163034.0,13920,9.8,0.0,0,0,62,0.0,37.0,0.0,37.05,0.0
1788528163407.0,13940,9.8,0.0,0,0,62,0.0,37.0,0.0,37.05,0.0
1788528163780.0,13960,9.8,0.0,0,0,62,0.0,37.0,0.0,37.05,0.0
1788528164155.0,13980,9.8,0.0,0,0,62,0.0,37.0,0.0,37.05,0.0
1788528164530.0,14000,9.8,0.0,0,0,62,0.0,37.0,0.0,37.05,0.0
1788528164904.0,14020,9.8,0.0,0,0,62,0.0,37.0,0.0,37.05,0.0
1788528165279.0,14040,9.8,0.0,0,0,62,0.0,37.0,0.0,37.05,0.0
1788528165654.0,14060,9.8,0.0,0,0,62,0.0,37.0,0.0,37.05,0.0
1788528166029.0,14080,9.8,0.0,0,0,62,0.0,37.0,0.0,37.05,0.0
1788528166403.0,14100,9.8,0.0,0,0,62,0.0,37.0,0.0,37.05,0.0
1788528166778.0,14120,9.8,0.0,0,0,62,0.0,37.0,0.0,37.05,0.0
1788528167154.0,14140,9.8,0.0,0,0,62,0.0,37.0,0.0,37.05,0.0
1788528167526.0,14160,9.8,0.0,0,0,62,0.0,37.0,0.0,37.05,0.0
1788528167901.0,14180,9.8,0.0,0,0,62,0.0,37.0,0.0,37.05,0.0
1788528168275.0,14200,9.8,0.0,0,0,62,0.0,37.0,0.0,37.05,0.0
1788528168651.0,14220,9.8,0.0,0,0,62,0.0,37.0,0.0,37.05,0.0
1788528169026.0,14240,9.8,0.0,0,0,62,0.0,37.0,0.0,37.05,0.0
1788528169399.0,14260,9.8,0.0,0,0,62,0.0,37.0,0.0,37.05,0.0
1788528169775.0,14280,9.8,0.0,0,0,62,0.0,37.0,0.0,37.05,0.0
1788528170150.0,14300,9.8,0.0,0,0,62,0.0,37.0,0.0,37.05,0.0
1788528170524.0,14320,9.8,0.0,0,0,62,0.0,37.0,0.0,37.05,0.0
1788528170899.0,14340,9.8,0.0,0,0,62,0.0,37.0,0.0,37.05,0.0
